ministry_name,fiscal_year,program_goal_number,performance_program_name,source_program_code,source_field_name,source_sector_name,program_mapping_status,program_name_normalized,indicator_count,reported_indicator_count,reported_rate_count,comparable_rate_count,formula_review_count,below_target_count,at_or_above_target_count,reported_performance_signal,source_indicator_ids,ministry_code,program_match_status,program_match_eligible,field_name,sector_name,program_code,financial_program_name,account_financial_program_name,account_type,account_original_budget,account_current_budget,account_settlement_expenditure,account_execution_rate,account_financial_linkage_status,account_financial_quality_level,account_project_count,account_analysis_included_project_count,account_execution_review_project_count,source_project_ids,analysis_status,reporting_completeness,formula_comparison_completeness,execution_below_80,execution_below_90,project_signal_row_count,project_signal_budget,weighted_independent_signal_count,type_repeated_strong_low_execution_project_count,type_repeated_strong_low_execution_budget_share,type_repeated_moderate_low_execution_project_count,type_repeated_moderate_low_execution_budget_share,type_repeated_year_end_concentration_project_count,type_repeated_year_end_concentration_budget_share,type_accounting_adjustment_pattern_project_count,type_accounting_adjustment_pattern_budget_share,type_budget_rapid_increase_project_count,type_budget_rapid_increase_budget_share,type_budget_rapid_decrease_project_count,type_budget_rapid_decrease_budget_share,type_program_budget_concentration_project_count,type_program_budget_concentration_budget_share,type_multiple_financial_signals_project_count,type_multiple_financial_signals_budget_share,type_data_validation_priority_project_count,type_data_validation_priority_budget_share,rank_confidence_worst,active_financial_signal_types,financial_signal_join_status,feedback_project_count_t1,feedback_project_count_t2,feedback_base_budget_t1,feedback_base_budget_t2,feedback_outcome_budget_t1,feedback_outcome_budget_t2,feedback_budget_change_rate_t1,feedback_budget_change_rate_t2,program_name,program_total_base_budget_t1,program_analysis_base_budget_t1,program_account_type_count_t1,program_account_types_t1,program_total_outcome_budget_t1,program_analysis_outcome_budget_t1,program_outcome_account_type_count_t1,program_outcome_account_types_t1,program_total_account_type_mismatch_t1,program_total_feedback_complete_t1,program_total_budget_change_rate_t1,analysis_scope_budget_share_t1,budget_feedback_basis_t1,budget_direction_reconciled_t1,program_total_base_budget_t2,program_analysis_base_budget_t2,program_account_type_count_t2,program_account_types_t2,program_total_outcome_budget_t2,program_analysis_outcome_budget_t2,program_outcome_account_type_count_t2,program_outcome_account_types_t2,program_total_account_type_mismatch_t2,program_total_feedback_complete_t2,program_total_budget_change_rate_t2,analysis_scope_budget_share_t2,budget_feedback_basis_t2,budget_direction_reconciled_t2,budget_direction_reconciled,financial_signal_budget_difference,financial_signal_budget_reconciled,performance_gap,current_execution_severity,execution_management,budget_performance_mismatch,fiscal_impact,fiscal_impact_within_ministry,data_validation_signal,performance_signal,execution_signal,budget_mismatch_signal,accounting_context_signal,structure_context_signal,budget_increase_context_signal,budget_decrease_context_signal,feedback_budget_complete_t1,continuous_project_count_t1,continuous_project_base_budget_t1,continuous_project_outcome_budget_t1,continuous_project_budget_change_rate_t1,continuous_project_feedback_complete_t1,low_performance_budget_increase_t1,good_performance_budget_decrease_t1,feedback_budget_complete_t2,continuous_project_count_t2,continuous_project_base_budget_t2,continuous_project_outcome_budget_t2,continuous_project_budget_change_rate_t2,continuous_project_feedback_complete_t2,low_performance_budget_increase_t2,good_performance_budget_decrease_t2,current_execution_signal,repeated_signal_family_count,repeated_execution_signal,execution_review_signal,independent_signal_family_count,evidence_status,modeled_signal_family_count,context_signal_family_count,review_candidate,scenario_ranking_eligible,context_only_candidate,priority_tier,review_intensity,review_intensity_order,review_item_type,next_action,priority_reason,candidate_id,priority_tier_order,signal_score,signal_score_method,size_role_in_work_queue,fiscal_impact_in_signal_score,mean_scenario_rank,scenario_rank_range,mean_scenario_rank_within_ministry,scenario_rank_range_within_ministry,exploratory_consensus_order,all_scenario_top_5,all_scenario_top_5_within_ministry,work_lane,work_item_status,work_lane_order,work_lane_interpretation,safety_conclusion,work_queue_role,work_lane_rank_overall,work_lane_rank_within_ministry,work_queue_order,work_queue_order_within_ministry
보건복지부,2022,Ⅱ-2,공공보건의료확충,,,,,공공보건의료확충,2,2,2,2,0,1,1,MIXED_COMPARABLE,"[""MOHW-2022-II2-01"", ""MOHW-2022-II2-02""]",075,EXACT_NAME_UNIQUE_FINANCIAL,True,보건,보건의료,2700,공공보건의료확충,공공보건의료확충,GENERAL_ACCOUNT,4491955000000,5674637825390,5513478700090,0.9716001037847868,COMPLETE,HIGH,25,25,0,"[""code:2022:075:110:2700:2731:302"", ""code:2022:075:110:2700:2731:303"", ""code:2022:075:110:2700:2731:305"", ""code:2022:075:110:2700:2731:500"", ""code:2022:075:110:2700:2733:300"", ""code:2022:075:110:2700:2734:500"", ""code:2022:075:110:2700:2734:501"", ""code:2022:075:110:2700:2734:505"", ""code:2022:075:110:2700:2740:306"", ""code:2022:075:110:2700:2740:307"", ""code:2022:075:110:2700:2740:309"", ""code:2022:075:110:2700:2743:304"", ""code:2022:075:110:2700:2748:302"", ""code:2022:075:110:2700:2750:300"", ""code:2022:075:110:2700:2750:301"", ""code:2022:075:110:2700:2750:303"", ""code:2022:075:110:2700:2755:301"", ""code:2022:075:110:2700:2755:302"", ""code:2022:075:110:2700:2756:308"", ""code:2022:075:110:2700:2757:300"", ""code:2022:075:110:2700:2757:304"", ""code:2022:075:110:2700:2757:305"", ""code:2022:075:110:2700:2757:307"", ""code:2022:075:110:2700:2758:300"", ""code:2022:075:110:2700:2758:301""]",JOINT_ANALYSIS,FULLY_REPORTED,FULLY_COMPARABLE,False,False,25,4491955000000,1.0052142107389768,2,0.00041741290818808293,1,0.0027215321613863006,0,0.0,0,0.0,0,0.0,0,0.0,25,1,4,0.0052142107389766814,1,0.9234542643459251,MEDIUM,DATA_VALIDATION_PRIORITY;MULTIPLE_FINANCIAL_SIGNALS;PROGRAM_BUDGET_CONCENTRATION;REPEATED_MODERATE_LOW_EXECUTION;REPEATED_STRONG_LOW_EXECUTION,both,21,20,4302742000000,4299764000000,1073899000000,140958000000,-0.750415200353635,-0.9672172705292662,공공보건의료확충,4878718000000,4878718000000,3,"[""FUND"", ""GENERAL_ACCOUNT"", ""SPECIAL_ACCOUNT""]",1963361000000,1963361000000,3,"[""FUND"", ""GENERAL_ACCOUNT"", ""SPECIAL_ACCOUNT""]",False,False,,1.0,UNAVAILABLE_MIXED_OR_UNLINKED,False,4878718000000,4878718000000,3,"[""FUND"", ""GENERAL_ACCOUNT"", ""SPECIAL_ACCOUNT""]",580763000000,580763000000,3,"[""FUND"", ""GENERAL_ACCOUNT"", ""SPECIAL_ACCOUNT""]",False,False,,1.0,UNAVAILABLE_MIXED_OR_UNLINKED,False,False,0.0,True,0.5,0.0,0.0013607660806931503,0.0,0.9302325581395349,0.8571428571428571,True,True,True,False,False,True,False,False,False,21,4302742000000,1073899000000,-0.750415200353635,False,False,False,False,20,4299764000000,140958000000,-0.9672172705292662,False,False,False,False,2,True,True,2,DATA_BLOCKED,2,1,False,False,True,DATA_REVIEW,DATA_FIRST,0,PROGRAM_DATA_TASK,프로그램 코드·분모·금액 연결 근거를 먼저 확인,DATA_VALIDATION;PERFORMANCE_BELOW_TARGET;EXECUTION_MANAGEMENT;PROGRAM_STRUCTURE_CONTEXT,075:2022:보건:보건의료:2700:GENERAL_ACCOUNT,0,0.16712025536023103,equal_mean_of_three_signal_components,tiebreak_only,False,,,,,,,,DATA_FIRST,PENDING_DATA_VERIFICATION,1,DATA_OR_LINKAGE_REVIEW_REQUIRED,NOT_ASSESSED,REVIEW_WORKFLOW_ORDER_NOT_POLICY_EFFECTIVENESS_RANK,1,1,1,1
과학기술정보통신부,2023,Ⅵ-2,우체국예금,,,,,우체국예금,2,2,2,2,0,0,2,ALL_COMPARABLE_AT_OR_ABOVE_TARGET,"[""MSIT-2023-VI2-01"", ""MSIT-2023-VI2-02""]",162,EXACT_NAME,True,통신,우정,5200,우체국예금,우체국예금,SPECIAL_ACCOUNT,1438123000000,1941589141230,1901965344140,0.9795920793701502,COMPLETE,HIGH,8,8,0,"[""code:2023:162:315:5200:5231:361"", ""code:2023:162:315:5200:5231:362"", ""code:2023:162:315:5200:5231:365"", ""code:2023:162:315:5200:5231:366"", ""code:2023:162:315:5200:5232:371"", ""code:2023:162:315:5200:5234:510"", ""code:2023:162:315:5200:5261:376"", ""code:2023:162:315:5200:5261:377""]",JOINT_ANALYSIS,FULLY_REPORTED,FULLY_COMPARABLE,False,False,7,248223000000,1.6918657819783018,1,0.031004379126833532,0,0.0,2,0.283732772547266,0,0.0,0,0.0,2,0.2841154929237017,7,1,3,0.3147371516740995,0,0.0,MEDIUM,BUDGET_RAPID_DECREASE;MULTIPLE_FINANCIAL_SIGNALS;PROGRAM_BUDGET_CONCENTRATION;REPEATED_STRONG_LOW_EXECUTION;REPEATED_YEAR_END_CONCENTRATION,both,7,,248223000000,,256350000000,,0.03274072104518921,,우체국예금,1438123000000,1438123000000,1,"[""SPECIAL_ACCOUNT""]",2258600000000,2258600000000,1,"[""SPECIAL_ACCOUNT""]",False,True,0.5705193505701529,1.0,PROGRAM_TOTAL_SINGLE_ACCOUNT,False,1438123000000,1438123000000,1,"[""SPECIAL_ACCOUNT""]",,2135974000000,1,"[""SPECIAL_ACCOUNT""]",False,False,,1.0,PROGRAM_TOTAL_SINGLE_ACCOUNT,False,False,-1189900000000.0,False,0.0,0.0,0.141866386273633,0.2841154929237017,0.8478260869565217,0.9655172413793104,True,False,True,True,False,True,False,True,False,7,248223000000,256350000000,0.03274072104518921,False,False,False,False,,,,,False,False,False,False,2,True,True,1,DATA_BLOCKED,2,1,False,False,True,DATA_REVIEW,DATA_FIRST,0,PROGRAM_DATA_TASK,프로그램 코드·분모·금액 연결 근거를 먼저 확인,DATA_VALIDATION;EXECUTION_MANAGEMENT;BUDGET_PERFORMANCE_MISMATCH;PROGRAM_STRUCTURE_CONTEXT,162:2023:통신:우정:5200:SPECIAL_ACCOUNT,0,0.14199395973244489,equal_mean_of_three_signal_components,tiebreak_only,False,,,,,,,,DATA_FIRST,PENDING_DATA_VERIFICATION,1,DATA_OR_LINKAGE_REVIEW_REQUIRED,NOT_ASSESSED,REVIEW_WORKFLOW_ORDER_NOT_POLICY_EFFECTIVENESS_RANK,2,1,2,1
과학기술정보통신부,2024,Ⅵ-2,우체국예금,,,,,우체국예금,1,1,1,1,0,0,1,ALL_COMPARABLE_AT_OR_ABOVE_TARGET,"[""MSIT-2024-VI2-01""]",162,EXACT_NAME,True,통신,우정,5200,우체국예금,우체국예금,SPECIAL_ACCOUNT,2258600000000,2565693640000,2549805562390,0.9938074923044982,COMPLETE,HIGH,8,8,0,"[""code:2024:162:315:5200:5231:361"", ""code:2024:162:315:5200:5231:362"", ""code:2024:162:315:5200:5231:365"", ""code:2024:162:315:5200:5231:366"", ""code:2024:162:315:5200:5232:371"", ""code:2024:162:315:5200:5234:510"", ""code:2024:162:315:5200:5261:376"", ""code:2024:162:315:5200:5261:377""]",JOINT_ANALYSIS,FULLY_REPORTED,FULLY_COMPARABLE,False,False,7,256350000000,1.5921162473181198,0,0.0,1,0.10462258630778233,2,0.2525999609908329,0,0.0,1,0.10462258630778233,0,0.0,7,1,3,0.3572225472986152,0,0.0,MEDIUM,BUDGET_RAPID_INCREASE;MULTIPLE_FINANCIAL_SIGNALS;PROGRAM_BUDGET_CONCENTRATION;REPEATED_MODERATE_LOW_EXECUTION;REPEATED_YEAR_END_CONCENTRATION,both,,,,,,,,,우체국예금,2258600000000,2258600000000,1,"[""SPECIAL_ACCOUNT""]",,2135974000000,1,"[""SPECIAL_ACCOUNT""]",False,False,,1.0,PROGRAM_TOTAL_SINGLE_ACCOUNT,False,2258600000000,2258600000000,1,"[""SPECIAL_ACCOUNT""]",,,,,False,False,,1.0,UNAVAILABLE_MIXED_OR_UNLINKED,False,False,-2002250000000.0,False,0.0,0.0,0.12629998049541644,0.0,0.8978102189781022,1.0,True,False,True,False,False,True,True,False,False,,,,,False,False,False,False,,,,,False,False,False,False,2,True,True,1,DATA_BLOCKED,1,1,False,False,True,DATA_REVIEW,DATA_FIRST,0,PROGRAM_DATA_TASK,프로그램 코드·분모·금액 연결 근거를 먼저 확인,DATA_VALIDATION;EXECUTION_MANAGEMENT;PROGRAM_STRUCTURE_CONTEXT,162:2024:통신:우정:5200:SPECIAL_ACCOUNT,0,0.04209999349847215,equal_mean_of_three_signal_components,tiebreak_only,False,,,,,,,,DATA_FIRST,PENDING_DATA_VERIFICATION,1,DATA_OR_LINKAGE_REVIEW_REQUIRED,NOT_ASSESSED,REVIEW_WORKFLOW_ORDER_NOT_POLICY_EFFECTIVENESS_RANK,3,2,3,2
고용노동부,2022,Ⅱ-2,고용안전망확충,1200,사회복지,고용,CONFIRMED,고용안전망확충,3,3,3,3,0,3,0,ALL_COMPARABLE_BELOW_TARGET,"[""MOEL-2022-II2-01"", ""MOEL-2022-II2-02"", ""MOEL-2022-II2-03""]",019,EXACT_CONFIRMED_HIERARCHY,True,사회복지,고용,1200,고용안전망확충,고용안전망확충,GENERAL_ACCOUNT,4876822000000,4876862000000,3761890789340,0.7713752797064998,COMPLETE,HIGH,7,7,0,"[""code:2022:019:110:1200:1231:300"", ""code:2022:019:110:1200:1232:351"", ""code:2022:019:110:1200:1233:300"", ""code:2022:019:110:1200:1234:300"", ""code:2022:019:110:1200:1234:303"", ""code:2022:019:110:1200:1235:300"", ""code:2022:019:110:1200:1236:300""]",JOINT_ANALYSIS,FULLY_REPORTED,FULLY_COMPARABLE,True,True,6,2956320000000,2.116098730854576,1,0.5061532581046707,0,0.0,0,0.0,0,0.0,0,0.0,0,0.0,6,1,4,0.989748741678844,0,0.0,LOW,MULTIPLE_FINANCIAL_SIGNALS;PROGRAM_BUDGET_CONCENTRATION;REPEATED_STRONG_LOW_EXECUTION,both,4,4,2946782000000,2946782000000,2342583000000,1816210000000,-0.2050368843029447,-0.38366326385867705,고용안전망확충,16651895000000,16651895000000,2,"[""FUND"", ""GENERAL_ACCOUNT""]",14212898000000,14212898000000,2,"[""FUND"", ""GENERAL_ACCOUNT""]",False,False,,1.0,UNAVAILABLE_MIXED_OR_UNLINKED,False,16651895000000,16651895000000,2,"[""FUND"", ""GENERAL_ACCOUNT""]",14216574000000,14216574000000,2,"[""FUND"", ""GENERAL_ACCOUNT""]",False,False,,1.0,UNAVAILABLE_MIXED_OR_UNLINKED,False,False,-1920502000000.0,False,1.0,1.0,1.0,0.0,0.937984496124031,0.875,True,True,True,False,False,True,False,False,False,4,2946782000000,2342583000000,-0.2050368843029447,False,False,False,False,4,2946782000000,1816210000000,-0.38366326385867705,False,False,False,True,1,True,True,2,DATA_BLOCKED,2,1,False,False,True,DATA_REVIEW,DATA_FIRST,0,PROGRAM_DATA_TASK,프로그램 코드·분모·금액 연결 근거를 먼저 확인,DATA_VALIDATION;PERFORMANCE_BELOW_TARGET;EXECUTION_MANAGEMENT;PROGRAM_STRUCTURE_CONTEXT,019:2022:사회복지:고용:1200:GENERAL_ACCOUNT,0,0.6666666666666666,equal_mean_of_three_signal_components,tiebreak_only,False,,,,,,,,DATA_FIRST,PENDING_DATA_VERIFICATION,1,DATA_OR_LINKAGE_REVIEW_REQUIRED,NOT_ASSESSED,REVIEW_WORKFLOW_ORDER_NOT_POLICY_EFFECTIVENESS_RANK,4,1,4,1
과학기술정보통신부,2022,Ⅵ-2,우체국예금,,,,,우체국예금,2,2,2,2,0,0,2,ALL_COMPARABLE_AT_OR_ABOVE_TARGET,"[""MSIT-2022-VI2-01"", ""MSIT-2022-VI2-02""]",162,EXACT_NAME,True,통신,우정,5200,우체국예금,우체국예금,SPECIAL_ACCOUNT,1132187000000,1132670465000,1069037800190,0.943820672670228,COMPLETE,HIGH,8,8,0,"[""code:2022:162:315:5200:5231:361"", ""code:2022:162:315:5200:5231:362"", ""code:2022:162:315:5200:5231:365"", ""code:2022:162:315:5200:5231:366"", ""code:2022:162:315:5200:5232:371"", ""code:2022:162:315:5200:5234:510"", ""code:2022:162:315:5200:5261:376"", ""code:2022:162:315:5200:5261:377""]",JOINT_ANALYSIS,FULLY_REPORTED,FULLY_COMPARABLE,False,False,7,272137000000,1.0692665826403613,0,0.0,1,0.03463329132018064,0,0.0,0,0.0,0,0.0,0,0.0,7,1,1,0.03463329132018064,0,0.0,MEDIUM,MULTIPLE_FINANCIAL_SIGNALS;PROGRAM_BUDGET_CONCENTRATION;REPEATED_MODERATE_LOW_EXECUTION,both,7,7,272137000000,272137000000,248223000000,256350000000,-0.0878748571491565,-0.058011222288773666,우체국예금,1132187000000,1132187000000,1,"[""SPECIAL_ACCOUNT""]",1438123000000,1438123000000,1,"[""SPECIAL_ACCOUNT""]",False,True,0.2702168458037409,1.0,PROGRAM_TOTAL_SINGLE_ACCOUNT,False,1132187000000,1132187000000,1,"[""SPECIAL_ACCOUNT""]",2258600000000,2258600000000,1,"[""SPECIAL_ACCOUNT""]",False,True,0.9949001357549592,1.0,PROGRAM_TOTAL_SINGLE_ACCOUNT,False,False,-860050000000.0,False,0.0,0.0,0.01731664566009032,0.0,0.813953488372093,0.9642857142857143,True,False,True,False,False,True,False,False,False,7,272137000000,248223000000,-0.0878748571491565,False,False,False,False,7,272137000000,256350000000,-0.058011222288773666,False,False,False,False,1,True,True,1,DATA_BLOCKED,1,1,False,False,True,DATA_REVIEW,DATA_FIRST,0,PROGRAM_DATA_TASK,프로그램 코드·분모·금액 연결 근거를 먼저 확인,DATA_VALIDATION;EXECUTION_MANAGEMENT;PROGRAM_STRUCTURE_CONTEXT,162:2022:통신:우정:5200:SPECIAL_ACCOUNT,0,0.005772215220030107,equal_mean_of_three_signal_components,tiebreak_only,False,,,,,,,,DATA_FIRST,PENDING_DATA_VERIFICATION,1,DATA_OR_LINKAGE_REVIEW_REQUIRED,NOT_ASSESSED,REVIEW_WORKFLOW_ORDER_NOT_POLICY_EFFECTIVENESS_RANK,5,3,5,3
보건복지부,2022,Ⅳ-6,국민연금운영(여유자금 운영위탁 등),,,,,국민연금운영(여유자금운영위탁등),1,1,1,1,0,1,0,ALL_COMPARABLE_BELOW_TARGET,"[""MOHW-2022-IV6-01""]",075,EXACT_NAME_UNIQUE_FINANCIAL,True,사회복지,공적연금,7400,국민연금운영(여유자금운영위탁 등),국민연금운영(여유자금운영위탁 등),FUND,335668000000,348235215594,321362250477,,COMPLETE,MEDIUM,15,15,15,"[""code:2022:075:532:7400:7431:451"", ""code:2022:075:532:7400:7431:453"", ""code:2022:075:532:7400:7431:455"", ""code:2022:075:532:7400:7432:431"", ""code:2022:075:532:7400:7432:432"", ""code:2022:075:532:7400:7432:440"", ""code:2022:075:532:7400:7432:441"", ""code:2022:075:532:7400:7432:442"", ""code:2022:075:532:7400:7432:443"", ""code:2022:075:532:7400:7432:446"", ""code:2022:075:532:7400:7432:452"", ""code:2022:075:532:7400:7432:455"", ""code:2022:075:532:7400:7433:424"", ""code:2022:075:532:7400:7433:425"", ""code:2022:075:532:7400:7478:601""]",JOINT_ANALYSIS,FULLY_REPORTED,FULLY_COMPARABLE,,,15,335668000000,0.0,0,0.0,0,0.0,0,0.0,0,0.0,0,0.0,0,0.0,0,0,0,0.0,15,1.0,MEDIUM,DATA_VALIDATION_PRIORITY;DENOMINATOR_OR_MATCHING_REVIEW,both,,,,,,,,,국민연금운영(여유자금운영위탁 등),335668000000,335668000000,1,"[""FUND""]",340333000000,340333000000,1,"[""FUND""]",False,True,0.013897660783869776,1.0,PROGRAM_TOTAL_SINGLE_ACCOUNT,False,335668000000,335668000000,1,"[""FUND""]",349971000000,349971000000,1,"[""FUND""]",False,True,0.042610555668100625,1.0,PROGRAM_TOTAL_SINGLE_ACCOUNT,False,False,0.0,True,1.0,,,0.0,0.6744186046511628,0.5714285714285714,True,True,False,False,False,False,False,False,False,,,,,False,True,False,False,,,,,False,True,False,False,0,False,False,3,DATA_BLOCKED,1,0,False,False,True,DATA_REVIEW,DATA_FIRST,0,PROGRAM_DATA_TASK,프로그램 코드·분모·금액 연결 근거를 먼저 확인,DATA_VALIDATION;PERFORMANCE_BELOW_TARGET;LOW_PERFORMANCE_BUDGET_INCREASE_T1;LOW_PERFORMANCE_BUDGET_INCREASE_T2,075:2022:사회복지:공적연금:7400:FUND,0,0.5,equal_mean_of_three_signal_components,tiebreak_only,False,,,,,,,,DATA_FIRST,PENDING_DATA_VERIFICATION,1,DATA_OR_LINKAGE_REVIEW_REQUIRED,NOT_ASSESSED,REVIEW_WORKFLOW_ORDER_NOT_POLICY_EFFECTIVENESS_RANK,6,2,6,2
보건복지부,2023,Ⅳ-1,아동보호 및 복지 강화,,,,,아동보호및복지강화,2,2,2,2,0,2,0,ALL_COMPARABLE_BELOW_TARGET,"[""MOHW-2023-IV1-01"", ""MOHW-2023-IV1-02""]",075,EXACT_NAME_UNIQUE_FINANCIAL,True,사회복지,아동·보육,1300,아동보호 및 복지 강화,아동보호 및 복지 강화,SPECIAL_ACCOUNT,,,,,UNMATCHED,LOW,0,0,0,"[""code:2023:075:236:1300:1338:300"", ""code:2023:075:236:1300:1338:314""]",FINANCIAL_LINKAGE_LIMITED,FULLY_REPORTED,FULLY_COMPARABLE,False,False,,,,,,,,,,,,,,,,,,,,,,,,left_only,,,,,,,,,아동보호 및 복지 강화,237208000000,237208000000,1,"[""GENERAL_ACCOUNT""]",328472000000,328472000000,1,"[""GENERAL_ACCOUNT""]",True,False,,1.0,DATA_REVIEW_ACCOUNT_TYPE_MISMATCH,False,237208000000,237208000000,1,"[""GENERAL_ACCOUNT""]",,310785000000,1,"[""GENERAL_ACCOUNT""]",True,False,,1.0,DATA_REVIEW_ACCOUNT_TYPE_MISMATCH,False,False,,False,1.0,,,,,,True,True,False,False,False,False,False,False,False,,,,,False,False,False,False,,,,,False,False,False,False,0,False,False,1,DATA_BLOCKED,1,0,False,False,False,DATA_REVIEW,DATA_FIRST,0,PROGRAM_DATA_TASK,프로그램 코드·분모·금액 연결 근거를 먼저 확인,FINANCIAL_LINKAGE_LIMITED;DATA_VALIDATION;PERFORMANCE_BELOW_TARGET,075:2023:사회복지:아동·보육:1300:SPECIAL_ACCOUNT,0,1.0,equal_mean_of_three_signal_components,tiebreak_only,False,,,,,,,,DATA_FIRST,PENDING_DATA_VERIFICATION,1,DATA_OR_LINKAGE_REVIEW_REQUIRED,NOT_ASSESSED,REVIEW_WORKFLOW_ORDER_NOT_POLICY_EFFECTIVENESS_RANK,7,3,7,3
중소벤처기업부,2023,Ⅴ-1,소상공인·전통시장지원,,,,,소상공인·전통시장지원,2,2,2,2,0,2,0,ALL_COMPARABLE_BELOW_TARGET,"[""중기부-2023-IIIII1-01"", ""중기부-2023-IIIII1-02""]",102,EXACT_NAME,True,산업·중소기업및에너지,중소기업및소상공인육성,4100,소상공인·전통시장지원,소상공인·전통시장지원,SPECIAL_ACCOUNT,,,,,UNMATCHED,LOW,0,0,0,"[""code:2023:102:236:4100:4154:301""]",FINANCIAL_LINKAGE_LIMITED,FULLY_REPORTED,FULLY_COMPARABLE,False,False,,,,,,,,,,,,,,,,,,,,,,,,left_only,,,,,,,,,소상공인·전통시장지원,3895274000000,3895274000000,1,"[""FUND""]",4944243000000,4944243000000,2,"[""FUND"", ""SPECIAL_ACCOUNT""]",False,False,,1.0,UNAVAILABLE_MIXED_OR_UNLINKED,False,3895274000000,3895274000000,1,"[""FUND""]",,8782022000000,2,"[""FUND"", ""SPECIAL_ACCOUNT""]",False,False,,1.0,UNAVAILABLE_MIXED_OR_UNLINKED,False,False,,False,1.0,,,,,,True,True,False,False,False,False,False,False,False,,,,,False,False,False,False,,,,,False,False,False,False,0,False,False,1,DATA_BLOCKED,1,0,False,False,False,DATA_REVIEW,DATA_FIRST,0,PROGRAM_DATA_TASK,프로그램 코드·분모·금액 연결 근거를 먼저 확인,FINANCIAL_LINKAGE_LIMITED;DATA_VALIDATION;PERFORMANCE_BELOW_TARGET,102:2023:산업·중소기업및에너지:중소기업및소상공인육성:4100:SPECIAL_ACCOUNT,0,1.0,equal_mean_of_three_signal_components,tiebreak_only,False,,,,,,,,DATA_FIRST,PENDING_DATA_VERIFICATION,1,DATA_OR_LINKAGE_REVIEW_REQUIRED,NOT_ASSESSED,REVIEW_WORKFLOW_ORDER_NOT_POLICY_EFFECTIVENESS_RANK,8,1,8,1
보건복지부,2022,Ⅳ-7,국민연금운영(급여지급),,,,,국민연금운영(급여지급),1,1,1,1,0,0,1,ALL_COMPARABLE_AT_OR_ABOVE_TARGET,"[""MOHW-2022-IV7-01""]",075,EXACT_NAME,True,사회복지,공적연금,7600,국민연금운영(급여지급),국민연금운영(급여지급),FUND,34127303000000,34127303000000,34020076064810,,COMPLETE,MEDIUM,1,1,1,"[""code:2022:075:532:7600:7631:401""]",JOINT_ANALYSIS,FULLY_REPORTED,FULLY_COMPARABLE,,,1,34127303000000,0.0,0,0.0,0,0.0,0,0.0,0,0.0,0,0.0,0,0.0,0,0,0,0.0,1,1.0,MEDIUM,DATA_VALIDATION_PRIORITY;DENOMINATOR_OR_MATCHING_REVIEW,both,,,,,,,,,국민연금운영(급여지급),34127303000000,34127303000000,1,"[""FUND""]",39085909000000,39085909000000,1,"[""FUND""]",False,True,0.1452973298241587,1.0,PROGRAM_TOTAL_SINGLE_ACCOUNT,False,34127303000000,34127303000000,1,"[""FUND""]",43833885000000,43833885000000,1,"[""FUND""]",False,True,0.28442276847953674,1.0,PROGRAM_TOTAL_SINGLE_ACCOUNT,False,False,0.0,True,0.0,,,0.0,0.9922480620155039,1.0,True,False,False,False,False,False,False,False,False,,,,,False,False,False,False,,,,,False,False,False,False,0,False,False,0,DATA_BLOCKED,0,0,False,False,False,DATA_REVIEW,DATA_FIRST,0,PROGRAM_DATA_TASK,프로그램 코드·분모·금액 연결 근거를 먼저 확인,DATA_VALIDATION,075:2022:사회복지:공적연금:7600:FUND,0,0.0,equal_mean_of_three_signal_components,tiebreak_only,False,,,,,,,,DATA_FIRST,PENDING_DATA_VERIFICATION,1,DATA_OR_LINKAGE_REVIEW_REQUIRED,NOT_ASSESSED,REVIEW_WORKFLOW_ORDER_NOT_POLICY_EFFECTIVENESS_RANK,10,4,9,4
보건복지부,2024,Ⅳ-1,아동보호 및 복지 강화,,,,,아동보호및복지강화,1,1,1,1,0,0,1,ALL_COMPARABLE_AT_OR_ABOVE_TARGET,"[""MOHW-2024-IV1-01""]",075,EXACT_NAME_UNIQUE_FINANCIAL,True,사회복지,아동·보육,1300,아동보호 및 복지 강화,아동보호 및 복지 강화,SPECIAL_ACCOUNT,,,,,UNMATCHED,LOW,0,0,0,"[""code:2024:075:236:1300:1338:300"", ""code:2024:075:236:1300:1338:314""]",FINANCIAL_LINKAGE_LIMITED,FULLY_REPORTED,FULLY_COMPARABLE,False,False,,,,,,,,,,,,,,,,,,,,,,,,left_only,,,,,,,,,아동보호 및 복지 강화,328472000000,328472000000,1,"[""GENERAL_ACCOUNT""]",,310785000000,1,"[""GENERAL_ACCOUNT""]",True,False,,1.0,DATA_REVIEW_ACCOUNT_TYPE_MISMATCH,False,328472000000,328472000000,1,"[""GENERAL_ACCOUNT""]",,,,,False,False,,1.0,UNAVAILABLE_MIXED_OR_UNLINKED,False,False,,False,0.0,,,,,,True,False,False,False,False,False,False,False,False,,,,,False,False,False,False,,,,,False,False,False,False,0,False,False,0,DATA_BLOCKED,0,0,False,False,False,DATA_REVIEW,DATA_FIRST,0,PROGRAM_DATA_TASK,프로그램 코드·분모·금액 연결 근거를 먼저 확인,FINANCIAL_LINKAGE_LIMITED;DATA_VALIDATION,075:2024:사회복지:아동·보육:1300:SPECIAL_ACCOUNT,0,0.0,equal_mean_of_three_signal_components,tiebreak_only,False,,,,,,,,DATA_FIRST,PENDING_DATA_VERIFICATION,1,DATA_OR_LINKAGE_REVIEW_REQUIRED,NOT_ASSESSED,REVIEW_WORKFLOW_ORDER_NOT_POLICY_EFFECTIVENESS_RANK,11,5,10,5
보건복지부,2024,Ⅳ-3,보육지원강화,,,,,보육지원강화,1,1,1,1,0,0,1,ALL_COMPARABLE_AT_OR_ABOVE_TARGET,"[""MOHW-2024-IV3-01""]",075,EXACT_NAME_UNIQUE_FINANCIAL,True,사회복지,아동·보육,3100,보육지원강화,보육지원강화,SPECIAL_ACCOUNT,,,,,UNMATCHED,LOW,0,0,0,"[""code:2024:075:236:3100:3134:300""]",FINANCIAL_LINKAGE_LIMITED,FULLY_REPORTED,FULLY_COMPARABLE,False,False,,,,,,,,,,,,,,,,,,,,,,,,left_only,,,,,,,,,보육지원강화,7609545000000,7609545000000,1,"[""GENERAL_ACCOUNT""]",,2135263000000,1,"[""GENERAL_ACCOUNT""]",True,False,,1.0,DATA_REVIEW_ACCOUNT_TYPE_MISMATCH,False,7609545000000,7609545000000,1,"[""GENERAL_ACCOUNT""]",,,,,False,False,,1.0,UNAVAILABLE_MIXED_OR_UNLINKED,False,False,,False,0.0,,,,,,True,False,False,False,False,False,False,False,False,,,,,False,False,False,False,,,,,False,False,False,False,0,False,False,0,DATA_BLOCKED,0,0,False,False,False,DATA_REVIEW,DATA_FIRST,0,PROGRAM_DATA_TASK,프로그램 코드·분모·금액 연결 근거를 먼저 확인,FINANCIAL_LINKAGE_LIMITED;DATA_VALIDATION,075:2024:사회복지:아동·보육:3100:SPECIAL_ACCOUNT,0,0.0,equal_mean_of_three_signal_components,tiebreak_only,False,,,,,,,,DATA_FIRST,PENDING_DATA_VERIFICATION,1,DATA_OR_LINKAGE_REVIEW_REQUIRED,NOT_ASSESSED,REVIEW_WORKFLOW_ORDER_NOT_POLICY_EFFECTIVENESS_RANK,12,6,11,6
보건복지부,2023,Ⅲ-6,국립춘천병원,,,,,국립춘천병원,2,1,1,1,1,1,0,ALL_COMPARABLE_BELOW_TARGET,"[""MOHW-2023-III6-01"", ""MOHW-2023-III6-02""]",075,EXACT_NAME,True,보건,보건의료,4000,국립춘천병원,국립춘천병원,RESPONSIBLE_OPERATION_ACCOUNT,5694000000,5984102000,3373313630,0.5637125887894291,COMPLETE,HIGH,6,6,0,"[""code:2023:075:436:4000:4002:100"", ""code:2023:075:436:4000:4018:200"", ""code:2023:075:436:4000:4019:250"", ""code:2023:075:436:4000:4022:250"", ""code:2023:075:436:4000:4031:301"", ""code:2023:075:436:4000:4031:306"", ""code:2023:075:436:4000:4031:650"", ""code:2023:075:436:4000:4032:500"", ""code:2023:075:436:4000:4061:301"", ""code:2023:075:436:4000:4062:500""]",JOINT_ANALYSIS,PARTIALLY_REPORTED,PARTIALLY_COMPARABLE,True,True,6,5694000000,1.8884791008078678,3,0.9230769230769231,1,0.05426765015806112,1,0.21742184755883387,0,0.0,1,0.21742184755883387,0,0.0,0,0,2,0.23621355813136635,0,0.0,HIGH,BUDGET_RAPID_INCREASE;MULTIPLE_FINANCIAL_SIGNALS;REPEATED_MODERATE_LOW_EXECUTION;REPEATED_STRONG_LOW_EXECUTION;REPEATED_YEAR_END_CONCENTRATION,both,6,,5694000000,,6864000000,,0.2054794520547945,,국립춘천병원,15831000000,5694000000,1,"[""RESPONSIBLE_OPERATION_ACCOUNT""]",17188000000,6864000000,1,"[""RESPONSIBLE_OPERATION_ACCOUNT""]",False,True,0.08571789526877645,0.3596740572294865,PROGRAM_TOTAL_SINGLE_ACCOUNT,True,15831000000,5694000000,1,"[""RESPONSIBLE_OPERATION_ACCOUNT""]",,6628000000,1,"[""RESPONSIBLE_OPERATION_ACCOUNT""]",False,False,,0.3596740572294865,PROGRAM_TOTAL_SINGLE_ACCOUNT,False,True,0.0,True,1.0,1.0,1.0,0.21742184755883387,0.08695652173913043,0.05128205128205128,False,True,True,True,False,False,True,False,True,6,5694000000,6864000000,0.2054794520547945,True,True,False,False,,,,,False,False,False,True,3,True,True,3,CONFIRMED,3,0,True,True,False,MULTIPLE_SIGNAL_REVIEW,REPEATED_OR_MULTIPLE,1,DETAILED_PROJECT_REVIEW,반복·복수 신호의 원인을 세부사업과 원문에서 확인,PERFORMANCE_BELOW_TARGET;EXECUTION_MANAGEMENT;BUDGET_PERFORMANCE_MISMATCH;LOW_PERFORMANCE_BUDGET_INCREASE_T1,075:2023:보건:보건의료:4000:RESPONSIBLE_OPERATION_ACCOUNT,1,0.7391406158529445,equal_mean_of_three_signal_components,tiebreak_only,False,9.25,30.0,3.0,8.0,3,False,False,REPEATED_OR_MULTIPLE,READY_FOR_REVIEW,2,REPEATED_OR_MULTIPLE_INDEPENDENT_SIGNALS,NOT_ASSESSED,REVIEW_WORKFLOW_ORDER_NOT_POLICY_EFFECTIVENESS_RANK,1,1,12,7
보건복지부,2023,Ⅲ-7,국립공주병원,,,,,국립공주병원,2,2,2,2,0,2,0,ALL_COMPARABLE_BELOW_TARGET,"[""MOHW-2023-III7-01"", ""MOHW-2023-III7-02""]",075,EXACT_NAME,True,보건,보건의료,4100,국립공주병원,국립공주병원,RESPONSIBLE_OPERATION_ACCOUNT,5872000000,5894420000,5037847340,0.8546807556977616,COMPLETE,HIGH,6,6,0,"[""code:2023:075:437:4100:4102:100"", ""code:2023:075:437:4100:4118:200"", ""code:2023:075:437:4100:4119:250"", ""code:2023:075:437:4100:4122:250"", ""code:2023:075:437:4100:4122:260"", ""code:2023:075:437:4100:4131:301"", ""code:2023:075:437:4100:4131:305"", ""code:2023:075:437:4100:4131:650"", ""code:2023:075:437:4100:4132:500"", ""code:2023:075:437:4100:4161:300"", ""code:2023:075:437:4100:4162:500""]",JOINT_ANALYSIS,FULLY_REPORTED,FULLY_COMPARABLE,False,True,6,5872000000,2.0747615803814714,1,0.010047683923705721,1,0.01600817438692098,1,0.15412125340599456,0,0.0,0,0.0,0,0.0,6,1,4,0.9206403269754768,0,0.0,HIGH,MULTIPLE_FINANCIAL_SIGNALS;PROGRAM_BUDGET_CONCENTRATION;REPEATED_MODERATE_LOW_EXECUTION;REPEATED_STRONG_LOW_EXECUTION;REPEATED_YEAR_END_CONCENTRATION,both,6,,5872000000,,5855000000,,-0.0028950953678474113,,국립공주병원,16854000000,5872000000,1,"[""RESPONSIBLE_OPERATION_ACCOUNT""]",17362000000,5855000000,1,"[""RESPONSIBLE_OPERATION_ACCOUNT""]",False,True,0.03014121276848226,0.34840393971757444,PROGRAM_TOTAL_SINGLE_ACCOUNT,False,16854000000,5872000000,1,"[""RESPONSIBLE_OPERATION_ACCOUNT""]",,5666000000,1,"[""RESPONSIBLE_OPERATION_ACCOUNT""]",False,False,,0.34840393971757444,PROGRAM_TOTAL_SINGLE_ACCOUNT,False,False,0.0,True,1.0,0.5,0.5,0.0,0.09420289855072464,0.07692307692307693,False,True,True,False,False,True,False,False,True,6,5872000000,5855000000,-0.0028950953678474113,True,True,False,False,,,,,False,False,False,True,3,True,True,3,CONFIRMED,2,1,True,True,False,MULTIPLE_SIGNAL_REVIEW,REPEATED_OR_MULTIPLE,1,DETAILED_PROJECT_REVIEW,반복·복수 신호의 원인을 세부사업과 원문에서 확인,PERFORMANCE_BELOW_TARGET;EXECUTION_MANAGEMENT;PROGRAM_STRUCTURE_CONTEXT;LOW_PERFORMANCE_BUDGET_INCREASE_T1,075:2023:보건:보건의료:4100:RESPONSIBLE_OPERATION_ACCOUNT,1,0.5,equal_mean_of_three_signal_components,tiebreak_only,False,44.5,94.0,20.0,35.0,40,False,False,REPEATED_OR_MULTIPLE,READY_FOR_REVIEW,2,REPEATED_OR_MULTIPLE_INDEPENDENT_SIGNALS,NOT_ASSESSED,REVIEW_WORKFLOW_ORDER_NOT_POLICY_EFFECTIVENESS_RANK,2,2,13,8
보건복지부,2024,Ⅲ-7,국립공주병원,,,,,국립공주병원,1,1,1,1,0,1,0,ALL_COMPARABLE_BELOW_TARGET,"[""MOHW-2024-III7-01""]",075,EXACT_NAME,True,보건,보건의료,4100,국립공주병원,국립공주병원,RESPONSIBLE_OPERATION_ACCOUNT,5855000000,5881440000,4360086100,0.7413296913681003,COMPLETE,HIGH,6,6,0,"[""code:2024:075:437:4100:4102:100"", ""code:2024:075:437:4100:4118:200"", ""code:2024:075:437:4100:4119:250"", ""code:2024:075:437:4100:4122:250"", ""code:2024:075:437:4100:4122:260"", ""code:2024:075:437:4100:4131:301"", ""code:2024:075:437:4100:4131:305"", ""code:2024:075:437:4100:4131:650"", ""code:2024:075:437:4100:4132:500"", ""code:2024:075:437:4100:4161:300"", ""code:2024:075:437:4100:4162:500""]",JOINT_ANALYSIS,FULLY_REPORTED,FULLY_COMPARABLE,True,True,6,5855000000,2.231084543125534,2,0.7629376601195559,1,0.016908625106746372,1,0.14175918018787362,0,0.0,0,0.0,1,0.015883859948761743,6,1,5,0.9374893253629376,0,0.0,HIGH,BUDGET_RAPID_DECREASE;MULTIPLE_FINANCIAL_SIGNALS;PROGRAM_BUDGET_CONCENTRATION;REPEATED_MODERATE_LOW_EXECUTION;REPEATED_STRONG_LOW_EXECUTION;REPEATED_YEAR_END_CONCENTRATION,both,,,,,,,,,국립공주병원,17362000000,5855000000,1,"[""RESPONSIBLE_OPERATION_ACCOUNT""]",,5666000000,1,"[""RESPONSIBLE_OPERATION_ACCOUNT""]",False,False,,0.33723073378643015,PROGRAM_TOTAL_SINGLE_ACCOUNT,False,17362000000,5855000000,1,"[""RESPONSIBLE_OPERATION_ACCOUNT""]",,,,,False,False,,0.33723073378643015,UNAVAILABLE_MIXED_OR_UNLINKED,False,False,0.0,True,1.0,1.0,1.0,0.0,0.08759124087591241,0.02564102564102564,False,True,True,False,False,True,False,True,False,,,,,False,False,False,False,,,,,False,False,False,True,3,True,True,2,CONFIRMED,2,1,True,True,False,MULTIPLE_SIGNAL_REVIEW,REPEATED_OR_MULTIPLE,1,DETAILED_PROJECT_REVIEW,반복·복수 신호의 원인을 세부사업과 원문에서 확인,PERFORMANCE_BELOW_TARGET;EXECUTION_MANAGEMENT;PROGRAM_STRUCTURE_CONTEXT,075:2024:보건:보건의료:4100:RESPONSIBLE_OPERATION_ACCOUNT,1,0.6666666666666666,equal_mean_of_three_signal_components,tiebreak_only,False,14.25,45.0,6.75,15.0,6,False,False,REPEATED_OR_MULTIPLE,READY_FOR_REVIEW,2,REPEATED_OR_MULTIPLE_INDEPENDENT_SIGNALS,NOT_ASSESSED,REVIEW_WORKFLOW_ORDER_NOT_POLICY_EFFECTIVENESS_RANK,3,3,14,9
보건복지부,2023,Ⅰ-4,국립재활원,,,,,국립재활원,2,2,2,2,0,1,1,MIXED_COMPARABLE,"[""MOHW-2023-I4-01"", ""MOHW-2023-I4-02""]",075,EXACT_NAME,True,사회복지,취약계층지원,1800,국립재활원,국립재활원,RESPONSIBLE_OPERATION_ACCOUNT,32119000000,38485172160,33082827830,0.8596253043239602,COMPLETE,HIGH,7,7,0,"[""code:2023:075:427:1800:1802:100"", ""code:2023:075:427:1800:1818:200"", ""code:2023:075:427:1800:1819:250"", ""code:2023:075:427:1800:1822:250"", ""code:2023:075:427:1800:1831:304"", ""code:2023:075:427:1800:1831:311"", ""code:2023:075:427:1800:1851:651"", ""code:2023:075:427:1800:1852:304"", ""code:2023:075:427:1800:1852:306"", ""code:2023:075:427:1800:1861:300"", ""code:2023:075:427:1800:1862:500""]",JOINT_ANALYSIS,FULLY_REPORTED,FULLY_COMPARABLE,False,True,7,32119000000,0.6857000529281734,1,0.14527226875058377,2,0.04305862573554594,1,0.009246863227373206,0,0.0,1,0.14527226875058377,2,0.04305862573554594,0,0,3,0.18833089448612972,0,0.0,MEDIUM,BUDGET_RAPID_DECREASE;BUDGET_RAPID_INCREASE;MULTIPLE_FINANCIAL_SIGNALS;REPEATED_MODERATE_LOW_EXECUTION;REPEATED_STRONG_LOW_EXECUTION;REPEATED_YEAR_END_CONCENTRATION,both,6,,27278000000,,30746000000,,0.12713542048537282,,국립재활원,58938000000,32119000000,1,"[""RESPONSIBLE_OPERATION_ACCOUNT""]",58520000000,30746000000,1,"[""RESPONSIBLE_OPERATION_ACCOUNT""]",False,True,-0.0070921985815602835,0.5449625029692219,PROGRAM_TOTAL_SINGLE_ACCOUNT,False,58938000000,32119000000,1,"[""RESPONSIBLE_OPERATION_ACCOUNT""]",,27414000000,1,"[""RESPONSIBLE_OPERATION_ACCOUNT""]",False,False,,0.5449625029692219,PROGRAM_TOTAL_SINGLE_ACCOUNT,False,False,0.0,True,0.5,0.5,0.5,0.07263613437529189,0.2608695652173913,0.3333333333333333,False,True,True,True,False,False,True,True,False,6,27278000000,30746000000,0.12713542048537282,False,False,False,False,,,,,False,False,False,True,3,True,True,2,LIMITED,3,0,True,True,False,MULTIPLE_SIGNAL_REVIEW,REPEATED_OR_MULTIPLE,1,DETAILED_PROJECT_REVIEW,반복·복수 신호의 원인을 세부사업과 원문에서 확인,PERFORMANCE_BELOW_TARGET;EXECUTION_MANAGEMENT;BUDGET_PERFORMANCE_MISMATCH,075:2023:사회복지:취약계층지원:1800:RESPONSIBLE_OPERATION_ACCOUNT,1,0.3575453781250973,equal_mean_of_three_signal_components,tiebreak_only,False,62.25,86.0,25.25,19.0,54,False,False,REPEATED_OR_MULTIPLE,READY_FOR_REVIEW,2,REPEATED_OR_MULTIPLE_INDEPENDENT_SIGNALS,NOT_ASSESSED,REVIEW_WORKFLOW_ORDER_NOT_POLICY_EFFECTIVENESS_RANK,4,4,15,10
고용노동부,2023,Ⅰ-1,고용창출,,,,,고용창출,4,4,4,4,0,1,3,MIXED_COMPARABLE,"[""MOEL-2023-I1-01"", ""MOEL-2023-I1-02"", ""MOEL-2023-I1-03"", ""MOEL-2023-I1-04""]",019,EXACT_NAME_UNIQUE_FINANCIAL,True,사회복지,고용,1000,고용창출,고용창출,GENERAL_ACCOUNT,1952025000000,1952105000000,1656725125460,0.8486864822640175,COMPLETE,HIGH,22,22,0,"[""code:2023:019:110:1000:1031:300"", ""code:2023:019:110:1000:1032:301"", ""code:2023:019:110:1000:1032:302"", ""code:2023:019:110:1000:1032:303"", ""code:2023:019:110:1000:1033:470"", ""code:2023:019:110:1000:1037:301"", ""code:2023:019:110:1000:1037:311"", ""code:2023:019:110:1000:1039:321"", ""code:2023:019:110:1000:1039:323"", ""code:2023:019:110:1000:1040:300"", ""code:2023:019:110:1000:1043:301"", ""code:2023:019:110:1000:1044:301"", ""code:2023:019:110:1000:1045:301"", ""code:2023:019:110:1000:1049:301"", ""code:2023:019:110:1000:1051:304"", ""code:2023:019:110:1000:1051:305"", ""code:2023:019:110:1000:1051:306"", ""code:2023:019:110:1000:1062:300"", ""code:2023:019:110:1000:1070:300"", ""code:2023:019:110:1000:1070:301"", ""code:2023:019:110:1000:1075:302"", ""code:2023:019:110:1000:1075:303""]",JOINT_ANALYSIS,FULLY_REPORTED,FULLY_COMPARABLE,False,True,22,1952025000000,1.530155095349701,2,0.22395973412225764,1,0.4554644535802564,2,0.007697135026446895,0,0.0,2,0.4920546611851795,2,0.2227450980392157,0,0,4,0.7160143953074372,0,0.0,MEDIUM,BUDGET_RAPID_DECREASE;BUDGET_RAPID_INCREASE;MULTIPLE_FINANCIAL_SIGNALS;REPEATED_MODERATE_LOW_EXECUTION;REPEATED_STRONG_LOW_EXECUTION;REPEATED_YEAR_END_CONCENTRATION,both,19,,1907996000000,,1525953000000,,-0.20023260006834395,,고용창출,3121643000000,3121643000000,3,"[""FUND"", ""GENERAL_ACCOUNT"", ""SPECIAL_ACCOUNT""]",2026734000000,2026734000000,3,"[""FUND"", ""GENERAL_ACCOUNT"", ""SPECIAL_ACCOUNT""]",False,False,,1.0,UNAVAILABLE_MIXED_OR_UNLINKED,False,3121643000000,3121643000000,3,"[""FUND"", ""GENERAL_ACCOUNT"", ""SPECIAL_ACCOUNT""]",,1974011000000,3,"[""FUND"", ""GENERAL_ACCOUNT"", ""SPECIAL_ACCOUNT""]",False,False,,1.0,UNAVAILABLE_MIXED_OR_UNLINKED,False,False,0.0,True,0.25,0.5,0.5,0.16705882352941176,0.8768115942028986,0.7894736842105263,False,True,True,True,False,False,True,True,False,19,1907996000000,1525953000000,-0.20023260006834395,False,False,False,False,,,,,False,False,False,True,3,True,True,2,LIMITED,3,0,True,True,False,MULTIPLE_SIGNAL_REVIEW,REPEATED_OR_MULTIPLE,1,DETAILED_PROJECT_REVIEW,반복·복수 신호의 원인을 세부사업과 원문에서 확인,PERFORMANCE_BELOW_TARGET;EXECUTION_MANAGEMENT;BUDGET_PERFORMANCE_MISMATCH,019:2023:사회복지:고용:1000:GENERAL_ACCOUNT,1,0.3056862745098039,equal_mean_of_three_signal_components,tiebreak_only,False,29.75,39.0,8.0,6.0,26,False,False,REPEATED_OR_MULTIPLE,READY_FOR_REVIEW,2,REPEATED_OR_MULTIPLE_INDEPENDENT_SIGNALS,NOT_ASSESSED,REVIEW_WORKFLOW_ORDER_NOT_POLICY_EFFECTIVENESS_RANK,5,1,16,2
과학기술정보통신부,2023,Ⅵ-1,우정서비스,,,,,우정서비스,2,1,2,2,0,1,1,MIXED_COMPARABLE,"[""MSIT-2023-VI1-01"", ""MSIT-2023-VI1-02""]",162,EXACT_NAME_UNIQUE_FINANCIAL,True,통신,우정,5100,우정서비스,우정서비스,SPECIAL_ACCOUNT,1982736000000,2032383914250,1941179437980,0.9551243858847128,COMPLETE,HIGH,32,32,0,"[""code:2023:162:314:5100:5130:305"", ""code:2023:162:314:5100:5131:302"", ""code:2023:162:314:5100:5131:303"", ""code:2023:162:314:5100:5131:305"", ""code:2023:162:314:5100:5131:321"", ""code:2023:162:314:5100:5132:311"", ""code:2023:162:314:5100:5132:313"", ""code:2023:162:314:5100:5132:352"", ""code:2023:162:314:5100:5133:312"", ""code:2023:162:314:5100:5133:315"", ""code:2023:162:314:5100:5134:305"", ""code:2023:162:314:5100:5134:331"", ""code:2023:162:314:5100:5134:332"", ""code:2023:162:314:5100:5134:333"", ""code:2023:162:314:5100:5135:500"", ""code:2023:162:314:5100:5136:520"", ""code:2023:162:314:5100:5137:420"", ""code:2023:162:314:5100:5138:301"", ""code:2023:162:314:5100:5139:410"", ""code:2023:162:314:5100:5140:392"", ""code:2023:162:314:5100:5140:393"", ""code:2023:162:314:5100:5140:402"", ""code:2023:162:314:5100:5141:398"", ""code:2023:162:314:5100:5141:400"", ""code:2023:162:314:5100:5142:407"", ""code:2023:162:314:5100:5142:409"", ""code:2023:162:314:5100:5143:341"", ""code:2023:162:314:5100:5143:342"", ""code:2023:162:314:5100:5143:411"", ""code:2023:162:314:5100:5143:417"", ""code:2023:162:314:5100:5143:418"", ""code:2023:162:314:5100:5143:522""]",JOINT_ANALYSIS,FULLY_REPORTED,FULLY_COMPARABLE,False,False,32,1982736000000,0.7000256211618693,2,0.092414219543096,3,0.03056786178291008,6,0.11402425738978865,3,0.054369820288732336,3,0.11469151717626552,1,0.029630772831077862,0,0,11,0.16263738591522017,0,0.0,MEDIUM,ACCOUNTING_ADJUSTMENT_PATTERN;BUDGET_RAPID_DECREASE;BUDGET_RAPID_INCREASE;MULTIPLE_FINANCIAL_SIGNALS;REPEATED_MODERATE_LOW_EXECUTION;REPEATED_STRONG_LOW_EXECUTION;REPEATED_YEAR_END_CONCENTRATION,both,32,,1982736000000,,1956095000000,,-0.013436483727536091,,우정서비스,1982736000000,1982736000000,1,"[""SPECIAL_ACCOUNT""]",1957179000000,1957179000000,1,"[""SPECIAL_ACCOUNT""]",False,True,-0.012889764446703948,1.0,PROGRAM_TOTAL_SINGLE_ACCOUNT,True,1982736000000,1982736000000,1,"[""SPECIAL_ACCOUNT""]",,1961691000000,1,"[""SPECIAL_ACCOUNT""]",False,False,,1.0,PROGRAM_TOTAL_SINGLE_ACCOUNT,False,True,0.0,True,0.5,0.0,0.092414219543096,0.05734575858813276,0.8840579710144928,0.9827586206896551,False,True,True,True,True,False,True,True,True,32,1982736000000,1956095000000,-0.013436483727536091,True,False,False,False,,,,,False,False,False,False,3,True,True,2,LIMITED,3,1,True,True,False,MULTIPLE_SIGNAL_REVIEW,REPEATED_OR_MULTIPLE,1,DETAILED_PROJECT_REVIEW,반복·복수 신호의 원인을 세부사업과 원문에서 확인,PERFORMANCE_BELOW_TARGET;EXECUTION_MANAGEMENT;BUDGET_PERFORMANCE_MISMATCH;ACCOUNTING_ADJUSTMENT_CONTEXT,162:2023:통신:우정:5100:SPECIAL_ACCOUNT,1,0.21658665937707625,equal_mean_of_three_signal_components,tiebreak_only,False,48.5,43.0,4.75,7.0,45,False,False,REPEATED_OR_MULTIPLE,READY_FOR_REVIEW,2,REPEATED_OR_MULTIPLE_INDEPENDENT_SIGNALS,NOT_ASSESSED,REVIEW_WORKFLOW_ORDER_NOT_POLICY_EFFECTIVENESS_RANK,6,1,17,4
보건복지부,2023,Ⅲ-5,국립부곡병원,,,,,국립부곡병원,2,2,2,2,0,0,2,ALL_COMPARABLE_AT_OR_ABOVE_TARGET,"[""MOHW-2023-III5-01"", ""MOHW-2023-III5-02""]",075,EXACT_NAME,True,보건,보건의료,3900,국립부곡병원,국립부곡병원,RESPONSIBLE_OPERATION_ACCOUNT,7677000000,7701000000,5846142700,0.7591407219841579,COMPLETE,HIGH,6,6,0,"[""code:2023:075:435:3900:3902:100"", ""code:2023:075:435:3900:3918:200"", ""code:2023:075:435:3900:3919:250"", ""code:2023:075:435:3900:3922:250"", ""code:2023:075:435:3900:3931:301"", ""code:2023:075:435:3900:3931:306"", ""code:2023:075:435:3900:3931:650"", ""code:2023:075:435:3900:3932:500"", ""code:2023:075:435:3900:3961:300"", ""code:2023:075:435:3900:3962:500""]",JOINT_ANALYSIS,FULLY_REPORTED,FULLY_COMPARABLE,True,True,6,7677000000,2.3952064608571058,3,0.9231470626546828,1,0.009378663540445486,1,0.15422691155399246,0,0.0,0,0.0,0,0.0,6,1,4,0.9325257261951283,0,0.0,HIGH,MULTIPLE_FINANCIAL_SIGNALS;PROGRAM_BUDGET_CONCENTRATION;REPEATED_MODERATE_LOW_EXECUTION;REPEATED_STRONG_LOW_EXECUTION;REPEATED_YEAR_END_CONCENTRATION,both,6,,7677000000,,7700000000,,0.002995961964308975,,국립부곡병원,20854000000,7677000000,1,"[""RESPONSIBLE_OPERATION_ACCOUNT""]",19855000000,7700000000,1,"[""RESPONSIBLE_OPERATION_ACCOUNT""]",False,True,-0.04790447875707298,0.36813081423228156,PROGRAM_TOTAL_SINGLE_ACCOUNT,False,20854000000,7677000000,1,"[""RESPONSIBLE_OPERATION_ACCOUNT""]",,7080000000,1,"[""RESPONSIBLE_OPERATION_ACCOUNT""]",False,False,,0.36813081423228156,PROGRAM_TOTAL_SINGLE_ACCOUNT,False,False,0.0,True,0.0,1.0,1.0,0.0,0.11594202898550725,0.15384615384615385,False,False,True,False,False,True,False,False,True,6,7677000000,7700000000,0.002995961964308975,True,False,True,False,,,,,False,False,False,True,3,True,True,1,CONFIRMED,1,1,True,True,False,STRONG_SINGLE_SIGNAL_REVIEW,REPEATED_OR_MULTIPLE,1,DETAILED_PROJECT_REVIEW,반복·복수 신호의 원인을 세부사업과 원문에서 확인,EXECUTION_MANAGEMENT;PROGRAM_STRUCTURE_CONTEXT;GOOD_PERFORMANCE_BUDGET_DECREASE_T1_CONTEXT,075:2023:보건:보건의료:3900:RESPONSIBLE_OPERATION_ACCOUNT,2,0.3333333333333333,equal_mean_of_three_signal_components,tiebreak_only,False,95.5,143.0,37.125,46.0,93,False,False,REPEATED_OR_MULTIPLE,READY_FOR_REVIEW,2,REPEATED_OR_MULTIPLE_INDEPENDENT_SIGNALS,NOT_ASSESSED,REVIEW_WORKFLOW_ORDER_NOT_POLICY_EFFECTIVENESS_RANK,7,5,18,11
보건복지부,2024,Ⅲ-6,국립춘천병원,,,,,국립춘천병원,1,1,1,1,0,0,1,ALL_COMPARABLE_AT_OR_ABOVE_TARGET,"[""MOHW-2024-III6-01""]",075,EXACT_NAME,True,보건,보건의료,4000,국립춘천병원,국립춘천병원,RESPONSIBLE_OPERATION_ACCOUNT,6864000000,7825776240,5639383970,0.7206165621213826,COMPLETE,HIGH,6,6,0,"[""code:2024:075:436:4000:4002:100"", ""code:2024:075:436:4000:4018:200"", ""code:2024:075:436:4000:4019:250"", ""code:2024:075:436:4000:4022:250"", ""code:2024:075:436:4000:4031:301"", ""code:2024:075:436:4000:4031:306"", ""code:2024:075:436:4000:4031:650"", ""code:2024:075:436:4000:4032:500"", ""code:2024:075:436:4000:4061:301"", ""code:2024:075:436:4000:4062:500""]",JOINT_ANALYSIS,FULLY_REPORTED,FULLY_COMPARABLE,True,True,6,6864000000,2.6232517482517483,2,0.9066142191142191,2,0.06162587412587413,1,0.3602855477855478,0,0.0,2,0.3748543123543124,0,0.0,0,0,3,0.9198717948717948,0,0.0,HIGH,BUDGET_RAPID_INCREASE;MULTIPLE_FINANCIAL_SIGNALS;REPEATED_MODERATE_LOW_EXECUTION;REPEATED_STRONG_LOW_EXECUTION;REPEATED_YEAR_END_CONCENTRATION,both,,,,,,,,,국립춘천병원,17188000000,6864000000,1,"[""RESPONSIBLE_OPERATION_ACCOUNT""]",,6628000000,1,"[""RESPONSIBLE_OPERATION_ACCOUNT""]",False,False,,0.3993483825925064,PROGRAM_TOTAL_SINGLE_ACCOUNT,False,17188000000,6864000000,1,"[""RESPONSIBLE_OPERATION_ACCOUNT""]",,,,,False,False,,0.3993483825925064,UNAVAILABLE_MIXED_OR_UNLINKED,False,False,0.0,True,0.0,1.0,1.0,0.0,0.10948905109489052,0.10256410256410256,False,False,True,False,False,False,True,False,False,,,,,False,False,False,False,,,,,False,False,False,True,3,True,True,1,CONFIRMED,1,0,True,True,False,STRONG_SINGLE_SIGNAL_REVIEW,REPEATED_OR_MULTIPLE,1,DETAILED_PROJECT_REVIEW,반복·복수 신호의 원인을 세부사업과 원문에서 확인,EXECUTION_MANAGEMENT,075:2024:보건:보건의료:4000:RESPONSIBLE_OPERATION_ACCOUNT,2,0.3333333333333333,equal_mean_of_three_signal_components,tiebreak_only,False,96.5,143.0,42.0,54.0,94,False,False,REPEATED_OR_MULTIPLE,READY_FOR_REVIEW,2,REPEATED_OR_MULTIPLE_INDEPENDENT_SIGNALS,NOT_ASSESSED,REVIEW_WORKFLOW_ORDER_NOT_POLICY_EFFECTIVENESS_RANK,8,6,19,12
보건복지부,2024,Ⅲ-5,국립부곡병원,,,,,국립부곡병원,1,1,1,1,0,0,1,ALL_COMPARABLE_AT_OR_ABOVE_TARGET,"[""MOHW-2024-III5-01""]",075,EXACT_NAME,True,보건,보건의료,3900,국립부곡병원,국립부곡병원,RESPONSIBLE_OPERATION_ACCOUNT,7700000000,7332379790,6175018870,0.842157532322804,COMPLETE,HIGH,6,6,0,"[""code:2024:075:435:3900:3902:100"", ""code:2024:075:435:3900:3918:200"", ""code:2024:075:435:3900:3919:250"", ""code:2024:075:435:3900:3922:250"", ""code:2024:075:435:3900:3931:301"", ""code:2024:075:435:3900:3931:306"", ""code:2024:075:435:3900:3931:650"", ""code:2024:075:435:3900:3932:500"", ""code:2024:075:435:3900:3961:300"", ""code:2024:075:435:3900:3962:500""]",JOINT_ANALYSIS,FULLY_REPORTED,FULLY_COMPARABLE,False,True,6,7700000000,2.3036363636363637,2,0.16324675324675325,1,0.01012987012987013,1,0.15688311688311687,1,0.006363636363636364,0,0.0,0,0.0,6,1,5,0.9835064935064936,0,0.0,HIGH,ACCOUNTING_ADJUSTMENT_PATTERN;MULTIPLE_FINANCIAL_SIGNALS;PROGRAM_BUDGET_CONCENTRATION;REPEATED_MODERATE_LOW_EXECUTION;REPEATED_STRONG_LOW_EXECUTION;REPEATED_YEAR_END_CONCENTRATION,both,,,,,,,,,국립부곡병원,19855000000,7700000000,1,"[""RESPONSIBLE_OPERATION_ACCOUNT""]",,7080000000,1,"[""RESPONSIBLE_OPERATION_ACCOUNT""]",False,False,,0.3878116343490305,PROGRAM_TOTAL_SINGLE_ACCOUNT,False,19855000000,7700000000,1,"[""RESPONSIBLE_OPERATION_ACCOUNT""]",,,,,False,False,,0.3878116343490305,UNAVAILABLE_MIXED_OR_UNLINKED,False,False,0.0,True,0.0,0.5,0.5,0.0,0.13138686131386862,0.1794871794871795,False,False,True,False,True,True,False,False,False,,,,,False,False,False,False,,,,,False,False,False,True,3,True,True,1,CONFIRMED,1,2,True,True,False,MODERATE_OR_CONTEXT_REVIEW,REPEATED_OR_MULTIPLE,1,DETAILED_PROJECT_REVIEW,반복·복수 신호의 원인을 세부사업과 원문에서 확인,EXECUTION_MANAGEMENT;ACCOUNTING_ADJUSTMENT_CONTEXT;PROGRAM_STRUCTURE_CONTEXT,075:2024:보건:보건의료:3900:RESPONSIBLE_OPERATION_ACCOUNT,3,0.16666666666666666,equal_mean_of_three_signal_components,tiebreak_only,False,152.25,136.0,58.25,45.0,160,False,False,REPEATED_OR_MULTIPLE,READY_FOR_REVIEW,2,REPEATED_OR_MULTIPLE_INDEPENDENT_SIGNALS,NOT_ASSESSED,REVIEW_WORKFLOW_ORDER_NOT_POLICY_EFFECTIVENESS_RANK,9,7,20,13
보건복지부,2024,Ⅰ-4,국립재활원,,,,,국립재활원,1,1,1,1,0,0,1,ALL_COMPARABLE_AT_OR_ABOVE_TARGET,"[""MOHW-2024-I4-01""]",075,EXACT_NAME_UNIQUE_FINANCIAL,True,사회복지,취약계층지원,1800,국립재활원,국립재활원,RESPONSIBLE_OPERATION_ACCOUNT,30746000000,34728359630,26283080620,0.7568189485487656,COMPLETE,HIGH,6,6,0,"[""code:2024:075:427:1800:1802:100"", ""code:2024:075:427:1800:1818:200"", ""code:2024:075:427:1800:1819:250"", ""code:2024:075:427:1800:1822:250"", ""code:2024:075:427:1800:1831:304"", ""code:2024:075:427:1800:1831:311"", ""code:2024:075:427:1800:1851:651"", ""code:2024:075:427:1800:1852:304"", ""code:2024:075:427:1800:1861:300"", ""code:2024:075:427:1800:1862:500""]",JOINT_ANALYSIS,FULLY_REPORTED,FULLY_COMPARABLE,True,True,6,30746000000,1.2120926299356014,1,0.22529759968776425,1,0.03148377024653613,1,0.007285500552917453,0,0.0,0,0.0,1,0.007285500552917453,0,0,2,0.2325831002406817,0,0.0,MEDIUM,BUDGET_RAPID_DECREASE;MULTIPLE_FINANCIAL_SIGNALS;REPEATED_MODERATE_LOW_EXECUTION;REPEATED_STRONG_LOW_EXECUTION;REPEATED_YEAR_END_CONCENTRATION,both,,,,,,,,,국립재활원,58520000000,30746000000,1,"[""RESPONSIBLE_OPERATION_ACCOUNT""]",,27414000000,1,"[""RESPONSIBLE_OPERATION_ACCOUNT""]",False,False,,0.525393028024607,PROGRAM_TOTAL_SINGLE_ACCOUNT,False,58520000000,30746000000,1,"[""RESPONSIBLE_OPERATION_ACCOUNT""]",,,,,False,False,,0.525393028024607,UNAVAILABLE_MIXED_OR_UNLINKED,False,False,0.0,True,0.0,1.0,1.0,0.007285500552917453,0.26277372262773724,0.3333333333333333,False,False,True,True,False,False,False,True,False,,,,,False,False,False,False,,,,,False,False,False,True,3,True,True,1,LIMITED,2,0,True,True,False,MULTIPLE_SIGNAL_REVIEW,REPEATED_OR_MULTIPLE,1,DETAILED_PROJECT_REVIEW,반복·복수 신호의 원인을 세부사업과 원문에서 확인,EXECUTION_MANAGEMENT;BUDGET_PERFORMANCE_MISMATCH,075:2024:사회복지:취약계층지원:1800:RESPONSIBLE_OPERATION_ACCOUNT,1,0.33576183351763916,equal_mean_of_three_signal_components,tiebreak_only,False,75.25,105.0,29.5,38.0,68,False,False,REPEATED_OR_MULTIPLE,READY_FOR_REVIEW,2,REPEATED_OR_MULTIPLE_INDEPENDENT_SIGNALS,NOT_ASSESSED,REVIEW_WORKFLOW_ORDER_NOT_POLICY_EFFECTIVENESS_RANK,10,8,21,14
고용노동부,2024,Ⅰ-1,고용창출,,,,,고용창출,1,1,1,1,0,0,1,ALL_COMPARABLE_AT_OR_ABOVE_TARGET,"[""MOEL-2024-I1-01""]",019,EXACT_NAME_UNIQUE_FINANCIAL,True,사회복지,고용,1000,고용창출,고용창출,GENERAL_ACCOUNT,1531584000000,1535779156990,1356786161480,0.8834513447488039,COMPLETE,HIGH,20,20,0,"[""code:2024:019:110:1000:1031:300"", ""code:2024:019:110:1000:1032:301"", ""code:2024:019:110:1000:1032:302"", ""code:2024:019:110:1000:1032:303"", ""code:2024:019:110:1000:1033:470"", ""code:2024:019:110:1000:1037:311"", ""code:2024:019:110:1000:1039:321"", ""code:2024:019:110:1000:1040:300"", ""code:2024:019:110:1000:1043:301"", ""code:2024:019:110:1000:1044:301"", ""code:2024:019:110:1000:1045:301"", ""code:2024:019:110:1000:1049:301"", ""code:2024:019:110:1000:1051:304"", ""code:2024:019:110:1000:1051:305"", ""code:2024:019:110:1000:1051:306"", ""code:2024:019:110:1000:1051:307"", ""code:2024:019:110:1000:1070:300"", ""code:2024:019:110:1000:1070:301"", ""code:2024:019:110:1000:1075:302"", ""code:2024:019:110:1000:1075:303""]",JOINT_ANALYSIS,FULLY_REPORTED,FULLY_COMPARABLE,False,True,20,1531584000000,0.9214323210480131,1,0.10630040533199615,1,0.42941164180351843,2,0.004716685470728344,2,0.13333581442480463,0,0.0,2,0.10697878797375789,0,0,4,0.13769078287576783,0,0.0,MEDIUM,ACCOUNTING_ADJUSTMENT_PATTERN;BUDGET_RAPID_DECREASE;MULTIPLE_FINANCIAL_SIGNALS;REPEATED_MODERATE_LOW_EXECUTION;REPEATED_STRONG_LOW_EXECUTION;REPEATED_YEAR_END_CONCENTRATION,both,,,,,,,,,고용창출,2026734000000,2026734000000,3,"[""FUND"", ""GENERAL_ACCOUNT"", ""SPECIAL_ACCOUNT""]",,1974011000000,3,"[""FUND"", ""GENERAL_ACCOUNT"", ""SPECIAL_ACCOUNT""]",False,False,,1.0,UNAVAILABLE_MIXED_OR_UNLINKED,False,2026734000000,2026734000000,3,"[""FUND"", ""GENERAL_ACCOUNT"", ""SPECIAL_ACCOUNT""]",,,,,False,False,,1.0,UNAVAILABLE_MIXED_OR_UNLINKED,False,False,0.0,True,0.0,0.5,0.5,0.10697878797375789,0.8467153284671532,0.7368421052631579,False,False,True,True,True,False,False,True,False,,,,,False,False,False,False,,,,,False,False,False,True,3,True,True,1,LIMITED,2,1,True,True,False,MULTIPLE_SIGNAL_REVIEW,REPEATED_OR_MULTIPLE,1,DETAILED_PROJECT_REVIEW,반복·복수 신호의 원인을 세부사업과 원문에서 확인,EXECUTION_MANAGEMENT;BUDGET_PERFORMANCE_MISMATCH;ACCOUNTING_ADJUSTMENT_CONTEXT,019:2024:사회복지:고용:1000:GENERAL_ACCOUNT,1,0.2023262626579193,equal_mean_of_three_signal_components,tiebreak_only,False,58.75,87.0,13.75,13.0,50,False,False,REPEATED_OR_MULTIPLE,READY_FOR_REVIEW,2,REPEATED_OR_MULTIPLE_INDEPENDENT_SIGNALS,NOT_ASSESSED,REVIEW_WORKFLOW_ORDER_NOT_POLICY_EFFECTIVENESS_RANK,11,2,22,3
과학기술정보통신부,2024,Ⅵ-1,우정서비스,,,,,우정서비스,1,1,1,1,0,0,1,ALL_COMPARABLE_AT_OR_ABOVE_TARGET,"[""MSIT-2024-VI1-01""]",162,EXACT_NAME_UNIQUE_FINANCIAL,True,통신,우정,5100,우정서비스,우정서비스,SPECIAL_ACCOUNT,1957179000000,2029640568960,1935270112090,0.9535038576222606,COMPLETE,HIGH,33,33,0,"[""code:2024:162:314:5100:5130:305"", ""code:2024:162:314:5100:5131:302"", ""code:2024:162:314:5100:5131:303"", ""code:2024:162:314:5100:5131:305"", ""code:2024:162:314:5100:5131:321"", ""code:2024:162:314:5100:5132:311"", ""code:2024:162:314:5100:5132:313"", ""code:2024:162:314:5100:5132:352"", ""code:2024:162:314:5100:5133:312"", ""code:2024:162:314:5100:5133:314"", ""code:2024:162:314:5100:5133:315"", ""code:2024:162:314:5100:5134:305"", ""code:2024:162:314:5100:5134:331"", ""code:2024:162:314:5100:5134:332"", ""code:2024:162:314:5100:5134:333"", ""code:2024:162:314:5100:5135:500"", ""code:2024:162:314:5100:5136:520"", ""code:2024:162:314:5100:5137:420"", ""code:2024:162:314:5100:5138:301"", ""code:2024:162:314:5100:5139:410"", ""code:2024:162:314:5100:5140:392"", ""code:2024:162:314:5100:5140:393"", ""code:2024:162:314:5100:5140:402"", ""code:2024:162:314:5100:5141:398"", ""code:2024:162:314:5100:5141:400"", ""code:2024:162:314:5100:5142:407"", ""code:2024:162:314:5100:5142:409"", ""code:2024:162:314:5100:5143:341"", ""code:2024:162:314:5100:5143:342"", ""code:2024:162:314:5100:5143:411"", ""code:2024:162:314:5100:5143:417"", ""code:2024:162:314:5100:5143:418"", ""code:2024:162:314:5100:5143:522""]",JOINT_ANALYSIS,FULLY_REPORTED,FULLY_COMPARABLE,False,False,33,1957179000000,0.5576745918487782,2,0.08081836152952795,1,0.006373458942692518,6,0.10516105067548752,2,0.07233932103297655,1,0.006373458942692518,4,0.08217184018426521,0,0,8,0.10847398219580325,0,0.0,MEDIUM,ACCOUNTING_ADJUSTMENT_PATTERN;BUDGET_RAPID_DECREASE;BUDGET_RAPID_INCREASE;MULTIPLE_FINANCIAL_SIGNALS;REPEATED_MODERATE_LOW_EXECUTION;REPEATED_STRONG_LOW_EXECUTION;REPEATED_YEAR_END_CONCENTRATION,both,,,,,,,,,우정서비스,1957179000000,1957179000000,1,"[""SPECIAL_ACCOUNT""]",,1961691000000,1,"[""SPECIAL_ACCOUNT""]",False,False,,1.0,PROGRAM_TOTAL_SINGLE_ACCOUNT,False,1957179000000,1957179000000,1,"[""SPECIAL_ACCOUNT""]",,,,,False,False,,1.0,UNAVAILABLE_MIXED_OR_UNLINKED,False,False,0.0,True,0.0,0.0,0.08081836152952795,0.08217184018426521,0.8832116788321168,0.9661016949152542,False,False,True,True,True,False,True,True,False,,,,,False,False,False,False,,,,,False,False,False,False,3,True,True,1,LIMITED,2,1,True,True,False,MULTIPLE_SIGNAL_REVIEW,REPEATED_OR_MULTIPLE,1,DETAILED_PROJECT_REVIEW,반복·복수 신호의 원인을 세부사업과 원문에서 확인,EXECUTION_MANAGEMENT;BUDGET_PERFORMANCE_MISMATCH;ACCOUNTING_ADJUSTMENT_CONTEXT,162:2024:통신:우정:5100:SPECIAL_ACCOUNT,1,0.05433006723793105,equal_mean_of_three_signal_components,tiebreak_only,False,110.0,81.0,20.25,21.0,108,False,False,REPEATED_OR_MULTIPLE,READY_FOR_REVIEW,2,REPEATED_OR_MULTIPLE_INDEPENDENT_SIGNALS,NOT_ASSESSED,REVIEW_WORKFLOW_ORDER_NOT_POLICY_EFFECTIVENESS_RANK,12,2,23,5
보건복지부,2024,Ⅱ-2,공공보건의료확충,,,,,공공보건의료확충,1,1,1,1,0,0,1,ALL_COMPARABLE_AT_OR_ABOVE_TARGET,"[""MOHW-2024-II2-01""]",075,EXACT_NAME_UNIQUE_FINANCIAL,True,보건,보건의료,2700,공공보건의료확충,공공보건의료확충,GENERAL_ACCOUNT,177230000000,206315609500,203871045770,0.9881513389320162,COMPLETE,HIGH,23,23,0,"[""code:2024:075:110:2700:2731:302"", ""code:2024:075:110:2700:2731:303"", ""code:2024:075:110:2700:2731:305"", ""code:2024:075:110:2700:2731:500"", ""code:2024:075:110:2700:2733:300"", ""code:2024:075:110:2700:2734:500"", ""code:2024:075:110:2700:2734:501"", ""code:2024:075:110:2700:2734:505"", ""code:2024:075:110:2700:2740:306"", ""code:2024:075:110:2700:2740:307"", ""code:2024:075:110:2700:2740:309"", ""code:2024:075:110:2700:2740:311"", ""code:2024:075:110:2700:2750:301"", ""code:2024:075:110:2700:2750:303"", ""code:2024:075:110:2700:2755:302"", ""code:2024:075:110:2700:2756:308"", ""code:2024:075:110:2700:2757:300"", ""code:2024:075:110:2700:2757:301"", ""code:2024:075:110:2700:2757:304"", ""code:2024:075:110:2700:2757:305"", ""code:2024:075:110:2700:2757:307"", ""code:2024:075:110:2700:2758:300"", ""code:2024:075:110:2700:2758:301""]",JOINT_ANALYSIS,FULLY_REPORTED,FULLY_COMPARABLE,False,False,23,177230000000,0.3448795350674265,1,0.004220504429272696,2,0.035733228008802125,2,0.020165886136658578,1,0.0019522654178186537,2,0.06123116853805789,2,0.07310274784178751,0,0,3,0.07732325227106021,0,0.0,MEDIUM,ACCOUNTING_ADJUSTMENT_PATTERN;BUDGET_RAPID_DECREASE;BUDGET_RAPID_INCREASE;MULTIPLE_FINANCIAL_SIGNALS;REPEATED_MODERATE_LOW_EXECUTION;REPEATED_STRONG_LOW_EXECUTION;REPEATED_YEAR_END_CONCENTRATION,both,1,,3674000000,,,,,,공공보건의료확충,580763000000,580763000000,3,"[""FUND"", ""GENERAL_ACCOUNT"", ""SPECIAL_ACCOUNT""]",,693067000000,3,"[""FUND"", ""GENERAL_ACCOUNT"", ""SPECIAL_ACCOUNT""]",False,False,,1.0,UNAVAILABLE_MIXED_OR_UNLINKED,False,580763000000,580763000000,3,"[""FUND"", ""GENERAL_ACCOUNT"", ""SPECIAL_ACCOUNT""]",,,,,False,False,,1.0,UNAVAILABLE_MIXED_OR_UNLINKED,False,False,0.0,True,0.0,0.0,0.017866614004401062,0.07310274784178751,0.6131386861313869,0.48717948717948717,False,False,True,True,True,False,True,True,False,1,3674000000,,,False,False,False,False,,,,,False,False,False,False,3,True,True,1,LIMITED,2,1,True,True,False,MULTIPLE_SIGNAL_REVIEW,REPEATED_OR_MULTIPLE,1,DETAILED_PROJECT_REVIEW,반복·복수 신호의 원인을 세부사업과 원문에서 확인,EXECUTION_MANAGEMENT;BUDGET_PERFORMANCE_MISMATCH;ACCOUNTING_ADJUSTMENT_CONTEXT,075:2024:보건:보건의료:2700:GENERAL_ACCOUNT,1,0.03032312061539619,equal_mean_of_three_signal_components,tiebreak_only,False,171.75,42.0,73.75,6.0,185,False,False,REPEATED_OR_MULTIPLE,READY_FOR_REVIEW,2,REPEATED_OR_MULTIPLE_INDEPENDENT_SIGNALS,NOT_ASSESSED,REVIEW_WORKFLOW_ORDER_NOT_POLICY_EFFECTIVENESS_RANK,13,9,24,15
보건복지부,2024,Ⅳ-6,국민연금운영(여유자금운영위탁 등),,,,,국민연금운영(여유자금운영위탁등),1,1,1,1,0,0,1,ALL_COMPARABLE_AT_OR_ABOVE_TARGET,"[""MOHW-2024-IV6-01""]",075,EXACT_NAME_UNIQUE_FINANCIAL,True,사회복지,공적연금,7400,국민연금운영(여유자금운영위탁 등),국민연금운영(여유자금운영위탁 등),FUND,349971000000,357836290830,337482849874,0.943120802787246,COMPLETE,HIGH,16,16,0,"[""code:2024:075:532:7400:7431:451"", ""code:2024:075:532:7400:7431:453"", ""code:2024:075:532:7400:7431:456"", ""code:2024:075:532:7400:7431:457"", ""code:2024:075:532:7400:7432:432"", ""code:2024:075:532:7400:7432:440"", ""code:2024:075:532:7400:7432:441"", ""code:2024:075:532:7400:7432:442"", ""code:2024:075:532:7400:7432:443"", ""code:2024:075:532:7400:7432:446"", ""code:2024:075:532:7400:7432:449"", ""code:2024:075:532:7400:7432:452"", ""code:2024:075:532:7400:7432:455"", ""code:2024:075:532:7400:7433:424"", ""code:2024:075:532:7400:7433:425"", ""code:2024:075:532:7400:7478:601""]",JOINT_ANALYSIS,FULLY_REPORTED,FULLY_COMPARABLE,False,False,16,349971000000,0.6706041357712497,1,0.0179386292007052,2,0.1555900346028671,1,0.0179386292007052,3,0.1558986316009041,0,0.0,0,0.0,0,0,3,0.20781150438179163,0,0.0,MEDIUM,ACCOUNTING_ADJUSTMENT_PATTERN;MULTIPLE_FINANCIAL_SIGNALS;REPEATED_MODERATE_LOW_EXECUTION;REPEATED_STRONG_LOW_EXECUTION;REPEATED_YEAR_END_CONCENTRATION,both,,,,,,,,,국민연금운영(여유자금운영위탁 등),349971000000,349971000000,1,"[""FUND""]",,317115000000,1,"[""FUND""]",False,False,,1.0,PROGRAM_TOTAL_SINGLE_ACCOUNT,False,349971000000,349971000000,1,"[""FUND""]",,,,,False,False,,1.0,UNAVAILABLE_MIXED_OR_UNLINKED,False,False,0.0,True,0.0,0.0,0.07779501730143355,0.0,0.7299270072992701,0.6923076923076923,False,False,True,False,True,False,False,False,False,,,,,False,False,False,False,,,,,False,False,False,False,3,True,True,1,LIMITED,1,1,True,True,False,MODERATE_OR_CONTEXT_REVIEW,REPEATED_OR_MULTIPLE,1,DETAILED_PROJECT_REVIEW,반복·복수 신호의 원인을 세부사업과 원문에서 확인,EXECUTION_MANAGEMENT;ACCOUNTING_ADJUSTMENT_CONTEXT,075:2024:사회복지:공적연금:7400:FUND,3,0.025931672433811184,equal_mean_of_three_signal_components,tiebreak_only,False,147.75,57.0,59.0,18.0,152,False,False,REPEATED_OR_MULTIPLE,READY_FOR_REVIEW,2,REPEATED_OR_MULTIPLE_INDEPENDENT_SIGNALS,NOT_ASSESSED,REVIEW_WORKFLOW_ORDER_NOT_POLICY_EFFECTIVENESS_RANK,14,10,25,16
보건복지부,2024,Ⅰ-5,사회복지기반조성,,,,,사회복지기반조성,1,1,1,1,0,0,1,ALL_COMPARABLE_AT_OR_ABOVE_TARGET,"[""MOHW-2024-I5-01""]",075,EXACT_NAME_UNIQUE_FINANCIAL,True,사회복지,사회복지일반,2600,사회복지기반조성,사회복지기반조성,GENERAL_ACCOUNT,199538000000,201972826000,198208402550,0.9813617330382852,COMPLETE,HIGH,21,21,0,"[""code:2024:075:110:2600:2631:300"", ""code:2024:075:110:2600:2631:302"", ""code:2024:075:110:2600:2631:303"", ""code:2024:075:110:2600:2631:304"", ""code:2024:075:110:2600:2631:305"", ""code:2024:075:110:2600:2631:308"", ""code:2024:075:110:2600:2631:326"", ""code:2024:075:110:2600:2631:327"", ""code:2024:075:110:2600:2631:336"", ""code:2024:075:110:2600:2632:313"", ""code:2024:075:110:2600:2633:300"", ""code:2024:075:110:2600:2635:303"", ""code:2024:075:110:2600:2635:316"", ""code:2024:075:110:2600:2636:313"", ""code:2024:075:110:2600:2636:314"", ""code:2024:075:110:2600:2639:302"", ""code:2024:075:110:2600:2639:307"", ""code:2024:075:110:2600:2640:300"", ""code:2024:075:110:2600:2640:304"", ""code:2024:075:110:2600:2640:305"", ""code:2024:075:110:2600:2640:312""]",JOINT_ANALYSIS,FULLY_REPORTED,FULLY_COMPARABLE,False,False,21,199538000000,0.28421654020788023,2,0.026481171506179273,1,0.01536549429181409,1,0.004109492928665217,2,0.14369693993124116,0,0.0,0,0.0,0,0,4,0.0565907245737654,0,0.0,MEDIUM,ACCOUNTING_ADJUSTMENT_PATTERN;MULTIPLE_FINANCIAL_SIGNALS;REPEATED_MODERATE_LOW_EXECUTION;REPEATED_STRONG_LOW_EXECUTION;REPEATED_YEAR_END_CONCENTRATION,both,,,,,,,,,사회복지기반조성,407833000000,407833000000,2,"[""GENERAL_ACCOUNT"", ""SPECIAL_ACCOUNT""]",,416074000000,2,"[""GENERAL_ACCOUNT"", ""SPECIAL_ACCOUNT""]",False,False,,1.0,UNAVAILABLE_MIXED_OR_UNLINKED,False,407833000000,407833000000,2,"[""GENERAL_ACCOUNT"", ""SPECIAL_ACCOUNT""]",,,,,False,False,,1.0,UNAVAILABLE_MIXED_OR_UNLINKED,False,False,0.0,True,0.0,0.0,0.026481171506179273,0.0,0.6277372262773723,0.5128205128205128,False,False,True,False,True,False,False,False,False,,,,,False,False,False,False,,,,,False,False,False,False,3,True,True,1,LIMITED,1,1,True,True,False,MODERATE_OR_CONTEXT_REVIEW,REPEATED_OR_MULTIPLE,1,DETAILED_PROJECT_REVIEW,반복·복수 신호의 원인을 세부사업과 원문에서 확인,EXECUTION_MANAGEMENT;ACCOUNTING_ADJUSTMENT_CONTEXT,075:2024:사회복지:사회복지일반:2600:GENERAL_ACCOUNT,3,0.008827057168726424,equal_mean_of_three_signal_components,tiebreak_only,False,182.75,49.0,76.0,6.0,192,False,False,REPEATED_OR_MULTIPLE,READY_FOR_REVIEW,2,REPEATED_OR_MULTIPLE_INDEPENDENT_SIGNALS,NOT_ASSESSED,REVIEW_WORKFLOW_ORDER_NOT_POLICY_EFFECTIVENESS_RANK,15,11,26,17
보건복지부,2022,Ⅲ-6,국립춘천병원,,,,,국립춘천병원,1,1,1,1,0,1,0,ALL_COMPARABLE_BELOW_TARGET,"[""MOHW-2022-III6-01""]",075,EXACT_NAME,True,보건,보건의료,4000,국립춘천병원,국립춘천병원,RESPONSIBLE_OPERATION_ACCOUNT,5324000000,5791721980,4627795660,0.7990362237656995,COMPLETE,HIGH,6,6,0,"[""code:2022:075:436:4000:4002:100"", ""code:2022:075:436:4000:4018:200"", ""code:2022:075:436:4000:4019:250"", ""code:2022:075:436:4000:4022:250"", ""code:2022:075:436:4000:4031:301"", ""code:2022:075:436:4000:4031:306"", ""code:2022:075:436:4000:4031:650"", ""code:2022:075:436:4000:4032:500"", ""code:2022:075:436:4000:4061:301"", ""code:2022:075:436:4000:4062:500""]",JOINT_ANALYSIS,FULLY_REPORTED,FULLY_COMPARABLE,True,True,6,5324000000,2.10236664162284,1,0.1786250939143501,1,0.016153268219383923,0,0.0,0,0.0,0,0.0,0,0.0,6,1,4,0.9237415477084898,0,0.0,MEDIUM,MULTIPLE_FINANCIAL_SIGNALS;PROGRAM_BUDGET_CONCENTRATION;REPEATED_MODERATE_LOW_EXECUTION;REPEATED_STRONG_LOW_EXECUTION,both,6,6,5324000000,5324000000,5694000000,6864000000,0.06949661908339594,0.2892561983471074,국립춘천병원,15297000000,5324000000,1,"[""RESPONSIBLE_OPERATION_ACCOUNT""]",15831000000,5694000000,1,"[""RESPONSIBLE_OPERATION_ACCOUNT""]",False,True,0.034908805648166306,0.3480420997581225,PROGRAM_TOTAL_SINGLE_ACCOUNT,True,15297000000,5324000000,1,"[""RESPONSIBLE_OPERATION_ACCOUNT""]",17188000000,6864000000,1,"[""RESPONSIBLE_OPERATION_ACCOUNT""]",False,True,0.12361901026345035,0.3480420997581225,PROGRAM_TOTAL_SINGLE_ACCOUNT,True,True,0.0,True,1.0,1.0,1.0,0.0,0.06976744186046512,0.02857142857142857,False,True,True,False,False,True,False,False,True,6,5324000000,5694000000,0.06949661908339594,True,True,False,True,6,5324000000,6864000000,0.2892561983471074,True,True,False,True,2,True,True,4,LIMITED,2,1,True,True,False,MULTIPLE_SIGNAL_REVIEW,REPEATED_OR_MULTIPLE,1,DETAILED_PROJECT_REVIEW,반복·복수 신호의 원인을 세부사업과 원문에서 확인,PERFORMANCE_BELOW_TARGET;EXECUTION_MANAGEMENT;PROGRAM_STRUCTURE_CONTEXT;LOW_PERFORMANCE_BUDGET_INCREASE_T1;LOW_PERFORMANCE_BUDGET_INCREASE_T2,075:2022:보건:보건의료:4000:RESPONSIBLE_OPERATION_ACCOUNT,1,0.6666666666666666,equal_mean_of_three_signal_components,tiebreak_only,False,15.5,46.0,5.75,15.0,7,False,False,REPEATED_OR_MULTIPLE,READY_FOR_REVIEW,2,REPEATED_OR_MULTIPLE_INDEPENDENT_SIGNALS,NOT_ASSESSED,REVIEW_WORKFLOW_ORDER_NOT_POLICY_EFFECTIVENESS_RANK,16,12,27,18
보건복지부,2022,Ⅲ-7,국립공주병원,,,,,국립공주병원,1,1,1,1,0,1,0,ALL_COMPARABLE_BELOW_TARGET,"[""MOHW-2022-III7-01""]",075,EXACT_NAME,True,보건,보건의료,4100,국립공주병원,국립공주병원,RESPONSIBLE_OPERATION_ACCOUNT,5622000000,5644800000,4690077770,0.8308669518849207,COMPLETE,HIGH,6,6,0,"[""code:2022:075:437:4100:4102:100"", ""code:2022:075:437:4100:4118:200"", ""code:2022:075:437:4100:4119:250"", ""code:2022:075:437:4100:4122:250"", ""code:2022:075:437:4100:4122:260"", ""code:2022:075:437:4100:4131:301"", ""code:2022:075:437:4100:4131:305"", ""code:2022:075:437:4100:4131:650"", ""code:2022:075:437:4100:4132:500"", ""code:2022:075:437:4100:4161:300"", ""code:2022:075:437:4100:4162:500""]",JOINT_ANALYSIS,FULLY_REPORTED,FULLY_COMPARABLE,False,True,6,5622000000,1.7710779082177162,2,0.7440412664532194,1,0.016542155816435433,0,0.0,0,0.0,0,0.0,0,0.0,6,1,3,0.7605834222696549,0,0.0,MEDIUM,MULTIPLE_FINANCIAL_SIGNALS;PROGRAM_BUDGET_CONCENTRATION;REPEATED_MODERATE_LOW_EXECUTION;REPEATED_STRONG_LOW_EXECUTION,both,6,6,5622000000,5622000000,5872000000,5855000000,0.04446816079686944,0.04144432586268232,국립공주병원,16351000000,5622000000,1,"[""RESPONSIBLE_OPERATION_ACCOUNT""]",16854000000,5872000000,1,"[""RESPONSIBLE_OPERATION_ACCOUNT""]",False,True,0.030762644486575744,0.34383218151795,PROGRAM_TOTAL_SINGLE_ACCOUNT,True,16351000000,5622000000,1,"[""RESPONSIBLE_OPERATION_ACCOUNT""]",17362000000,5855000000,1,"[""RESPONSIBLE_OPERATION_ACCOUNT""]",False,True,0.061831080667849064,0.34383218151795,PROGRAM_TOTAL_SINGLE_ACCOUNT,True,True,0.0,True,1.0,0.5,0.7440412664532194,0.0,0.07751937984496124,0.05714285714285714,False,True,True,False,False,True,False,False,True,6,5622000000,5872000000,0.04446816079686944,True,True,False,True,6,5622000000,5855000000,0.04144432586268232,True,True,False,True,2,True,True,4,LIMITED,2,1,True,True,False,MULTIPLE_SIGNAL_REVIEW,REPEATED_OR_MULTIPLE,1,DETAILED_PROJECT_REVIEW,반복·복수 신호의 원인을 세부사업과 원문에서 확인,PERFORMANCE_BELOW_TARGET;EXECUTION_MANAGEMENT;PROGRAM_STRUCTURE_CONTEXT;LOW_PERFORMANCE_BUDGET_INCREASE_T1;LOW_PERFORMANCE_BUDGET_INCREASE_T2,075:2022:보건:보건의료:4100:RESPONSIBLE_OPERATION_ACCOUNT,1,0.5813470888177398,equal_mean_of_three_signal_components,tiebreak_only,False,27.75,68.0,12.25,26.0,21,False,False,REPEATED_OR_MULTIPLE,READY_FOR_REVIEW,2,REPEATED_OR_MULTIPLE_INDEPENDENT_SIGNALS,NOT_ASSESSED,REVIEW_WORKFLOW_ORDER_NOT_POLICY_EFFECTIVENESS_RANK,17,13,28,19
보건복지부,2022,Ⅲ-4,국립나주병원,,,,,국립나주병원,1,1,1,1,0,1,0,ALL_COMPARABLE_BELOW_TARGET,"[""MOHW-2022-III4-01""]",075,EXACT_NAME,True,보건,보건의료,3800,국립나주병원,국립나주병원,RESPONSIBLE_OPERATION_ACCOUNT,7193000000,7862357720,6456717840,0.8212190375891469,COMPLETE,HIGH,6,6,0,"[""code:2022:075:434:3800:3802:100"", ""code:2022:075:434:3800:3818:200"", ""code:2022:075:434:3800:3819:250"", ""code:2022:075:434:3800:3822:250"", ""code:2022:075:434:3800:3822:260"", ""code:2022:075:434:3800:3831:301"", ""code:2022:075:434:3800:3831:304"", ""code:2022:075:434:3800:3831:650"", ""code:2022:075:434:3800:3832:500"", ""code:2022:075:434:3800:3861:301"", ""code:2022:075:434:3800:3862:500""]",JOINT_ANALYSIS,FULLY_REPORTED,FULLY_COMPARABLE,False,True,6,7193000000,1.7429445294035868,1,0.7318226053107187,1,0.011121924092868066,0,0.0,0,0.0,0,0.0,0,0.0,6,1,2,0.7429445294035868,0,0.0,MEDIUM,MULTIPLE_FINANCIAL_SIGNALS;PROGRAM_BUDGET_CONCENTRATION;REPEATED_MODERATE_LOW_EXECUTION;REPEATED_STRONG_LOW_EXECUTION,both,6,6,7193000000,7193000000,7306000000,7044000000,0.015709717781176143,-0.020714583622966774,국립나주병원,21632000000,7193000000,1,"[""RESPONSIBLE_OPERATION_ACCOUNT""]",22011000000,7306000000,1,"[""RESPONSIBLE_OPERATION_ACCOUNT""]",False,True,0.01752034023668639,0.33251664201183434,PROGRAM_TOTAL_SINGLE_ACCOUNT,True,21632000000,7193000000,1,"[""RESPONSIBLE_OPERATION_ACCOUNT""]",24145000000,7044000000,1,"[""RESPONSIBLE_OPERATION_ACCOUNT""]",False,True,0.11617048816568047,0.33251664201183434,PROGRAM_TOTAL_SINGLE_ACCOUNT,False,True,0.0,True,1.0,0.5,0.7318226053107187,0.0,0.09302325581395349,0.08571428571428572,False,True,True,False,False,True,False,False,True,6,7193000000,7306000000,0.015709717781176143,True,True,False,True,6,7193000000,7044000000,-0.020714583622966774,True,True,False,True,2,True,True,4,LIMITED,2,1,True,True,False,MULTIPLE_SIGNAL_REVIEW,REPEATED_OR_MULTIPLE,1,DETAILED_PROJECT_REVIEW,반복·복수 신호의 원인을 세부사업과 원문에서 확인,PERFORMANCE_BELOW_TARGET;EXECUTION_MANAGEMENT;PROGRAM_STRUCTURE_CONTEXT;LOW_PERFORMANCE_BUDGET_INCREASE_T1;LOW_PERFORMANCE_BUDGET_INCREASE_T2,075:2022:보건:보건의료:3800:RESPONSIBLE_OPERATION_ACCOUNT,1,0.5772742017702396,equal_mean_of_three_signal_components,tiebreak_only,False,27.5,65.0,11.0,23.0,20,False,False,REPEATED_OR_MULTIPLE,READY_FOR_REVIEW,2,REPEATED_OR_MULTIPLE_INDEPENDENT_SIGNALS,NOT_ASSESSED,REVIEW_WORKFLOW_ORDER_NOT_POLICY_EFFECTIVENESS_RANK,18,14,29,20
보건복지부,2023,Ⅲ-4,국립나주병원,,,,,국립나주병원,2,2,2,2,0,1,1,MIXED_COMPARABLE,"[""MOHW-2023-III4-01"", ""MOHW-2023-III4-02""]",075,EXACT_NAME,True,보건,보건의료,3800,국립나주병원,국립나주병원,RESPONSIBLE_OPERATION_ACCOUNT,7306000000,7475237100,6226960770,0.8330118077458707,COMPLETE,HIGH,6,6,0,"[""code:2023:075:434:3800:3802:100"", ""code:2023:075:434:3800:3818:200"", ""code:2023:075:434:3800:3819:250"", ""code:2023:075:434:3800:3822:250"", ""code:2023:075:434:3800:3822:260"", ""code:2023:075:434:3800:3831:301"", ""code:2023:075:434:3800:3831:304"", ""code:2023:075:434:3800:3831:650"", ""code:2023:075:434:3800:3832:500"", ""code:2023:075:434:3800:3861:301"", ""code:2023:075:434:3800:3862:500""]",JOINT_ANALYSIS,FULLY_REPORTED,FULLY_COMPARABLE,False,True,6,7306000000,2.233917328223378,1,0.7340542020257322,0,0.0,1,0.15932110594032303,0,0.0,0,0.0,1,0.15932110594032303,6,1,3,0.9043252121543937,0,0.0,HIGH,BUDGET_RAPID_DECREASE;MULTIPLE_FINANCIAL_SIGNALS;PROGRAM_BUDGET_CONCENTRATION;REPEATED_STRONG_LOW_EXECUTION;REPEATED_YEAR_END_CONCENTRATION,both,6,,7306000000,,7044000000,,-0.0358609362168081,,국립나주병원,22011000000,7306000000,1,"[""RESPONSIBLE_OPERATION_ACCOUNT""]",24145000000,7044000000,1,"[""RESPONSIBLE_OPERATION_ACCOUNT""]",False,True,0.09695152423788106,0.3319249466176003,PROGRAM_TOTAL_SINGLE_ACCOUNT,False,22011000000,7306000000,1,"[""RESPONSIBLE_OPERATION_ACCOUNT""]",,6695000000,1,"[""RESPONSIBLE_OPERATION_ACCOUNT""]",False,False,,0.3319249466176003,PROGRAM_TOTAL_SINGLE_ACCOUNT,False,False,0.0,True,0.5,0.5,0.7340542020257322,0.07966055297016152,0.10869565217391304,0.1282051282051282,False,True,True,True,False,True,False,True,True,6,7306000000,7044000000,-0.0358609362168081,True,True,False,False,,,,,False,False,False,True,2,True,True,3,CONFIRMED,3,1,True,True,False,MULTIPLE_SIGNAL_REVIEW,REPEATED_OR_MULTIPLE,1,DETAILED_PROJECT_REVIEW,반복·복수 신호의 원인을 세부사업과 원문에서 확인,PERFORMANCE_BELOW_TARGET;EXECUTION_MANAGEMENT;BUDGET_PERFORMANCE_MISMATCH;PROGRAM_STRUCTURE_CONTEXT;LOW_PERFORMANCE_BUDGET_INCREASE_T1,075:2023:보건:보건의료:3800:RESPONSIBLE_OPERATION_ACCOUNT,1,0.4379049183319646,equal_mean_of_three_signal_components,tiebreak_only,False,59.75,102.0,24.75,33.0,52,False,False,REPEATED_OR_MULTIPLE,READY_FOR_REVIEW,2,REPEATED_OR_MULTIPLE_INDEPENDENT_SIGNALS,NOT_ASSESSED,REVIEW_WORKFLOW_ORDER_NOT_POLICY_EFFECTIVENESS_RANK,19,15,30,21
과학기술정보통신부,2023,Ⅱ-4,국립중앙과학관운영,,,,,국립중앙과학관운영,3,3,3,3,0,1,2,MIXED_COMPARABLE,"[""MSIT-2023-II4-01"", ""MSIT-2023-II4-02"", ""MSIT-2023-II4-03""]",162,EXACT_NAME_UNIQUE_FINANCIAL,True,과학기술,과학기술인력및문화,2200,국립중앙과학관운영,국립중앙과학관운영,RESPONSIBLE_OPERATION_ACCOUNT,11718000000,11638000000,10521472420,0.9040619023887266,COMPLETE,HIGH,5,5,0,"[""code:2023:162:412:2200:2208:100"", ""code:2023:162:412:2200:2216:200"", ""code:2023:162:412:2200:2216:250"", ""code:2023:162:412:2200:2231:402"", ""code:2023:162:412:2200:2231:403"", ""code:2023:162:412:2200:2232:407"", ""code:2023:162:412:2200:2233:410"", ""code:2023:162:412:2200:2233:411"", ""code:2023:162:412:2200:2233:414"", ""code:2023:162:412:2200:2235:413""]",JOINT_ANALYSIS,FULLY_REPORTED,FULLY_COMPARABLE,False,False,5,11718000000,0.641321044546851,1,0.11648745519713262,0,0.0,2,0.17537122375832054,0,0.0,0,0.0,0,0.0,0,0,1,0.11648745519713262,0,0.0,MEDIUM,MULTIPLE_FINANCIAL_SIGNALS;REPEATED_STRONG_LOW_EXECUTION;REPEATED_YEAR_END_CONCENTRATION,both,5,,11718000000,,11925000000,,0.017665130568356373,,국립중앙과학관운영,20813000000,11718000000,1,"[""RESPONSIBLE_OPERATION_ACCOUNT""]",21100000000,11925000000,1,"[""RESPONSIBLE_OPERATION_ACCOUNT""]",False,True,0.013789458511507232,0.5630135011771489,PROGRAM_TOTAL_SINGLE_ACCOUNT,True,20813000000,11718000000,1,"[""RESPONSIBLE_OPERATION_ACCOUNT""]",,14885000000,1,"[""RESPONSIBLE_OPERATION_ACCOUNT""]",False,False,,0.5630135011771489,PROGRAM_TOTAL_SINGLE_ACCOUNT,False,True,0.0,True,0.3333333333333333,0.0,0.11648745519713262,0.0,0.15942028985507245,0.1896551724137931,False,True,True,False,False,False,False,False,True,5,11718000000,11925000000,0.017665130568356373,True,True,False,False,,,,,False,False,False,False,2,True,True,3,LIMITED,2,0,True,True,False,MULTIPLE_SIGNAL_REVIEW,REPEATED_OR_MULTIPLE,1,DETAILED_PROJECT_REVIEW,반복·복수 신호의 원인을 세부사업과 원문에서 확인,PERFORMANCE_BELOW_TARGET;EXECUTION_MANAGEMENT;LOW_PERFORMANCE_BUDGET_INCREASE_T1,162:2023:과학기술:과학기술인력및문화:2200:RESPONSIBLE_OPERATION_ACCOUNT,1,0.14994026284348863,equal_mean_of_three_signal_components,tiebreak_only,False,158.0,82.0,37.25,33.0,168,False,False,REPEATED_OR_MULTIPLE,READY_FOR_REVIEW,2,REPEATED_OR_MULTIPLE_INDEPENDENT_SIGNALS,NOT_ASSESSED,REVIEW_WORKFLOW_ORDER_NOT_POLICY_EFFECTIVENESS_RANK,20,3,31,6
고용노동부,2023,Ⅰ-1,고용창출,,,,,고용창출,4,4,4,4,0,1,3,MIXED_COMPARABLE,"[""MOEL-2023-I1-01"", ""MOEL-2023-I1-02"", ""MOEL-2023-I1-03"", ""MOEL-2023-I1-04""]",019,EXACT_NAME_UNIQUE_FINANCIAL,True,사회복지,고용,1000,고용창출,고용창출,FUND,913800000000,913800000000,609605404340,0.6671103133508426,COMPLETE,HIGH,15,15,0,"[""code:2023:019:541:1000:1045:350"", ""code:2023:019:541:1000:1046:350"", ""code:2023:019:541:1000:1046:351"", ""code:2023:019:541:1000:1047:351"", ""code:2023:019:541:1000:1049:354"", ""code:2023:019:541:1000:1051:351"", ""code:2023:019:541:1000:1054:510"", ""code:2023:019:541:1000:1055:350"", ""code:2023:019:541:1000:1056:353"", ""code:2023:019:541:1000:1060:350"", ""code:2023:019:541:1000:1061:350"", ""code:2023:019:541:1000:1083:350"", ""code:2023:019:541:1000:1083:351"", ""code:2023:019:541:1000:1083:355"", ""code:2023:019:541:1000:1083:357""]",JOINT_ANALYSIS,FULLY_REPORTED,FULLY_COMPARABLE,True,True,15,913800000000,2.2051356970890788,3,0.6195436638214051,1,0.23056795797767565,0,0.0,4,0.4370671919457212,0,0.0,3,0.40976471875683956,0,0,4,0.6195633617859488,0,0.0,MEDIUM,ACCOUNTING_ADJUSTMENT_PATTERN;BUDGET_RAPID_DECREASE;MULTIPLE_FINANCIAL_SIGNALS;REPEATED_MODERATE_LOW_EXECUTION;REPEATED_STRONG_LOW_EXECUTION,both,11,,895696000000,,338823000000,,-0.621720985691574,,고용창출,3121643000000,3121643000000,3,"[""FUND"", ""GENERAL_ACCOUNT"", ""SPECIAL_ACCOUNT""]",2026734000000,2026734000000,3,"[""FUND"", ""GENERAL_ACCOUNT"", ""SPECIAL_ACCOUNT""]",False,False,,1.0,UNAVAILABLE_MIXED_OR_UNLINKED,False,3121643000000,3121643000000,3,"[""FUND"", ""GENERAL_ACCOUNT"", ""SPECIAL_ACCOUNT""]",,1974011000000,3,"[""FUND"", ""GENERAL_ACCOUNT"", ""SPECIAL_ACCOUNT""]",False,False,,1.0,UNAVAILABLE_MIXED_OR_UNLINKED,False,False,0.0,True,0.25,1.0,1.0,0.30732353906762966,0.7971014492753623,0.5263157894736842,False,True,True,True,True,False,False,True,False,11,895696000000,338823000000,-0.621720985691574,False,False,False,False,,,,,False,False,False,True,2,True,True,2,LIMITED,3,1,True,True,False,MULTIPLE_SIGNAL_REVIEW,REPEATED_OR_MULTIPLE,1,DETAILED_PROJECT_REVIEW,반복·복수 신호의 원인을 세부사업과 원문에서 확인,PERFORMANCE_BELOW_TARGET;EXECUTION_MANAGEMENT;BUDGET_PERFORMANCE_MISMATCH;ACCOUNTING_ADJUSTMENT_CONTEXT,019:2023:사회복지:고용:1000:FUND,1,0.5191078463558766,equal_mean_of_three_signal_components,tiebreak_only,False,13.25,39.0,5.25,9.0,4,False,False,REPEATED_OR_MULTIPLE,READY_FOR_REVIEW,2,REPEATED_OR_MULTIPLE_INDEPENDENT_SIGNALS,NOT_ASSESSED,REVIEW_WORKFLOW_ORDER_NOT_POLICY_EFFECTIVENESS_RANK,21,3,32,4
과학기술정보통신부,2024,Ⅱ-4,국립중앙과학관운영,,,,,국립중앙과학관운영,1,1,1,1,0,1,0,ALL_COMPARABLE_BELOW_TARGET,"[""MSIT-2024-II4-01""]",162,EXACT_NAME_UNIQUE_FINANCIAL,True,과학기술,과학기술인력및문화,2200,국립중앙과학관운영,국립중앙과학관운영,RESPONSIBLE_OPERATION_ACCOUNT,11925000000,12640670550,10951647900,0.8663818787682905,COMPLETE,HIGH,5,5,0,"[""code:2024:162:412:2200:2208:100"", ""code:2024:162:412:2200:2216:200"", ""code:2024:162:412:2200:2216:250"", ""code:2024:162:412:2200:2231:402"", ""code:2024:162:412:2200:2231:403"", ""code:2024:162:412:2200:2232:407"", ""code:2024:162:412:2200:2233:410"", ""code:2024:162:412:2200:2233:411"", ""code:2024:162:412:2200:2233:414"", ""code:2024:162:412:2200:2235:413""]",JOINT_ANALYSIS,FULLY_REPORTED,FULLY_COMPARABLE,False,True,5,11925000000,0.6639832285115304,1,0.11463312368972746,0,0.0,2,0.17232704402515722,0,0.0,0,0.0,0,0.0,0,0,3,0.2869601677148847,0,0.0,MEDIUM,MULTIPLE_FINANCIAL_SIGNALS;REPEATED_STRONG_LOW_EXECUTION;REPEATED_YEAR_END_CONCENTRATION,both,,,,,,,,,국립중앙과학관운영,21100000000,11925000000,1,"[""RESPONSIBLE_OPERATION_ACCOUNT""]",,14885000000,1,"[""RESPONSIBLE_OPERATION_ACCOUNT""]",False,False,,0.5651658767772512,PROGRAM_TOTAL_SINGLE_ACCOUNT,False,21100000000,11925000000,1,"[""RESPONSIBLE_OPERATION_ACCOUNT""]",,,,,False,False,,0.5651658767772512,UNAVAILABLE_MIXED_OR_UNLINKED,False,False,0.0,True,1.0,0.5,0.5,0.0,0.1678832116788321,0.1864406779661017,False,True,True,False,False,False,False,False,False,,,,,False,False,False,False,,,,,False,False,False,True,2,True,True,2,LIMITED,2,0,True,True,False,MULTIPLE_SIGNAL_REVIEW,REPEATED_OR_MULTIPLE,1,DETAILED_PROJECT_REVIEW,반복·복수 신호의 원인을 세부사업과 원문에서 확인,PERFORMANCE_BELOW_TARGET;EXECUTION_MANAGEMENT,162:2024:과학기술:과학기술인력및문화:2200:RESPONSIBLE_OPERATION_ACCOUNT,1,0.5,equal_mean_of_three_signal_components,tiebreak_only,False,36.25,76.0,6.5,18.0,32,False,False,REPEATED_OR_MULTIPLE,READY_FOR_REVIEW,2,REPEATED_OR_MULTIPLE_INDEPENDENT_SIGNALS,NOT_ASSESSED,REVIEW_WORKFLOW_ORDER_NOT_POLICY_EFFECTIVENESS_RANK,22,4,33,7
보건복지부,2023,Ⅲ-2,국민건강생활실천,,,,,국민건강생활실천,2,2,2,2,0,2,0,ALL_COMPARABLE_BELOW_TARGET,"[""MOHW-2023-III2-01"", ""MOHW-2023-III2-02""]",075,EXACT_NAME_UNIQUE_FINANCIAL,True,보건,보건의료,3300,국민건강생활실천,국민건강생활실천,GENERAL_ACCOUNT,172081000000,184820331190,174699182010,0.945237901507734,COMPLETE,HIGH,12,12,0,"[""code:2023:075:110:3300:3340:305"", ""code:2023:075:110:3300:3340:307"", ""code:2023:075:110:3300:3344:302"", ""code:2023:075:110:3300:3344:418"", ""code:2023:075:110:3300:3345:300"", ""code:2023:075:110:3300:3345:302"", ""code:2023:075:110:3300:3345:315"", ""code:2023:075:110:3300:3345:323"", ""code:2023:075:110:3300:3345:324"", ""code:2023:075:110:3300:3345:329"", ""code:2023:075:110:3300:3345:330"", ""code:2023:075:110:3300:3347:302""]",JOINT_ANALYSIS,FULLY_REPORTED,FULLY_COMPARABLE,False,False,12,172081000000,0.8910571184500322,2,0.07345378048709619,0,0.0,2,0.07345378048709619,1,0.5791633010035971,0,0.0,1,0.04165480209901151,0,0,2,0.07345378048709619,0,0.0,MEDIUM,ACCOUNTING_ADJUSTMENT_PATTERN;BUDGET_RAPID_DECREASE;MULTIPLE_FINANCIAL_SIGNALS;REPEATED_STRONG_LOW_EXECUTION;REPEATED_YEAR_END_CONCENTRATION,both,8,1,158098000000,14121000000,171075000000,,0.08208199977229313,,국민건강생활실천,557711000000,557711000000,2,"[""FUND"", ""GENERAL_ACCOUNT""]",594178000000,594178000000,2,"[""FUND"", ""GENERAL_ACCOUNT""]",False,False,,1.0,UNAVAILABLE_MIXED_OR_UNLINKED,False,557711000000,557711000000,2,"[""FUND"", ""GENERAL_ACCOUNT""]",,569086000000,2,"[""FUND"", ""GENERAL_ACCOUNT""]",False,False,,1.0,UNAVAILABLE_MIXED_OR_UNLINKED,False,False,0.0,True,1.0,0.0,0.07345378048709619,0.0,0.5869565217391305,0.46153846153846156,False,True,True,False,True,False,False,True,False,8,158098000000,171075000000,0.08208199977229313,False,False,False,False,1,14121000000,,,False,False,False,False,2,True,True,2,LIMITED,2,1,True,True,False,MULTIPLE_SIGNAL_REVIEW,REPEATED_OR_MULTIPLE,1,DETAILED_PROJECT_REVIEW,반복·복수 신호의 원인을 세부사업과 원문에서 확인,PERFORMANCE_BELOW_TARGET;EXECUTION_MANAGEMENT;ACCOUNTING_ADJUSTMENT_CONTEXT,075:2023:보건:보건의료:3300:GENERAL_ACCOUNT,1,0.3578179268290321,equal_mean_of_three_signal_components,tiebreak_only,False,37.0,16.0,19.25,11.0,33,False,False,REPEATED_OR_MULTIPLE,READY_FOR_REVIEW,2,REPEATED_OR_MULTIPLE_INDEPENDENT_SIGNALS,NOT_ASSESSED,REVIEW_WORKFLOW_ORDER_NOT_POLICY_EFFECTIVENESS_RANK,23,16,34,22
보건복지부,2024,Ⅲ-2,국민건강생활실천,,,,,국민건강생활실천,1,1,1,1,0,1,0,ALL_COMPARABLE_BELOW_TARGET,"[""MOHW-2024-III2-01""]",075,EXACT_NAME_UNIQUE_FINANCIAL,True,보건,보건의료,3300,국민건강생활실천,국민건강생활실천,GENERAL_ACCOUNT,231439000000,240453994000,239746732380,0.9970586405813664,COMPLETE,HIGH,14,14,0,"[""code:2024:075:110:3300:3335:304"", ""code:2024:075:110:3300:3340:305"", ""code:2024:075:110:3300:3344:302"", ""code:2024:075:110:3300:3344:308"", ""code:2024:075:110:3300:3344:418"", ""code:2024:075:110:3300:3345:300"", ""code:2024:075:110:3300:3345:302"", ""code:2024:075:110:3300:3345:315"", ""code:2024:075:110:3300:3345:323"", ""code:2024:075:110:3300:3345:324"", ""code:2024:075:110:3300:3345:329"", ""code:2024:075:110:3300:3345:330"", ""code:2024:075:110:3300:3345:331"", ""code:2024:075:110:3300:3345:332""]",JOINT_ANALYSIS,FULLY_REPORTED,FULLY_COMPARABLE,False,False,14,231439000000,0.25994754557356364,1,0.0008641585903845074,0,0.0,2,0.051067451898772466,1,0.20415314618538793,0,0.0,0,0.0,0,0,2,0.0023634737447016277,0,0.0,MEDIUM,ACCOUNTING_ADJUSTMENT_PATTERN;MULTIPLE_FINANCIAL_SIGNALS;REPEATED_STRONG_LOW_EXECUTION;REPEATED_YEAR_END_CONCENTRATION,both,1,,19979000000,,,,,,국민건강생활실천,594178000000,594178000000,2,"[""FUND"", ""GENERAL_ACCOUNT""]",,569086000000,2,"[""FUND"", ""GENERAL_ACCOUNT""]",False,False,,1.0,UNAVAILABLE_MIXED_OR_UNLINKED,False,594178000000,594178000000,2,"[""FUND"", ""GENERAL_ACCOUNT""]",,,,,False,False,,1.0,UNAVAILABLE_MIXED_OR_UNLINKED,False,False,0.0,True,1.0,0.0,0.025533725949386233,0.0,0.6642335766423357,0.5897435897435898,False,True,True,False,True,False,False,False,False,1,19979000000,,,False,False,False,False,,,,,False,False,False,False,2,True,True,2,LIMITED,2,1,True,True,False,MULTIPLE_SIGNAL_REVIEW,REPEATED_OR_MULTIPLE,1,DETAILED_PROJECT_REVIEW,반복·복수 신호의 원인을 세부사업과 원문에서 확인,PERFORMANCE_BELOW_TARGET;EXECUTION_MANAGEMENT;ACCOUNTING_ADJUSTMENT_CONTEXT,075:2024:보건:보건의료:3300:GENERAL_ACCOUNT,1,0.34184457531646206,equal_mean_of_three_signal_components,tiebreak_only,False,37.25,26.0,17.5,16.0,34,False,False,REPEATED_OR_MULTIPLE,READY_FOR_REVIEW,2,REPEATED_OR_MULTIPLE_INDEPENDENT_SIGNALS,NOT_ASSESSED,REVIEW_WORKFLOW_ORDER_NOT_POLICY_EFFECTIVENESS_RANK,24,17,35,23
보건복지부,2023,Ⅳ-2,저출산대응및인구정책지원,,,,,저출산대응및인구정책지원,2,2,2,2,0,2,0,ALL_COMPARABLE_BELOW_TARGET,"[""MOHW-2023-IV2-01"", ""MOHW-2023-IV2-02""]",075,EXACT_NAME_UNIQUE_FINANCIAL,True,사회복지,아동·보육,2500,저출산대응및인구정책지원,저출산대응및인구정책지원,GENERAL_ACCOUNT,2625301000000,2634256523810,2633293275240,0.9996343375972334,COMPLETE,HIGH,8,8,0,"[""code:2023:075:110:2500:2533:300"", ""code:2023:075:110:2500:2533:301"", ""code:2023:075:110:2500:2533:305"", ""code:2023:075:110:2500:2533:306"", ""code:2023:075:110:2500:2537:300"", ""code:2023:075:110:2500:2537:301"", ""code:2023:075:110:2500:2537:302"", ""code:2023:075:110:2500:2539:300""]",JOINT_ANALYSIS,FULLY_REPORTED,FULLY_COMPARABLE,False,False,8,2625301000000,1.0036906244274466,0,0.0,1,0.002099568773256857,1,0.0004628040746565822,0,0.0,0,0.0,0,0.0,8,1,3,0.003690624427446605,0,0.0,MEDIUM,MULTIPLE_FINANCIAL_SIGNALS;PROGRAM_BUDGET_CONCENTRATION;REPEATED_MODERATE_LOW_EXECUTION;REPEATED_YEAR_END_CONCENTRATION,both,7,,2624056000000,,2551950000000,,-0.027478834293170572,,저출산대응및인구정책지원,2645207000000,2645207000000,2,"[""FUND"", ""GENERAL_ACCOUNT""]",2592070000000,2592070000000,2,"[""FUND"", ""GENERAL_ACCOUNT""]",False,False,,1.0,UNAVAILABLE_MIXED_OR_UNLINKED,False,2645207000000,2645207000000,2,"[""FUND"", ""GENERAL_ACCOUNT""]",,2421526000000,2,"[""FUND"", ""GENERAL_ACCOUNT""]",False,False,,1.0,UNAVAILABLE_MIXED_OR_UNLINKED,False,False,0.0,True,1.0,0.0,0.0010497843866284285,0.0,0.9202898550724637,0.8461538461538461,False,True,True,False,False,True,False,False,False,7,2624056000000,2551950000000,-0.027478834293170572,False,False,False,False,,,,,False,False,False,False,2,True,True,2,LIMITED,2,1,True,True,False,MULTIPLE_SIGNAL_REVIEW,REPEATED_OR_MULTIPLE,1,DETAILED_PROJECT_REVIEW,반복·복수 신호의 원인을 세부사업과 원문에서 확인,PERFORMANCE_BELOW_TARGET;EXECUTION_MANAGEMENT;PROGRAM_STRUCTURE_CONTEXT,075:2023:사회복지:아동·보육:2500:GENERAL_ACCOUNT,1,0.33368326146220945,equal_mean_of_three_signal_components,tiebreak_only,False,21.5,35.0,10.75,21.0,13,False,False,REPEATED_OR_MULTIPLE,READY_FOR_REVIEW,2,REPEATED_OR_MULTIPLE_INDEPENDENT_SIGNALS,NOT_ASSESSED,REVIEW_WORKFLOW_ORDER_NOT_POLICY_EFFECTIVENESS_RANK,25,18,36,24
보건복지부,2023,Ⅱ-6,건강보험제도 운영,,,,,건강보험제도운영,2,2,2,2,0,1,1,MIXED_COMPARABLE,"[""MOHW-2023-II6-01"", ""MOHW-2023-II6-02""]",075,EXACT_NAME,True,보건,건강보험,4900,건강보험제도 운영,건강보험제도 운영,GENERAL_ACCOUNT,10589360000000,10580761900000,10553405669910,0.9974145311700096,COMPLETE,HIGH,8,8,0,"[""code:2023:075:110:4900:4931:300"", ""code:2023:075:110:4900:4931:301"", ""code:2023:075:110:4900:4931:302"", ""code:2023:075:110:4900:4931:304"", ""code:2023:075:110:4900:4931:306"", ""code:2023:075:110:4900:4931:307"", ""code:2023:075:110:4900:4931:309"", ""code:2023:075:110:4900:4934:300""]",JOINT_ANALYSIS,FULLY_REPORTED,FULLY_COMPARABLE,False,False,8,10589360000000,2.731909860463711,0,0.0,1,1.2748645810511683e-05,1,0.8640189775397191,1,0.0019295783692310016,0,0.0,0,0.0,8,1,3,0.8659613045547606,0,0.0,MEDIUM,ACCOUNTING_ADJUSTMENT_PATTERN;MULTIPLE_FINANCIAL_SIGNALS;PROGRAM_BUDGET_CONCENTRATION;REPEATED_MODERATE_LOW_EXECUTION;REPEATED_YEAR_END_CONCENTRATION,both,7,,10589225000000,,11804813000000,,0.11479480320797793,,건강보험제도 운영,12410199000000,12410199000000,2,"[""FUND"", ""GENERAL_ACCOUNT""]",13706994000000,13706994000000,2,"[""FUND"", ""GENERAL_ACCOUNT""]",False,False,,1.0,UNAVAILABLE_MIXED_OR_UNLINKED,False,12410199000000,12410199000000,2,"[""FUND"", ""GENERAL_ACCOUNT""]",,14132649000000,2,"[""FUND"", ""GENERAL_ACCOUNT""]",False,False,,1.0,UNAVAILABLE_MIXED_OR_UNLINKED,False,False,0.0,True,0.5,0.0,0.43200948876985956,0.0,0.9710144927536232,0.9230769230769231,False,True,True,False,True,True,False,False,False,7,10589225000000,11804813000000,0.11479480320797793,False,False,False,False,,,,,False,False,False,False,2,True,True,2,LIMITED,2,2,True,True,False,MULTIPLE_SIGNAL_REVIEW,REPEATED_OR_MULTIPLE,1,DETAILED_PROJECT_REVIEW,반복·복수 신호의 원인을 세부사업과 원문에서 확인,PERFORMANCE_BELOW_TARGET;EXECUTION_MANAGEMENT;ACCOUNTING_ADJUSTMENT_CONTEXT;PROGRAM_STRUCTURE_CONTEXT,075:2023:보건:건강보험:4900:GENERAL_ACCOUNT,1,0.3106698295899532,equal_mean_of_three_signal_components,tiebreak_only,False,24.5,37.0,11.0,18.0,16,False,False,REPEATED_OR_MULTIPLE,READY_FOR_REVIEW,2,REPEATED_OR_MULTIPLE_INDEPENDENT_SIGNALS,NOT_ASSESSED,REVIEW_WORKFLOW_ORDER_NOT_POLICY_EFFECTIVENESS_RANK,26,19,37,25
중소벤처기업부,2023,Ⅳ-2,중소기업인력지원,,,,,중소기업인력지원,2,2,2,2,0,1,1,MIXED_COMPARABLE,"[""중기부-2023-IIII2-01"", ""중기부-2023-IIII2-02""]",102,EXACT_NAME,True,산업·중소기업및에너지,중소기업및소상공인육성,5400,중소기업인력지원,중소기업인력지원,FUND,53660000000,53660000000,52495427056,0.9782971870294448,COMPLETE,HIGH,4,4,0,"[""code:2023:102:584:5400:5451:307"", ""code:2023:102:584:5400:5451:309"", ""code:2023:102:584:5400:5451:311"", ""code:2023:102:584:5400:5452:301""]",JOINT_ANALYSIS,FULLY_REPORTED,FULLY_COMPARABLE,False,False,4,53660000000,0.1502049944092434,1,0.015654118524040254,0,0.0,2,0.03755124860231085,0,0.0,0,0.0,0,0.0,0,0,2,0.03755124860231085,0,0.0,MEDIUM,MULTIPLE_FINANCIAL_SIGNALS;REPEATED_STRONG_LOW_EXECUTION;REPEATED_YEAR_END_CONCENTRATION,both,4,,53660000000,,35542000000,,-0.33764442787923965,,중소기업인력지원,380945000000,380945000000,2,"[""FUND"", ""GENERAL_ACCOUNT""]",266857000000,266857000000,2,"[""FUND"", ""GENERAL_ACCOUNT""]",False,False,,1.0,UNAVAILABLE_MIXED_OR_UNLINKED,False,380945000000,380945000000,2,"[""FUND"", ""GENERAL_ACCOUNT""]",,177110000000,2,"[""FUND"", ""GENERAL_ACCOUNT""]",False,False,,1.0,UNAVAILABLE_MIXED_OR_UNLINKED,False,False,0.0,True,0.5,0.0,0.018775624301155425,0.0,0.34057971014492755,0.36363636363636365,False,True,True,False,False,False,False,False,True,4,53660000000,35542000000,-0.33764442787923965,True,False,False,False,,,,,False,False,False,False,2,True,True,2,LIMITED,2,0,True,True,False,MULTIPLE_SIGNAL_REVIEW,REPEATED_OR_MULTIPLE,1,DETAILED_PROJECT_REVIEW,반복·복수 신호의 원인을 세부사업과 원문에서 확인,PERFORMANCE_BELOW_TARGET;EXECUTION_MANAGEMENT,102:2023:산업·중소기업및에너지:중소기업및소상공인육성:5400:FUND,1,0.17292520810038514,equal_mean_of_three_signal_components,tiebreak_only,False,126.25,79.0,23.75,11.0,122,False,False,REPEATED_OR_MULTIPLE,READY_FOR_REVIEW,2,REPEATED_OR_MULTIPLE_INDEPENDENT_SIGNALS,NOT_ASSESSED,REVIEW_WORKFLOW_ORDER_NOT_POLICY_EFFECTIVENESS_RANK,27,1,38,2
보건복지부,2024,Ⅲ-4,국립나주병원,,,,,국립나주병원,1,1,1,1,0,0,1,ALL_COMPARABLE_AT_OR_ABOVE_TARGET,"[""MOHW-2024-III4-01""]",075,EXACT_NAME,True,보건,보건의료,3800,국립나주병원,국립나주병원,RESPONSIBLE_OPERATION_ACCOUNT,7044000000,7212947370,5999288460,0.8317388374344953,COMPLETE,HIGH,6,6,0,"[""code:2024:075:434:3800:3802:100"", ""code:2024:075:434:3800:3818:200"", ""code:2024:075:434:3800:3819:250"", ""code:2024:075:434:3800:3822:250"", ""code:2024:075:434:3800:3822:260"", ""code:2024:075:434:3800:3831:301"", ""code:2024:075:434:3800:3831:304"", ""code:2024:075:434:3800:3831:650"", ""code:2024:075:434:3800:3832:500"", ""code:2024:075:434:3800:3861:301"", ""code:2024:075:434:3800:3862:500""]",JOINT_ANALYSIS,FULLY_REPORTED,FULLY_COMPARABLE,False,True,6,7044000000,2.2027257240204428,0,0.0,2,0.7403463940942646,1,0.1513344690516752,0,0.0,0,0.0,1,0.008375922771152754,6,1,3,0.8916808631459399,0,0.0,HIGH,BUDGET_RAPID_DECREASE;MULTIPLE_FINANCIAL_SIGNALS;PROGRAM_BUDGET_CONCENTRATION;REPEATED_MODERATE_LOW_EXECUTION;REPEATED_YEAR_END_CONCENTRATION,both,,,,,,,,,국립나주병원,24145000000,7044000000,1,"[""RESPONSIBLE_OPERATION_ACCOUNT""]",,6695000000,1,"[""RESPONSIBLE_OPERATION_ACCOUNT""]",False,False,,0.291737419755643,PROGRAM_TOTAL_SINGLE_ACCOUNT,False,24145000000,7044000000,1,"[""RESPONSIBLE_OPERATION_ACCOUNT""]",,,,,False,False,,0.291737419755643,UNAVAILABLE_MIXED_OR_UNLINKED,False,False,0.0,True,0.0,0.5,0.5,0.008375922771152754,0.11678832116788321,0.1282051282051282,False,False,True,True,False,True,False,True,False,,,,,False,False,False,False,,,,,False,False,False,True,2,True,True,1,CONFIRMED,2,1,True,True,False,MULTIPLE_SIGNAL_REVIEW,REPEATED_OR_MULTIPLE,1,DETAILED_PROJECT_REVIEW,반복·복수 신호의 원인을 세부사업과 원문에서 확인,EXECUTION_MANAGEMENT;BUDGET_PERFORMANCE_MISMATCH;PROGRAM_STRUCTURE_CONTEXT,075:2024:보건:보건의료:3800:RESPONSIBLE_OPERATION_ACCOUNT,1,0.16945864092371757,equal_mean_of_three_signal_components,tiebreak_only,False,152.75,140.0,60.25,47.0,162,False,False,REPEATED_OR_MULTIPLE,READY_FOR_REVIEW,2,REPEATED_OR_MULTIPLE_INDEPENDENT_SIGNALS,NOT_ASSESSED,REVIEW_WORKFLOW_ORDER_NOT_POLICY_EFFECTIVENESS_RANK,28,20,39,26
고용노동부,2022,Ⅰ-1,고용창출,,,,,고용창출,4,4,4,4,0,0,4,ALL_COMPARABLE_AT_OR_ABOVE_TARGET,"[""MOEL-2022-I1-01"", ""MOEL-2022-I1-02"", ""MOEL-2022-I1-03"", ""MOEL-2022-I1-04""]",019,EXACT_NAME_UNIQUE_FINANCIAL,True,사회복지,고용,1000,고용창출,고용창출,FUND,2891133000000,2891133000000,1875067796860,0.6485581247420994,COMPLETE,HIGH,15,15,0,"[""code:2022:019:541:1000:1045:350"", ""code:2022:019:541:1000:1046:350"", ""code:2022:019:541:1000:1046:351"", ""code:2022:019:541:1000:1047:351"", ""code:2022:019:541:1000:1049:354"", ""code:2022:019:541:1000:1051:351"", ""code:2022:019:541:1000:1054:510"", ""code:2022:019:541:1000:1055:350"", ""code:2022:019:541:1000:1055:352"", ""code:2022:019:541:1000:1056:353"", ""code:2022:019:541:1000:1060:350"", ""code:2022:019:541:1000:1061:350"", ""code:2022:019:541:1000:1083:350"", ""code:2022:019:541:1000:1083:351"", ""code:2022:019:541:1000:1083:355""]",JOINT_ANALYSIS,FULLY_REPORTED,FULLY_COMPARABLE,True,True,15,2891133000000,1.2836189134156055,3,0.788672122659179,1,0.15025735585322433,0,0.0,0,0.0,0,0.0,0,0.0,0,0,1,0.3442283699850543,0,0.0,MEDIUM,MULTIPLE_FINANCIAL_SIGNALS;REPEATED_MODERATE_LOW_EXECUTION;REPEATED_STRONG_LOW_EXECUTION,both,10,10,2848811000000,2848811000000,892129000000,334638000000,-0.68684163322874,-0.8825341519672594,고용창출,5334792000000,5334792000000,3,"[""FUND"", ""GENERAL_ACCOUNT"", ""SPECIAL_ACCOUNT""]",3121643000000,3121643000000,3,"[""FUND"", ""GENERAL_ACCOUNT"", ""SPECIAL_ACCOUNT""]",False,False,,1.0,UNAVAILABLE_MIXED_OR_UNLINKED,False,5334792000000,5334792000000,3,"[""FUND"", ""GENERAL_ACCOUNT"", ""SPECIAL_ACCOUNT""]",2026734000000,2026734000000,3,"[""FUND"", ""GENERAL_ACCOUNT"", ""SPECIAL_ACCOUNT""]",False,False,,1.0,UNAVAILABLE_MIXED_OR_UNLINKED,False,False,0.0,True,0.0,1.0,1.0,0.0,0.9069767441860465,0.8125,False,False,True,False,False,False,False,False,False,10,2848811000000,892129000000,-0.68684163322874,False,False,False,False,10,2848811000000,334638000000,-0.8825341519672594,False,False,False,True,2,True,True,1,LIMITED,1,0,True,True,False,STRONG_SINGLE_SIGNAL_REVIEW,REPEATED_OR_MULTIPLE,1,DETAILED_PROJECT_REVIEW,반복·복수 신호의 원인을 세부사업과 원문에서 확인,EXECUTION_MANAGEMENT,019:2022:사회복지:고용:1000:FUND,2,0.3333333333333333,equal_mean_of_three_signal_components,tiebreak_only,False,29.0,73.0,6.75,10.0,24,False,False,REPEATED_OR_MULTIPLE,READY_FOR_REVIEW,2,REPEATED_OR_MULTIPLE_INDEPENDENT_SIGNALS,NOT_ASSESSED,REVIEW_WORKFLOW_ORDER_NOT_POLICY_EFFECTIVENESS_RANK,29,4,40,5
보건복지부,2022,Ⅲ-5,국립부곡병원,,,,,국립부곡병원,1,1,1,1,0,0,1,ALL_COMPARABLE_AT_OR_ABOVE_TARGET,"[""MOHW-2022-III5-01""]",075,EXACT_NAME,True,보건,보건의료,3900,국립부곡병원,국립부곡병원,RESPONSIBLE_OPERATION_ACCOUNT,7512000000,7620200000,5760389490,0.7559367851237501,COMPLETE,HIGH,6,6,0,"[""code:2022:075:435:3900:3902:100"", ""code:2022:075:435:3900:3918:200"", ""code:2022:075:435:3900:3919:250"", ""code:2022:075:435:3900:3922:250"", ""code:2022:075:435:3900:3931:301"", ""code:2022:075:435:3900:3931:306"", ""code:2022:075:435:3900:3931:650"", ""code:2022:075:435:3900:3932:500"", ""code:2022:075:435:3900:3961:300"", ""code:2022:075:435:3900:3962:500""]",JOINT_ANALYSIS,FULLY_REPORTED,FULLY_COMPARABLE,True,True,6,7512000000,2.7008785942492013,3,0.9247870074547391,1,0.008919062832800853,0,0.0,0,0.0,0,0.0,0,0.0,6,1,4,0.9337060702875399,0,0.0,MEDIUM,MULTIPLE_FINANCIAL_SIGNALS;PROGRAM_BUDGET_CONCENTRATION;REPEATED_MODERATE_LOW_EXECUTION;REPEATED_STRONG_LOW_EXECUTION,both,6,6,7512000000,7512000000,7677000000,7700000000,0.02196485623003195,0.025026624068157616,국립부곡병원,20179000000,7512000000,1,"[""RESPONSIBLE_OPERATION_ACCOUNT""]",20854000000,7677000000,1,"[""RESPONSIBLE_OPERATION_ACCOUNT""]",False,True,0.03345061697804649,0.3722681996134595,PROGRAM_TOTAL_SINGLE_ACCOUNT,True,20179000000,7512000000,1,"[""RESPONSIBLE_OPERATION_ACCOUNT""]",19855000000,7700000000,1,"[""RESPONSIBLE_OPERATION_ACCOUNT""]",False,True,-0.01605629614946231,0.3722681996134595,PROGRAM_TOTAL_SINGLE_ACCOUNT,False,True,0.0,True,0.0,1.0,1.0,0.0,0.10077519379844961,0.11428571428571428,False,False,True,False,False,True,False,False,True,6,7512000000,7677000000,0.02196485623003195,True,False,False,True,6,7512000000,7700000000,0.025026624068157616,True,False,True,True,2,True,True,1,LIMITED,1,1,True,True,False,STRONG_SINGLE_SIGNAL_REVIEW,REPEATED_OR_MULTIPLE,1,DETAILED_PROJECT_REVIEW,반복·복수 신호의 원인을 세부사업과 원문에서 확인,EXECUTION_MANAGEMENT;PROGRAM_STRUCTURE_CONTEXT;GOOD_PERFORMANCE_BUDGET_DECREASE_T2_CONTEXT,075:2022:보건:보건의료:3900:RESPONSIBLE_OPERATION_ACCOUNT,2,0.3333333333333333,equal_mean_of_three_signal_components,tiebreak_only,False,98.0,143.0,40.75,53.0,97,False,False,REPEATED_OR_MULTIPLE,READY_FOR_REVIEW,2,REPEATED_OR_MULTIPLE_INDEPENDENT_SIGNALS,NOT_ASSESSED,REVIEW_WORKFLOW_ORDER_NOT_POLICY_EFFECTIVENESS_RANK,30,21,41,27
고용노동부,2024,Ⅰ-1,고용창출,,,,,고용창출,1,1,1,1,0,0,1,ALL_COMPARABLE_AT_OR_ABOVE_TARGET,"[""MOEL-2024-I1-01""]",019,EXACT_NAME_UNIQUE_FINANCIAL,True,사회복지,고용,1000,고용창출,고용창출,FUND,338823000000,338823000000,288719940910,0.852126157049551,COMPLETE,HIGH,11,11,0,"[""code:2024:019:541:1000:1045:350"", ""code:2024:019:541:1000:1046:350"", ""code:2024:019:541:1000:1046:351"", ""code:2024:019:541:1000:1051:351"", ""code:2024:019:541:1000:1054:510"", ""code:2024:019:541:1000:1056:353"", ""code:2024:019:541:1000:1061:350"", ""code:2024:019:541:1000:1083:350"", ""code:2024:019:541:1000:1083:351"", ""code:2024:019:541:1000:1083:355"", ""code:2024:019:541:1000:1083:357""]",JOINT_ANALYSIS,FULLY_REPORTED,FULLY_COMPARABLE,False,True,11,338823000000,2.0588950573013047,3,0.43987273591226095,1,0.012351581799346562,0,0.0,5,0.6938667091667331,0,0.0,3,0.48726326134884584,0,0,5,0.6938667091667331,0,0.0,MEDIUM,ACCOUNTING_ADJUSTMENT_PATTERN;BUDGET_RAPID_DECREASE;MULTIPLE_FINANCIAL_SIGNALS;REPEATED_MODERATE_LOW_EXECUTION;REPEATED_STRONG_LOW_EXECUTION,both,,,,,,,,,고용창출,2026734000000,2026734000000,3,"[""FUND"", ""GENERAL_ACCOUNT"", ""SPECIAL_ACCOUNT""]",,1974011000000,3,"[""FUND"", ""GENERAL_ACCOUNT"", ""SPECIAL_ACCOUNT""]",False,False,,1.0,UNAVAILABLE_MIXED_OR_UNLINKED,False,2026734000000,2026734000000,3,"[""FUND"", ""GENERAL_ACCOUNT"", ""SPECIAL_ACCOUNT""]",,,,,False,False,,1.0,UNAVAILABLE_MIXED_OR_UNLINKED,False,False,0.0,True,0.0,0.5,0.5,0.48726326134884584,0.7226277372262774,0.42105263157894735,False,False,True,True,True,False,False,True,False,,,,,False,False,False,False,,,,,False,False,False,True,2,True,True,1,LIMITED,2,1,True,True,False,MULTIPLE_SIGNAL_REVIEW,REPEATED_OR_MULTIPLE,1,DETAILED_PROJECT_REVIEW,반복·복수 신호의 원인을 세부사업과 원문에서 확인,EXECUTION_MANAGEMENT;BUDGET_PERFORMANCE_MISMATCH;ACCOUNTING_ADJUSTMENT_CONTEXT,019:2024:사회복지:고용:1000:FUND,1,0.32908775378294863,equal_mean_of_three_signal_components,tiebreak_only,False,43.0,65.0,13.5,12.0,39,False,False,REPEATED_OR_MULTIPLE,READY_FOR_REVIEW,2,REPEATED_OR_MULTIPLE_INDEPENDENT_SIGNALS,NOT_ASSESSED,REVIEW_WORKFLOW_ORDER_NOT_POLICY_EFFECTIVENESS_RANK,31,5,42,6
중소벤처기업부,2024,Ⅳ-2,중소기업인력지원,,,,,중소기업인력지원,1,1,1,1,0,0,1,ALL_COMPARABLE_AT_OR_ABOVE_TARGET,"[""중기부-2024-IIII1-02""]",102,EXACT_NAME_UNIQUE_FINANCIAL,True,산업·중소기업및에너지,중소기업및소상공인육성,5400,중소기업인력지원,중소기업인력지원,FUND,35542000000,35877796500,32767959171,0.9133213956158094,COMPLETE,HIGH,4,4,0,"[""code:2024:102:584:5400:5451:307"", ""code:2024:102:584:5400:5451:309"", ""code:2024:102:584:5400:5451:311"", ""code:2024:102:584:5400:5452:301""]",JOINT_ANALYSIS,FULLY_REPORTED,FULLY_COMPARABLE,False,False,4,35542000000,0.9699229081087164,1,0.19118226323785945,0,0.0,2,0.19585279387766585,0,0.0,1,0.19118226323785945,1,0.004670530639806427,0,0,2,0.19585279387766585,0,0.0,MEDIUM,BUDGET_RAPID_DECREASE;BUDGET_RAPID_INCREASE;MULTIPLE_FINANCIAL_SIGNALS;REPEATED_STRONG_LOW_EXECUTION;REPEATED_YEAR_END_CONCENTRATION,both,,,,,,,,,중소기업인력지원,266857000000,266857000000,2,"[""FUND"", ""GENERAL_ACCOUNT""]",,177110000000,2,"[""FUND"", ""GENERAL_ACCOUNT""]",False,False,,1.0,UNAVAILABLE_MIXED_OR_UNLINKED,False,266857000000,266857000000,2,"[""FUND"", ""GENERAL_ACCOUNT""]",,,,,False,False,,1.0,UNAVAILABLE_MIXED_OR_UNLINKED,False,False,0.0,True,0.0,0.0,0.19118226323785945,0.004670530639806427,0.2773722627737226,0.25,False,False,True,True,False,False,True,True,False,,,,,False,False,False,False,,,,,False,False,False,False,2,True,True,1,LIMITED,2,0,True,True,False,MULTIPLE_SIGNAL_REVIEW,REPEATED_OR_MULTIPLE,1,DETAILED_PROJECT_REVIEW,반복·복수 신호의 원인을 세부사업과 원문에서 확인,EXECUTION_MANAGEMENT;BUDGET_PERFORMANCE_MISMATCH,102:2024:산업·중소기업및에너지:중소기업및소상공인육성:5400:FUND,1,0.06528426462588863,equal_mean_of_three_signal_components,tiebreak_only,False,187.25,68.0,35.5,10.0,197,False,False,REPEATED_OR_MULTIPLE,READY_FOR_REVIEW,2,REPEATED_OR_MULTIPLE_INDEPENDENT_SIGNALS,NOT_ASSESSED,REVIEW_WORKFLOW_ORDER_NOT_POLICY_EFFECTIVENESS_RANK,32,2,43,3
보건복지부,2023,Ⅳ-6,국민연금운영(여유자금운영위탁 등),,,,,국민연금운영(여유자금운영위탁등),2,2,2,2,0,0,2,ALL_COMPARABLE_AT_OR_ABOVE_TARGET,"[""MOHW-2023-IV6-01"", ""MOHW-2023-IV6-02""]",075,EXACT_NAME_UNIQUE_FINANCIAL,True,사회복지,공적연금,7400,국민연금운영(여유자금운영위탁 등),국민연금운영(여유자금운영위탁 등),FUND,340333000000,357914489585,343877261933,0.9607804990843593,COMPLETE,HIGH,17,17,0,"[""code:2023:075:532:7400:7431:451"", ""code:2023:075:532:7400:7431:453"", ""code:2023:075:532:7400:7431:456"", ""code:2023:075:532:7400:7431:457"", ""code:2023:075:532:7400:7432:431"", ""code:2023:075:532:7400:7432:432"", ""code:2023:075:532:7400:7432:440"", ""code:2023:075:532:7400:7432:441"", ""code:2023:075:532:7400:7432:442"", ""code:2023:075:532:7400:7432:443"", ""code:2023:075:532:7400:7432:446"", ""code:2023:075:532:7400:7432:449"", ""code:2023:075:532:7400:7432:452"", ""code:2023:075:532:7400:7432:455"", ""code:2023:075:532:7400:7433:424"", ""code:2023:075:532:7400:7433:425"", ""code:2023:075:532:7400:7478:601""]",JOINT_ANALYSIS,FULLY_REPORTED,FULLY_COMPARABLE,False,False,17,340333000000,0.4142031480931911,0,0.0,2,0.1686612817446442,1,0.018993162579003506,2,0.1671392430354976,0,0.0,0,0.0,0,0,5,0.18911477876080193,0,0.0,MEDIUM,ACCOUNTING_ADJUSTMENT_PATTERN;MULTIPLE_FINANCIAL_SIGNALS;REPEATED_MODERATE_LOW_EXECUTION;REPEATED_YEAR_END_CONCENTRATION,both,15,,338912000000,,349971000000,,0.03263088943442546,,국민연금운영(여유자금운영위탁 등),340333000000,340333000000,1,"[""FUND""]",349971000000,349971000000,1,"[""FUND""]",False,True,0.028319322545859497,1.0,PROGRAM_TOTAL_SINGLE_ACCOUNT,False,340333000000,340333000000,1,"[""FUND""]",,317115000000,1,"[""FUND""]",False,False,,1.0,PROGRAM_TOTAL_SINGLE_ACCOUNT,False,False,0.0,True,0.0,0.0,0.0843306408723221,0.0,0.7101449275362319,0.6153846153846154,False,False,True,False,True,False,False,False,False,15,338912000000,349971000000,0.03263088943442546,False,False,False,False,,,,,False,False,False,False,2,True,True,1,LIMITED,1,1,True,True,False,MODERATE_OR_CONTEXT_REVIEW,REPEATED_OR_MULTIPLE,1,DETAILED_PROJECT_REVIEW,반복·복수 신호의 원인을 세부사업과 원문에서 확인,EXECUTION_MANAGEMENT;ACCOUNTING_ADJUSTMENT_CONTEXT,075:2023:사회복지:공적연금:7400:FUND,3,0.02811021362410737,equal_mean_of_three_signal_components,tiebreak_only,False,150.25,53.0,62.75,18.0,157,False,False,REPEATED_OR_MULTIPLE,READY_FOR_REVIEW,2,REPEATED_OR_MULTIPLE_INDEPENDENT_SIGNALS,NOT_ASSESSED,REVIEW_WORKFLOW_ORDER_NOT_POLICY_EFFECTIVENESS_RANK,33,22,44,28
보건복지부,2022,Ⅰ-4,국립재활원,,,,,국립재활원,2,2,2,2,0,0,2,ALL_COMPARABLE_AT_OR_ABOVE_TARGET,"[""MOHW-2022-I4-01"", ""MOHW-2022-I4-02""]",075,EXACT_NAME,True,사회복지,취약계층지원,1800,국립재활원,국립재활원,RESPONSIBLE_OPERATION_ACCOUNT,28671000000,32465223000,29430679720,0.9065294182639682,COMPLETE,HIGH,7,7,0,"[""code:2022:075:427:1800:1802:100"", ""code:2022:075:427:1800:1818:200"", ""code:2022:075:427:1800:1819:250"", ""code:2022:075:427:1800:1822:250"", ""code:2022:075:427:1800:1831:304"", ""code:2022:075:427:1800:1831:311"", ""code:2022:075:427:1800:1851:651"", ""code:2022:075:427:1800:1852:304"", ""code:2022:075:427:1800:1852:306"", ""code:2022:075:427:1800:1861:300"", ""code:2022:075:427:1800:1862:500""]",JOINT_ANALYSIS,FULLY_REPORTED,FULLY_COMPARABLE,False,False,7,28671000000,0.3423668515224443,1,0.061281434201806706,2,0.04942276167556067,0,0.0,0,0.0,0,0.0,0,0.0,0,0,1,0.061281434201806706,0,0.0,MEDIUM,MULTIPLE_FINANCIAL_SIGNALS;REPEATED_MODERATE_LOW_EXECUTION;REPEATED_STRONG_LOW_EXECUTION,both,6,6,23786000000,23786000000,27278000000,30746000000,0.1468090473387707,0.29260909778861516,국립재활원,54900000000,28671000000,1,"[""RESPONSIBLE_OPERATION_ACCOUNT""]",58938000000,32119000000,1,"[""RESPONSIBLE_OPERATION_ACCOUNT""]",False,True,0.07355191256830601,0.5222404371584699,PROGRAM_TOTAL_SINGLE_ACCOUNT,False,54900000000,28671000000,1,"[""RESPONSIBLE_OPERATION_ACCOUNT""]",58520000000,30746000000,1,"[""RESPONSIBLE_OPERATION_ACCOUNT""]",False,True,0.06593806921675774,0.5222404371584699,PROGRAM_TOTAL_SINGLE_ACCOUNT,False,False,0.0,True,0.0,0.0,0.061281434201806706,0.0,0.2248062015503876,0.2857142857142857,False,False,True,False,False,False,False,False,False,6,23786000000,27278000000,0.1468090473387707,False,False,False,False,6,23786000000,30746000000,0.29260909778861516,False,False,False,False,2,True,True,1,LIMITED,1,0,True,True,False,MODERATE_OR_CONTEXT_REVIEW,REPEATED_OR_MULTIPLE,1,DETAILED_PROJECT_REVIEW,반복·복수 신호의 원인을 세부사업과 원문에서 확인,EXECUTION_MANAGEMENT,075:2022:사회복지:취약계층지원:1800:RESPONSIBLE_OPERATION_ACCOUNT,3,0.02042714473393557,equal_mean_of_three_signal_components,tiebreak_only,False,220.75,9.0,80.0,2.0,221,False,False,REPEATED_OR_MULTIPLE,READY_FOR_REVIEW,2,REPEATED_OR_MULTIPLE_INDEPENDENT_SIGNALS,NOT_ASSESSED,REVIEW_WORKFLOW_ORDER_NOT_POLICY_EFFECTIVENESS_RANK,34,23,45,29
보건복지부,2023,Ⅰ-5,사회복지기반조성,,,,,사회복지기반조성,2,2,2,2,0,0,2,ALL_COMPARABLE_AT_OR_ABOVE_TARGET,"[""MOHW-2023-I5-01"", ""MOHW-2023-I5-02""]",075,EXACT_NAME_UNIQUE_FINANCIAL,True,사회복지,사회복지일반,2600,사회복지기반조성,사회복지기반조성,GENERAL_ACCOUNT,201741000000,203863973800,197532924810,0.968944738631402,COMPLETE,HIGH,26,26,0,"[""code:2023:075:110:2600:2631:300"", ""code:2023:075:110:2600:2631:302"", ""code:2023:075:110:2600:2631:303"", ""code:2023:075:110:2600:2631:304"", ""code:2023:075:110:2600:2631:305"", ""code:2023:075:110:2600:2631:308"", ""code:2023:075:110:2600:2631:312"", ""code:2023:075:110:2600:2631:326"", ""code:2023:075:110:2600:2631:327"", ""code:2023:075:110:2600:2631:330"", ""code:2023:075:110:2600:2631:336"", ""code:2023:075:110:2600:2632:300"", ""code:2023:075:110:2600:2632:302"", ""code:2023:075:110:2600:2632:313"", ""code:2023:075:110:2600:2633:300"", ""code:2023:075:110:2600:2635:303"", ""code:2023:075:110:2600:2635:310"", ""code:2023:075:110:2600:2635:316"", ""code:2023:075:110:2600:2636:313"", ""code:2023:075:110:2600:2636:314"", ""code:2023:075:110:2600:2639:301"", ""code:2023:075:110:2600:2639:307"", ""code:2023:075:110:2600:2640:300"", ""code:2023:075:110:2600:2640:304"", ""code:2023:075:110:2600:2640:305"", ""code:2023:075:110:2600:2640:312""]",JOINT_ANALYSIS,FULLY_REPORTED,FULLY_COMPARABLE,False,False,26,201741000000,0.27245825092569187,2,0.05671132789071136,0,0.0,1,0.0045751731180077426,1,0.00015861921969257612,1,0.00737579371570479,0,0.0,0,0,4,0.06424574082610872,0,0.0,MEDIUM,ACCOUNTING_ADJUSTMENT_PATTERN;BUDGET_RAPID_INCREASE;MULTIPLE_FINANCIAL_SIGNALS;REPEATED_STRONG_LOW_EXECUTION;REPEATED_YEAR_END_CONCENTRATION,both,19,,185331000000,,191676000000,,0.03423604254010392,,사회복지기반조성,600826000000,600826000000,2,"[""GENERAL_ACCOUNT"", ""SPECIAL_ACCOUNT""]",407833000000,407833000000,2,"[""GENERAL_ACCOUNT"", ""SPECIAL_ACCOUNT""]",False,False,,1.0,UNAVAILABLE_MIXED_OR_UNLINKED,False,600826000000,600826000000,2,"[""GENERAL_ACCOUNT"", ""SPECIAL_ACCOUNT""]",,416074000000,2,"[""GENERAL_ACCOUNT"", ""SPECIAL_ACCOUNT""]",False,False,,1.0,UNAVAILABLE_MIXED_OR_UNLINKED,False,False,0.0,True,0.0,0.0,0.05671132789071136,0.0,0.6231884057971014,0.5384615384615384,False,False,True,False,True,False,True,False,False,19,185331000000,191676000000,0.03423604254010392,False,False,False,False,,,,,False,False,False,False,2,True,True,1,LIMITED,1,1,True,True,False,MODERATE_OR_CONTEXT_REVIEW,REPEATED_OR_MULTIPLE,1,DETAILED_PROJECT_REVIEW,반복·복수 신호의 원인을 세부사업과 원문에서 확인,EXECUTION_MANAGEMENT;ACCOUNTING_ADJUSTMENT_CONTEXT,075:2023:사회복지:사회복지일반:2600:GENERAL_ACCOUNT,3,0.018903775963570454,equal_mean_of_three_signal_components,tiebreak_only,False,173.75,47.0,72.0,7.0,186,False,False,REPEATED_OR_MULTIPLE,READY_FOR_REVIEW,2,REPEATED_OR_MULTIPLE_INDEPENDENT_SIGNALS,NOT_ASSESSED,REVIEW_WORKFLOW_ORDER_NOT_POLICY_EFFECTIVENESS_RANK,35,24,46,30
중소벤처기업부,2023,Ⅲ-3,기술금융지원,,,,,기술금융지원,2,2,2,2,0,0,2,ALL_COMPARABLE_AT_OR_ABOVE_TARGET,"[""중기부-2023-III3-01"", ""중기부-2023-III3-02""]",102,EXACT_NAME,True,산업·중소기업및에너지,창업및벤처,2400,기술금융지원,기술금융지원,FUND,1368778000000,1368778000000,1343294045694,0.9813819667572096,COMPLETE,HIGH,10,10,0,"[""code:2023:102:572:2400:2441:300"", ""code:2023:102:572:2400:2441:301"", ""code:2023:102:572:2400:2441:303"", ""code:2023:102:572:2400:2441:304"", ""code:2023:102:572:2400:2441:305"", ""code:2023:102:572:2400:2441:306"", ""code:2023:102:572:2400:2441:307"", ""code:2023:102:572:2400:2441:308"", ""code:2023:102:572:2400:2441:311"", ""code:2023:102:572:2400:2444:301""]",JOINT_ANALYSIS,FULLY_REPORTED,FULLY_COMPARABLE,False,False,10,1368778000000,1.3585256338135183,3,0.02575874246956044,0,0.0,6,0.09634871396238104,0,0.0,2,0.1313142087321684,0,0.0,10,1,8,0.16936128429884173,0,0.0,MEDIUM,BUDGET_RAPID_INCREASE;MULTIPLE_FINANCIAL_SIGNALS;PROGRAM_BUDGET_CONCENTRATION;REPEATED_STRONG_LOW_EXECUTION;REPEATED_YEAR_END_CONCENTRATION,both,9,,1357054000000,,1583756000000,,0.1670545166220357,,기술금융지원,1368778000000,1368778000000,1,"[""FUND""]",1594802000000,1594802000000,1,"[""FUND""]",False,True,0.16512831153043078,1.0,PROGRAM_TOTAL_SINGLE_ACCOUNT,False,1368778000000,1368778000000,1,"[""FUND""]",,1871171000000,1,"[""FUND""]",False,False,,1.0,PROGRAM_TOTAL_SINGLE_ACCOUNT,False,False,0.0,True,0.0,0.0,0.04817435698119052,0.0,0.8405797101449275,0.8181818181818182,False,False,True,False,False,True,True,False,False,9,1357054000000,1583756000000,0.1670545166220357,False,False,False,False,,,,,False,False,False,False,2,True,True,1,LIMITED,1,1,True,True,False,MODERATE_OR_CONTEXT_REVIEW,REPEATED_OR_MULTIPLE,1,DETAILED_PROJECT_REVIEW,반복·복수 신호의 원인을 세부사업과 원문에서 확인,EXECUTION_MANAGEMENT;PROGRAM_STRUCTURE_CONTEXT,102:2023:산업·중소기업및에너지:창업및벤처:2400:FUND,3,0.016058118993730174,equal_mean_of_three_signal_components,tiebreak_only,False,136.75,70.0,29.75,16.0,139,False,False,REPEATED_OR_MULTIPLE,READY_FOR_REVIEW,2,REPEATED_OR_MULTIPLE_INDEPENDENT_SIGNALS,NOT_ASSESSED,REVIEW_WORKFLOW_ORDER_NOT_POLICY_EFFECTIVENESS_RANK,36,3,47,4
보건복지부,2023,Ⅱ-2,공공보건의료확충,,,,,공공보건의료확충,2,2,2,2,0,0,2,ALL_COMPARABLE_AT_OR_ABOVE_TARGET,"[""MOHW-2023-II2-01"", ""MOHW-2023-II2-02""]",075,EXACT_NAME_UNIQUE_FINANCIAL,True,보건,보건의료,2700,공공보건의료확충,공공보건의료확충,GENERAL_ACCOUNT,1108174000000,1114306703400,1058333062510,0.9497681915407924,COMPLETE,HIGH,27,27,0,"[""code:2023:075:110:2700:2731:302"", ""code:2023:075:110:2700:2731:303"", ""code:2023:075:110:2700:2731:305"", ""code:2023:075:110:2700:2731:500"", ""code:2023:075:110:2700:2733:300"", ""code:2023:075:110:2700:2734:500"", ""code:2023:075:110:2700:2734:501"", ""code:2023:075:110:2700:2734:505"", ""code:2023:075:110:2700:2734:506"", ""code:2023:075:110:2700:2740:306"", ""code:2023:075:110:2700:2740:307"", ""code:2023:075:110:2700:2740:309"", ""code:2023:075:110:2700:2740:311"", ""code:2023:075:110:2700:2743:304"", ""code:2023:075:110:2700:2748:302"", ""code:2023:075:110:2700:2750:301"", ""code:2023:075:110:2700:2750:303"", ""code:2023:075:110:2700:2755:301"", ""code:2023:075:110:2700:2755:302"", ""code:2023:075:110:2700:2756:308"", ""code:2023:075:110:2700:2757:300"", ""code:2023:075:110:2700:2757:301"", ""code:2023:075:110:2700:2757:304"", ""code:2023:075:110:2700:2757:305"", ""code:2023:075:110:2700:2757:307"", ""code:2023:075:110:2700:2758:300"", ""code:2023:075:110:2700:2758:301""]",JOINT_ANALYSIS,FULLY_REPORTED,FULLY_COMPARABLE,False,False,27,1108174000000,0.09029448444016915,1,0.0010539861068749132,0,0.0,2,0.0034913289790231496,1,0.003672708437483644,2,0.0079175291966785,4,0.04428817135215228,0,0,6,0.014486894657337206,0,0.0,MEDIUM,ACCOUNTING_ADJUSTMENT_PATTERN;BUDGET_RAPID_DECREASE;BUDGET_RAPID_INCREASE;MULTIPLE_FINANCIAL_SIGNALS;REPEATED_STRONG_LOW_EXECUTION;REPEATED_YEAR_END_CONCENTRATION,both,21,1,1100561000000,7441000000,168230000000,,-0.8471415941506195,,공공보건의료확충,1963361000000,1963361000000,3,"[""FUND"", ""GENERAL_ACCOUNT"", ""SPECIAL_ACCOUNT""]",580763000000,580763000000,3,"[""FUND"", ""GENERAL_ACCOUNT"", ""SPECIAL_ACCOUNT""]",False,False,,1.0,UNAVAILABLE_MIXED_OR_UNLINKED,False,1963361000000,1963361000000,3,"[""FUND"", ""GENERAL_ACCOUNT"", ""SPECIAL_ACCOUNT""]",,693067000000,3,"[""FUND"", ""GENERAL_ACCOUNT"", ""SPECIAL_ACCOUNT""]",False,False,,1.0,UNAVAILABLE_MIXED_OR_UNLINKED,False,False,0.0,True,0.0,0.0,0.0017456644895115748,0.04428817135215228,0.8188405797101449,0.7692307692307693,False,False,True,True,True,False,True,True,False,21,1100561000000,168230000000,-0.8471415941506195,False,False,False,False,1,7441000000,,,False,False,False,False,2,True,True,1,LIMITED,2,1,True,True,False,MULTIPLE_SIGNAL_REVIEW,REPEATED_OR_MULTIPLE,1,DETAILED_PROJECT_REVIEW,반복·복수 신호의 원인을 세부사업과 원문에서 확인,EXECUTION_MANAGEMENT;BUDGET_PERFORMANCE_MISMATCH;ACCOUNTING_ADJUSTMENT_CONTEXT,075:2023:보건:보건의료:2700:GENERAL_ACCOUNT,1,0.015344611947221287,equal_mean_of_three_signal_components,tiebreak_only,False,147.25,69.0,59.75,24.0,151,False,False,REPEATED_OR_MULTIPLE,READY_FOR_REVIEW,2,REPEATED_OR_MULTIPLE_INDEPENDENT_SIGNALS,NOT_ASSESSED,REVIEW_WORKFLOW_ORDER_NOT_POLICY_EFFECTIVENESS_RANK,37,25,48,31
보건복지부,2022,Ⅰ-5,사회복지기반조성,,,,,사회복지기반조성,2,2,2,2,0,0,2,ALL_COMPARABLE_AT_OR_ABOVE_TARGET,"[""MOHW-2022-I5-01"", ""MOHW-2022-I5-02""]",075,EXACT_NAME_UNIQUE_FINANCIAL,True,사회복지,사회복지일반,2600,사회복지기반조성,사회복지기반조성,GENERAL_ACCOUNT,366803000000,384621043390,357716709010,0.9300497597768737,COMPLETE,HIGH,27,27,0,"[""code:2022:075:110:2600:2631:300"", ""code:2022:075:110:2600:2631:302"", ""code:2022:075:110:2600:2631:303"", ""code:2022:075:110:2600:2631:304"", ""code:2022:075:110:2600:2631:305"", ""code:2022:075:110:2600:2631:308"", ""code:2022:075:110:2600:2631:312"", ""code:2022:075:110:2600:2631:326"", ""code:2022:075:110:2600:2631:327"", ""code:2022:075:110:2600:2631:330"", ""code:2022:075:110:2600:2632:300"", ""code:2022:075:110:2600:2632:302"", ""code:2022:075:110:2600:2632:313"", ""code:2022:075:110:2600:2633:300"", ""code:2022:075:110:2600:2635:303"", ""code:2022:075:110:2600:2635:310"", ""code:2022:075:110:2600:2635:312"", ""code:2022:075:110:2600:2635:314"", ""code:2022:075:110:2600:2636:313"", ""code:2022:075:110:2600:2636:314"", ""code:2022:075:110:2600:2639:301"", ""code:2022:075:110:2600:2639:306"", ""code:2022:075:110:2600:2639:307"", ""code:2022:075:110:2600:2640:300"", ""code:2022:075:110:2600:2640:304"", ""code:2022:075:110:2600:2640:305"", ""code:2022:075:110:2600:2640:312""]",JOINT_ANALYSIS,FULLY_REPORTED,FULLY_COMPARABLE,False,False,27,366803000000,0.1247590668560508,2,0.03630831808900145,2,0.009727292306769574,0,0.0,0,0.0,0,0.0,0,0.0,0,0,2,0.03776959294226056,0,0.0,MEDIUM,MULTIPLE_FINANCIAL_SIGNALS;REPEATED_MODERATE_LOW_EXECUTION;REPEATED_STRONG_LOW_EXECUTION,both,18,18,164419000000,164419000000,181091000000,184796000000,0.10139947329688175,0.12393336536531666,사회복지기반조성,576831000000,576831000000,2,"[""GENERAL_ACCOUNT"", ""SPECIAL_ACCOUNT""]",600826000000,600826000000,2,"[""GENERAL_ACCOUNT"", ""SPECIAL_ACCOUNT""]",False,False,,1.0,UNAVAILABLE_MIXED_OR_UNLINKED,False,576831000000,576831000000,2,"[""GENERAL_ACCOUNT"", ""SPECIAL_ACCOUNT""]",407833000000,407833000000,2,"[""GENERAL_ACCOUNT"", ""SPECIAL_ACCOUNT""]",False,False,,1.0,UNAVAILABLE_MIXED_OR_UNLINKED,False,False,0.0,True,0.0,0.0,0.03630831808900145,0.0,0.689922480620155,0.6285714285714286,False,False,True,False,False,False,False,False,False,18,164419000000,181091000000,0.10139947329688175,False,False,False,False,18,164419000000,184796000000,0.12393336536531666,False,False,False,False,2,True,True,1,LIMITED,1,0,True,True,False,MODERATE_OR_CONTEXT_REVIEW,REPEATED_OR_MULTIPLE,1,DETAILED_PROJECT_REVIEW,반복·복수 신호의 원인을 세부사업과 원문에서 확인,EXECUTION_MANAGEMENT,075:2022:사회복지:사회복지일반:2600:GENERAL_ACCOUNT,3,0.012102772696333816,equal_mean_of_three_signal_components,tiebreak_only,False,168.0,55.0,68.25,13.0,179,False,False,REPEATED_OR_MULTIPLE,READY_FOR_REVIEW,2,REPEATED_OR_MULTIPLE_INDEPENDENT_SIGNALS,NOT_ASSESSED,REVIEW_WORKFLOW_ORDER_NOT_POLICY_EFFECTIVENESS_RANK,38,26,49,32
중소벤처기업부,2024,Ⅲ-3,기술금융지원,,,,,기술금융지원,1,1,1,1,0,0,1,ALL_COMPARABLE_AT_OR_ABOVE_TARGET,"[""중기부-2024-III1-03""]",102,EXACT_NAME,True,산업·중소기업및에너지,창업및벤처,2400,기술금융지원,기술금융지원,FUND,1594802000000,1594802000000,1589929624209,0.9969448396785306,COMPLETE,HIGH,10,10,0,"[""code:2024:102:572:2400:2441:300"", ""code:2024:102:572:2400:2441:301"", ""code:2024:102:572:2400:2441:303"", ""code:2024:102:572:2400:2441:304"", ""code:2024:102:572:2400:2441:305"", ""code:2024:102:572:2400:2441:306"", ""code:2024:102:572:2400:2441:307"", ""code:2024:102:572:2400:2441:308"", ""code:2024:102:572:2400:2441:311"", ""code:2024:102:572:2400:2444:301""]",JOINT_ANALYSIS,FULLY_REPORTED,FULLY_COMPARABLE,False,False,10,1594802000000,1.0878566743708624,1,0.0021175042419058917,0,0.0,6,0.06860788988225498,0,0.0,0,0.0,0,0.0,10,1,6,0.06860788988225498,0,0.0,MEDIUM,MULTIPLE_FINANCIAL_SIGNALS;PROGRAM_BUDGET_CONCENTRATION;REPEATED_STRONG_LOW_EXECUTION;REPEATED_YEAR_END_CONCENTRATION,both,,,,,,,,,기술금융지원,1594802000000,1594802000000,1,"[""FUND""]",,1871171000000,1,"[""FUND""]",False,False,,1.0,PROGRAM_TOTAL_SINGLE_ACCOUNT,False,1594802000000,1594802000000,1,"[""FUND""]",,,,,False,False,,1.0,UNAVAILABLE_MIXED_OR_UNLINKED,False,False,0.0,True,0.0,0.0,0.03430394494112749,0.0,0.8540145985401459,0.85,False,False,True,False,False,True,False,False,False,,,,,False,False,False,False,,,,,False,False,False,False,2,True,True,1,LIMITED,1,1,True,True,False,MODERATE_OR_CONTEXT_REVIEW,REPEATED_OR_MULTIPLE,1,DETAILED_PROJECT_REVIEW,반복·복수 신호의 원인을 세부사업과 원문에서 확인,EXECUTION_MANAGEMENT;PROGRAM_STRUCTURE_CONTEXT,102:2024:산업·중소기업및에너지:창업및벤처:2400:FUND,3,0.011434648313709163,equal_mean_of_three_signal_components,tiebreak_only,False,137.5,76.0,29.0,16.0,140,False,False,REPEATED_OR_MULTIPLE,READY_FOR_REVIEW,2,REPEATED_OR_MULTIPLE_INDEPENDENT_SIGNALS,NOT_ASSESSED,REVIEW_WORKFLOW_ORDER_NOT_POLICY_EFFECTIVENESS_RANK,39,4,50,5
보건복지부,2023,Ⅱ-3,응급의료체계운영지원,,,,,응급의료체계운영지원,2,2,2,2,0,0,2,ALL_COMPARABLE_AT_OR_ABOVE_TARGET,"[""MOHW-2023-II3-01"", ""MOHW-2023-II3-02""]",075,EXACT_NAME_UNIQUE_FINANCIAL,True,보건,보건의료,2800,응급의료체계운영지원,응급의료체계운영지원,FUND,248941000000,251564257470,249925082250,0.9934840694918852,COMPLETE,HIGH,20,20,0,"[""code:2023:075:571:2800:2831:300"", ""code:2023:075:571:2800:2831:301"", ""code:2023:075:571:2800:2831:302"", ""code:2023:075:571:2800:2831:304"", ""code:2023:075:571:2800:2831:314"", ""code:2023:075:571:2800:2832:309"", ""code:2023:075:571:2800:2832:311"", ""code:2023:075:571:2800:2832:313"", ""code:2023:075:571:2800:2833:303"", ""code:2023:075:571:2800:2833:316"", ""code:2023:075:571:2800:2833:317"", ""code:2023:075:571:2800:2833:319"", ""code:2023:075:571:2800:2833:321"", ""code:2023:075:571:2800:2834:301"", ""code:2023:075:571:2800:2834:302"", ""code:2023:075:571:2800:2835:315"", ""code:2023:075:571:2800:2835:316"", ""code:2023:075:571:2800:2836:314"", ""code:2023:075:571:2800:2837:322"", ""code:2023:075:571:2800:2837:326""]",JOINT_ANALYSIS,FULLY_REPORTED,FULLY_COMPARABLE,False,False,20,248941000000,0.12016100200449102,0,0.0,2,0.0066079914517897815,2,0.057170172852201925,0,0.0,0,0.0,0,0.0,0,0,2,0.057170172852201925,0,0.0,MEDIUM,MULTIPLE_FINANCIAL_SIGNALS;REPEATED_MODERATE_LOW_EXECUTION;REPEATED_YEAR_END_CONCENTRATION,both,17,,245703000000,,278809000000,,0.13473990956561377,,응급의료체계운영지원,277455000000,277455000000,2,"[""FUND"", ""SPECIAL_ACCOUNT""]",308076000000,308076000000,2,"[""FUND"", ""SPECIAL_ACCOUNT""]",False,False,,1.0,UNAVAILABLE_MIXED_OR_UNLINKED,False,277455000000,277455000000,2,"[""FUND"", ""SPECIAL_ACCOUNT""]",,343146000000,2,"[""FUND"", ""SPECIAL_ACCOUNT""]",False,False,,1.0,UNAVAILABLE_MIXED_OR_UNLINKED,False,False,0.0,True,0.0,0.0,0.028585086426100963,0.0,0.6594202898550725,0.5897435897435898,False,False,True,False,False,False,False,False,False,17,245703000000,278809000000,0.13473990956561377,False,False,False,False,,,,,False,False,False,False,2,True,True,1,LIMITED,1,0,True,True,False,MODERATE_OR_CONTEXT_REVIEW,REPEATED_OR_MULTIPLE,1,DETAILED_PROJECT_REVIEW,반복·복수 신호의 원인을 세부사업과 원문에서 확인,EXECUTION_MANAGEMENT,075:2023:보건:보건의료:2800:FUND,3,0.009528362142033654,equal_mean_of_three_signal_components,tiebreak_only,False,175.5,53.0,72.0,12.0,187,False,False,REPEATED_OR_MULTIPLE,READY_FOR_REVIEW,2,REPEATED_OR_MULTIPLE_INDEPENDENT_SIGNALS,NOT_ASSESSED,REVIEW_WORKFLOW_ORDER_NOT_POLICY_EFFECTIVENESS_RANK,40,27,51,33
고용노동부,2024,Ⅲ-3,근로조건보호및복지증진,,,,,근로조건보호및복지증진,1,1,1,1,0,0,1,ALL_COMPARABLE_AT_OR_ABOVE_TARGET,"[""MOEL-2024-III3-01""]",019,EXACT_NAME_UNIQUE_FINANCIAL,True,사회복지,노동,3000,근로조건보호및복지증진,근로조건보호및복지증진,FUND,1024671000000,1024671000000,1015724274481,0.9912686847593032,COMPLETE,HIGH,10,10,0,"[""code:2024:019:547:3000:3051:300"", ""code:2024:019:547:3000:3052:302"", ""code:2024:019:547:3000:3054:304"", ""code:2024:019:558:3000:3061:301"", ""code:2024:019:558:3000:3061:318"", ""code:2024:019:558:3000:3061:322"", ""code:2024:019:558:3000:3061:500"", ""code:2024:019:558:3000:3062:306"", ""code:2024:019:558:3000:3064:308"", ""code:2024:019:558:3000:3068:324""]",JOINT_ANALYSIS,FULLY_REPORTED,FULLY_COMPARABLE,False,False,10,1024671000000,0.18694293095051973,1,0.021786505131891114,0,0.0,1,0.021786505131891114,1,0.11560979084994111,1,0.0037202184896420413,0,0.0,0,0,2,0.02416385356860885,0,0.0,MEDIUM,ACCOUNTING_ADJUSTMENT_PATTERN;BUDGET_RAPID_INCREASE;MULTIPLE_FINANCIAL_SIGNALS;REPEATED_STRONG_LOW_EXECUTION;REPEATED_YEAR_END_CONCENTRATION,both,,,,,,,,,근로조건보호및복지증진,1087011000000,1087011000000,2,"[""FUND"", ""GENERAL_ACCOUNT""]",,1140974000000,2,"[""FUND"", ""GENERAL_ACCOUNT""]",False,False,,1.0,UNAVAILABLE_MIXED_OR_UNLINKED,False,1087011000000,1087011000000,2,"[""FUND"", ""GENERAL_ACCOUNT""]",,,,,False,False,,1.0,UNAVAILABLE_MIXED_OR_UNLINKED,False,False,0.0,True,0.0,0.0,0.021786505131891114,0.0,0.8248175182481752,0.631578947368421,False,False,True,False,True,False,True,False,False,,,,,False,False,False,False,,,,,False,False,False,False,2,True,True,1,LIMITED,1,1,True,True,False,MODERATE_OR_CONTEXT_REVIEW,REPEATED_OR_MULTIPLE,1,DETAILED_PROJECT_REVIEW,반복·복수 신호의 원인을 세부사업과 원문에서 확인,EXECUTION_MANAGEMENT;ACCOUNTING_ADJUSTMENT_CONTEXT,019:2024:사회복지:노동:3000:FUND,3,0.007262168377297038,equal_mean_of_three_signal_components,tiebreak_only,False,149.25,72.0,30.5,8.0,154,False,False,REPEATED_OR_MULTIPLE,READY_FOR_REVIEW,2,REPEATED_OR_MULTIPLE_INDEPENDENT_SIGNALS,NOT_ASSESSED,REVIEW_WORKFLOW_ORDER_NOT_POLICY_EFFECTIVENESS_RANK,41,6,52,7
고용노동부,2023,Ⅲ-3,근로조건보호및복지증진,,,,,근로조건보호및복지증진,3,3,3,3,0,0,3,ALL_COMPARABLE_AT_OR_ABOVE_TARGET,"[""MOEL-2023-III3-01"", ""MOEL-2023-III3-02"", ""MOEL-2023-III3-03""]",019,EXACT_NAME,True,사회복지,노동,3000,근로조건보호및복지증진,근로조건보호및복지증진,FUND,1029040000000,1031336120000,1009124077293,0.9784628480703264,COMPLETE,HIGH,11,11,0,"[""code:2023:019:547:3000:3051:300"", ""code:2023:019:547:3000:3052:302"", ""code:2023:019:547:3000:3052:303"", ""code:2023:019:547:3000:3054:304"", ""code:2023:019:558:3000:3061:301"", ""code:2023:019:558:3000:3061:308"", ""code:2023:019:558:3000:3061:318"", ""code:2023:019:558:3000:3061:322"", ""code:2023:019:558:3000:3061:500"", ""code:2023:019:558:3000:3062:306"", ""code:2023:019:558:3000:3064:308""]",JOINT_ANALYSIS,FULLY_REPORTED,FULLY_COMPARABLE,False,False,11,1029040000000,0.49763177330327296,1,0.015183083262069502,0,0.0,1,0.015183083262069502,1,0.16520251885252274,1,0.08069365622327607,1,0.00539531990981886,0,0,5,0.11481866594107129,0,0.0,MEDIUM,ACCOUNTING_ADJUSTMENT_PATTERN;BUDGET_RAPID_DECREASE;BUDGET_RAPID_INCREASE;MULTIPLE_FINANCIAL_SIGNALS;REPEATED_STRONG_LOW_EXECUTION;REPEATED_YEAR_END_CONCENTRATION,both,9,,1028757000000,,1022235000000,,-0.00633968954767744,,근로조건보호및복지증진,1092209000000,1092209000000,2,"[""FUND"", ""GENERAL_ACCOUNT""]",1087011000000,1087011000000,2,"[""FUND"", ""GENERAL_ACCOUNT""]",False,False,,1.0,UNAVAILABLE_MIXED_OR_UNLINKED,False,1092209000000,1092209000000,2,"[""FUND"", ""GENERAL_ACCOUNT""]",,1140974000000,2,"[""FUND"", ""GENERAL_ACCOUNT""]",False,False,,1.0,UNAVAILABLE_MIXED_OR_UNLINKED,False,False,0.0,True,0.0,0.0,0.015183083262069502,0.00539531990981886,0.8115942028985508,0.5789473684210527,False,False,True,True,True,False,True,True,False,9,1028757000000,1022235000000,-0.00633968954767744,False,False,False,False,,,,,False,False,False,False,2,True,True,1,LIMITED,2,1,True,True,False,MULTIPLE_SIGNAL_REVIEW,REPEATED_OR_MULTIPLE,1,DETAILED_PROJECT_REVIEW,반복·복수 신호의 원인을 세부사업과 원문에서 확인,EXECUTION_MANAGEMENT;BUDGET_PERFORMANCE_MISMATCH;ACCOUNTING_ADJUSTMENT_CONTEXT,019:2023:사회복지:노동:3000:FUND,1,0.006859467723962787,equal_mean_of_three_signal_components,tiebreak_only,False,153.75,72.0,32.5,7.0,163,False,False,REPEATED_OR_MULTIPLE,READY_FOR_REVIEW,2,REPEATED_OR_MULTIPLE_INDEPENDENT_SIGNALS,NOT_ASSESSED,REVIEW_WORKFLOW_ORDER_NOT_POLICY_EFFECTIVENESS_RANK,42,7,53,8
보건복지부,2024,Ⅱ-3,응급의료체계운영지원,,,,,응급의료체계운영지원,1,1,1,1,0,0,1,ALL_COMPARABLE_AT_OR_ABOVE_TARGET,"[""MOHW-2024-II3-01""]",075,EXACT_NAME_UNIQUE_FINANCIAL,True,보건,보건의료,2800,응급의료체계운영지원,응급의료체계운영지원,FUND,278809000000,279204095680,270350644620,0.9682903968925044,COMPLETE,HIGH,17,17,0,"[""code:2024:075:571:2800:2831:300"", ""code:2024:075:571:2800:2831:301"", ""code:2024:075:571:2800:2831:302"", ""code:2024:075:571:2800:2832:309"", ""code:2024:075:571:2800:2832:311"", ""code:2024:075:571:2800:2832:313"", ""code:2024:075:571:2800:2833:303"", ""code:2024:075:571:2800:2833:316"", ""code:2024:075:571:2800:2833:317"", ""code:2024:075:571:2800:2833:319"", ""code:2024:075:571:2800:2833:321"", ""code:2024:075:571:2800:2834:301"", ""code:2024:075:571:2800:2834:302"", ""code:2024:075:571:2800:2835:315"", ""code:2024:075:571:2800:2835:316"", ""code:2024:075:571:2800:2836:314"", ""code:2024:075:571:2800:2837:322""]",JOINT_ANALYSIS,FULLY_REPORTED,FULLY_COMPARABLE,False,False,17,278809000000,0.15039686667216626,1,0.0007029902191105739,0,0.0,2,0.04087744656736332,0,0.0,2,0.1074104494474712,0,0.0,0,0,1,0.0007029902191105739,0,0.0,MEDIUM,BUDGET_RAPID_INCREASE;MULTIPLE_FINANCIAL_SIGNALS;REPEATED_STRONG_LOW_EXECUTION;REPEATED_YEAR_END_CONCENTRATION,both,,,,,,,,,응급의료체계운영지원,308076000000,308076000000,2,"[""FUND"", ""SPECIAL_ACCOUNT""]",,343146000000,2,"[""FUND"", ""SPECIAL_ACCOUNT""]",False,False,,1.0,UNAVAILABLE_MIXED_OR_UNLINKED,False,308076000000,308076000000,2,"[""FUND"", ""SPECIAL_ACCOUNT""]",,,,,False,False,,1.0,UNAVAILABLE_MIXED_OR_UNLINKED,False,False,0.0,True,0.0,0.0,0.02043872328368166,0.0,0.7007299270072993,0.6410256410256411,False,False,True,False,False,False,True,False,False,,,,,False,False,False,False,,,,,False,False,False,False,2,True,True,1,LIMITED,1,0,True,True,False,MODERATE_OR_CONTEXT_REVIEW,REPEATED_OR_MULTIPLE,1,DETAILED_PROJECT_REVIEW,반복·복수 신호의 원인을 세부사업과 원문에서 확인,EXECUTION_MANAGEMENT,075:2024:보건:보건의료:2800:FUND,3,0.00681290776122722,equal_mean_of_three_signal_components,tiebreak_only,False,170.25,60.0,68.75,17.0,183,False,False,REPEATED_OR_MULTIPLE,READY_FOR_REVIEW,2,REPEATED_OR_MULTIPLE_INDEPENDENT_SIGNALS,NOT_ASSESSED,REVIEW_WORKFLOW_ORDER_NOT_POLICY_EFFECTIVENESS_RANK,43,28,54,34
보건복지부,2024,Ⅳ-4,노인생활안정,,,,,노인생활안정,1,1,1,1,0,0,1,ALL_COMPARABLE_AT_OR_ABOVE_TARGET,"[""MOHW-2024-IV4-01""]",075,EXACT_NAME_UNIQUE_FINANCIAL,True,사회복지,노인,2100,노인생활안정,노인생활안정,GENERAL_ACCOUNT,22337160000000,22135883880000,21744518778940,0.9823198791978844,COMPLETE,HIGH,6,6,0,"[""code:2024:075:110:2100:2131:300"", ""code:2024:075:110:2100:2132:301"", ""code:2024:075:110:2100:2133:300"", ""code:2024:075:110:2100:2133:301"", ""code:2024:075:110:2100:2139:302"", ""code:2024:075:110:2100:2140:301""]",JOINT_ANALYSIS,FULLY_REPORTED,FULLY_COMPARABLE,False,False,6,22337160000000,1.00038330745717,0,0.0,1,1.969811739719821e-05,1,0.000363609339772827,0,0.0,0,0.0,0,0.0,6,1,2,0.0003833074571700252,0,0.0,MEDIUM,MULTIPLE_FINANCIAL_SIGNALS;PROGRAM_BUDGET_CONCENTRATION;REPEATED_MODERATE_LOW_EXECUTION;REPEATED_YEAR_END_CONCENTRATION,both,,,,,,,,,노인생활안정,22928108000000,22928108000000,2,"[""GENERAL_ACCOUNT"", ""SPECIAL_ACCOUNT""]",,24262585000000,2,"[""GENERAL_ACCOUNT"", ""SPECIAL_ACCOUNT""]",False,False,,1.0,UNAVAILABLE_MIXED_OR_UNLINKED,False,22928108000000,22928108000000,2,"[""GENERAL_ACCOUNT"", ""SPECIAL_ACCOUNT""]",,,,,False,False,,1.0,UNAVAILABLE_MIXED_OR_UNLINKED,False,False,0.0,True,0.0,0.0,0.0001818046698864135,0.0,0.9927007299270073,0.9743589743589743,False,False,True,False,False,True,False,False,False,,,,,False,False,False,False,,,,,False,False,False,False,2,True,True,1,LIMITED,1,1,True,True,False,MODERATE_OR_CONTEXT_REVIEW,REPEATED_OR_MULTIPLE,1,DETAILED_PROJECT_REVIEW,반복·복수 신호의 원인을 세부사업과 원문에서 확인,EXECUTION_MANAGEMENT;PROGRAM_STRUCTURE_CONTEXT,075:2024:사회복지:노인:2100:GENERAL_ACCOUNT,3,6.0601556628804496e-05,equal_mean_of_three_signal_components,tiebreak_only,False,122.5,101.0,48.25,38.0,117,False,False,REPEATED_OR_MULTIPLE,READY_FOR_REVIEW,2,REPEATED_OR_MULTIPLE_INDEPENDENT_SIGNALS,NOT_ASSESSED,REVIEW_WORKFLOW_ORDER_NOT_POLICY_EFFECTIVENESS_RANK,44,29,55,35
보건복지부,2024,Ⅳ-2,저출산대응및인구정책지원,,,,,저출산대응및인구정책지원,1,1,1,1,0,0,1,ALL_COMPARABLE_AT_OR_ABOVE_TARGET,"[""MOHW-2024-IV2-01""]",075,EXACT_NAME_UNIQUE_FINANCIAL,True,사회복지,아동·보육,2500,저출산대응및인구정책지원,저출산대응및인구정책지원,GENERAL_ACCOUNT,2559864000000,2560464137730,2560006099120,0.999821111101206,COMPLETE,HIGH,9,9,0,"[""code:2024:075:110:2500:2533:301"", ""code:2024:075:110:2500:2533:305"", ""code:2024:075:110:2500:2533:306"", ""code:2024:075:110:2500:2533:307"", ""code:2024:075:110:2500:2537:300"", ""code:2024:075:110:2500:2537:301"", ""code:2024:075:110:2500:2537:302"", ""code:2024:075:110:2500:2537:303"", ""code:2024:075:110:2500:2539:300""]",JOINT_ANALYSIS,FULLY_REPORTED,FULLY_COMPARABLE,False,False,9,2559864000000,1.0088637521368322,0,0.0,1,0.00033126759859117516,1,0.00033126759859117516,0,0.0,0,0.0,0,0.0,9,1,2,0.004431876068416134,0,0.0,MEDIUM,MULTIPLE_FINANCIAL_SIGNALS;PROGRAM_BUDGET_CONCENTRATION;REPEATED_MODERATE_LOW_EXECUTION;REPEATED_YEAR_END_CONCENTRATION,both,,,,,,,,,저출산대응및인구정책지원,2592070000000,2592070000000,2,"[""FUND"", ""GENERAL_ACCOUNT""]",,2421526000000,2,"[""FUND"", ""GENERAL_ACCOUNT""]",False,False,,1.0,UNAVAILABLE_MIXED_OR_UNLINKED,False,2592070000000,2592070000000,2,"[""FUND"", ""GENERAL_ACCOUNT""]",,,,,False,False,,1.0,UNAVAILABLE_MIXED_OR_UNLINKED,False,False,0.0,True,0.0,0.0,0.00016563379929558758,0.0,0.9124087591240876,0.8461538461538461,False,False,True,False,False,True,False,False,False,,,,,False,False,False,False,,,,,False,False,False,False,2,True,True,1,LIMITED,1,1,True,True,False,MODERATE_OR_CONTEXT_REVIEW,REPEATED_OR_MULTIPLE,1,DETAILED_PROJECT_REVIEW,반복·복수 신호의 원인을 세부사업과 원문에서 확인,EXECUTION_MANAGEMENT;PROGRAM_STRUCTURE_CONTEXT,075:2024:사회복지:아동·보육:2500:GENERAL_ACCOUNT,3,5.5211266431862524e-05,equal_mean_of_three_signal_components,tiebreak_only,False,139.75,89.0,58.25,30.0,142,False,False,REPEATED_OR_MULTIPLE,READY_FOR_REVIEW,2,REPEATED_OR_MULTIPLE_INDEPENDENT_SIGNALS,NOT_ASSESSED,REVIEW_WORKFLOW_ORDER_NOT_POLICY_EFFECTIVENESS_RANK,45,30,56,36
보건복지부,2023,Ⅰ-1,기초생활보장,,,,,기초생활보장,1,1,1,1,0,1,0,ALL_COMPARABLE_BELOW_TARGET,"[""MOHW-2023-I1-01""]",075,EXACT_NAME_UNIQUE_FINANCIAL,True,사회복지,기초생활보장,1100,기초생활보장,기초생활보장,GENERAL_ACCOUNT,16405912000000,16405500180000,15694013159380,0.9566311899781406,COMPLETE,HIGH,8,8,0,"[""code:2023:075:110:1100:1131:300"", ""code:2023:075:110:1100:1131:303"", ""code:2023:075:110:1100:1132:302"", ""code:2023:075:110:1100:1133:300"", ""code:2023:075:110:1100:1137:300"", ""code:2023:075:110:1100:1137:306"", ""code:2023:075:110:1100:1137:309"", ""code:2023:075:110:1100:1137:311""]",JOINT_ANALYSIS,FULLY_REPORTED,FULLY_COMPARABLE,False,False,8,16405912000000,0.5823305647378823,1,1.2190727342679882e-07,0,0.0,0,0.0,0,0.0,1,0.013875851583258523,0,0.0,0,0,2,0.01387597349053195,0,0.0,MEDIUM,BUDGET_RAPID_INCREASE;MULTIPLE_FINANCIAL_SIGNALS;REPEATED_STRONG_LOW_EXECUTION,both,8,,16405912000000,,17919672000000,,0.0922691771112755,,기초생활보장,16405912000000,16405912000000,1,"[""GENERAL_ACCOUNT""]",17919672000000,17919672000000,1,"[""GENERAL_ACCOUNT""]",False,True,0.0922691771112755,1.0,PROGRAM_TOTAL_SINGLE_ACCOUNT,True,16405912000000,16405912000000,1,"[""GENERAL_ACCOUNT""]",,18816647000000,1,"[""GENERAL_ACCOUNT""]",False,False,,1.0,PROGRAM_TOTAL_SINGLE_ACCOUNT,False,True,0.0,True,1.0,0.0,1.2190727342679882e-07,0.013875851583258523,0.9855072463768116,0.9487179487179487,False,True,True,True,False,False,True,False,True,8,16405912000000,17919672000000,0.0922691771112755,True,True,False,False,,,,,False,False,False,False,1,True,True,3,LIMITED,3,0,True,True,False,MULTIPLE_SIGNAL_REVIEW,REPEATED_OR_MULTIPLE,1,DETAILED_PROJECT_REVIEW,반복·복수 신호의 원인을 세부사업과 원문에서 확인,PERFORMANCE_BELOW_TARGET;EXECUTION_MANAGEMENT;BUDGET_PERFORMANCE_MISMATCH;LOW_PERFORMANCE_BUDGET_INCREASE_T1,075:2023:사회복지:기초생활보장:1100:GENERAL_ACCOUNT,1,0.33795865783017737,equal_mean_of_three_signal_components,tiebreak_only,False,16.0,32.0,9.0,22.0,8,False,False,REPEATED_OR_MULTIPLE,READY_FOR_REVIEW,2,REPEATED_OR_MULTIPLE_INDEPENDENT_SIGNALS,NOT_ASSESSED,REVIEW_WORKFLOW_ORDER_NOT_POLICY_EFFECTIVENESS_RANK,46,31,57,37
보건복지부,2023,Ⅲ-3,국립정신건강센터,,,,,국립정신건강센터,2,2,2,2,0,1,1,MIXED_COMPARABLE,"[""MOHW-2023-III3-01"", ""MOHW-2023-III3-02""]",075,EXACT_NAME,True,보건,보건의료,3700,국립정신건강센터,국립정신건강센터,RESPONSIBLE_OPERATION_ACCOUNT,17756000000,18586271000,16332823000,0.8787573903339728,COMPLETE,HIGH,8,8,0,"[""code:2023:075:433:3700:3702:100"", ""code:2023:075:433:3700:3718:200"", ""code:2023:075:433:3700:3719:250"", ""code:2023:075:433:3700:3722:250"", ""code:2023:075:433:3700:3722:260"", ""code:2023:075:433:3700:3731:304"", ""code:2023:075:433:3700:3731:311"", ""code:2023:075:433:3700:3731:319"", ""code:2023:075:433:3700:3731:650"", ""code:2023:075:433:3700:3761:300"", ""code:2023:075:433:3700:3762:500"", ""code:2023:075:433:3700:3763:301"", ""code:2023:075:433:3700:3763:302""]",JOINT_ANALYSIS,FULLY_REPORTED,FULLY_COMPARABLE,False,True,8,17756000000,1.8559360216264924,0,0.0,2,0.7891416985807614,0,0.0,0,0.0,1,0.02111962153638207,0,0.0,8,1,3,0.8102613201171435,0,0.0,MEDIUM,BUDGET_RAPID_INCREASE;MULTIPLE_FINANCIAL_SIGNALS;PROGRAM_BUDGET_CONCENTRATION;REPEATED_MODERATE_LOW_EXECUTION,both,7,,17256000000,,18736000000,,0.08576726935558646,,국립정신건강센터,44133000000,17756000000,1,"[""RESPONSIBLE_OPERATION_ACCOUNT""]",45518000000,18736000000,1,"[""RESPONSIBLE_OPERATION_ACCOUNT""]",False,True,0.03138241225386899,0.4023293227290236,PROGRAM_TOTAL_SINGLE_ACCOUNT,False,44133000000,17756000000,1,"[""RESPONSIBLE_OPERATION_ACCOUNT""]",,18567000000,1,"[""RESPONSIBLE_OPERATION_ACCOUNT""]",False,False,,0.4023293227290236,PROGRAM_TOTAL_SINGLE_ACCOUNT,False,False,0.0,True,0.5,0.5,0.5,0.010559810768191034,0.18115942028985507,0.23076923076923078,False,True,True,True,False,True,True,False,False,7,17256000000,18736000000,0.08576726935558646,False,True,False,False,,,,,False,False,False,True,1,True,True,3,LIMITED,3,1,True,True,False,MULTIPLE_SIGNAL_REVIEW,REPEATED_OR_MULTIPLE,1,DETAILED_PROJECT_REVIEW,반복·복수 신호의 원인을 세부사업과 원문에서 확인,PERFORMANCE_BELOW_TARGET;EXECUTION_MANAGEMENT;BUDGET_PERFORMANCE_MISMATCH;PROGRAM_STRUCTURE_CONTEXT;LOW_PERFORMANCE_BUDGET_INCREASE_T1,075:2023:보건:보건의료:3700:RESPONSIBLE_OPERATION_ACCOUNT,1,0.33685327025606365,equal_mean_of_three_signal_components,tiebreak_only,False,74.0,109.0,31.0,28.0,67,False,False,REPEATED_OR_MULTIPLE,READY_FOR_REVIEW,2,REPEATED_OR_MULTIPLE_INDEPENDENT_SIGNALS,NOT_ASSESSED,REVIEW_WORKFLOW_ORDER_NOT_POLICY_EFFECTIVENESS_RANK,47,32,58,38
보건복지부,2023,Ⅳ-3,보육지원강화,,,,,보육지원강화,2,2,2,2,0,1,1,MIXED_COMPARABLE,"[""MOHW-2023-IV3-01"", ""MOHW-2023-IV3-02""]",075,EXACT_NAME_UNIQUE_FINANCIAL,True,사회복지,아동·보육,3100,보육지원강화,보육지원강화,GENERAL_ACCOUNT,6678017000000,6846304332000,6845073237070,0.9998201810976696,COMPLETE,HIGH,15,15,0,"[""code:2023:075:110:3100:3133:331"", ""code:2023:075:110:3100:3133:336"", ""code:2023:075:110:3100:3134:341"", ""code:2023:075:110:3100:3134:344"", ""code:2023:075:110:3100:3135:350"", ""code:2023:075:110:3100:3135:353"", ""code:2023:075:110:3100:3135:354"", ""code:2023:075:110:3100:3135:365"", ""code:2023:075:110:3100:3135:367"", ""code:2023:075:110:3100:3135:372"", ""code:2023:075:110:3100:3135:373"", ""code:2023:075:110:3100:3140:403"", ""code:2023:075:110:3100:3140:404"", ""code:2023:075:110:3100:3141:300"", ""code:2023:075:110:3100:3143:300""]",JOINT_ANALYSIS,FULLY_REPORTED,FULLY_COMPARABLE,False,False,15,6678017000000,0.2528490119147645,0,0.0,1,0.0006970632150232622,0,0.0,0,0.0,1,0.24280471283616079,1,0.00014974505156246232,0,0,2,0.0008468082665857245,0,0.0,MEDIUM,BUDGET_RAPID_DECREASE;BUDGET_RAPID_INCREASE;MULTIPLE_FINANCIAL_SIGNALS;REPEATED_MODERATE_LOW_EXECUTION,both,2,,1623346000000,,2890008000000,,0.7802785111738347,,보육지원강화,6678017000000,6678017000000,1,"[""GENERAL_ACCOUNT""]",7609545000000,7609545000000,1,"[""GENERAL_ACCOUNT""]",False,True,0.1394917083918774,1.0,PROGRAM_TOTAL_SINGLE_ACCOUNT,False,6678017000000,6678017000000,1,"[""GENERAL_ACCOUNT""]",,2135263000000,1,"[""GENERAL_ACCOUNT""]",False,False,,1.0,PROGRAM_TOTAL_SINGLE_ACCOUNT,False,False,0.0,True,0.5,0.0,0.0003485316075116311,0.12140235641808039,0.9565217391304348,0.8974358974358975,False,True,True,True,False,False,True,True,False,2,1623346000000,2890008000000,0.7802785111738347,False,True,False,False,,,,,False,False,False,False,1,True,True,3,LIMITED,3,0,True,True,False,MULTIPLE_SIGNAL_REVIEW,REPEATED_OR_MULTIPLE,1,DETAILED_PROJECT_REVIEW,반복·복수 신호의 원인을 세부사업과 원문에서 확인,PERFORMANCE_BELOW_TARGET;EXECUTION_MANAGEMENT;BUDGET_PERFORMANCE_MISMATCH;LOW_PERFORMANCE_BUDGET_INCREASE_T1,075:2023:사회복지:아동·보육:3100:GENERAL_ACCOUNT,1,0.20725029600853065,equal_mean_of_three_signal_components,tiebreak_only,False,48.0,54.0,22.5,31.0,43,False,False,REPEATED_OR_MULTIPLE,READY_FOR_REVIEW,2,REPEATED_OR_MULTIPLE_INDEPENDENT_SIGNALS,NOT_ASSESSED,REVIEW_WORKFLOW_ORDER_NOT_POLICY_EFFECTIVENESS_RANK,48,33,59,39
보건복지부,2023,Ⅱ-6,건강보험제도 운영,,,,,건강보험제도운영,2,2,2,2,0,1,1,MIXED_COMPARABLE,"[""MOHW-2023-II6-01"", ""MOHW-2023-II6-02""]",075,EXACT_NAME,True,보건,건강보험,4900,건강보험제도 운영,건강보험제도 운영,FUND,1820839000000,1820839000000,1820839000000,1.0,COMPLETE,HIGH,1,1,0,"[""code:2023:075:542:4900:4932:300""]",JOINT_ANALYSIS,FULLY_REPORTED,FULLY_COMPARABLE,False,False,1,1820839000000,3.0,0,0.0,0,0.0,1,1.0,0,0.0,0,0.0,0,0.0,1,1,1,1.0,0,0.0,HIGH,MULTIPLE_FINANCIAL_SIGNALS;PROGRAM_BUDGET_CONCENTRATION;REPEATED_YEAR_END_CONCENTRATION,both,1,,1820839000000,,1902181000000,,0.04467281291756163,,건강보험제도 운영,12410199000000,12410199000000,2,"[""FUND"", ""GENERAL_ACCOUNT""]",13706994000000,13706994000000,2,"[""FUND"", ""GENERAL_ACCOUNT""]",False,False,,1.0,UNAVAILABLE_MIXED_OR_UNLINKED,False,12410199000000,12410199000000,2,"[""FUND"", ""GENERAL_ACCOUNT""]",,14132649000000,2,"[""FUND"", ""GENERAL_ACCOUNT""]",False,False,,1.0,UNAVAILABLE_MIXED_OR_UNLINKED,False,False,0.0,True,0.5,0.0,0.5,0.0,0.8623188405797102,0.7948717948717948,False,True,True,False,False,True,False,False,True,1,1820839000000,1902181000000,0.04467281291756163,True,False,False,False,,,,,False,False,False,False,1,True,True,2,CONFIRMED,2,1,True,True,False,MULTIPLE_SIGNAL_REVIEW,REPEATED_OR_MULTIPLE,1,DETAILED_PROJECT_REVIEW,반복·복수 신호의 원인을 세부사업과 원문에서 확인,PERFORMANCE_BELOW_TARGET;EXECUTION_MANAGEMENT;PROGRAM_STRUCTURE_CONTEXT,075:2023:보건:건강보험:4900:FUND,1,0.3333333333333333,equal_mean_of_three_signal_components,tiebreak_only,False,24.5,32.0,11.75,15.0,15,False,False,REPEATED_OR_MULTIPLE,READY_FOR_REVIEW,2,REPEATED_OR_MULTIPLE_INDEPENDENT_SIGNALS,NOT_ASSESSED,REVIEW_WORKFLOW_ORDER_NOT_POLICY_EFFECTIVENESS_RANK,49,34,60,40
고용노동부,2023,Ⅱ-1,직업능력개발,,,,,직업능력개발,3,3,3,3,0,3,0,ALL_COMPARABLE_BELOW_TARGET,"[""MOEL-2023-II1-01"", ""MOEL-2023-II1-02"", ""MOEL-2023-II1-03""]",019,EXACT_NAME_UNIQUE_FINANCIAL,True,사회복지,고용,1100,직업능력개발,직업능력개발,FUND,1894749000000,1894825000000,1637521231620,0.8642071070521025,COMPLETE,HIGH,8,8,0,"[""code:2023:019:541:1100:1151:352"", ""code:2023:019:541:1100:1152:350"", ""code:2023:019:541:1100:1153:350"", ""code:2023:019:541:1100:1154:350"", ""code:2023:019:541:1100:1154:355"", ""code:2023:019:541:1100:1154:356"", ""code:2023:019:541:1100:1155:350"", ""code:2023:019:541:1100:1160:352""]",JOINT_ANALYSIS,FULLY_REPORTED,FULLY_COMPARABLE,False,True,8,1894749000000,0.9111760977311507,1,0.46830055062702236,0,0.0,0,0.0,2,0.28812576230413633,0,0.0,0,0.0,0,0,1,0.07627448279429096,0,0.0,MEDIUM,ACCOUNTING_ADJUSTMENT_PATTERN;MULTIPLE_FINANCIAL_SIGNALS;REPEATED_STRONG_LOW_EXECUTION,both,6,,1881161000000,,1628382000000,,-0.1343739318431543,,직업능력개발,3102251000000,3102251000000,3,"[""FUND"", ""GENERAL_ACCOUNT"", ""SPECIAL_ACCOUNT""]",2971875000000,2971875000000,3,"[""FUND"", ""GENERAL_ACCOUNT"", ""SPECIAL_ACCOUNT""]",False,False,,1.0,UNAVAILABLE_MIXED_OR_UNLINKED,False,3102251000000,3102251000000,3,"[""FUND"", ""GENERAL_ACCOUNT"", ""SPECIAL_ACCOUNT""]",,2733240000000,3,"[""FUND"", ""GENERAL_ACCOUNT"", ""SPECIAL_ACCOUNT""]",False,False,,1.0,UNAVAILABLE_MIXED_OR_UNLINKED,False,False,0.0,True,1.0,0.5,0.5,0.0,0.8695652173913043,0.7368421052631579,False,True,True,False,True,False,False,False,False,6,1881161000000,1628382000000,-0.1343739318431543,False,False,False,False,,,,,False,False,False,True,1,True,True,2,LIMITED,2,1,True,True,False,MULTIPLE_SIGNAL_REVIEW,REPEATED_OR_MULTIPLE,1,DETAILED_PROJECT_REVIEW,반복·복수 신호의 원인을 세부사업과 원문에서 확인,PERFORMANCE_BELOW_TARGET;EXECUTION_MANAGEMENT;ACCOUNTING_ADJUSTMENT_CONTEXT,019:2023:사회복지:고용:1100:FUND,1,0.5,equal_mean_of_three_signal_components,tiebreak_only,False,4.5,11.0,3.25,3.0,1,False,True,REPEATED_OR_MULTIPLE,READY_FOR_REVIEW,2,REPEATED_OR_MULTIPLE_INDEPENDENT_SIGNALS,NOT_ASSESSED,REVIEW_WORKFLOW_ORDER_NOT_POLICY_EFFECTIVENESS_RANK,50,8,61,9
고용노동부,2024,Ⅱ-1,직업능력개발,,,,,직업능력개발,1,1,1,1,0,1,0,ALL_COMPARABLE_BELOW_TARGET,"[""MOEL-2024-II1-01""]",019,EXACT_NAME_UNIQUE_FINANCIAL,True,사회복지,고용,1100,직업능력개발,직업능력개발,FUND,1628382000000,1628414000000,1445126390450,0.8874440961880701,COMPLETE,HIGH,6,6,0,"[""code:2024:019:541:1100:1151:352"", ""code:2024:019:541:1100:1152:350"", ""code:2024:019:541:1100:1153:350"", ""code:2024:019:541:1100:1154:356"", ""code:2024:019:541:1100:1155:350"", ""code:2024:019:541:1100:1160:352""]",JOINT_ANALYSIS,FULLY_REPORTED,FULLY_COMPARABLE,False,True,6,1628382000000,1.1292767913180077,2,0.4709177576268959,0,0.0,0,0.0,1,0.0767633147504701,0,0.0,0,0.0,0,0,3,0.547681072377366,0,0.0,MEDIUM,ACCOUNTING_ADJUSTMENT_PATTERN;MULTIPLE_FINANCIAL_SIGNALS;REPEATED_STRONG_LOW_EXECUTION,both,,,,,,,,,직업능력개발,2971875000000,2971875000000,3,"[""FUND"", ""GENERAL_ACCOUNT"", ""SPECIAL_ACCOUNT""]",,2733240000000,3,"[""FUND"", ""GENERAL_ACCOUNT"", ""SPECIAL_ACCOUNT""]",False,False,,1.0,UNAVAILABLE_MIXED_OR_UNLINKED,False,2971875000000,2971875000000,3,"[""FUND"", ""GENERAL_ACCOUNT"", ""SPECIAL_ACCOUNT""]",,,,,False,False,,1.0,UNAVAILABLE_MIXED_OR_UNLINKED,False,False,0.0,True,1.0,0.5,0.5,0.0,0.8613138686131386,0.7894736842105263,False,True,True,False,True,False,False,False,False,,,,,False,False,False,False,,,,,False,False,False,True,1,True,True,2,LIMITED,2,1,True,True,False,MULTIPLE_SIGNAL_REVIEW,REPEATED_OR_MULTIPLE,1,DETAILED_PROJECT_REVIEW,반복·복수 신호의 원인을 세부사업과 원문에서 확인,PERFORMANCE_BELOW_TARGET;EXECUTION_MANAGEMENT;ACCOUNTING_ADJUSTMENT_CONTEXT,019:2024:사회복지:고용:1100:FUND,1,0.5,equal_mean_of_three_signal_components,tiebreak_only,False,5.5,11.0,1.75,3.0,2,False,True,REPEATED_OR_MULTIPLE,READY_FOR_REVIEW,2,REPEATED_OR_MULTIPLE_INDEPENDENT_SIGNALS,NOT_ASSESSED,REVIEW_WORKFLOW_ORDER_NOT_POLICY_EFFECTIVENESS_RANK,51,9,62,10
보건복지부,2024,Ⅲ-1,소록도병원,,,,,소록도병원,1,1,1,1,0,1,0,ALL_COMPARABLE_BELOW_TARGET,"[""MOHW-2024-III1-01""]",075,EXACT_NAME,True,보건,보건의료,4500,소록도병원,소록도병원,GENERAL_ACCOUNT,9529000000,10811165220,9332871420,0.8632623061513068,COMPLETE,HIGH,4,4,0,"[""code:2024:075:110:4500:4533:300"", ""code:2024:075:110:4500:4533:301"", ""code:2024:075:110:4500:4533:302"", ""code:2024:075:110:4500:4533:500""]",JOINT_ANALYSIS,FULLY_REPORTED,FULLY_COMPARABLE,False,True,4,9529000000,0.5991184804281666,0,0.0,1,0.5991184804281666,0,0.0,0,0.0,0,0.0,0,0.0,0,0,0,0.0,0,0.0,MEDIUM,REPEATED_MODERATE_LOW_EXECUTION,both,,,,,,,,,소록도병원,9529000000,9529000000,1,"[""GENERAL_ACCOUNT""]",,9924000000,1,"[""GENERAL_ACCOUNT""]",False,False,,1.0,PROGRAM_TOTAL_SINGLE_ACCOUNT,False,9529000000,9529000000,1,"[""GENERAL_ACCOUNT""]",,,,,False,False,,1.0,UNAVAILABLE_MIXED_OR_UNLINKED,False,False,0.0,True,1.0,0.5,0.5,0.0,0.1386861313868613,0.20512820512820512,False,True,True,False,False,False,False,False,False,,,,,False,False,False,False,,,,,False,False,False,True,1,True,True,2,LIMITED,2,0,True,True,False,MULTIPLE_SIGNAL_REVIEW,REPEATED_OR_MULTIPLE,1,DETAILED_PROJECT_REVIEW,반복·복수 신호의 원인을 세부사업과 원문에서 확인,PERFORMANCE_BELOW_TARGET;EXECUTION_MANAGEMENT,075:2024:보건:보건의료:4500:GENERAL_ACCOUNT,1,0.5,equal_mean_of_three_signal_components,tiebreak_only,False,39.75,81.0,14.25,20.0,35,False,False,REPEATED_OR_MULTIPLE,READY_FOR_REVIEW,2,REPEATED_OR_MULTIPLE_INDEPENDENT_SIGNALS,NOT_ASSESSED,REVIEW_WORKFLOW_ORDER_NOT_POLICY_EFFECTIVENESS_RANK,52,35,63,41
보건복지부,2022,Ⅰ-2,노숙인의사상자지원,,,,,노숙인의사상자지원,2,2,2,2,0,1,1,MIXED_COMPARABLE,"[""MOHW-2022-I2-01"", ""MOHW-2022-I2-02""]",075,EXACT_NAME,True,사회복지,취약계층지원,1900,노숙인의사상자지원,노숙인의사상자지원,GENERAL_ACCOUNT,7812000000,7812000000,6006928890,0.7689361098310292,COMPLETE,HIGH,3,3,0,"[""code:2022:075:110:1900:1931:304"", ""code:2022:075:110:1900:1932:300"", ""code:2022:075:110:1900:1932:301""]",JOINT_ANALYSIS,FULLY_REPORTED,FULLY_COMPARABLE,True,True,3,7812000000,0.7282386072708653,1,0.3604710701484895,0,0.0,0,0.0,0,0.0,0,0.0,0,0.0,0,0,1,0.3604710701484895,0,0.0,MEDIUM,MULTIPLE_FINANCIAL_SIGNALS;REPEATED_STRONG_LOW_EXECUTION,both,3,3,7812000000,7812000000,7748000000,7136000000,-0.00819252432155658,-0.08653353814644137,노숙인의사상자지원,7812000000,7812000000,1,"[""GENERAL_ACCOUNT""]",7748000000,7748000000,1,"[""GENERAL_ACCOUNT""]",False,True,-0.00819252432155658,1.0,PROGRAM_TOTAL_SINGLE_ACCOUNT,True,7812000000,7812000000,1,"[""GENERAL_ACCOUNT""]",7136000000,7136000000,1,"[""GENERAL_ACCOUNT""]",False,True,-0.08653353814644137,1.0,PROGRAM_TOTAL_SINGLE_ACCOUNT,True,True,0.0,True,0.5,1.0,1.0,0.0,0.10852713178294573,0.14285714285714285,False,True,True,False,False,False,False,False,True,3,7812000000,7748000000,-0.00819252432155658,True,False,False,True,3,7812000000,7136000000,-0.08653353814644137,True,False,False,True,1,True,True,2,LIMITED,2,0,True,True,False,MULTIPLE_SIGNAL_REVIEW,REPEATED_OR_MULTIPLE,1,DETAILED_PROJECT_REVIEW,반복·복수 신호의 원인을 세부사업과 원문에서 확인,PERFORMANCE_BELOW_TARGET;EXECUTION_MANAGEMENT,075:2022:사회복지:취약계층지원:1900:GENERAL_ACCOUNT,1,0.5,equal_mean_of_three_signal_components,tiebreak_only,False,48.0,94.0,17.25,30.0,44,False,False,REPEATED_OR_MULTIPLE,READY_FOR_REVIEW,2,REPEATED_OR_MULTIPLE_INDEPENDENT_SIGNALS,NOT_ASSESSED,REVIEW_WORKFLOW_ORDER_NOT_POLICY_EFFECTIVENESS_RANK,53,36,64,42
보건복지부,2023,Ⅳ-2,저출산대응및인구정책지원,,,,,저출산대응및인구정책지원,2,2,2,2,0,2,0,ALL_COMPARABLE_BELOW_TARGET,"[""MOHW-2023-IV2-01"", ""MOHW-2023-IV2-02""]",075,EXACT_NAME_UNIQUE_FINANCIAL,True,사회복지,아동·보육,2500,저출산대응및인구정책지원,저출산대응및인구정책지원,FUND,19906000000,19906000000,17998885370,0.9041939802069728,COMPLETE,HIGH,2,2,0,"[""code:2023:075:542:2500:2535:302"", ""code:2023:075:542:2500:2535:307""]",JOINT_ANALYSIS,FULLY_REPORTED,FULLY_COMPARABLE,False,False,2,19906000000,1.67296292575103,0,0.0,1,0.6729629257510299,0,0.0,0,0.0,0,0.0,0,0.0,2,1,1,0.6729629257510299,0,0.0,MEDIUM,MULTIPLE_FINANCIAL_SIGNALS;PROGRAM_BUDGET_CONCENTRATION;REPEATED_MODERATE_LOW_EXECUTION,both,2,,19906000000,,32206000000,,0.6179041495026625,,저출산대응및인구정책지원,2645207000000,2645207000000,2,"[""FUND"", ""GENERAL_ACCOUNT""]",2592070000000,2592070000000,2,"[""FUND"", ""GENERAL_ACCOUNT""]",False,False,,1.0,UNAVAILABLE_MIXED_OR_UNLINKED,False,2645207000000,2645207000000,2,"[""FUND"", ""GENERAL_ACCOUNT""]",,2421526000000,2,"[""FUND"", ""GENERAL_ACCOUNT""]",False,False,,1.0,UNAVAILABLE_MIXED_OR_UNLINKED,False,False,0.0,True,1.0,0.0,0.33648146287551495,0.0,0.2028985507246377,0.2564102564102564,False,True,True,False,False,True,False,False,True,2,19906000000,32206000000,0.6179041495026625,True,False,False,False,,,,,False,False,False,False,1,True,True,2,LIMITED,2,1,True,True,False,MULTIPLE_SIGNAL_REVIEW,REPEATED_OR_MULTIPLE,1,DETAILED_PROJECT_REVIEW,반복·복수 신호의 원인을 세부사업과 원문에서 확인,PERFORMANCE_BELOW_TARGET;EXECUTION_MANAGEMENT;PROGRAM_STRUCTURE_CONTEXT,075:2023:사회복지:아동·보육:2500:FUND,1,0.4454938209585049,equal_mean_of_three_signal_components,tiebreak_only,False,46.25,78.0,19.0,23.0,42,False,False,REPEATED_OR_MULTIPLE,READY_FOR_REVIEW,2,REPEATED_OR_MULTIPLE_INDEPENDENT_SIGNALS,NOT_ASSESSED,REVIEW_WORKFLOW_ORDER_NOT_POLICY_EFFECTIVENESS_RANK,54,37,65,43
고용노동부,2023,Ⅱ-2,고용안전망확충,,,,,고용안전망확충,3,3,3,3,0,1,2,MIXED_COMPARABLE,"[""MOEL-2023-II2-01"", ""MOEL-2023-II2-02"", ""MOEL-2023-II2-03""]",019,EXACT_NAME_UNIQUE_FINANCIAL,True,사회복지,고용,1200,고용안전망확충,고용안전망확충,GENERAL_ACCOUNT,2342583000000,2342744777500,1825013813260,0.7790066723390657,COMPLETE,HIGH,5,5,0,"[""code:2023:019:110:1200:1231:300"", ""code:2023:019:110:1200:1232:351"", ""code:2023:019:110:1200:1233:300"", ""code:2023:019:110:1200:1234:300"", ""code:2023:019:110:1200:1236:300""]",JOINT_ANALYSIS,FULLY_REPORTED,FULLY_COMPARABLE,True,True,5,2342583000000,2.508291915377171,1,0.5231212725440251,0,0.0,0,0.0,0,0.0,0,0.0,1,0.0025544452427085826,5,1,4,0.9851706428331461,0,0.0,LOW,BUDGET_RAPID_DECREASE;MULTIPLE_FINANCIAL_SIGNALS;PROGRAM_BUDGET_CONCENTRATION;REPEATED_STRONG_LOW_EXECUTION,both,4,,2342583000000,,1816210000000,,-0.2246976948095329,,고용안전망확충,14212898000000,14212898000000,2,"[""FUND"", ""GENERAL_ACCOUNT""]",14216574000000,14216574000000,2,"[""FUND"", ""GENERAL_ACCOUNT""]",False,False,,1.0,UNAVAILABLE_MIXED_OR_UNLINKED,False,14212898000000,14212898000000,2,"[""FUND"", ""GENERAL_ACCOUNT""]",,15141637000000,2,"[""FUND"", ""GENERAL_ACCOUNT""]",False,False,,1.0,UNAVAILABLE_MIXED_OR_UNLINKED,False,False,0.0,True,0.3333333333333333,1.0,1.0,0.0017029634951390552,0.9130434782608695,0.8421052631578947,False,True,True,True,False,True,False,True,True,4,2342583000000,1816210000000,-0.2246976948095329,True,False,False,False,,,,,False,False,False,True,1,True,True,2,LIMITED,3,1,True,True,False,MULTIPLE_SIGNAL_REVIEW,REPEATED_OR_MULTIPLE,1,DETAILED_PROJECT_REVIEW,반복·복수 신호의 원인을 세부사업과 원문에서 확인,PERFORMANCE_BELOW_TARGET;EXECUTION_MANAGEMENT;BUDGET_PERFORMANCE_MISMATCH;PROGRAM_STRUCTURE_CONTEXT,019:2023:사회복지:고용:1200:GENERAL_ACCOUNT,1,0.4450120989428241,equal_mean_of_three_signal_components,tiebreak_only,False,14.25,41.0,4.0,7.0,5,False,False,REPEATED_OR_MULTIPLE,READY_FOR_REVIEW,2,REPEATED_OR_MULTIPLE_INDEPENDENT_SIGNALS,NOT_ASSESSED,REVIEW_WORKFLOW_ORDER_NOT_POLICY_EFFECTIVENESS_RANK,55,10,66,11
고용노동부,2023,Ⅱ-1,직업능력개발,,,,,직업능력개발,3,3,3,3,0,3,0,ALL_COMPARABLE_BELOW_TARGET,"[""MOEL-2023-II1-01"", ""MOEL-2023-II1-02"", ""MOEL-2023-II1-03""]",019,EXACT_NAME_UNIQUE_FINANCIAL,True,사회복지,고용,1100,직업능력개발,직업능력개발,SPECIAL_ACCOUNT,83600000000,84448000000,84446462910,0.9999817983848048,COMPLETE,HIGH,2,2,0,"[""code:2023:019:239:1100:1135:750"", ""code:2023:019:239:1100:1136:309""]",JOINT_ANALYSIS,FULLY_REPORTED,FULLY_COMPARABLE,False,False,2,83600000000,0.8029904306220096,0,0.0,0,0.0,1,0.4014952153110048,0,0.0,0,0.0,0,0.0,0,0,1,0.4014952153110048,0,0.0,MEDIUM,MULTIPLE_FINANCIAL_SIGNALS;REPEATED_YEAR_END_CONCENTRATION,both,2,,83600000000,,89591000000,,0.07166267942583732,,직업능력개발,3102251000000,3102251000000,3,"[""FUND"", ""GENERAL_ACCOUNT"", ""SPECIAL_ACCOUNT""]",2971875000000,2971875000000,3,"[""FUND"", ""GENERAL_ACCOUNT"", ""SPECIAL_ACCOUNT""]",False,False,,1.0,UNAVAILABLE_MIXED_OR_UNLINKED,False,3102251000000,3102251000000,3,"[""FUND"", ""GENERAL_ACCOUNT"", ""SPECIAL_ACCOUNT""]",,2733240000000,3,"[""FUND"", ""GENERAL_ACCOUNT"", ""SPECIAL_ACCOUNT""]",False,False,,1.0,UNAVAILABLE_MIXED_OR_UNLINKED,False,False,0.0,True,1.0,0.0,0.2007476076555024,0.0,0.463768115942029,0.3157894736842105,False,True,True,False,False,False,False,False,True,2,83600000000,89591000000,0.07166267942583732,True,False,False,False,,,,,False,False,False,False,1,True,True,2,LIMITED,2,0,True,True,False,MULTIPLE_SIGNAL_REVIEW,REPEATED_OR_MULTIPLE,1,DETAILED_PROJECT_REVIEW,반복·복수 신호의 원인을 세부사업과 원문에서 확인,PERFORMANCE_BELOW_TARGET;EXECUTION_MANAGEMENT,019:2023:사회복지:고용:1100:SPECIAL_ACCOUNT,1,0.4002492025518341,equal_mean_of_three_signal_components,tiebreak_only,False,34.0,33.0,10.5,14.0,29,False,False,REPEATED_OR_MULTIPLE,READY_FOR_REVIEW,2,REPEATED_OR_MULTIPLE_INDEPENDENT_SIGNALS,NOT_ASSESSED,REVIEW_WORKFLOW_ORDER_NOT_POLICY_EFFECTIVENESS_RANK,56,11,67,12
고용노동부,2024,Ⅱ-1,직업능력개발,,,,,직업능력개발,1,1,1,1,0,1,0,ALL_COMPARABLE_BELOW_TARGET,"[""MOEL-2024-II1-01""]",019,EXACT_NAME_UNIQUE_FINANCIAL,True,사회복지,고용,1100,직업능력개발,직업능력개발,SPECIAL_ACCOUNT,411057000000,411057000000,401618766010,0.9770391113884448,COMPLETE,HIGH,4,4,0,"[""code:2024:019:239:1100:1135:308"", ""code:2024:019:239:1100:1135:750"", ""code:2024:019:239:1100:1136:309"", ""code:2024:019:239:1100:1136:750""]",JOINT_ANALYSIS,FULLY_REPORTED,FULLY_COMPARABLE,False,False,4,411057000000,1.0598968026332114,0,0.0,0,0.0,2,0.09844376813921184,0,0.0,0,0.0,0,0.0,0,0,2,0.09844376813921184,0,0.0,MEDIUM,MULTIPLE_FINANCIAL_SIGNALS;REPEATED_YEAR_END_CONCENTRATION,both,,,,,,,,,직업능력개발,2971875000000,2971875000000,3,"[""FUND"", ""GENERAL_ACCOUNT"", ""SPECIAL_ACCOUNT""]",,2733240000000,3,"[""FUND"", ""GENERAL_ACCOUNT"", ""SPECIAL_ACCOUNT""]",False,False,,1.0,UNAVAILABLE_MIXED_OR_UNLINKED,False,2971875000000,2971875000000,3,"[""FUND"", ""GENERAL_ACCOUNT"", ""SPECIAL_ACCOUNT""]",,,,,False,False,,1.0,UNAVAILABLE_MIXED_OR_UNLINKED,False,False,0.0,True,1.0,0.0,0.04922188406960592,0.0,0.7518248175182481,0.47368421052631576,False,True,True,False,False,False,False,False,False,,,,,False,False,False,False,,,,,False,False,False,False,1,True,True,2,LIMITED,2,0,True,True,False,MULTIPLE_SIGNAL_REVIEW,REPEATED_OR_MULTIPLE,1,DETAILED_PROJECT_REVIEW,반복·복수 신호의 원인을 세부사업과 원문에서 확인,PERFORMANCE_BELOW_TARGET;EXECUTION_MANAGEMENT,019:2024:사회복지:고용:1100:SPECIAL_ACCOUNT,1,0.349740628023202,equal_mean_of_three_signal_components,tiebreak_only,False,26.0,20.0,11.25,7.0,18,False,False,REPEATED_OR_MULTIPLE,READY_FOR_REVIEW,2,REPEATED_OR_MULTIPLE_INDEPENDENT_SIGNALS,NOT_ASSESSED,REVIEW_WORKFLOW_ORDER_NOT_POLICY_EFFECTIVENESS_RANK,57,12,68,13
고용노동부,2023,Ⅱ-1,직업능력개발,,,,,직업능력개발,3,3,3,3,0,3,0,ALL_COMPARABLE_BELOW_TARGET,"[""MOEL-2023-II1-01"", ""MOEL-2023-II1-02"", ""MOEL-2023-II1-03""]",019,EXACT_NAME_UNIQUE_FINANCIAL,True,사회복지,고용,1100,직업능력개발,직업능력개발,GENERAL_ACCOUNT,1123902000000,1123282000000,1059658509380,0.9433592894571444,COMPLETE,HIGH,11,11,0,"[""code:2023:019:110:1100:1131:300"", ""code:2023:019:110:1100:1131:315"", ""code:2023:019:110:1100:1132:301"", ""code:2023:019:110:1100:1133:300"", ""code:2023:019:110:1100:1134:307"", ""code:2023:019:110:1100:1134:316"", ""code:2023:019:110:1100:1134:317"", ""code:2023:019:110:1100:1134:500"", ""code:2023:019:110:1100:1136:300"", ""code:2023:019:239:1100:1135:308"", ""code:2023:019:239:1100:1136:750""]",JOINT_ANALYSIS,FULLY_REPORTED,FULLY_COMPARABLE,False,False,11,1123902000000,0.7325202731198983,0,0.0,0,0.0,2,0.020141435819137257,0,0.0,0,0.0,0,0.0,0,0,1,0.002818751101074649,0,0.0,MEDIUM,MULTIPLE_FINANCIAL_SIGNALS;REPEATED_YEAR_END_CONCENTRATION,both,10,,1123613000000,,1253902000000,,0.11595540457435077,,직업능력개발,3102251000000,3102251000000,3,"[""FUND"", ""GENERAL_ACCOUNT"", ""SPECIAL_ACCOUNT""]",2971875000000,2971875000000,3,"[""FUND"", ""GENERAL_ACCOUNT"", ""SPECIAL_ACCOUNT""]",False,False,,1.0,UNAVAILABLE_MIXED_OR_UNLINKED,False,3102251000000,3102251000000,3,"[""FUND"", ""GENERAL_ACCOUNT"", ""SPECIAL_ACCOUNT""]",,2733240000000,3,"[""FUND"", ""GENERAL_ACCOUNT"", ""SPECIAL_ACCOUNT""]",False,False,,1.0,UNAVAILABLE_MIXED_OR_UNLINKED,False,False,0.0,True,1.0,0.0,0.010070717909568629,0.0,0.8260869565217391,0.631578947368421,False,True,True,False,False,False,False,False,False,10,1123613000000,1253902000000,0.11595540457435077,False,False,False,False,,,,,False,False,False,False,1,True,True,2,LIMITED,2,0,True,True,False,MULTIPLE_SIGNAL_REVIEW,REPEATED_OR_MULTIPLE,1,DETAILED_PROJECT_REVIEW,반복·복수 신호의 원인을 세부사업과 원문에서 확인,PERFORMANCE_BELOW_TARGET;EXECUTION_MANAGEMENT,019:2023:사회복지:고용:1100:GENERAL_ACCOUNT,1,0.3366902393031896,equal_mean_of_three_signal_components,tiebreak_only,False,26.0,32.0,9.5,10.0,19,False,False,REPEATED_OR_MULTIPLE,READY_FOR_REVIEW,2,REPEATED_OR_MULTIPLE_INDEPENDENT_SIGNALS,NOT_ASSESSED,REVIEW_WORKFLOW_ORDER_NOT_POLICY_EFFECTIVENESS_RANK,58,13,69,14
고용노동부,2024,Ⅱ-1,직업능력개발,,,,,직업능력개발,1,1,1,1,0,1,0,ALL_COMPARABLE_BELOW_TARGET,"[""MOEL-2024-II1-01""]",019,EXACT_NAME_UNIQUE_FINANCIAL,True,사회복지,고용,1100,직업능력개발,직업능력개발,GENERAL_ACCOUNT,932436000000,938799851800,917136490190,0.9769244087880244,COMPLETE,HIGH,8,8,0,"[""code:2024:019:110:1100:1131:300"", ""code:2024:019:110:1100:1131:315"", ""code:2024:019:110:1100:1133:300"", ""code:2024:019:110:1100:1134:307"", ""code:2024:019:110:1100:1134:316"", ""code:2024:019:110:1100:1134:317"", ""code:2024:019:110:1100:1134:500"", ""code:2024:019:110:1100:1136:300""]",JOINT_ANALYSIS,FULLY_REPORTED,FULLY_COMPARABLE,False,False,8,932436000000,0.23025601757117914,0,0.0,0,0.0,1,0.01972682307418418,0,0.0,0,0.0,0,0.0,0,0,0,0.0,0,0.0,MEDIUM,REPEATED_YEAR_END_CONCENTRATION,both,,,,,,,,,직업능력개발,2971875000000,2971875000000,3,"[""FUND"", ""GENERAL_ACCOUNT"", ""SPECIAL_ACCOUNT""]",,2733240000000,3,"[""FUND"", ""GENERAL_ACCOUNT"", ""SPECIAL_ACCOUNT""]",False,False,,1.0,UNAVAILABLE_MIXED_OR_UNLINKED,False,2971875000000,2971875000000,3,"[""FUND"", ""GENERAL_ACCOUNT"", ""SPECIAL_ACCOUNT""]",,,,,False,False,,1.0,UNAVAILABLE_MIXED_OR_UNLINKED,False,False,0.0,True,1.0,0.0,0.00986341153709209,0.0,0.8102189781021898,0.5789473684210527,False,True,True,False,False,False,False,False,False,,,,,False,False,False,False,,,,,False,False,False,False,1,True,True,2,LIMITED,2,0,True,True,False,MULTIPLE_SIGNAL_REVIEW,REPEATED_OR_MULTIPLE,1,DETAILED_PROJECT_REVIEW,반복·복수 신호의 원인을 세부사업과 원문에서 확인,PERFORMANCE_BELOW_TARGET;EXECUTION_MANAGEMENT,019:2024:사회복지:고용:1100:GENERAL_ACCOUNT,1,0.3366211371790307,equal_mean_of_three_signal_components,tiebreak_only,False,28.25,32.0,10.5,10.0,23,False,False,REPEATED_OR_MULTIPLE,READY_FOR_REVIEW,2,REPEATED_OR_MULTIPLE_INDEPENDENT_SIGNALS,NOT_ASSESSED,REVIEW_WORKFLOW_ORDER_NOT_POLICY_EFFECTIVENESS_RANK,59,14,70,15
보건복지부,2022,Ⅳ-2,저출산대응및인구정책 지원,,,,,저출산대응및인구정책지원,2,2,2,2,0,1,1,MIXED_COMPARABLE,"[""MOHW-2022-IV2-01"", ""MOHW-2022-IV2-02""]",075,EXACT_NAME_UNIQUE_FINANCIAL,True,사회복지,아동·보육,2500,저출산대응및인구정책지원,저출산대응및인구정책지원,FUND,20934000000,20934000000,19095185590,0.912161344702398,COMPLETE,HIGH,2,2,0,"[""code:2022:075:542:2500:2535:302"", ""code:2022:075:542:2500:2535:307""]",JOINT_ANALYSIS,FULLY_REPORTED,FULLY_COMPARABLE,False,False,2,20934000000,1.6049011177987962,0,0.0,1,0.6049011177987962,0,0.0,0,0.0,0,0.0,0,0.0,2,1,1,0.6049011177987962,0,0.0,MEDIUM,MULTIPLE_FINANCIAL_SIGNALS;PROGRAM_BUDGET_CONCENTRATION;REPEATED_MODERATE_LOW_EXECUTION,both,2,2,20934000000,20934000000,19906000000,32206000000,-0.04910671634661316,0.5384541893570268,저출산대응및인구정책지원,2805256000000,2805256000000,2,"[""FUND"", ""GENERAL_ACCOUNT""]",2645207000000,2645207000000,2,"[""FUND"", ""GENERAL_ACCOUNT""]",False,False,,1.0,UNAVAILABLE_MIXED_OR_UNLINKED,False,2805256000000,2805256000000,2,"[""FUND"", ""GENERAL_ACCOUNT""]",2592070000000,2592070000000,2,"[""FUND"", ""GENERAL_ACCOUNT""]",False,False,,1.0,UNAVAILABLE_MIXED_OR_UNLINKED,False,False,0.0,True,0.5,0.0,0.3024505588993981,0.0,0.1937984496124031,0.22857142857142856,False,True,True,False,False,True,False,False,True,2,20934000000,19906000000,-0.04910671634661316,True,False,False,True,2,20934000000,32206000000,0.5384541893570268,True,False,False,False,1,True,True,2,LIMITED,2,1,True,True,False,MULTIPLE_SIGNAL_REVIEW,REPEATED_OR_MULTIPLE,1,DETAILED_PROJECT_REVIEW,반복·복수 신호의 원인을 세부사업과 원문에서 확인,PERFORMANCE_BELOW_TARGET;EXECUTION_MANAGEMENT;PROGRAM_STRUCTURE_CONTEXT,075:2022:사회복지:아동·보육:2500:FUND,1,0.2674835196331327,equal_mean_of_three_signal_components,tiebreak_only,False,97.75,103.0,40.25,34.0,96,False,False,REPEATED_OR_MULTIPLE,READY_FOR_REVIEW,2,REPEATED_OR_MULTIPLE_INDEPENDENT_SIGNALS,NOT_ASSESSED,REVIEW_WORKFLOW_ORDER_NOT_POLICY_EFFECTIVENESS_RANK,60,38,71,44
보건복지부,2022,Ⅲ-2,국민건강생활실천,,,,,국민건강생활실천,2,2,2,2,0,1,1,MIXED_COMPARABLE,"[""MOHW-2022-III2-01"", ""MOHW-2022-III2-02""]",075,EXACT_NAME_UNIQUE_FINANCIAL,True,보건,보건의료,3300,국민건강생활실천,국민건강생활실천,GENERAL_ACCOUNT,179703000000,179762888680,162472462590,0.903815374702956,COMPLETE,HIGH,13,13,0,"[""code:2022:075:110:3300:3335:304"", ""code:2022:075:110:3300:3340:305"", ""code:2022:075:110:3300:3340:307"", ""code:2022:075:110:3300:3344:302"", ""code:2022:075:110:3300:3344:418"", ""code:2022:075:110:3300:3345:300"", ""code:2022:075:110:3300:3345:302"", ""code:2022:075:110:3300:3345:315"", ""code:2022:075:110:3300:3345:323"", ""code:2022:075:110:3300:3345:324"", ""code:2022:075:110:3300:3345:329"", ""code:2022:075:110:3300:3345:330"", ""code:2022:075:110:3300:3347:302""]",JOINT_ANALYSIS,FULLY_REPORTED,FULLY_COMPARABLE,False,False,13,179703000000,0.8463353422035247,2,0.11708207431150287,0,0.0,0,0.0,0,0.0,0,0.0,0,0.0,0,0,2,0.11708207431150287,0,0.0,MEDIUM,MULTIPLE_FINANCIAL_SIGNALS;REPEATED_STRONG_LOW_EXECUTION,both,10,8,177954000000,166519000000,170366000000,171075000000,-0.04264023286916844,0.02736024117367988,국민건강생활실천,554212000000,554212000000,2,"[""FUND"", ""GENERAL_ACCOUNT""]",557711000000,557711000000,2,"[""FUND"", ""GENERAL_ACCOUNT""]",False,False,,1.0,UNAVAILABLE_MIXED_OR_UNLINKED,False,554212000000,554212000000,2,"[""FUND"", ""GENERAL_ACCOUNT""]",594178000000,594178000000,2,"[""FUND"", ""GENERAL_ACCOUNT""]",False,False,,1.0,UNAVAILABLE_MIXED_OR_UNLINKED,False,False,0.0,True,0.5,0.0,0.11708207431150287,0.0,0.5658914728682171,0.45714285714285713,False,True,True,False,False,False,False,False,False,10,177954000000,170366000000,-0.04264023286916844,False,False,False,False,8,166519000000,171075000000,0.02736024117367988,False,False,False,False,1,True,True,2,LIMITED,2,0,True,True,False,MULTIPLE_SIGNAL_REVIEW,REPEATED_OR_MULTIPLE,1,DETAILED_PROJECT_REVIEW,반복·복수 신호의 원인을 세부사업과 원문에서 확인,PERFORMANCE_BELOW_TARGET;EXECUTION_MANAGEMENT,075:2022:보건:보건의료:3300:GENERAL_ACCOUNT,1,0.20569402477050094,equal_mean_of_three_signal_components,tiebreak_only,False,77.5,34.0,40.25,15.0,72,False,False,REPEATED_OR_MULTIPLE,READY_FOR_REVIEW,2,REPEATED_OR_MULTIPLE_INDEPENDENT_SIGNALS,NOT_ASSESSED,REVIEW_WORKFLOW_ORDER_NOT_POLICY_EFFECTIVENESS_RANK,61,39,72,45
보건복지부,2022,Ⅱ-3,응급의료체계운영지원,,,,,응급의료체계운영지원,2,2,2,2,0,1,1,MIXED_COMPARABLE,"[""MOHW-2022-II3-01"", ""MOHW-2022-II3-02""]",075,EXACT_NAME_UNIQUE_FINANCIAL,True,보건,보건의료,2800,응급의료체계운영지원,응급의료체계운영지원,FUND,291787800000,292085319960,281480529950,0.9636928346434792,COMPLETE,HIGH,20,20,0,"[""code:2022:075:571:2800:2831:300"", ""code:2022:075:571:2800:2831:301"", ""code:2022:075:571:2800:2831:302"", ""code:2022:075:571:2800:2831:304"", ""code:2022:075:571:2800:2831:314"", ""code:2022:075:571:2800:2832:309"", ""code:2022:075:571:2800:2832:311"", ""code:2022:075:571:2800:2832:313"", ""code:2022:075:571:2800:2833:303"", ""code:2022:075:571:2800:2833:316"", ""code:2022:075:571:2800:2833:317"", ""code:2022:075:571:2800:2833:319"", ""code:2022:075:571:2800:2833:321"", ""code:2022:075:571:2800:2834:301"", ""code:2022:075:571:2800:2834:302"", ""code:2022:075:571:2800:2835:315"", ""code:2022:075:571:2800:2835:316"", ""code:2022:075:571:2800:2836:314"", ""code:2022:075:571:2800:2837:322"", ""code:2022:075:571:2800:2837:326""]",JOINT_ANALYSIS,FULLY_REPORTED,FULLY_COMPARABLE,False,False,20,291787800000,0.23686954012470707,0,0.0,2,0.020110504962853142,0,0.0,0,0.0,0,0.0,0,0.0,0,0,0,0.0,0,0.0,MEDIUM,REPEATED_MODERATE_LOW_EXECUTION,both,17,17,259458800000,259458800000,245703000000,278809000000,-0.053017280585588154,0.0745790853885087,응급의료체계운영지원,291787800000,291787800000,1,"[""FUND""]",277455000000,277455000000,2,"[""FUND"", ""SPECIAL_ACCOUNT""]",False,False,,1.0,UNAVAILABLE_MIXED_OR_UNLINKED,False,291787800000,291787800000,1,"[""FUND""]",308076000000,308076000000,2,"[""FUND"", ""SPECIAL_ACCOUNT""]",False,False,,1.0,UNAVAILABLE_MIXED_OR_UNLINKED,False,False,0.0,True,0.5,0.0,0.010055252481426571,0.0,0.6511627906976745,0.5428571428571428,False,True,True,False,False,False,False,False,False,17,259458800000,245703000000,-0.053017280585588154,False,False,False,False,17,259458800000,278809000000,0.0745790853885087,False,False,False,False,1,True,True,2,LIMITED,2,0,True,True,False,MULTIPLE_SIGNAL_REVIEW,REPEATED_OR_MULTIPLE,1,DETAILED_PROJECT_REVIEW,반복·복수 신호의 원인을 세부사업과 원문에서 확인,PERFORMANCE_BELOW_TARGET;EXECUTION_MANAGEMENT,075:2022:보건:보건의료:2800:FUND,1,0.17001841749380886,equal_mean_of_three_signal_components,tiebreak_only,False,83.75,27.0,43.25,12.0,78,False,False,REPEATED_OR_MULTIPLE,READY_FOR_REVIEW,2,REPEATED_OR_MULTIPLE_INDEPENDENT_SIGNALS,NOT_ASSESSED,REVIEW_WORKFLOW_ORDER_NOT_POLICY_EFFECTIVENESS_RANK,62,40,73,46
보건복지부,2022,Ⅳ-2,저출산대응및인구정책 지원,,,,,저출산대응및인구정책지원,2,2,2,2,0,1,1,MIXED_COMPARABLE,"[""MOHW-2022-IV2-01"", ""MOHW-2022-IV2-02""]",075,EXACT_NAME_UNIQUE_FINANCIAL,True,사회복지,아동·보육,2500,저출산대응및인구정책지원,저출산대응및인구정책지원,GENERAL_ACCOUNT,2784322000000,2838041393730,2837279369920,0.9997314965836356,COMPLETE,HIGH,8,8,0,"[""code:2022:075:110:2500:2533:300"", ""code:2022:075:110:2500:2533:301"", ""code:2022:075:110:2500:2533:305"", ""code:2022:075:110:2500:2533:306"", ""code:2022:075:110:2500:2537:300"", ""code:2022:075:110:2500:2537:301"", ""code:2022:075:110:2500:2537:302"", ""code:2022:075:110:2500:2539:300""]",JOINT_ANALYSIS,FULLY_REPORTED,FULLY_COMPARABLE,False,False,8,2784322000000,1.002092789555231,0,0.0,2,0.0020927895552310402,0,0.0,0,0.0,0,0.0,0,0.0,8,1,2,0.0020927895552310402,0,0.0,MEDIUM,MULTIPLE_FINANCIAL_SIGNALS;PROGRAM_BUDGET_CONCENTRATION;REPEATED_MODERATE_LOW_EXECUTION,both,7,7,2783177000000,2783177000000,2624056000000,2551950000000,-0.057172432798920085,-0.0830802352850717,저출산대응및인구정책지원,2805256000000,2805256000000,2,"[""FUND"", ""GENERAL_ACCOUNT""]",2645207000000,2645207000000,2,"[""FUND"", ""GENERAL_ACCOUNT""]",False,False,,1.0,UNAVAILABLE_MIXED_OR_UNLINKED,False,2805256000000,2805256000000,2,"[""FUND"", ""GENERAL_ACCOUNT""]",2592070000000,2592070000000,2,"[""FUND"", ""GENERAL_ACCOUNT""]",False,False,,1.0,UNAVAILABLE_MIXED_OR_UNLINKED,False,False,0.0,True,0.5,0.0,0.0010463947776155201,0.0,0.8914728682170543,0.8,False,True,True,False,False,True,False,False,False,7,2783177000000,2624056000000,-0.057172432798920085,False,False,False,False,7,2783177000000,2551950000000,-0.0830802352850717,False,False,False,False,1,True,True,2,LIMITED,2,1,True,True,False,MULTIPLE_SIGNAL_REVIEW,REPEATED_OR_MULTIPLE,1,DETAILED_PROJECT_REVIEW,반복·복수 신호의 원인을 세부사업과 원문에서 확인,PERFORMANCE_BELOW_TARGET;EXECUTION_MANAGEMENT;PROGRAM_STRUCTURE_CONTEXT,075:2022:사회복지:아동·보육:2500:GENERAL_ACCOUNT,1,0.16701546492587183,equal_mean_of_three_signal_components,tiebreak_only,False,59.0,46.0,28.25,27.0,51,False,False,REPEATED_OR_MULTIPLE,READY_FOR_REVIEW,2,REPEATED_OR_MULTIPLE_INDEPENDENT_SIGNALS,NOT_ASSESSED,REVIEW_WORKFLOW_ORDER_NOT_POLICY_EFFECTIVENESS_RANK,63,41,74,47
보건복지부,2022,Ⅱ-6,건강보험제도 운영,,,,,건강보험제도운영,2,2,2,2,0,1,1,MIXED_COMPARABLE,"[""MOHW-2022-II6-01"", ""MOHW-2022-II6-02""]",075,EXACT_NAME,True,보건,건강보험,4900,건강보험제도 운영,건강보험제도 운영,GENERAL_ACCOUNT,10109249000000,10071841000000,10036087874840,0.996450189676346,COMPLETE,HIGH,8,8,0,"[""code:2022:075:110:4900:4931:300"", ""code:2022:075:110:4900:4931:301"", ""code:2022:075:110:4900:4931:302"", ""code:2022:075:110:4900:4931:304"", ""code:2022:075:110:4900:4931:306"", ""code:2022:075:110:4900:4931:307"", ""code:2022:075:110:4900:4931:309"", ""code:2022:075:110:4900:4934:300""]",JOINT_ANALYSIS,FULLY_REPORTED,FULLY_COMPARABLE,False,False,8,10109249000000,1.0001926948282707,0,0.0,1,1.4837897454103663e-05,0,0.0,0,0.0,0,0.0,0,0.0,8,1,2,0.00010376636286236495,0,0.0,MEDIUM,MULTIPLE_FINANCIAL_SIGNALS;PROGRAM_BUDGET_CONCENTRATION;REPEATED_MODERATE_LOW_EXECUTION,both,7,7,10109099000000,10109099000000,10589225000000,11804813000000,0.04749444040462953,0.16774135855232994,건강보험제도 운영,11924189000000,11924189000000,2,"[""FUND"", ""GENERAL_ACCOUNT""]",12410199000000,12410199000000,2,"[""FUND"", ""GENERAL_ACCOUNT""]",False,False,,1.0,UNAVAILABLE_MIXED_OR_UNLINKED,False,11924189000000,11924189000000,2,"[""FUND"", ""GENERAL_ACCOUNT""]",13706994000000,13706994000000,2,"[""FUND"", ""GENERAL_ACCOUNT""]",False,False,,1.0,UNAVAILABLE_MIXED_OR_UNLINKED,False,False,0.0,True,0.5,0.0,7.418948727051831e-06,0.0,0.9612403100775194,0.9142857142857143,False,True,True,False,False,True,False,False,False,7,10109099000000,10589225000000,0.04749444040462953,False,False,False,False,7,10109099000000,11804813000000,0.16774135855232994,False,False,False,False,1,True,True,2,LIMITED,2,1,True,True,False,MULTIPLE_SIGNAL_REVIEW,REPEATED_OR_MULTIPLE,1,DETAILED_PROJECT_REVIEW,반복·복수 신호의 원인을 세부사업과 원문에서 확인,PERFORMANCE_BELOW_TARGET;EXECUTION_MANAGEMENT;PROGRAM_STRUCTURE_CONTEXT,075:2022:보건:건강보험:4900:GENERAL_ACCOUNT,1,0.16666913964957566,equal_mean_of_three_signal_components,tiebreak_only,False,51.75,56.0,24.0,32.0,46,False,False,REPEATED_OR_MULTIPLE,READY_FOR_REVIEW,2,REPEATED_OR_MULTIPLE_INDEPENDENT_SIGNALS,NOT_ASSESSED,REVIEW_WORKFLOW_ORDER_NOT_POLICY_EFFECTIVENESS_RANK,64,42,75,48
과학기술정보통신부,2023,Ⅱ-2,과학기술인력양성,1700,,,CONFIRMED,과학기술인력양성,3,3,3,3,0,1,2,MIXED_COMPARABLE,"[""MSIT-2023-II2-01"", ""MSIT-2023-II2-02"", ""MSIT-2023-II2-03""]",162,EXACT_CODE,True,과학기술,과학기술인력및문화,1700,과학기술인력양성,과학기술인력양성,FUND,41481000000,41481000000,41481000000,1.0,COMPLETE,HIGH,8,8,0,"[""code:2023:162:538:1700:1731:401"", ""code:2023:162:538:1700:1731:408"", ""code:2023:162:538:1700:1731:410"", ""code:2023:162:538:1700:1733:401"", ""code:2023:162:538:1700:1734:406"", ""code:2023:162:538:1700:1736:403"", ""code:2023:162:538:1700:1744:401"", ""code:2023:162:538:1700:1744:402""]",JOINT_ANALYSIS,FULLY_REPORTED,FULLY_COMPARABLE,False,False,8,41481000000,0.11923531255273499,0,0.0,0,0.0,1,0.042019237723295,0,0.0,0,0.0,0,0.0,0,0,1,0.042019237723295,0,0.0,LOW,MULTIPLE_FINANCIAL_SIGNALS;REPEATED_YEAR_END_CONCENTRATION,both,6,,38600000000,,38149000000,,-0.011683937823834197,,과학기술인력양성,189858000000,189858000000,3,"[""FUND"", ""GENERAL_ACCOUNT"", ""SPECIAL_ACCOUNT""]",156517000000,156517000000,3,"[""FUND"", ""GENERAL_ACCOUNT"", ""SPECIAL_ACCOUNT""]",False,False,,1.0,UNAVAILABLE_MIXED_OR_UNLINKED,False,189858000000,189858000000,3,"[""FUND"", ""GENERAL_ACCOUNT"", ""SPECIAL_ACCOUNT""]",,222463000000,3,"[""FUND"", ""GENERAL_ACCOUNT"", ""SPECIAL_ACCOUNT""]",False,False,,1.0,UNAVAILABLE_MIXED_OR_UNLINKED,False,False,0.0,True,0.3333333333333333,0.0,0.0210096188616475,0.0,0.2898550724637681,0.3103448275862069,False,True,True,False,False,False,False,False,False,6,38600000000,38149000000,-0.011683937823834197,False,False,False,False,,,,,False,False,False,False,1,True,True,2,LIMITED,2,0,True,True,False,MULTIPLE_SIGNAL_REVIEW,REPEATED_OR_MULTIPLE,1,DETAILED_PROJECT_REVIEW,반복·복수 신호의 원인을 세부사업과 원문에서 확인,PERFORMANCE_BELOW_TARGET;EXECUTION_MANAGEMENT,162:2023:과학기술:과학기술인력및문화:1700:FUND,1,0.11811431739832694,equal_mean_of_three_signal_components,tiebreak_only,False,163.25,67.0,37.0,25.0,176,False,False,REPEATED_OR_MULTIPLE,READY_FOR_REVIEW,2,REPEATED_OR_MULTIPLE_INDEPENDENT_SIGNALS,NOT_ASSESSED,REVIEW_WORKFLOW_ORDER_NOT_POLICY_EFFECTIVENESS_RANK,65,5,76,8
중소벤처기업부,2023,Ⅰ-1,중소기업육성지원,,,,,중소기업육성지원,3,3,3,3,0,1,2,MIXED_COMPARABLE,"[""중기부-2023-I1-01"", ""중기부-2023-I1-02"", ""중기부-2023-I1-03""]",102,EXACT_NAME,True,산업·중소기업및에너지,중소기업및소상공인육성,4800,중소기업육성지원,중소기업육성지원,GENERAL_ACCOUNT,138899000000,138899000000,138716208640,0.9986839980129446,COMPLETE,HIGH,8,8,0,"[""code:2023:102:110:4800:4834:305"", ""code:2023:102:110:4800:4835:301"", ""code:2023:102:110:4800:4835:305"", ""code:2023:102:110:4800:4835:307"", ""code:2023:102:110:4800:4837:301"", ""code:2023:102:110:4800:4838:301"", ""code:2023:102:110:4800:4838:471"", ""code:2023:102:110:4800:4839:472""]",JOINT_ANALYSIS,FULLY_REPORTED,FULLY_COMPARABLE,False,False,8,138899000000,0.15276567865859367,0,0.0,0,0.0,1,0.030151404977717622,0,0.0,0,0.0,0,0.0,0,0,0,0.0,0,0.0,MEDIUM,REPEATED_YEAR_END_CONCENTRATION,both,8,,138899000000,,136564000000,,-0.016810776175494424,,중소기업육성지원,140847000000,140847000000,2,"[""FUND"", ""GENERAL_ACCOUNT""]",136564000000,136564000000,1,"[""GENERAL_ACCOUNT""]",False,False,,1.0,UNAVAILABLE_MIXED_OR_UNLINKED,False,140847000000,140847000000,2,"[""FUND"", ""GENERAL_ACCOUNT""]",,139509000000,1,"[""GENERAL_ACCOUNT""]",False,False,,1.0,UNAVAILABLE_MIXED_OR_UNLINKED,False,False,0.0,True,0.3333333333333333,0.0,0.015075702488858811,0.0,0.5362318840579711,0.5,False,True,True,False,False,False,False,False,True,8,138899000000,136564000000,-0.016810776175494424,True,False,False,False,,,,,False,False,False,False,1,True,True,2,LIMITED,2,0,True,True,False,MULTIPLE_SIGNAL_REVIEW,REPEATED_OR_MULTIPLE,1,DETAILED_PROJECT_REVIEW,반복·복수 신호의 원인을 세부사업과 원문에서 확인,PERFORMANCE_BELOW_TARGET;EXECUTION_MANAGEMENT,102:2023:산업·중소기업및에너지:중소기업및소상공인육성:4800:GENERAL_ACCOUNT,1,0.11613634527406404,equal_mean_of_three_signal_components,tiebreak_only,False,126.75,28.0,27.25,4.0,124,False,False,REPEATED_OR_MULTIPLE,READY_FOR_REVIEW,2,REPEATED_OR_MULTIPLE_INDEPENDENT_SIGNALS,NOT_ASSESSED,REVIEW_WORKFLOW_ORDER_NOT_POLICY_EFFECTIVENESS_RANK,66,5,77,6
과학기술정보통신부,2024,Ⅰ-2,기초연구진흥,,,,,기초연구진흥,1,1,1,1,0,0,1,ALL_COMPARABLE_AT_OR_ABOVE_TARGET,"[""MSIT-2024-I2-01""]",162,EXACT_NAME,True,과학기술,과학기술연구개발,1200,기초연구진흥,기초연구진흥,SPECIAL_ACCOUNT,53000000000,53000000000,38417000000,0.7248490566037736,COMPLETE,HIGH,1,1,0,"[""code:2024:162:236:1200:1235:301""]",JOINT_ANALYSIS,FULLY_REPORTED,FULLY_COMPARABLE,True,True,1,53000000000,5.0,0,0.0,0,0.0,1,1.0,0,0.0,0,0.0,0,0.0,1,1,1,1.0,0,0.0,HIGH,MULTIPLE_FINANCIAL_SIGNALS;PROGRAM_BUDGET_CONCENTRATION;REPEATED_YEAR_END_CONCENTRATION,both,,,,,,,,,기초연구진흥,2253290000000,2253290000000,3,"[""FUND"", ""GENERAL_ACCOUNT"", ""SPECIAL_ACCOUNT""]",,2490756000000,3,"[""FUND"", ""GENERAL_ACCOUNT"", ""SPECIAL_ACCOUNT""]",False,False,,1.0,UNAVAILABLE_MIXED_OR_UNLINKED,False,2253290000000,2253290000000,3,"[""FUND"", ""GENERAL_ACCOUNT"", ""SPECIAL_ACCOUNT""]",,,,,False,False,,1.0,UNAVAILABLE_MIXED_OR_UNLINKED,False,False,0.0,True,0.0,1.0,1.0,0.0,0.38686131386861317,0.4745762711864407,False,False,True,False,False,True,False,False,False,,,,,False,False,False,False,,,,,False,False,False,True,1,True,True,1,CONFIRMED,1,1,True,True,False,STRONG_SINGLE_SIGNAL_REVIEW,REPEATED_OR_MULTIPLE,1,DETAILED_PROJECT_REVIEW,반복·복수 신호의 원인을 세부사업과 원문에서 확인,EXECUTION_MANAGEMENT;PROGRAM_STRUCTURE_CONTEXT,162:2024:과학기술:과학기술연구개발:1200:SPECIAL_ACCOUNT,2,0.3333333333333333,equal_mean_of_three_signal_components,tiebreak_only,False,64.75,92.0,10.0,16.0,57,False,False,REPEATED_OR_MULTIPLE,READY_FOR_REVIEW,2,REPEATED_OR_MULTIPLE_INDEPENDENT_SIGNALS,NOT_ASSESSED,REVIEW_WORKFLOW_ORDER_NOT_POLICY_EFFECTIVENESS_RANK,67,6,78,9
보건복지부,2024,Ⅱ-6,건강보험제도 운영,,,,,건강보험제도운영,1,1,1,1,0,0,1,ALL_COMPARABLE_AT_OR_ABOVE_TARGET,"[""MOHW-2024-II6-01""]",075,EXACT_NAME_UNIQUE_FINANCIAL,True,보건,건강보험,4900,건강보험제도 운영,건강보험제도 운영,FUND,1902181000000,1902181000000,1902181000000,1.0,COMPLETE,HIGH,1,1,0,"[""code:2024:075:542:4900:4932:300""]",JOINT_ANALYSIS,FULLY_REPORTED,FULLY_COMPARABLE,False,False,1,1902181000000,3.0,0,0.0,0,0.0,1,1.0,0,0.0,0,0.0,0,0.0,1,1,1,1.0,0,0.0,HIGH,MULTIPLE_FINANCIAL_SIGNALS;PROGRAM_BUDGET_CONCENTRATION;REPEATED_YEAR_END_CONCENTRATION,both,,,,,,,,,건강보험제도 운영,13706994000000,13706994000000,2,"[""FUND"", ""GENERAL_ACCOUNT""]",,14132649000000,2,"[""FUND"", ""GENERAL_ACCOUNT""]",False,False,,1.0,UNAVAILABLE_MIXED_OR_UNLINKED,False,13706994000000,13706994000000,2,"[""FUND"", ""GENERAL_ACCOUNT""]",,,,,False,False,,1.0,UNAVAILABLE_MIXED_OR_UNLINKED,False,False,0.0,True,0.0,0.0,0.5,0.0,0.8759124087591241,0.7948717948717948,False,False,True,False,False,True,False,False,False,,,,,False,False,False,False,,,,,False,False,False,False,1,True,True,1,CONFIRMED,1,1,True,True,False,MODERATE_OR_CONTEXT_REVIEW,REPEATED_OR_MULTIPLE,1,DETAILED_PROJECT_REVIEW,반복·복수 신호의 원인을 세부사업과 원문에서 확인,EXECUTION_MANAGEMENT;PROGRAM_STRUCTURE_CONTEXT,075:2024:보건:건강보험:4900:FUND,3,0.16666666666666666,equal_mean_of_three_signal_components,tiebreak_only,False,65.25,95.0,29.5,37.0,58,False,False,REPEATED_OR_MULTIPLE,READY_FOR_REVIEW,2,REPEATED_OR_MULTIPLE_INDEPENDENT_SIGNALS,NOT_ASSESSED,REVIEW_WORKFLOW_ORDER_NOT_POLICY_EFFECTIVENESS_RANK,68,43,79,49
과학기술정보통신부,2023,Ⅰ-2,기초연구진흥,,,,,기초연구진흥,2,2,2,2,0,0,2,ALL_COMPARABLE_AT_OR_ABOVE_TARGET,"[""MSIT-2023-I2-01"", ""MSIT-2023-I2-02""]",162,EXACT_NAME,True,과학기술,과학기술연구개발,1200,기초연구진흥,기초연구진흥,SPECIAL_ACCOUNT,60000000000,60000000000,60000000000,1.0,COMPLETE,HIGH,1,1,0,"[""code:2023:162:236:1200:1235:301""]",JOINT_ANALYSIS,FULLY_REPORTED,FULLY_COMPARABLE,False,False,1,60000000000,3.0,0,0.0,0,0.0,1,1.0,0,0.0,0,0.0,0,0.0,1,1,1,1.0,0,0.0,HIGH,MULTIPLE_FINANCIAL_SIGNALS;PROGRAM_BUDGET_CONCENTRATION;REPEATED_YEAR_END_CONCENTRATION,both,1,,60000000000,,53000000000,,-0.11666666666666667,,기초연구진흥,2190209000000,2190209000000,3,"[""FUND"", ""GENERAL_ACCOUNT"", ""SPECIAL_ACCOUNT""]",2253290000000,2253290000000,3,"[""FUND"", ""GENERAL_ACCOUNT"", ""SPECIAL_ACCOUNT""]",False,False,,1.0,UNAVAILABLE_MIXED_OR_UNLINKED,False,2190209000000,2190209000000,3,"[""FUND"", ""GENERAL_ACCOUNT"", ""SPECIAL_ACCOUNT""]",,2490756000000,3,"[""FUND"", ""GENERAL_ACCOUNT"", ""SPECIAL_ACCOUNT""]",False,False,,1.0,UNAVAILABLE_MIXED_OR_UNLINKED,False,False,0.0,True,0.0,0.0,0.5,0.0,0.38405797101449274,0.43103448275862066,False,False,True,False,False,True,False,False,True,1,60000000000,53000000000,-0.11666666666666667,True,False,False,False,,,,,False,False,False,False,1,True,True,1,CONFIRMED,1,1,True,True,False,MODERATE_OR_CONTEXT_REVIEW,REPEATED_OR_MULTIPLE,1,DETAILED_PROJECT_REVIEW,반복·복수 신호의 원인을 세부사업과 원문에서 확인,EXECUTION_MANAGEMENT;PROGRAM_STRUCTURE_CONTEXT,162:2023:과학기술:과학기술연구개발:1200:SPECIAL_ACCOUNT,3,0.16666666666666666,equal_mean_of_three_signal_components,tiebreak_only,False,119.25,107.0,24.75,34.0,113,False,False,REPEATED_OR_MULTIPLE,READY_FOR_REVIEW,2,REPEATED_OR_MULTIPLE_INDEPENDENT_SIGNALS,NOT_ASSESSED,REVIEW_WORKFLOW_ORDER_NOT_POLICY_EFFECTIVENESS_RANK,69,7,80,10
보건복지부,2024,Ⅱ-6,건강보험제도 운영,,,,,건강보험제도운영,1,1,1,1,0,0,1,ALL_COMPARABLE_AT_OR_ABOVE_TARGET,"[""MOHW-2024-II6-01""]",075,EXACT_NAME_UNIQUE_FINANCIAL,True,보건,건강보험,4900,건강보험제도 운영,건강보험제도 운영,GENERAL_ACCOUNT,11804813000000,11804833000000,11804558338060,0.9999767330939794,COMPLETE,HIGH,7,7,0,"[""code:2024:075:110:4900:4931:300"", ""code:2024:075:110:4900:4931:301"", ""code:2024:075:110:4900:4931:302"", ""code:2024:075:110:4900:4931:306"", ""code:2024:075:110:4900:4931:307"", ""code:2024:075:110:4900:4931:309"", ""code:2024:075:110:4900:4934:300""]",JOINT_ANALYSIS,FULLY_REPORTED,FULLY_COMPARABLE,False,False,7,11804813000000,2.7404789046637164,0,0.0,0,0.0,1,0.8694434210859587,1,7.666364558252638e-05,1,0.001438735200633843,0,0.0,7,1,3,0.8709588199321752,0,0.0,HIGH,ACCOUNTING_ADJUSTMENT_PATTERN;BUDGET_RAPID_INCREASE;MULTIPLE_FINANCIAL_SIGNALS;PROGRAM_BUDGET_CONCENTRATION;REPEATED_YEAR_END_CONCENTRATION,both,,,,,,,,,건강보험제도 운영,13706994000000,13706994000000,2,"[""FUND"", ""GENERAL_ACCOUNT""]",,14132649000000,2,"[""FUND"", ""GENERAL_ACCOUNT""]",False,False,,1.0,UNAVAILABLE_MIXED_OR_UNLINKED,False,13706994000000,13706994000000,2,"[""FUND"", ""GENERAL_ACCOUNT""]",,,,,False,False,,1.0,UNAVAILABLE_MIXED_OR_UNLINKED,False,False,0.0,True,0.0,0.0,0.43472171054297937,0.0,0.9708029197080292,0.9230769230769231,False,False,True,False,True,True,True,False,False,,,,,False,False,False,False,,,,,False,False,False,False,1,True,True,1,CONFIRMED,1,2,True,True,False,MODERATE_OR_CONTEXT_REVIEW,REPEATED_OR_MULTIPLE,1,DETAILED_PROJECT_REVIEW,반복·복수 신호의 원인을 세부사업과 원문에서 확인,EXECUTION_MANAGEMENT;ACCOUNTING_ADJUSTMENT_CONTEXT;PROGRAM_STRUCTURE_CONTEXT,075:2024:보건:건강보험:4900:GENERAL_ACCOUNT,3,0.1449072368476598,equal_mean_of_three_signal_components,tiebreak_only,False,62.75,98.0,28.0,43.0,55,False,False,REPEATED_OR_MULTIPLE,READY_FOR_REVIEW,2,REPEATED_OR_MULTIPLE_INDEPENDENT_SIGNALS,NOT_ASSESSED,REVIEW_WORKFLOW_ORDER_NOT_POLICY_EFFECTIVENESS_RANK,70,44,81,50
과학기술정보통신부,2024,Ⅱ-1,과학기술기반조성,,,,,과학기술기반조성,1,1,1,1,0,0,1,ALL_COMPARABLE_AT_OR_ABOVE_TARGET,"[""MSIT-2024-II1-01""]",162,EXACT_NAME,True,과학기술,과학기술연구지원,1600,과학기술기반조성,과학기술기반조성,GENERAL_ACCOUNT,43663000000,73156480940,66495574420,0.9089498779272474,COMPLETE,HIGH,2,2,0,"[""code:2024:162:110:1600:1639:402"", ""code:2024:162:110:1600:1640:300""]",JOINT_ANALYSIS,FULLY_REPORTED,FULLY_COMPARABLE,False,False,2,43663000000,2.528754322882074,0,0.0,1,0.7643771614410371,0,0.0,0,0.0,0,0.0,0,0.0,2,1,1,0.7643771614410371,0,0.0,HIGH,MULTIPLE_FINANCIAL_SIGNALS;PROGRAM_BUDGET_CONCENTRATION;REPEATED_MODERATE_LOW_EXECUTION,both,,,,,,,,,과학기술기반조성,43663000000,43663000000,1,"[""GENERAL_ACCOUNT""]",,95974000000,1,"[""GENERAL_ACCOUNT""]",False,False,,1.0,PROGRAM_TOTAL_SINGLE_ACCOUNT,False,43663000000,43663000000,1,"[""GENERAL_ACCOUNT""]",,,,,False,False,,1.0,UNAVAILABLE_MIXED_OR_UNLINKED,False,False,0.0,True,0.0,0.0,0.38218858072051853,0.0,0.32116788321167883,0.3559322033898305,False,False,True,False,False,True,False,False,False,,,,,False,False,False,False,,,,,False,False,False,False,1,True,True,1,CONFIRMED,1,1,True,True,False,MODERATE_OR_CONTEXT_REVIEW,REPEATED_OR_MULTIPLE,1,DETAILED_PROJECT_REVIEW,반복·복수 신호의 원인을 세부사업과 원문에서 확인,EXECUTION_MANAGEMENT;PROGRAM_STRUCTURE_CONTEXT,162:2024:과학기술:과학기술연구지원:1600:GENERAL_ACCOUNT,3,0.12739619357350618,equal_mean_of_three_signal_components,tiebreak_only,False,144.5,103.0,32.25,34.0,149,False,False,REPEATED_OR_MULTIPLE,READY_FOR_REVIEW,2,REPEATED_OR_MULTIPLE_INDEPENDENT_SIGNALS,NOT_ASSESSED,REVIEW_WORKFLOW_ORDER_NOT_POLICY_EFFECTIVENESS_RANK,71,8,82,11
보건복지부,2024,Ⅰ-2,노숙인의사상자지원,,,,,노숙인의사상자지원,1,1,1,1,0,0,1,ALL_COMPARABLE_AT_OR_ABOVE_TARGET,"[""MOHW-2024-I2-01""]",075,EXACT_NAME,True,사회복지,취약계층지원,1900,노숙인의사상자지원,노숙인의사상자지원,GENERAL_ACCOUNT,7136000000,7136000000,4825520400,0.676222029147982,COMPLETE,HIGH,3,3,0,"[""code:2024:075:110:1900:1931:304"", ""code:2024:075:110:1900:1932:300"", ""code:2024:075:110:1900:1932:301""]",JOINT_ANALYSIS,FULLY_REPORTED,FULLY_COMPARABLE,True,True,3,7136000000,1.3539798206278026,1,0.3539798206278027,0,0.0,0,0.0,1,0.006446188340807175,0,0.0,0,0.0,0,0,1,0.3539798206278027,0,0.0,MEDIUM,ACCOUNTING_ADJUSTMENT_PATTERN;MULTIPLE_FINANCIAL_SIGNALS;REPEATED_STRONG_LOW_EXECUTION,both,,,,,,,,,노숙인의사상자지원,7136000000,7136000000,1,"[""GENERAL_ACCOUNT""]",,6678000000,1,"[""GENERAL_ACCOUNT""]",False,False,,1.0,PROGRAM_TOTAL_SINGLE_ACCOUNT,False,7136000000,7136000000,1,"[""GENERAL_ACCOUNT""]",,,,,False,False,,1.0,UNAVAILABLE_MIXED_OR_UNLINKED,False,False,0.0,True,0.0,1.0,1.0,0.0,0.12408759124087591,0.15384615384615385,False,False,True,False,True,False,False,False,False,,,,,False,False,False,False,,,,,False,False,False,True,1,True,True,1,LIMITED,1,1,True,True,False,STRONG_SINGLE_SIGNAL_REVIEW,REPEATED_OR_MULTIPLE,1,DETAILED_PROJECT_REVIEW,반복·복수 신호의 원인을 세부사업과 원문에서 확인,EXECUTION_MANAGEMENT;ACCOUNTING_ADJUSTMENT_CONTEXT,075:2024:사회복지:취약계층지원:1900:GENERAL_ACCOUNT,2,0.3333333333333333,equal_mean_of_three_signal_components,tiebreak_only,False,94.5,143.0,37.125,46.0,90,False,False,REPEATED_OR_MULTIPLE,READY_FOR_REVIEW,2,REPEATED_OR_MULTIPLE_INDEPENDENT_SIGNALS,NOT_ASSESSED,REVIEW_WORKFLOW_ORDER_NOT_POLICY_EFFECTIVENESS_RANK,72,45,83,51
고용노동부,2022,Ⅰ-1,고용창출,,,,,고용창출,4,4,4,4,0,0,4,ALL_COMPARABLE_AT_OR_ABOVE_TARGET,"[""MOEL-2022-I1-01"", ""MOEL-2022-I1-02"", ""MOEL-2022-I1-03"", ""MOEL-2022-I1-04""]",019,EXACT_NAME_UNIQUE_FINANCIAL,True,사회복지,고용,1000,고용창출,고용창출,GENERAL_ACCOUNT,2206587000000,2244606110000,1884014873750,0.8393521096447519,COMPLETE,HIGH,22,22,0,"[""code:2022:019:110:1000:1031:300"", ""code:2022:019:110:1000:1032:301"", ""code:2022:019:110:1000:1032:302"", ""code:2022:019:110:1000:1032:303"", ""code:2022:019:110:1000:1033:470"", ""code:2022:019:110:1000:1037:301"", ""code:2022:019:110:1000:1037:311"", ""code:2022:019:110:1000:1039:321"", ""code:2022:019:110:1000:1039:323"", ""code:2022:019:110:1000:1040:300"", ""code:2022:019:110:1000:1042:301"", ""code:2022:019:110:1000:1043:301"", ""code:2022:019:110:1000:1044:301"", ""code:2022:019:110:1000:1045:301"", ""code:2022:019:110:1000:1049:301"", ""code:2022:019:110:1000:1051:304"", ""code:2022:019:110:1000:1051:305"", ""code:2022:019:110:1000:1051:306"", ""code:2022:019:110:1000:1062:300"", ""code:2022:019:110:1000:1070:300"", ""code:2022:019:110:1000:1075:302"", ""code:2022:019:110:1000:1075:303""]",JOINT_ANALYSIS,FULLY_REPORTED,FULLY_COMPARABLE,False,True,22,2206587000000,0.5125626136653574,1,0.0009503364245325473,0,0.0,0,0.0,0,0.0,0,0.0,0,0.0,0,0,2,0.24692704162582305,0,0.0,MEDIUM,MULTIPLE_FINANCIAL_SIGNALS;REPEATED_STRONG_LOW_EXECUTION,both,18,18,1874890000000,1874890000000,1895966000000,1514285000000,0.011241192816645243,-0.19233395025841515,고용창출,5334792000000,5334792000000,3,"[""FUND"", ""GENERAL_ACCOUNT"", ""SPECIAL_ACCOUNT""]",3121643000000,3121643000000,3,"[""FUND"", ""GENERAL_ACCOUNT"", ""SPECIAL_ACCOUNT""]",False,False,,1.0,UNAVAILABLE_MIXED_OR_UNLINKED,False,5334792000000,5334792000000,3,"[""FUND"", ""GENERAL_ACCOUNT"", ""SPECIAL_ACCOUNT""]",2026734000000,2026734000000,3,"[""FUND"", ""GENERAL_ACCOUNT"", ""SPECIAL_ACCOUNT""]",False,False,,1.0,UNAVAILABLE_MIXED_OR_UNLINKED,False,False,0.0,True,0.0,0.5,0.5,0.0,0.875968992248062,0.6875,False,False,True,False,False,False,False,False,False,18,1874890000000,1895966000000,0.011241192816645243,False,False,False,False,18,1874890000000,1514285000000,-0.19233395025841515,False,False,False,True,1,True,True,1,LIMITED,1,0,True,True,False,MODERATE_OR_CONTEXT_REVIEW,REPEATED_OR_MULTIPLE,1,DETAILED_PROJECT_REVIEW,반복·복수 신호의 원인을 세부사업과 원문에서 확인,EXECUTION_MANAGEMENT,019:2022:사회복지:고용:1000:GENERAL_ACCOUNT,3,0.16666666666666666,equal_mean_of_three_signal_components,tiebreak_only,False,64.25,95.0,17.5,16.0,56,False,False,REPEATED_OR_MULTIPLE,READY_FOR_REVIEW,2,REPEATED_OR_MULTIPLE_INDEPENDENT_SIGNALS,NOT_ASSESSED,REVIEW_WORKFLOW_ORDER_NOT_POLICY_EFFECTIVENESS_RANK,73,15,84,16
고용노동부,2022,Ⅲ-3,근로조건보호 및 복지증진,,,,,근로조건보호및복지증진,2,2,2,2,0,0,2,ALL_COMPARABLE_AT_OR_ABOVE_TARGET,"[""MOEL-2022-III3-02"", ""MOEL-2022-III3-03""]",019,EXACT_NAME_UNIQUE_FINANCIAL,True,사회복지,노동,3000,근로조건보호및복지증진,근로조건보호및복지증진,FUND,992515000000,992515000000,874250296152,0.8808434090688806,COMPLETE,HIGH,10,10,0,"[""code:2022:019:547:3000:3051:300"", ""code:2022:019:547:3000:3052:302"", ""code:2022:019:547:3000:3052:303"", ""code:2022:019:547:3000:3054:304"", ""code:2022:019:558:3000:3061:301"", ""code:2022:019:558:3000:3061:318"", ""code:2022:019:558:3000:3061:322"", ""code:2022:019:558:3000:3061:500"", ""code:2022:019:558:3000:3062:306"", ""code:2022:019:558:3000:3064:308""]",JOINT_ANALYSIS,FULLY_REPORTED,FULLY_COMPARABLE,False,True,10,992515000000,0.921767429207619,1,0.009257290821801182,0,0.0,0,0.0,0,0.0,0,0.0,0,0.0,0,0,1,9.470889608721279e-05,0,0.0,MEDIUM,MULTIPLE_FINANCIAL_SIGNALS;REPEATED_STRONG_LOW_EXECUTION,both,9,9,992421000000,992421000000,1028757000000,1022235000000,0.036613493668513665,0.030041685937721996,근로조건보호및복지증진,1051289000000,1051289000000,2,"[""FUND"", ""GENERAL_ACCOUNT""]",1092209000000,1092209000000,2,"[""FUND"", ""GENERAL_ACCOUNT""]",False,False,,1.0,UNAVAILABLE_MIXED_OR_UNLINKED,False,1051289000000,1051289000000,2,"[""FUND"", ""GENERAL_ACCOUNT""]",1087011000000,1087011000000,2,"[""FUND"", ""GENERAL_ACCOUNT""]",False,False,,1.0,UNAVAILABLE_MIXED_OR_UNLINKED,False,False,0.0,True,0.0,0.5,0.5,0.0,0.7906976744186046,0.4375,False,False,True,False,False,False,False,False,False,9,992421000000,1028757000000,0.036613493668513665,False,False,False,False,9,992421000000,1022235000000,0.030041685937721996,False,False,False,True,1,True,True,1,LIMITED,1,0,True,True,False,MODERATE_OR_CONTEXT_REVIEW,REPEATED_OR_MULTIPLE,1,DETAILED_PROJECT_REVIEW,반복·복수 신호의 원인을 세부사업과 원문에서 확인,EXECUTION_MANAGEMENT,019:2022:사회복지:노동:3000:FUND,3,0.16666666666666666,equal_mean_of_three_signal_components,tiebreak_only,False,71.25,97.0,22.75,15.0,64,False,False,REPEATED_OR_MULTIPLE,READY_FOR_REVIEW,2,REPEATED_OR_MULTIPLE_INDEPENDENT_SIGNALS,NOT_ASSESSED,REVIEW_WORKFLOW_ORDER_NOT_POLICY_EFFECTIVENESS_RANK,74,16,85,17
과학기술정보통신부,2023,Ⅱ-3,과학문화창달,,,,,과학문화창달,2,2,2,2,0,0,2,ALL_COMPARABLE_AT_OR_ABOVE_TARGET,"[""MSIT-2023-II3-01"", ""MSIT-2023-II3-02""]",162,EXACT_NAME_UNIQUE_FINANCIAL,True,과학기술,과학기술인력및문화,1800,과학문화창달,과학문화창달,GENERAL_ACCOUNT,71642000000,71642000000,61297470000,0.8556080232265989,COMPLETE,HIGH,5,5,0,"[""code:2023:162:110:1800:1831:401"", ""code:2023:162:110:1800:1831:402"", ""code:2023:162:110:1800:1831:406"", ""code:2023:162:110:1800:1832:405"", ""code:2023:162:110:1800:1834:414""]",JOINT_ANALYSIS,FULLY_REPORTED,FULLY_COMPARABLE,False,True,5,71642000000,0.5667904301945786,1,0.2835487563161274,0,0.0,0,0.0,0,0.0,0,0.0,0,0.0,0,0,1,0.06952625554842132,0,0.0,MEDIUM,MULTIPLE_FINANCIAL_SIGNALS;REPEATED_STRONG_LOW_EXECUTION,both,1,,10330000000,,10397000000,,0.00648596321393998,,과학문화창달,126644000000,126644000000,2,"[""FUND"", ""GENERAL_ACCOUNT""]",110720000000,110720000000,3,"[""FUND"", ""GENERAL_ACCOUNT"", ""SPECIAL_ACCOUNT""]",False,False,,1.0,UNAVAILABLE_MIXED_OR_UNLINKED,False,126644000000,126644000000,2,"[""FUND"", ""GENERAL_ACCOUNT""]",,133091000000,3,"[""FUND"", ""GENERAL_ACCOUNT"", ""SPECIAL_ACCOUNT""]",False,False,,1.0,UNAVAILABLE_MIXED_OR_UNLINKED,False,False,0.0,True,0.0,0.5,0.5,0.0,0.427536231884058,0.5172413793103449,False,False,True,False,False,False,False,False,False,1,10330000000,10397000000,0.00648596321393998,False,False,False,False,,,,,False,False,False,True,1,True,True,1,LIMITED,1,0,True,True,False,MODERATE_OR_CONTEXT_REVIEW,REPEATED_OR_MULTIPLE,1,DETAILED_PROJECT_REVIEW,반복·복수 신호의 원인을 세부사업과 원문에서 확인,EXECUTION_MANAGEMENT,162:2023:과학기술:과학기술인력및문화:1800:GENERAL_ACCOUNT,3,0.16666666666666666,equal_mean_of_three_signal_components,tiebreak_only,False,112.75,98.0,21.25,29.0,110,False,False,REPEATED_OR_MULTIPLE,READY_FOR_REVIEW,2,REPEATED_OR_MULTIPLE_INDEPENDENT_SIGNALS,NOT_ASSESSED,REVIEW_WORKFLOW_ORDER_NOT_POLICY_EFFECTIVENESS_RANK,75,9,86,12
과학기술정보통신부,2022,Ⅱ-1,과학기술기반 조성,,,,,과학기술기반조성,2,2,2,2,0,0,2,ALL_COMPARABLE_AT_OR_ABOVE_TARGET,"[""MSIT-2022-II1-01"", ""MSIT-2022-II1-02""]",162,EXACT_NAME_UNIQUE_FINANCIAL,True,과학기술,과학기술연구지원,1600,과학기술기반조성,과학기술기반조성,GENERAL_ACCOUNT,54291000000,114505408490,102300768410,0.8934142915959654,COMPLETE,HIGH,2,2,0,"[""code:2022:162:110:1600:1639:402"", ""code:2022:162:110:1600:1640:300""]",JOINT_ANALYSIS,FULLY_REPORTED,FULLY_COMPARABLE,False,True,2,54291000000,1.7509347774032529,0,0.0,1,0.7509347774032529,0,0.0,0,0.0,0,0.0,0,0.0,2,1,1,0.7509347774032529,0,0.0,MEDIUM,MULTIPLE_FINANCIAL_SIGNALS;PROGRAM_BUDGET_CONCENTRATION;REPEATED_MODERATE_LOW_EXECUTION,both,2,2,54291000000,54291000000,63956000000,43663000000,0.17802213994953123,-0.19575988653736348,과학기술기반조성,54291000000,54291000000,1,"[""GENERAL_ACCOUNT""]",63956000000,63956000000,1,"[""GENERAL_ACCOUNT""]",False,True,0.17802213994953123,1.0,PROGRAM_TOTAL_SINGLE_ACCOUNT,True,54291000000,54291000000,1,"[""GENERAL_ACCOUNT""]",43663000000,43663000000,1,"[""GENERAL_ACCOUNT""]",False,True,-0.19575988653736348,1.0,PROGRAM_TOTAL_SINGLE_ACCOUNT,True,True,0.0,True,0.0,0.5,0.5,0.0,0.31007751937984496,0.39285714285714285,False,False,True,False,False,True,False,False,True,2,54291000000,63956000000,0.17802213994953123,True,False,False,True,2,54291000000,43663000000,-0.19575988653736348,True,False,True,True,1,True,True,1,LIMITED,1,1,True,True,False,MODERATE_OR_CONTEXT_REVIEW,REPEATED_OR_MULTIPLE,1,DETAILED_PROJECT_REVIEW,반복·복수 신호의 원인을 세부사업과 원문에서 확인,EXECUTION_MANAGEMENT;PROGRAM_STRUCTURE_CONTEXT;GOOD_PERFORMANCE_BUDGET_DECREASE_T2_CONTEXT,162:2022:과학기술:과학기술연구지원:1600:GENERAL_ACCOUNT,3,0.16666666666666666,equal_mean_of_three_signal_components,tiebreak_only,False,129.75,118.0,26.75,34.0,131,False,False,REPEATED_OR_MULTIPLE,READY_FOR_REVIEW,2,REPEATED_OR_MULTIPLE_INDEPENDENT_SIGNALS,NOT_ASSESSED,REVIEW_WORKFLOW_ORDER_NOT_POLICY_EFFECTIVENESS_RANK,76,10,87,13
중소벤처기업부,2023,Ⅱ-2,중소기업수출촉진지원,,,,,중소기업수출촉진지원,2,2,2,2,0,0,2,ALL_COMPARABLE_AT_OR_ABOVE_TARGET,"[""중기부-2023-II2-01"", ""중기부-2023-II2-02""]",102,EXACT_NAME,True,산업·중소기업및에너지,무역및투자유치,3100,중소기업수출촉진지원,중소기업수출촉진지원,FUND,50752000000,50752000000,50423124189,0.993519943824874,COMPLETE,HIGH,3,3,0,"[""code:2023:102:584:3100:3151:305"", ""code:2023:102:584:3100:3152:301"", ""code:2023:102:584:3100:3153:302""]",JOINT_ANALYSIS,FULLY_REPORTED,FULLY_COMPARABLE,False,False,3,50752000000,1.0,0,0.0,0,0.0,3,1.0,0,0.0,0,0.0,0,0.0,0,0,0,0.0,0,0.0,MEDIUM,REPEATED_YEAR_END_CONCENTRATION,both,3,,50752000000,,45557000000,,-0.10236049810844892,,중소기업수출촉진지원,267594000000,267594000000,2,"[""FUND"", ""GENERAL_ACCOUNT""]",259143000000,259143000000,2,"[""FUND"", ""GENERAL_ACCOUNT""]",False,False,,1.0,UNAVAILABLE_MIXED_OR_UNLINKED,False,267594000000,267594000000,2,"[""FUND"", ""GENERAL_ACCOUNT""]",,368218000000,2,"[""FUND"", ""GENERAL_ACCOUNT""]",False,False,,1.0,UNAVAILABLE_MIXED_OR_UNLINKED,False,False,0.0,True,0.0,0.0,0.5,0.0,0.3115942028985507,0.3181818181818182,False,False,True,False,False,False,False,False,True,3,50752000000,45557000000,-0.10236049810844892,True,False,False,False,,,,,False,False,False,False,1,True,True,1,LIMITED,1,0,True,True,False,MODERATE_OR_CONTEXT_REVIEW,REPEATED_OR_MULTIPLE,1,DETAILED_PROJECT_REVIEW,반복·복수 신호의 원인을 세부사업과 원문에서 확인,EXECUTION_MANAGEMENT,102:2023:산업·중소기업및에너지:무역및투자유치:3100:FUND,3,0.16666666666666666,equal_mean_of_three_signal_components,tiebreak_only,False,128.5,118.0,25.75,27.0,128,False,False,REPEATED_OR_MULTIPLE,READY_FOR_REVIEW,2,REPEATED_OR_MULTIPLE_INDEPENDENT_SIGNALS,NOT_ASSESSED,REVIEW_WORKFLOW_ORDER_NOT_POLICY_EFFECTIVENESS_RANK,77,6,88,7
중소벤처기업부,2024,Ⅱ-2,중소기업수출촉진지원,,,,,중소기업수출촉진지원,1,1,1,1,0,0,1,ALL_COMPARABLE_AT_OR_ABOVE_TARGET,"[""중기부-2024-II2-01""]",102,EXACT_NAME,True,산업·중소기업및에너지,무역및투자유치,3100,중소기업수출촉진지원,중소기업수출촉진지원,FUND,45557000000,45557000000,39994230540,0.8778942981320105,COMPLETE,HIGH,3,3,0,"[""code:2024:102:584:3100:3151:305"", ""code:2024:102:584:3100:3152:301"", ""code:2024:102:584:3100:3153:302""]",JOINT_ANALYSIS,FULLY_REPORTED,FULLY_COMPARABLE,False,True,3,45557000000,1.8837500274381545,0,0.0,0,0.0,3,1.0,0,0.0,0,0.0,0,0.0,0,0,1,0.8837500274381545,0,0.0,MEDIUM,MULTIPLE_FINANCIAL_SIGNALS;REPEATED_YEAR_END_CONCENTRATION,both,,,,,,,,,중소기업수출촉진지원,259143000000,259143000000,2,"[""FUND"", ""GENERAL_ACCOUNT""]",,368218000000,2,"[""FUND"", ""GENERAL_ACCOUNT""]",False,False,,1.0,UNAVAILABLE_MIXED_OR_UNLINKED,False,259143000000,259143000000,2,"[""FUND"", ""GENERAL_ACCOUNT""]",,,,,False,False,,1.0,UNAVAILABLE_MIXED_OR_UNLINKED,False,False,0.0,True,0.0,0.5,0.5,0.0,0.3357664233576642,0.4,False,False,True,False,False,False,False,False,False,,,,,False,False,False,False,,,,,False,False,False,True,1,True,True,1,LIMITED,1,0,True,True,False,MODERATE_OR_CONTEXT_REVIEW,REPEATED_OR_MULTIPLE,1,DETAILED_PROJECT_REVIEW,반복·복수 신호의 원인을 세부사업과 원문에서 확인,EXECUTION_MANAGEMENT,102:2024:산업·중소기업및에너지:무역및투자유치:3100:FUND,3,0.16666666666666666,equal_mean_of_three_signal_components,tiebreak_only,False,125.5,114.0,22.25,29.0,121,False,False,REPEATED_OR_MULTIPLE,READY_FOR_REVIEW,2,REPEATED_OR_MULTIPLE_INDEPENDENT_SIGNALS,NOT_ASSESSED,REVIEW_WORKFLOW_ORDER_NOT_POLICY_EFFECTIVENESS_RANK,78,7,89,8
보건복지부,2024,Ⅲ-3,국립정신건강센터,,,,,국립정신건강센터,1,1,1,1,0,0,1,ALL_COMPARABLE_AT_OR_ABOVE_TARGET,"[""MOHW-2024-III3-01""]",075,EXACT_NAME_UNIQUE_FINANCIAL,True,보건,보건의료,3700,국립정신건강센터,국립정신건강센터,RESPONSIBLE_OPERATION_ACCOUNT,18736000000,20067944000,17451605390,0.869625976133878,COMPLETE,HIGH,7,7,0,"[""code:2024:075:433:3700:3702:100"", ""code:2024:075:433:3700:3718:200"", ""code:2024:075:433:3700:3719:250"", ""code:2024:075:433:3700:3722:250"", ""code:2024:075:433:3700:3722:260"", ""code:2024:075:433:3700:3731:304"", ""code:2024:075:433:3700:3731:311"", ""code:2024:075:433:3700:3731:319"", ""code:2024:075:433:3700:3731:650"", ""code:2024:075:433:3700:3761:300"", ""code:2024:075:433:3700:3762:500"", ""code:2024:075:433:3700:3763:301""]",JOINT_ANALYSIS,FULLY_REPORTED,FULLY_COMPARABLE,False,True,7,18736000000,1.799530315969257,0,0.0,2,0.7527754056362084,0,0.0,0,0.0,0,0.0,0,0.0,7,1,4,0.7778074295473953,0,0.0,MEDIUM,MULTIPLE_FINANCIAL_SIGNALS;PROGRAM_BUDGET_CONCENTRATION;REPEATED_MODERATE_LOW_EXECUTION,both,,,,,,,,,국립정신건강센터,45518000000,18736000000,1,"[""RESPONSIBLE_OPERATION_ACCOUNT""]",,18567000000,1,"[""RESPONSIBLE_OPERATION_ACCOUNT""]",False,False,,0.4116173821345402,PROGRAM_TOTAL_SINGLE_ACCOUNT,False,45518000000,18736000000,1,"[""RESPONSIBLE_OPERATION_ACCOUNT""]",,,,,False,False,,0.4116173821345402,UNAVAILABLE_MIXED_OR_UNLINKED,False,False,0.0,True,0.0,0.5,0.5,0.0,0.2116788321167883,0.2564102564102564,False,False,True,False,False,True,False,False,False,,,,,False,False,False,False,,,,,False,False,False,True,1,True,True,1,LIMITED,1,1,True,True,False,MODERATE_OR_CONTEXT_REVIEW,REPEATED_OR_MULTIPLE,1,DETAILED_PROJECT_REVIEW,반복·복수 신호의 원인을 세부사업과 원문에서 확인,EXECUTION_MANAGEMENT;PROGRAM_STRUCTURE_CONTEXT,075:2024:보건:보건의료:3700:RESPONSIBLE_OPERATION_ACCOUNT,3,0.16666666666666666,equal_mean_of_three_signal_components,tiebreak_only,False,141.75,132.0,54.5,47.0,144,False,False,REPEATED_OR_MULTIPLE,READY_FOR_REVIEW,2,REPEATED_OR_MULTIPLE_INDEPENDENT_SIGNALS,NOT_ASSESSED,REVIEW_WORKFLOW_ORDER_NOT_POLICY_EFFECTIVENESS_RANK,79,46,90,52
보건복지부,2023,Ⅲ-1,소록도병원,,,,,소록도병원,2,2,2,2,0,0,2,ALL_COMPARABLE_AT_OR_ABOVE_TARGET,"[""MOHW-2023-III1-01"", ""MOHW-2023-III1-02""]",075,EXACT_NAME,True,보건,보건의료,4500,소록도병원,소록도병원,GENERAL_ACCOUNT,11317000000,11696832780,10314747930,0.8818411038274243,COMPLETE,HIGH,4,4,0,"[""code:2023:075:110:4500:4533:300"", ""code:2023:075:110:4500:4533:301"", ""code:2023:075:110:4500:4533:302"", ""code:2023:075:110:4500:4533:500""]",JOINT_ANALYSIS,FULLY_REPORTED,FULLY_COMPARABLE,False,True,4,11317000000,1.3031722187858974,0,0.0,1,0.6485817796235751,0,0.0,0,0.0,0,0.0,0,0.0,0,0,1,0.6485817796235751,0,0.0,MEDIUM,MULTIPLE_FINANCIAL_SIGNALS;REPEATED_MODERATE_LOW_EXECUTION,both,4,,11317000000,,9529000000,,-0.15799240081293628,,소록도병원,11317000000,11317000000,1,"[""GENERAL_ACCOUNT""]",9529000000,9529000000,1,"[""GENERAL_ACCOUNT""]",False,True,-0.15799240081293628,1.0,PROGRAM_TOTAL_SINGLE_ACCOUNT,True,11317000000,11317000000,1,"[""GENERAL_ACCOUNT""]",,9924000000,1,"[""GENERAL_ACCOUNT""]",False,False,,1.0,PROGRAM_TOTAL_SINGLE_ACCOUNT,False,True,0.0,True,0.0,0.5,0.5,0.0,0.15217391304347827,0.20512820512820512,False,False,True,False,False,False,False,False,True,4,11317000000,9529000000,-0.15799240081293628,True,False,True,False,,,,,False,False,False,True,1,True,True,1,LIMITED,1,0,True,True,False,MODERATE_OR_CONTEXT_REVIEW,REPEATED_OR_MULTIPLE,1,DETAILED_PROJECT_REVIEW,반복·복수 신호의 원인을 세부사업과 원문에서 확인,EXECUTION_MANAGEMENT;GOOD_PERFORMANCE_BUDGET_DECREASE_T1_CONTEXT,075:2023:보건:보건의료:4500:GENERAL_ACCOUNT,3,0.16666666666666666,equal_mean_of_three_signal_components,tiebreak_only,False,149.625,135.5,57.0,45.0,156,False,False,REPEATED_OR_MULTIPLE,READY_FOR_REVIEW,2,REPEATED_OR_MULTIPLE_INDEPENDENT_SIGNALS,NOT_ASSESSED,REVIEW_WORKFLOW_ORDER_NOT_POLICY_EFFECTIVENESS_RANK,80,47,91,53
과학기술정보통신부,2023,Ⅳ-5,정보통신융합산업,,,,,정보통신융합산업,2,2,2,2,0,0,2,ALL_COMPARABLE_AT_OR_ABOVE_TARGET,"[""MSIT-2023-IV5-01"", ""MSIT-2023-IV5-02""]",162,EXACT_NAME_UNIQUE_FINANCIAL,True,통신,정보통신,2100,정보통신융합산업,정보통신융합산업,FUND,598251000000,598251000000,598018000000,0.9996105313655974,COMPLETE,HIGH,22,22,0,"[""code:2023:162:543:2100:2131:305"", ""code:2023:162:543:2100:2132:302"", ""code:2023:162:543:2100:2132:304"", ""code:2023:162:543:2100:2132:308"", ""code:2023:162:543:2100:2132:309"", ""code:2023:162:543:2100:2132:310"", ""code:2023:162:543:2100:2132:311"", ""code:2023:162:543:2100:2133:301"", ""code:2023:162:543:2100:2133:306"", ""code:2023:162:543:2100:2136:301"", ""code:2023:162:543:2100:2137:303"", ""code:2023:162:543:2100:2137:305"", ""code:2023:162:543:2100:2137:311"", ""code:2023:162:543:2100:2137:333"", ""code:2023:162:543:2100:2137:335"", ""code:2023:162:564:2100:2132:301"", ""code:2023:162:564:2100:2132:408"", ""code:2023:162:564:2100:2132:409"", ""code:2023:162:564:2100:2133:301"", ""code:2023:162:564:2100:2133:304"", ""code:2023:162:564:2100:2133:305"", ""code:2023:162:564:2100:2135:301""]",JOINT_ANALYSIS,FULLY_REPORTED,FULLY_COMPARABLE,False,False,22,598251000000,1.1507511061410678,0,0.0,0,0.0,2,0.3123956332709849,1,0.16125840157392132,1,0.020392778282025438,2,0.16725254115747404,0,0,5,0.5049268618021533,0,0.0,MEDIUM,ACCOUNTING_ADJUSTMENT_PATTERN;BUDGET_RAPID_DECREASE;BUDGET_RAPID_INCREASE;MULTIPLE_FINANCIAL_SIGNALS;REPEATED_YEAR_END_CONCENTRATION,both,14,1,421614000000,2185000000,365460000000,,-0.13318817686319714,,정보통신융합산업,780900000000,780900000000,3,"[""FUND"", ""GENERAL_ACCOUNT"", ""SPECIAL_ACCOUNT""]",724744000000,724744000000,3,"[""FUND"", ""GENERAL_ACCOUNT"", ""SPECIAL_ACCOUNT""]",False,False,,1.0,UNAVAILABLE_MIXED_OR_UNLINKED,False,780900000000,780900000000,3,"[""FUND"", ""GENERAL_ACCOUNT"", ""SPECIAL_ACCOUNT""]",,740405000000,3,"[""FUND"", ""GENERAL_ACCOUNT"", ""SPECIAL_ACCOUNT""]",False,False,,1.0,UNAVAILABLE_MIXED_OR_UNLINKED,False,False,0.0,True,0.0,0.0,0.15619781663549245,0.16725254115747404,0.7536231884057971,0.9137931034482759,False,False,True,True,True,False,True,True,False,14,421614000000,365460000000,-0.13318817686319714,False,False,False,False,1,2185000000,,,False,False,False,False,1,True,True,1,LIMITED,2,1,True,True,False,MULTIPLE_SIGNAL_REVIEW,REPEATED_OR_MULTIPLE,1,DETAILED_PROJECT_REVIEW,반복·복수 신호의 원인을 세부사업과 원문에서 확인,EXECUTION_MANAGEMENT;BUDGET_PERFORMANCE_MISMATCH;ACCOUNTING_ADJUSTMENT_CONTEXT,162:2023:통신:정보통신:2100:FUND,1,0.10781678593098883,equal_mean_of_three_signal_components,tiebreak_only,False,103.5,57.0,13.75,18.0,103,False,False,REPEATED_OR_MULTIPLE,READY_FOR_REVIEW,2,REPEATED_OR_MULTIPLE_INDEPENDENT_SIGNALS,NOT_ASSESSED,REVIEW_WORKFLOW_ORDER_NOT_POLICY_EFFECTIVENESS_RANK,81,11,92,14
과학기술정보통신부,2024,Ⅳ-8,전파활용방송서비스산업,,,,,전파활용방송서비스산업,1,1,1,1,0,0,1,ALL_COMPARABLE_AT_OR_ABOVE_TARGET,"[""MSIT-2024-IV8-01""]",162,EXACT_NAME_UNIQUE_FINANCIAL,True,통신,방송통신,2500,전파활용방송서비스산업,전파활용방송서비스산업,FUND,21614000000,21614000000,21438768320,0.9918926769686316,COMPLETE,HIGH,9,9,0,"[""code:2024:162:543:2500:2531:303"", ""code:2024:162:543:2500:2531:305"", ""code:2024:162:543:2500:2531:307"", ""code:2024:162:564:2500:2531:302"", ""code:2024:162:564:2500:2532:301"", ""code:2024:162:564:2500:2532:302"", ""code:2024:162:564:2500:2533:411"", ""code:2024:162:564:2500:2534:301"", ""code:2024:162:564:2500:2534:402""]",JOINT_ANALYSIS,FULLY_REPORTED,FULLY_COMPARABLE,False,False,9,21614000000,1.004210234107523,0,0.0,0,0.0,3,0.5342370685666697,0,0.0,0,0.0,1,0.04770056444896826,0,0,1,0.4222726010918849,0,0.0,MEDIUM,BUDGET_RAPID_DECREASE;MULTIPLE_FINANCIAL_SIGNALS;REPEATED_YEAR_END_CONCENTRATION,both,,,,,,,,,전파활용방송서비스산업,74349000000,74349000000,3,"[""FUND"", ""GENERAL_ACCOUNT"", ""SPECIAL_ACCOUNT""]",,82642000000,3,"[""FUND"", ""GENERAL_ACCOUNT"", ""SPECIAL_ACCOUNT""]",False,False,,1.0,UNAVAILABLE_MIXED_OR_UNLINKED,False,74349000000,74349000000,3,"[""FUND"", ""GENERAL_ACCOUNT"", ""SPECIAL_ACCOUNT""]",,,,,False,False,,1.0,UNAVAILABLE_MIXED_OR_UNLINKED,False,False,0.0,True,0.0,0.0,0.2671185342833349,0.04770056444896826,0.22627737226277372,0.2711864406779661,False,False,True,True,False,False,False,True,False,,,,,False,False,False,False,,,,,False,False,False,False,1,True,True,1,LIMITED,2,0,True,True,False,MULTIPLE_SIGNAL_REVIEW,REPEATED_OR_MULTIPLE,1,DETAILED_PROJECT_REVIEW,반복·복수 신호의 원인을 세부사업과 원문에서 확인,EXECUTION_MANAGEMENT;BUDGET_PERFORMANCE_MISMATCH,162:2024:통신:방송통신:2500:FUND,1,0.10493969957743438,equal_mean_of_three_signal_components,tiebreak_only,False,170.75,102.0,41.0,32.0,184,False,False,REPEATED_OR_MULTIPLE,READY_FOR_REVIEW,2,REPEATED_OR_MULTIPLE_INDEPENDENT_SIGNALS,NOT_ASSESSED,REVIEW_WORKFLOW_ORDER_NOT_POLICY_EFFECTIVENESS_RANK,82,12,93,15
과학기술정보통신부,2022,Ⅱ-3,과학문화창달,,,,,과학문화창달,2,2,2,2,0,0,2,ALL_COMPARABLE_AT_OR_ABOVE_TARGET,"[""MSIT-2022-II3-01"", ""MSIT-2022-II3-02""]",162,EXACT_NAME_UNIQUE_FINANCIAL,True,과학기술,과학기술인력및문화,1800,과학문화창달,과학문화창달,GENERAL_ACCOUNT,66321000000,67356824000,63918299480,0.9489506138234785,COMPLETE,HIGH,5,5,0,"[""code:2022:162:110:1800:1831:301"", ""code:2022:162:110:1800:1831:401"", ""code:2022:162:110:1800:1831:402"", ""code:2022:162:110:1800:1832:405"", ""code:2022:162:110:1800:1834:414""]",JOINT_ANALYSIS,FULLY_REPORTED,FULLY_COMPARABLE,False,False,5,66321000000,0.2113206978181873,1,0.2113206978181873,0,0.0,0,0.0,0,0.0,0,0.0,0,0.0,0,0,0,0.0,0,0.0,MEDIUM,REPEATED_STRONG_LOW_EXECUTION,both,2,1,24369000000,10354000000,30644000000,10397000000,0.2574992818745127,0.004152984353872899,과학문화창달,137836000000,137836000000,2,"[""FUND"", ""GENERAL_ACCOUNT""]",126644000000,126644000000,2,"[""FUND"", ""GENERAL_ACCOUNT""]",False,False,,1.0,UNAVAILABLE_MIXED_OR_UNLINKED,False,137836000000,137836000000,2,"[""FUND"", ""GENERAL_ACCOUNT""]",110720000000,110720000000,3,"[""FUND"", ""GENERAL_ACCOUNT"", ""SPECIAL_ACCOUNT""]",False,False,,1.0,UNAVAILABLE_MIXED_OR_UNLINKED,False,False,0.0,True,0.0,0.0,0.2113206978181873,0.0,0.3953488372093023,0.48214285714285715,False,False,True,False,False,False,False,False,False,2,24369000000,30644000000,0.2574992818745127,False,False,False,False,1,10354000000,10397000000,0.004152984353872899,False,False,False,False,1,True,True,1,LIMITED,1,0,True,True,False,MODERATE_OR_CONTEXT_REVIEW,REPEATED_OR_MULTIPLE,1,DETAILED_PROJECT_REVIEW,반복·복수 신호의 원인을 세부사업과 원문에서 확인,EXECUTION_MANAGEMENT,162:2022:과학기술:과학기술인력및문화:1800:GENERAL_ACCOUNT,3,0.07044023260606243,equal_mean_of_three_signal_components,tiebreak_only,False,168.0,71.0,38.0,20.0,181,False,False,REPEATED_OR_MULTIPLE,READY_FOR_REVIEW,2,REPEATED_OR_MULTIPLE_INDEPENDENT_SIGNALS,NOT_ASSESSED,REVIEW_WORKFLOW_ORDER_NOT_POLICY_EFFECTIVENESS_RANK,83,13,94,16
과학기술정보통신부,2024,Ⅳ-4,정보통신융합산업,,,,,정보통신융합산업,1,1,1,1,0,0,1,ALL_COMPARABLE_AT_OR_ABOVE_TARGET,"[""MSIT-2024-IV4-01""]",162,EXACT_NAME_UNIQUE_FINANCIAL,True,통신,정보통신,2100,정보통신융합산업,정보통신융합산업,FUND,519479000000,519479000000,519317299800,0.9996887262045242,COMPLETE,HIGH,22,22,0,"[""code:2024:162:543:2100:2131:305"", ""code:2024:162:543:2100:2132:302"", ""code:2024:162:543:2100:2132:308"", ""code:2024:162:543:2100:2132:309"", ""code:2024:162:543:2100:2132:310"", ""code:2024:162:543:2100:2132:311"", ""code:2024:162:543:2100:2132:313"", ""code:2024:162:543:2100:2133:306"", ""code:2024:162:543:2100:2136:301"", ""code:2024:162:543:2100:2137:303"", ""code:2024:162:543:2100:2137:307"", ""code:2024:162:543:2100:2137:308"", ""code:2024:162:543:2100:2137:311"", ""code:2024:162:543:2100:2137:333"", ""code:2024:162:564:2100:2132:301"", ""code:2024:162:564:2100:2132:408"", ""code:2024:162:564:2100:2132:409"", ""code:2024:162:564:2100:2132:414"", ""code:2024:162:564:2100:2133:301"", ""code:2024:162:564:2100:2133:304"", ""code:2024:162:564:2100:2133:305"", ""code:2024:162:564:2100:2135:301""]",JOINT_ANALYSIS,FULLY_REPORTED,FULLY_COMPARABLE,False,False,22,519479000000,0.9395143980796143,0,0.0,0,0.0,2,0.35415098589163374,0,0.0,0,0.0,3,0.0034650101351546454,0,0,3,0.3647192668038554,0,0.0,MEDIUM,BUDGET_RAPID_DECREASE;MULTIPLE_FINANCIAL_SIGNALS;REPEATED_YEAR_END_CONCENTRATION,both,1,,340000000,,,,,,정보통신융합산업,724744000000,724744000000,3,"[""FUND"", ""GENERAL_ACCOUNT"", ""SPECIAL_ACCOUNT""]",,740405000000,3,"[""FUND"", ""GENERAL_ACCOUNT"", ""SPECIAL_ACCOUNT""]",False,False,,1.0,UNAVAILABLE_MIXED_OR_UNLINKED,False,724744000000,724744000000,3,"[""FUND"", ""GENERAL_ACCOUNT"", ""SPECIAL_ACCOUNT""]",,,,,False,False,,1.0,UNAVAILABLE_MIXED_OR_UNLINKED,False,False,0.0,True,0.0,0.0,0.17707549294581687,0.0034650101351546454,0.7737226277372263,0.9322033898305084,False,False,True,True,False,False,False,True,False,1,340000000,,,False,False,False,False,,,,,False,False,False,False,1,True,True,1,LIMITED,2,0,True,True,False,MULTIPLE_SIGNAL_REVIEW,REPEATED_OR_MULTIPLE,1,DETAILED_PROJECT_REVIEW,반복·복수 신호의 원인을 세부사업과 원문에서 확인,EXECUTION_MANAGEMENT;BUDGET_PERFORMANCE_MISMATCH,162:2024:통신:정보통신:2100:FUND,1,0.06018016769365717,equal_mean_of_three_signal_components,tiebreak_only,False,117.0,53.0,18.25,19.0,112,False,False,REPEATED_OR_MULTIPLE,READY_FOR_REVIEW,2,REPEATED_OR_MULTIPLE_INDEPENDENT_SIGNALS,NOT_ASSESSED,REVIEW_WORKFLOW_ORDER_NOT_POLICY_EFFECTIVENESS_RANK,84,14,95,17
과학기술정보통신부,2023,Ⅳ-10,인공지능데이터진흥,,,,,인공지능데이터진흥,2,2,2,2,0,0,2,ALL_COMPARABLE_AT_OR_ABOVE_TARGET,"[""MSIT-2023-IV10-01"", ""MSIT-2023-IV10-02""]",162,EXACT_NAME_UNIQUE_FINANCIAL,True,통신,정보통신,2600,인공지능데이터진흥,인공지능데이터진흥,FUND,598257000000,598257000000,597916581740,0.9994309832396444,COMPLETE,HIGH,22,22,0,"[""code:2023:162:543:2600:2601:303"", ""code:2023:162:543:2600:2601:307"", ""code:2023:162:543:2600:2601:308"", ""code:2023:162:543:2600:2601:325"", ""code:2023:162:543:2600:2602:303"", ""code:2023:162:543:2600:2602:305"", ""code:2023:162:543:2600:2602:322"", ""code:2023:162:543:2600:2602:323"", ""code:2023:162:543:2600:2602:324"", ""code:2023:162:543:2600:2602:325"", ""code:2023:162:543:2600:2602:326"", ""code:2023:162:543:2600:2602:327"", ""code:2023:162:543:2600:2602:328"", ""code:2023:162:543:2600:2602:329"", ""code:2023:162:543:2600:2604:421"", ""code:2023:162:543:2600:2605:301"", ""code:2023:162:543:2600:2605:302"", ""code:2023:162:543:2600:2605:303"", ""code:2023:162:543:2600:2605:304"", ""code:2023:162:564:2600:2602:311"", ""code:2023:162:564:2600:2602:312"", ""code:2023:162:564:2600:2604:301""]",JOINT_ANALYSIS,FULLY_REPORTED,FULLY_COMPARABLE,False,False,22,598257000000,0.9413028180196805,0,0.0,0,0.0,1,0.1777413385885999,1,0.003073929765970143,1,0.013372179514823897,1,0.06263528884743513,0,0,11,0.1241389570034283,0,0.0,MEDIUM,ACCOUNTING_ADJUSTMENT_PATTERN;BUDGET_RAPID_DECREASE;BUDGET_RAPID_INCREASE;MULTIPLE_FINANCIAL_SIGNALS;REPEATED_YEAR_END_CONCENTRATION,both,6,,202557000000,,188795000000,,-0.06794136958979448,,인공지능데이터진흥,882061000000,882061000000,3,"[""FUND"", ""GENERAL_ACCOUNT"", ""SPECIAL_ACCOUNT""]",584781000000,584781000000,3,"[""FUND"", ""GENERAL_ACCOUNT"", ""SPECIAL_ACCOUNT""]",False,False,,1.0,UNAVAILABLE_MIXED_OR_UNLINKED,False,882061000000,882061000000,3,"[""FUND"", ""GENERAL_ACCOUNT"", ""SPECIAL_ACCOUNT""]",,2547583000000,3,"[""FUND"", ""GENERAL_ACCOUNT"", ""SPECIAL_ACCOUNT""]",False,False,,1.0,UNAVAILABLE_MIXED_OR_UNLINKED,False,False,0.0,True,0.0,0.0,0.08887066929429994,0.06263528884743513,0.7608695652173914,0.9310344827586207,False,False,True,True,True,False,True,True,False,6,202557000000,188795000000,-0.06794136958979448,False,False,False,False,,,,,False,False,False,False,1,True,True,1,LIMITED,2,1,True,True,False,MULTIPLE_SIGNAL_REVIEW,REPEATED_OR_MULTIPLE,1,DETAILED_PROJECT_REVIEW,반복·복수 신호의 원인을 세부사업과 원문에서 확인,EXECUTION_MANAGEMENT;BUDGET_PERFORMANCE_MISMATCH;ACCOUNTING_ADJUSTMENT_CONTEXT,162:2023:통신:정보통신:2600:FUND,1,0.05050198604724502,equal_mean_of_three_signal_components,tiebreak_only,False,129.25,50.0,22.5,19.0,130,False,False,REPEATED_OR_MULTIPLE,READY_FOR_REVIEW,2,REPEATED_OR_MULTIPLE_INDEPENDENT_SIGNALS,NOT_ASSESSED,REVIEW_WORKFLOW_ORDER_NOT_POLICY_EFFECTIVENESS_RANK,85,15,96,18
고용노동부,2023,Ⅲ-3,근로조건보호및복지증진,,,,,근로조건보호및복지증진,3,3,3,3,0,0,3,ALL_COMPARABLE_AT_OR_ABOVE_TARGET,"[""MOEL-2023-III3-01"", ""MOEL-2023-III3-02"", ""MOEL-2023-III3-03""]",019,EXACT_NAME,True,사회복지,노동,3000,근로조건보호및복지증진,근로조건보호및복지증진,GENERAL_ACCOUNT,63169000000,63263000000,62561589850,0.988912790256548,COMPLETE,HIGH,10,10,0,"[""code:2023:019:110:3000:3031:302"", ""code:2023:019:110:3000:3031:304"", ""code:2023:019:110:3000:3031:320"", ""code:2023:019:110:3000:3032:306"", ""code:2023:019:110:3000:3034:313"", ""code:2023:019:110:3000:3036:301"", ""code:2023:019:110:3000:3050:300"", ""code:2023:019:110:3000:3050:301"", ""code:2023:019:110:3000:3050:302"", ""code:2023:019:110:3000:3051:308""]",JOINT_ANALYSIS,FULLY_REPORTED,FULLY_COMPARABLE,False,False,10,63169000000,0.3142839050800234,0,0.0,0,0.0,3,0.28251199164146973,0,0.0,0,0.0,0,0.0,0,0,1,0.009276702179866706,0,0.0,MEDIUM,MULTIPLE_FINANCIAL_SIGNALS;REPEATED_YEAR_END_CONCENTRATION,both,8,,57460000000,,58982000000,,0.026487991646362688,,근로조건보호및복지증진,1092209000000,1092209000000,2,"[""FUND"", ""GENERAL_ACCOUNT""]",1087011000000,1087011000000,2,"[""FUND"", ""GENERAL_ACCOUNT""]",False,False,,1.0,UNAVAILABLE_MIXED_OR_UNLINKED,False,1092209000000,1092209000000,2,"[""FUND"", ""GENERAL_ACCOUNT""]",,1140974000000,2,"[""FUND"", ""GENERAL_ACCOUNT""]",False,False,,1.0,UNAVAILABLE_MIXED_OR_UNLINKED,False,False,0.0,True,0.0,0.0,0.14125599582073486,0.0,0.41304347826086957,0.2631578947368421,False,False,True,False,False,False,False,False,False,8,57460000000,58982000000,0.026487991646362688,False,False,False,False,,,,,False,False,False,False,1,True,True,1,LIMITED,1,0,True,True,False,MODERATE_OR_CONTEXT_REVIEW,REPEATED_OR_MULTIPLE,1,DETAILED_PROJECT_REVIEW,반복·복수 신호의 원인을 세부사업과 원문에서 확인,EXECUTION_MANAGEMENT,019:2023:사회복지:노동:3000:GENERAL_ACCOUNT,3,0.04708533194024495,equal_mean_of_three_signal_components,tiebreak_only,False,182.25,47.0,32.75,11.0,190,False,False,REPEATED_OR_MULTIPLE,READY_FOR_REVIEW,2,REPEATED_OR_MULTIPLE_INDEPENDENT_SIGNALS,NOT_ASSESSED,REVIEW_WORKFLOW_ORDER_NOT_POLICY_EFFECTIVENESS_RANK,86,17,97,18
과학기술정보통신부,2024,Ⅱ-6,과학기술인력양성,2200,,,CONFIRMED,과학기술인력양성,1,1,1,1,0,0,1,ALL_COMPARABLE_AT_OR_ABOVE_TARGET,"[""MSIT-2024-II6-01""]",162,EXACT_CODE,True,교육,고등교육,2200,과학기술인력양성,과학기술인력양성,GENERAL_ACCOUNT,188107000000,188107000000,188107000000,1.0,COMPLETE,HIGH,4,4,0,"[""code:2024:162:110:2200:2231:401"", ""code:2024:162:110:2200:2231:403"", ""code:2024:162:110:2200:2231:751"", ""code:2024:162:110:2200:2231:752"", ""code:2024:162:110:2200:2240:300""]",JOINT_ANALYSIS,FULLY_REPORTED,FULLY_COMPARABLE,False,False,4,188107000000,0.7302226924037915,0,0.0,0,0.0,2,0.2734507487759626,0,0.0,0,0.0,0,0.0,0,0,0,0.0,0,0.0,MEDIUM,REPEATED_YEAR_END_CONCENTRATION,both,,,,,,,,,과학기술인력양성,188107000000,188107000000,1,"[""GENERAL_ACCOUNT""]",,207892000000,1,"[""GENERAL_ACCOUNT""]",False,False,,1.0,PROGRAM_TOTAL_SINGLE_ACCOUNT,False,188107000000,188107000000,1,"[""GENERAL_ACCOUNT""]",,,,,False,False,,1.0,UNAVAILABLE_MIXED_OR_UNLINKED,False,False,0.0,True,0.0,0.0,0.1367253743879813,0.0,0.6204379562043796,0.8135593220338984,False,False,True,False,False,False,False,False,False,,,,,False,False,False,False,,,,,False,False,False,False,1,True,True,1,LIMITED,1,0,True,True,False,MODERATE_OR_CONTEXT_REVIEW,REPEATED_OR_MULTIPLE,1,DETAILED_PROJECT_REVIEW,반복·복수 신호의 원인을 세부사업과 원문에서 확인,EXECUTION_MANAGEMENT,162:2024:교육:고등교육:2200:GENERAL_ACCOUNT,3,0.045575124795993766,equal_mean_of_three_signal_components,tiebreak_only,False,149.5,44.0,28.5,10.0,155,False,False,REPEATED_OR_MULTIPLE,READY_FOR_REVIEW,2,REPEATED_OR_MULTIPLE_INDEPENDENT_SIGNALS,NOT_ASSESSED,REVIEW_WORKFLOW_ORDER_NOT_POLICY_EFFECTIVENESS_RANK,87,16,98,19
과학기술정보통신부,2023,Ⅱ-7,과학기술인력양성,2200,,,CONFIRMED,과학기술인력양성,2,2,2,2,0,0,2,ALL_COMPARABLE_AT_OR_ABOVE_TARGET,"[""MSIT-2023-II7-01"", ""MSIT-2023-II7-02""]",162,EXACT_CODE,True,교육,고등교육,2200,과학기술인력양성,과학기술인력양성,GENERAL_ACCOUNT,191049000000,191049000000,190964576450,0.9995581052504856,COMPLETE,HIGH,4,4,0,"[""code:2023:162:110:2200:2231:403"", ""code:2023:162:110:2200:2231:751"", ""code:2023:162:110:2200:2231:752"", ""code:2023:162:110:2200:2240:300""]",JOINT_ANALYSIS,FULLY_REPORTED,FULLY_COMPARABLE,False,False,4,191049000000,0.2617653062826814,0,0.0,0,0.0,2,0.2557930164512769,0,0.0,0,0.0,0,0.0,0,0,1,0.005972289831404509,0,0.0,MEDIUM,MULTIPLE_FINANCIAL_SIGNALS;REPEATED_YEAR_END_CONCENTRATION,both,4,,191049000000,,188107000000,,-0.015399190783516271,,과학기술인력양성,191049000000,191049000000,1,"[""GENERAL_ACCOUNT""]",188107000000,188107000000,1,"[""GENERAL_ACCOUNT""]",False,True,-0.015399190783516271,1.0,PROGRAM_TOTAL_SINGLE_ACCOUNT,True,191049000000,191049000000,1,"[""GENERAL_ACCOUNT""]",,207892000000,1,"[""GENERAL_ACCOUNT""]",False,False,,1.0,PROGRAM_TOTAL_SINGLE_ACCOUNT,False,True,0.0,True,0.0,0.0,0.12789650822563844,0.0,0.5942028985507246,0.7758620689655172,False,False,True,False,False,False,False,False,True,4,191049000000,188107000000,-0.015399190783516271,True,False,True,False,,,,,False,False,False,False,1,True,True,1,LIMITED,1,0,True,True,False,MODERATE_OR_CONTEXT_REVIEW,REPEATED_OR_MULTIPLE,1,DETAILED_PROJECT_REVIEW,반복·복수 신호의 원인을 세부사업과 원문에서 확인,EXECUTION_MANAGEMENT;GOOD_PERFORMANCE_BUDGET_DECREASE_T1_CONTEXT,162:2023:교육:고등교육:2200:GENERAL_ACCOUNT,3,0.042632169408546146,equal_mean_of_three_signal_components,tiebreak_only,False,158.0,46.0,31.5,9.0,167,False,False,REPEATED_OR_MULTIPLE,READY_FOR_REVIEW,2,REPEATED_OR_MULTIPLE_INDEPENDENT_SIGNALS,NOT_ASSESSED,REVIEW_WORKFLOW_ORDER_NOT_POLICY_EFFECTIVENESS_RANK,88,17,99,20
과학기술정보통신부,2023,Ⅳ-9,전파활용방송서비스산업,,,,,전파활용방송서비스산업,2,2,2,2,0,0,2,ALL_COMPARABLE_AT_OR_ABOVE_TARGET,"[""MSIT-2023-IV9-01"", ""MSIT-2023-IV9-03""]",162,EXACT_NAME_UNIQUE_FINANCIAL,True,통신,방송통신,2500,전파활용방송서비스산업,전파활용방송서비스산업,FUND,48633000000,48633000000,48405810110,0.995328482923118,COMPLETE,HIGH,13,13,0,"[""code:2023:162:543:2500:2531:303"", ""code:2023:162:543:2500:2531:305"", ""code:2023:162:564:2500:2531:301"", ""code:2023:162:564:2500:2531:302"", ""code:2023:162:564:2500:2531:303"", ""code:2023:162:564:2500:2531:308"", ""code:2023:162:564:2500:2532:301"", ""code:2023:162:564:2500:2532:302"", ""code:2023:162:564:2500:2533:411"", ""code:2023:162:564:2500:2534:301"", ""code:2023:162:564:2500:2534:302"", ""code:2023:162:564:2500:2534:303"", ""code:2023:162:564:2500:2534:402""]",JOINT_ANALYSIS,FULLY_REPORTED,FULLY_COMPARABLE,False,False,13,48633000000,0.6348569901095964,0,0.0,0,0.0,3,0.2418111159089507,0,0.0,0,0.0,0,0.0,0,0,1,0.19198897867703,0,0.0,MEDIUM,MULTIPLE_FINANCIAL_SIGNALS;REPEATED_YEAR_END_CONCENTRATION,both,7,,36143000000,,19339000000,,-0.4649309686522978,,전파활용방송서비스산업,106842000000,106842000000,3,"[""FUND"", ""GENERAL_ACCOUNT"", ""SPECIAL_ACCOUNT""]",74349000000,74349000000,3,"[""FUND"", ""GENERAL_ACCOUNT"", ""SPECIAL_ACCOUNT""]",False,False,,1.0,UNAVAILABLE_MIXED_OR_UNLINKED,False,106842000000,106842000000,3,"[""FUND"", ""GENERAL_ACCOUNT"", ""SPECIAL_ACCOUNT""]",,82642000000,3,"[""FUND"", ""GENERAL_ACCOUNT"", ""SPECIAL_ACCOUNT""]",False,False,,1.0,UNAVAILABLE_MIXED_OR_UNLINKED,False,False,0.0,True,0.0,0.0,0.12090555795447536,0.0,0.2971014492753623,0.3275862068965517,False,False,True,False,False,False,False,False,False,7,36143000000,19339000000,-0.4649309686522978,False,False,False,False,,,,,False,False,False,False,1,True,True,1,LIMITED,1,0,True,True,False,MODERATE_OR_CONTEXT_REVIEW,REPEATED_OR_MULTIPLE,1,DETAILED_PROJECT_REVIEW,반복·복수 신호의 원인을 세부사업과 원문에서 확인,EXECUTION_MANAGEMENT,162:2023:통신:방송통신:2500:FUND,3,0.04030185265149178,equal_mean_of_three_signal_components,tiebreak_only,False,202.5,34.0,52.5,15.0,210,False,False,REPEATED_OR_MULTIPLE,READY_FOR_REVIEW,2,REPEATED_OR_MULTIPLE_INDEPENDENT_SIGNALS,NOT_ASSESSED,REVIEW_WORKFLOW_ORDER_NOT_POLICY_EFFECTIVENESS_RANK,89,18,100,21
과학기술정보통신부,2024,Ⅳ-9,인공지능데이터진흥,,,,,인공지능데이터진흥,1,1,1,1,0,0,1,ALL_COMPARABLE_AT_OR_ABOVE_TARGET,"[""MSIT-2024-IV9-01""]",162,EXACT_NAME_UNIQUE_FINANCIAL,True,통신,정보통신,2600,인공지능데이터진흥,인공지능데이터진흥,FUND,260821000000,260888900000,260739120000,0.999425885884758,COMPLETE,HIGH,10,10,0,"[""code:2024:162:543:2600:2601:303"", ""code:2024:162:543:2600:2602:303"", ""code:2024:162:543:2600:2602:331"", ""code:2024:162:543:2600:2604:304"", ""code:2024:162:543:2600:2604:421"", ""code:2024:162:543:2600:2605:301"", ""code:2024:162:543:2600:2605:304"", ""code:2024:162:564:2600:2602:311"", ""code:2024:162:564:2600:2602:312"", ""code:2024:162:564:2600:2604:301""]",JOINT_ANALYSIS,FULLY_REPORTED,FULLY_COMPARABLE,False,False,10,260821000000,0.8773449990606584,0,0.0,0,0.0,1,0.2353721517822568,1,0.013952097415468847,2,0.13189122041553403,0,0.0,0,0,1,0.043324732287660886,0,0.0,MEDIUM,ACCOUNTING_ADJUSTMENT_PATTERN;BUDGET_RAPID_INCREASE;MULTIPLE_FINANCIAL_SIGNALS;REPEATED_YEAR_END_CONCENTRATION,both,,,,,,,,,인공지능데이터진흥,584781000000,584781000000,3,"[""FUND"", ""GENERAL_ACCOUNT"", ""SPECIAL_ACCOUNT""]",,2547583000000,3,"[""FUND"", ""GENERAL_ACCOUNT"", ""SPECIAL_ACCOUNT""]",False,False,,1.0,UNAVAILABLE_MIXED_OR_UNLINKED,False,584781000000,584781000000,3,"[""FUND"", ""GENERAL_ACCOUNT"", ""SPECIAL_ACCOUNT""]",,,,,False,False,,1.0,UNAVAILABLE_MIXED_OR_UNLINKED,False,False,0.0,True,0.0,0.0,0.1176860758911284,0.0,0.6934306569343066,0.864406779661017,False,False,True,False,True,False,True,False,False,,,,,False,False,False,False,,,,,False,False,False,False,1,True,True,1,LIMITED,1,1,True,True,False,MODERATE_OR_CONTEXT_REVIEW,REPEATED_OR_MULTIPLE,1,DETAILED_PROJECT_REVIEW,반복·복수 신호의 원인을 세부사업과 원문에서 확인,EXECUTION_MANAGEMENT;ACCOUNTING_ADJUSTMENT_CONTEXT,162:2024:통신:정보통신:2600:FUND,3,0.03922869196370946,equal_mean_of_three_signal_components,tiebreak_only,False,143.0,45.0,26.75,14.0,146,False,False,REPEATED_OR_MULTIPLE,READY_FOR_REVIEW,2,REPEATED_OR_MULTIPLE_INDEPENDENT_SIGNALS,NOT_ASSESSED,REVIEW_WORKFLOW_ORDER_NOT_POLICY_EFFECTIVENESS_RANK,90,19,101,22
고용노동부,2024,Ⅲ-3,근로조건보호및복지증진,,,,,근로조건보호및복지증진,1,1,1,1,0,0,1,ALL_COMPARABLE_AT_OR_ABOVE_TARGET,"[""MOEL-2024-III3-01""]",019,EXACT_NAME_UNIQUE_FINANCIAL,True,사회복지,노동,3000,근로조건보호및복지증진,근로조건보호및복지증진,GENERAL_ACCOUNT,62340000000,62439500000,60563308620,0.96995185131207,COMPLETE,HIGH,10,10,0,"[""code:2024:019:110:3000:3031:302"", ""code:2024:019:110:3000:3031:304"", ""code:2024:019:110:3000:3031:320"", ""code:2024:019:110:3000:3032:306"", ""code:2024:019:110:3000:3034:313"", ""code:2024:019:110:3000:3036:301"", ""code:2024:019:110:3000:3050:300"", ""code:2024:019:110:3000:3050:301"", ""code:2024:019:110:3000:3050:302"", ""code:2024:019:110:3000:3051:308""]",JOINT_ANALYSIS,FULLY_REPORTED,FULLY_COMPARABLE,False,False,10,62340000000,0.8766923323708694,0,0.0,0,0.0,3,0.20580686557587424,2,0.2170837343599615,0,0.0,0,0.0,0,0,3,0.20580686557587424,0,0.0,MEDIUM,ACCOUNTING_ADJUSTMENT_PATTERN;MULTIPLE_FINANCIAL_SIGNALS;REPEATED_YEAR_END_CONCENTRATION,both,,,,,,,,,근로조건보호및복지증진,1087011000000,1087011000000,2,"[""FUND"", ""GENERAL_ACCOUNT""]",,1140974000000,2,"[""FUND"", ""GENERAL_ACCOUNT""]",False,False,,1.0,UNAVAILABLE_MIXED_OR_UNLINKED,False,1087011000000,1087011000000,2,"[""FUND"", ""GENERAL_ACCOUNT""]",,,,,False,False,,1.0,UNAVAILABLE_MIXED_OR_UNLINKED,False,False,0.0,True,0.0,0.0,0.10290343278793712,0.0,0.4306569343065693,0.21052631578947367,False,False,True,False,True,False,False,False,False,,,,,False,False,False,False,,,,,False,False,False,False,1,True,True,1,LIMITED,1,1,True,True,False,MODERATE_OR_CONTEXT_REVIEW,REPEATED_OR_MULTIPLE,1,DETAILED_PROJECT_REVIEW,반복·복수 신호의 원인을 세부사업과 원문에서 확인,EXECUTION_MANAGEMENT;ACCOUNTING_ADJUSTMENT_CONTEXT,019:2024:사회복지:노동:3000:GENERAL_ACCOUNT,3,0.03430114426264571,equal_mean_of_three_signal_components,tiebreak_only,False,191.0,37.0,37.25,7.0,201,False,False,REPEATED_OR_MULTIPLE,READY_FOR_REVIEW,2,REPEATED_OR_MULTIPLE_INDEPENDENT_SIGNALS,NOT_ASSESSED,REVIEW_WORKFLOW_ORDER_NOT_POLICY_EFFECTIVENESS_RANK,91,18,102,19
보건복지부,2023,Ⅱ-5,한의학연구및정책개발,,,,,한의학연구및정책개발,3,3,3,3,0,0,3,ALL_COMPARABLE_AT_OR_ABOVE_TARGET,"[""MOHW-2023-II5-01"", ""MOHW-2023-II5-02"", ""MOHW-2023-II5-03""]",075,EXACT_NAME,True,보건,보건의료,3200,한의학연구및정책개발,한의학연구및정책개발,GENERAL_ACCOUNT,51805000000,51872000000,51616762330,0.9950794711983344,COMPLETE,HIGH,10,10,0,"[""code:2023:075:110:3200:3233:302"", ""code:2023:075:110:3200:3233:308"", ""code:2023:075:110:3200:3233:311"", ""code:2023:075:110:3200:3234:301"", ""code:2023:075:110:3200:3234:302"", ""code:2023:075:110:3200:3234:310"", ""code:2023:075:110:3200:3234:313"", ""code:2023:075:110:3200:3237:302"", ""code:2023:075:110:3200:3237:303"", ""code:2023:075:110:3200:3237:308""]",JOINT_ANALYSIS,FULLY_REPORTED,FULLY_COMPARABLE,False,False,10,51805000000,0.2669047389248142,0,0.0,0,0.0,2,0.020326223337515683,1,0.03696554386642216,0,0.0,1,0.08570601293311457,0,0,2,0.031193900202683138,0,0.0,MEDIUM,ACCOUNTING_ADJUSTMENT_PATTERN;BUDGET_RAPID_DECREASE;MULTIPLE_FINANCIAL_SIGNALS;REPEATED_YEAR_END_CONCENTRATION,both,8,,46312000000,,46957000000,,0.013927275868025566,,한의학연구및정책개발,51805000000,51805000000,1,"[""GENERAL_ACCOUNT""]",48507000000,48507000000,1,"[""GENERAL_ACCOUNT""]",False,True,-0.06366180870572338,1.0,PROGRAM_TOTAL_SINGLE_ACCOUNT,False,51805000000,51805000000,1,"[""GENERAL_ACCOUNT""]",,48946000000,1,"[""GENERAL_ACCOUNT""]",False,False,,1.0,PROGRAM_TOTAL_SINGLE_ACCOUNT,False,False,0.0,True,0.0,0.0,0.010163111668757841,0.08570601293311457,0.3188405797101449,0.358974358974359,False,False,True,True,True,False,False,True,False,8,46312000000,46957000000,0.013927275868025566,False,False,True,False,,,,,False,False,False,False,1,True,True,1,LIMITED,2,1,True,True,False,MULTIPLE_SIGNAL_REVIEW,REPEATED_OR_MULTIPLE,1,DETAILED_PROJECT_REVIEW,반복·복수 신호의 원인을 세부사업과 원문에서 확인,EXECUTION_MANAGEMENT;BUDGET_PERFORMANCE_MISMATCH;ACCOUNTING_ADJUSTMENT_CONTEXT;GOOD_PERFORMANCE_BUDGET_DECREASE_T1_CONTEXT,075:2023:보건:보건의료:3200:GENERAL_ACCOUNT,1,0.031956374867290804,equal_mean_of_three_signal_components,tiebreak_only,False,211.5,6.0,78.75,3.0,216,False,False,REPEATED_OR_MULTIPLE,READY_FOR_REVIEW,2,REPEATED_OR_MULTIPLE_INDEPENDENT_SIGNALS,NOT_ASSESSED,REVIEW_WORKFLOW_ORDER_NOT_POLICY_EFFECTIVENESS_RANK,92,48,103,54
과학기술정보통신부,2023,Ⅳ-2,정보통신방송국제협력,,,,,정보통신방송국제협력,2,2,2,2,0,0,2,ALL_COMPARABLE_AT_OR_ABOVE_TARGET,"[""MSIT-2023-IV2-01"", ""MSIT-2023-IV2-02""]",162,EXACT_NAME_UNIQUE_FINANCIAL,True,문화및관광,문화예술,1200,정보통신방송국제협력,정보통신방송국제협력,FUND,11954000000,11954000000,11945274790,0.9992701012213484,COMPLETE,HIGH,4,4,0,"[""code:2023:162:564:1200:1232:301"", ""code:2023:162:564:1200:1232:303"", ""code:2023:162:564:1200:1233:301"", ""code:2023:162:564:1200:1233:302""]",JOINT_ANALYSIS,FULLY_REPORTED,FULLY_COMPARABLE,False,False,4,11954000000,0.1837878534381797,0,0.0,0,0.0,1,0.1837878534381797,0,0.0,0,0.0,0,0.0,0,0,0,0.0,0,0.0,MEDIUM,REPEATED_YEAR_END_CONCENTRATION,both,4,,11954000000,,15304000000,,0.28024092354023755,,정보통신방송국제협력,11954000000,11954000000,1,"[""FUND""]",15304000000,15304000000,1,"[""FUND""]",False,True,0.28024092354023755,1.0,PROGRAM_TOTAL_SINGLE_ACCOUNT,True,11954000000,11954000000,1,"[""FUND""]",,13152000000,1,"[""FUND""]",False,False,,1.0,PROGRAM_TOTAL_SINGLE_ACCOUNT,False,True,0.0,True,0.0,0.0,0.09189392671908984,0.0,0.16666666666666666,0.20689655172413793,False,False,True,False,False,False,False,False,True,4,11954000000,15304000000,0.28024092354023755,True,False,False,False,,,,,False,False,False,False,1,True,True,1,LIMITED,1,0,True,True,False,MODERATE_OR_CONTEXT_REVIEW,REPEATED_OR_MULTIPLE,1,DETAILED_PROJECT_REVIEW,반복·복수 신호의 원인을 세부사업과 원문에서 확인,EXECUTION_MANAGEMENT,162:2023:문화및관광:문화예술:1200:FUND,3,0.030631308906363282,equal_mean_of_three_signal_components,tiebreak_only,False,222.25,19.0,62.75,14.0,224,False,False,REPEATED_OR_MULTIPLE,READY_FOR_REVIEW,2,REPEATED_OR_MULTIPLE_INDEPENDENT_SIGNALS,NOT_ASSESSED,REVIEW_WORKFLOW_ORDER_NOT_POLICY_EFFECTIVENESS_RANK,93,20,104,23
과학기술정보통신부,2024,Ⅳ-2,정보통신방송국제협력,,,,,정보통신방송국제협력,1,1,1,1,0,0,1,ALL_COMPARABLE_AT_OR_ABOVE_TARGET,"[""MSIT-2024-IV2-01""]",162,EXACT_NAME_UNIQUE_FINANCIAL,True,문화및관광,문화예술,1200,정보통신방송국제협력,정보통신방송국제협력,FUND,15304000000,15304000000,15273672200,0.9980183089388396,COMPLETE,HIGH,4,4,0,"[""code:2024:162:564:1200:1232:301"", ""code:2024:162:564:1200:1232:303"", ""code:2024:162:564:1200:1233:301"", ""code:2024:162:564:1200:1233:302""]",JOINT_ANALYSIS,FULLY_REPORTED,FULLY_COMPARABLE,False,False,4,15304000000,0.3301097752221641,0,0.0,0,0.0,1,0.1751829587036069,0,0.0,0,0.0,0,0.0,0,0,0,0.0,0,0.0,MEDIUM,REPEATED_YEAR_END_CONCENTRATION,both,,,,,,,,,정보통신방송국제협력,15304000000,15304000000,1,"[""FUND""]",,13152000000,1,"[""FUND""]",False,False,,1.0,PROGRAM_TOTAL_SINGLE_ACCOUNT,False,15304000000,15304000000,1,"[""FUND""]",,,,,False,False,,1.0,UNAVAILABLE_MIXED_OR_UNLINKED,False,False,0.0,True,0.0,0.0,0.08759147935180345,0.0,0.1897810218978102,0.22033898305084745,False,False,True,False,False,False,False,False,False,,,,,False,False,False,False,,,,,False,False,False,False,1,True,True,1,LIMITED,1,0,True,True,False,MODERATE_OR_CONTEXT_REVIEW,REPEATED_OR_MULTIPLE,1,DETAILED_PROJECT_REVIEW,반복·복수 신호의 원인을 세부사업과 원문에서 확인,EXECUTION_MANAGEMENT,162:2024:문화및관광:문화예술:1200:FUND,3,0.029197159783934484,equal_mean_of_three_signal_components,tiebreak_only,False,219.75,17.0,61.75,11.0,220,False,False,REPEATED_OR_MULTIPLE,READY_FOR_REVIEW,2,REPEATED_OR_MULTIPLE_INDEPENDENT_SIGNALS,NOT_ASSESSED,REVIEW_WORKFLOW_ORDER_NOT_POLICY_EFFECTIVENESS_RANK,94,21,105,24
과학기술정보통신부,2024,Ⅳ-8,전파활용방송서비스산업,,,,,전파활용방송서비스산업,1,1,1,1,0,0,1,ALL_COMPARABLE_AT_OR_ABOVE_TARGET,"[""MSIT-2024-IV8-01""]",162,EXACT_NAME_UNIQUE_FINANCIAL,True,통신,방송통신,2500,전파활용방송서비스산업,전파활용방송서비스산업,GENERAL_ACCOUNT,52205000000,51728160060,51524886330,0.9960703467943915,COMPLETE,HIGH,17,17,0,"[""code:2024:162:110:2500:2531:319"", ""code:2024:162:110:2500:2531:321"", ""code:2024:162:110:2500:2531:324"", ""code:2024:162:110:2500:2531:327"", ""code:2024:162:110:2500:2531:334"", ""code:2024:162:110:2500:2531:340"", ""code:2024:162:110:2500:2531:341"", ""code:2024:162:110:2500:2531:345"", ""code:2024:162:110:2500:2533:301"", ""code:2024:162:110:2500:2533:302"", ""code:2024:162:110:2500:2535:302"", ""code:2024:162:110:2500:2535:304"", ""code:2024:162:110:2500:2535:309"", ""code:2024:162:110:2500:2535:318"", ""code:2024:162:110:2500:2535:321"", ""code:2024:162:110:2500:2535:325"", ""code:2024:162:110:2500:2535:326""]",JOINT_ANALYSIS,FULLY_REPORTED,FULLY_COMPARABLE,False,False,17,52205000000,0.26736902595536827,0,0.0,0,0.0,1,0.0417776075088593,4,0.12904894167225361,1,0.04942055358682119,2,0.03945982185614405,0,0,2,0.09119816109568049,0,0.0,MEDIUM,ACCOUNTING_ADJUSTMENT_PATTERN;BUDGET_RAPID_DECREASE;BUDGET_RAPID_INCREASE;MULTIPLE_FINANCIAL_SIGNALS;REPEATED_YEAR_END_CONCENTRATION,both,,,,,,,,,전파활용방송서비스산업,74349000000,74349000000,3,"[""FUND"", ""GENERAL_ACCOUNT"", ""SPECIAL_ACCOUNT""]",,82642000000,3,"[""FUND"", ""GENERAL_ACCOUNT"", ""SPECIAL_ACCOUNT""]",False,False,,1.0,UNAVAILABLE_MIXED_OR_UNLINKED,False,74349000000,74349000000,3,"[""FUND"", ""GENERAL_ACCOUNT"", ""SPECIAL_ACCOUNT""]",,,,,False,False,,1.0,UNAVAILABLE_MIXED_OR_UNLINKED,False,False,0.0,True,0.0,0.0,0.02088880375442965,0.03945982185614405,0.3722627737226277,0.4406779661016949,False,False,True,True,True,False,True,True,False,,,,,False,False,False,False,,,,,False,False,False,False,1,True,True,1,LIMITED,2,1,True,True,False,MULTIPLE_SIGNAL_REVIEW,REPEATED_OR_MULTIPLE,1,DETAILED_PROJECT_REVIEW,반복·복수 신호의 원인을 세부사업과 원문에서 확인,EXECUTION_MANAGEMENT;BUDGET_PERFORMANCE_MISMATCH;ACCOUNTING_ADJUSTMENT_CONTEXT,162:2024:통신:방송통신:2500:GENERAL_ACCOUNT,1,0.020116208536857902,equal_mean_of_three_signal_components,tiebreak_only,False,208.75,14.0,54.25,6.0,213,False,False,REPEATED_OR_MULTIPLE,READY_FOR_REVIEW,2,REPEATED_OR_MULTIPLE_INDEPENDENT_SIGNALS,NOT_ASSESSED,REVIEW_WORKFLOW_ORDER_NOT_POLICY_EFFECTIVENESS_RANK,95,22,106,25
과학기술정보통신부,2023,Ⅴ-4,과학기술정보통신부운영지원,7000,통신,방송통신,CONFIRMED,과학기술정보통신부운영지원,3,3,3,3,0,0,3,ALL_COMPARABLE_AT_OR_ABOVE_TARGET,"[""MSIT-2023-V4-01"", ""MSIT-2023-V4-02"", ""MSIT-2023-V4-03""]",162,EXACT_CONFIRMED_HIERARCHY,True,통신,방송통신,7000,과학기술정보통신부운영지원,과학기술정보통신부운영지원,GENERAL_ACCOUNT,18942000000,19040000000,18688487280,0.9815381974789916,COMPLETE,HIGH,7,7,0,"[""code:2023:162:110:7000:7002:101"", ""code:2023:162:110:7000:7002:102"", ""code:2023:162:110:7000:7018:201"", ""code:2023:162:110:7000:7018:202"", ""code:2023:162:110:7000:7018:251"", ""code:2023:162:110:7000:7018:252"", ""code:2023:162:110:7000:7032:302"", ""code:2023:162:110:7000:7032:305"", ""code:2023:162:110:7000:7035:301"", ""code:2023:162:110:7000:7036:501"", ""code:2023:162:110:7000:7036:502"", ""code:2023:162:110:7000:7036:503"", ""code:2023:162:110:7000:7036:505""]",JOINT_ANALYSIS,FULLY_REPORTED,FULLY_COMPARABLE,False,False,7,18942000000,0.26665610811952273,0,0.0,0,0.0,1,0.12042023017632773,0,0.0,0,0.0,0,0.0,0,0,0,0.0,0,0.0,MEDIUM,REPEATED_YEAR_END_CONCENTRATION,both,7,,18942000000,,22184000000,,0.1711540492028297,,과학기술정보통신부운영지원,102154000000,18942000000,1,"[""GENERAL_ACCOUNT""]",109358000000,22184000000,1,"[""GENERAL_ACCOUNT""]",False,True,0.07052097813105704,0.18542592556336512,PROGRAM_TOTAL_SINGLE_ACCOUNT,True,102154000000,18942000000,1,"[""GENERAL_ACCOUNT""]",,20200000000,1,"[""GENERAL_ACCOUNT""]",False,False,,0.18542592556336512,PROGRAM_TOTAL_SINGLE_ACCOUNT,False,True,0.0,True,0.0,0.0,0.06021011508816387,0.0,0.1956521739130435,0.2413793103448276,False,False,True,False,False,False,False,False,True,7,18942000000,22184000000,0.1711540492028297,True,False,False,False,,,,,False,False,False,False,1,True,True,1,LIMITED,1,0,True,True,False,MODERATE_OR_CONTEXT_REVIEW,REPEATED_OR_MULTIPLE,1,DETAILED_PROJECT_REVIEW,반복·복수 신호의 원인을 세부사업과 원문에서 확인,EXECUTION_MANAGEMENT,162:2023:통신:방송통신:7000:GENERAL_ACCOUNT,3,0.02007003836272129,equal_mean_of_three_signal_components,tiebreak_only,False,226.0,13.0,64.25,5.0,228,False,False,REPEATED_OR_MULTIPLE,READY_FOR_REVIEW,2,REPEATED_OR_MULTIPLE_INDEPENDENT_SIGNALS,NOT_ASSESSED,REVIEW_WORKFLOW_ORDER_NOT_POLICY_EFFECTIVENESS_RANK,96,23,107,26
과학기술정보통신부,2023,Ⅰ-4,원자력 진흥,1400,,,CONFIRMED,원자력진흥,1,1,1,1,0,0,1,ALL_COMPARABLE_AT_OR_ABOVE_TARGET,"[""MSIT-2023-I4-01""]",162,EXACT_CODE,True,과학기술,과학기술연구개발,1400,원자력 진흥,원자력 진흥,FUND,146293000000,146293000000,146293000000,1.0,COMPLETE,HIGH,18,18,0,"[""code:2023:162:546:1400:1434:301"", ""code:2023:162:546:1400:1434:302"", ""code:2023:162:546:1400:1434:303"", ""code:2023:162:546:1400:1434:304"", ""code:2023:162:546:1400:1434:305"", ""code:2023:162:546:1400:1434:402"", ""code:2023:162:546:1400:1434:408"", ""code:2023:162:546:1400:1434:409"", ""code:2023:162:546:1400:1434:411"", ""code:2023:162:546:1400:1434:419"", ""code:2023:162:546:1400:1434:420"", ""code:2023:162:546:1400:1434:421"", ""code:2023:162:546:1400:1434:422"", ""code:2023:162:546:1400:1434:423"", ""code:2023:162:546:1400:1434:424"", ""code:2023:162:546:1400:1434:426"", ""code:2023:162:546:1400:1434:427"", ""code:2023:162:546:1400:1434:428""]",JOINT_ANALYSIS,FULLY_REPORTED,FULLY_COMPARABLE,False,False,18,146293000000,1.5045285830490864,0,0.0,0,0.0,2,0.112787351411209,0,0.0,1,0.03076018674851155,0,0.0,0,0,10,0.7368841981502874,0,0.0,MEDIUM,BUDGET_RAPID_INCREASE;MULTIPLE_FINANCIAL_SIGNALS;REPEATED_YEAR_END_CONCENTRATION,both,10,,108504000000,,106313000000,,-0.02019280395192804,,원자력 진흥,308402000000,308402000000,3,"[""FUND"", ""GENERAL_ACCOUNT"", ""SPECIAL_ACCOUNT""]",285678000000,285678000000,3,"[""FUND"", ""GENERAL_ACCOUNT"", ""SPECIAL_ACCOUNT""]",False,False,,1.0,UNAVAILABLE_MIXED_OR_UNLINKED,False,308402000000,308402000000,3,"[""FUND"", ""GENERAL_ACCOUNT"", ""SPECIAL_ACCOUNT""]",,460318000000,3,"[""FUND"", ""GENERAL_ACCOUNT"", ""SPECIAL_ACCOUNT""]",False,False,,1.0,UNAVAILABLE_MIXED_OR_UNLINKED,False,False,0.0,True,0.0,0.0,0.0563936757056045,0.0,0.5507246376811594,0.7068965517241379,False,False,True,False,False,False,True,False,False,10,108504000000,106313000000,-0.02019280395192804,False,False,False,False,,,,,False,False,False,False,1,True,True,1,LIMITED,1,0,True,True,False,MODERATE_OR_CONTEXT_REVIEW,REPEATED_OR_MULTIPLE,1,DETAILED_PROJECT_REVIEW,반복·복수 신호의 원인을 세부사업과 원문에서 확인,EXECUTION_MANAGEMENT,162:2023:과학기술:과학기술연구개발:1400:FUND,3,0.018797891901868168,equal_mean_of_three_signal_components,tiebreak_only,False,186.75,36.0,41.0,11.0,196,False,False,REPEATED_OR_MULTIPLE,READY_FOR_REVIEW,2,REPEATED_OR_MULTIPLE_INDEPENDENT_SIGNALS,NOT_ASSESSED,REVIEW_WORKFLOW_ORDER_NOT_POLICY_EFFECTIVENESS_RANK,97,24,108,27
과학기술정보통신부,2024,Ⅴ-2,통신정책지원,,,,,통신정책지원,1,1,1,1,0,0,1,ALL_COMPARABLE_AT_OR_ABOVE_TARGET,"[""MSIT-2024-V2-01""]",162,EXACT_NAME_UNIQUE_FINANCIAL,True,통신,방송통신,2400,통신정책지원,통신정책지원,FUND,16096000000,16272225000,16028423990,0.9850173525747092,COMPLETE,HIGH,4,4,0,"[""code:2024:162:564:2400:2431:302"", ""code:2024:162:564:2400:2431:407"", ""code:2024:162:564:2400:2431:408"", ""code:2024:162:564:2400:2433:301""]",JOINT_ANALYSIS,FULLY_REPORTED,FULLY_COMPARABLE,False,False,4,16096000000,0.889662027833002,0,0.0,1,0.10971669980119285,0,0.0,0,0.0,0,0.0,0,0.0,0,0,0,0.0,0,0.0,MEDIUM,REPEATED_MODERATE_LOW_EXECUTION,both,,,,,,,,,통신정책지원,18869000000,18869000000,2,"[""FUND"", ""GENERAL_ACCOUNT""]",,46387000000,2,"[""FUND"", ""GENERAL_ACCOUNT""]",False,False,,1.0,UNAVAILABLE_MIXED_OR_UNLINKED,False,18869000000,18869000000,2,"[""FUND"", ""GENERAL_ACCOUNT""]",,,,,False,False,,1.0,UNAVAILABLE_MIXED_OR_UNLINKED,False,False,0.0,True,0.0,0.0,0.054858349900596425,0.0,0.20437956204379562,0.23728813559322035,False,False,True,False,False,False,False,False,False,,,,,False,False,False,False,,,,,False,False,False,False,1,True,True,1,LIMITED,1,0,True,True,False,MODERATE_OR_CONTEXT_REVIEW,REPEATED_OR_MULTIPLE,1,DETAILED_PROJECT_REVIEW,반복·복수 신호의 원인을 세부사업과 원문에서 확인,EXECUTION_MANAGEMENT,162:2024:통신:방송통신:2400:FUND,3,0.01828611663353214,equal_mean_of_three_signal_components,tiebreak_only,False,226.5,10.0,65.75,5.0,229,False,False,REPEATED_OR_MULTIPLE,READY_FOR_REVIEW,2,REPEATED_OR_MULTIPLE_INDEPENDENT_SIGNALS,NOT_ASSESSED,REVIEW_WORKFLOW_ORDER_NOT_POLICY_EFFECTIVENESS_RANK,98,25,109,28
과학기술정보통신부,2024,Ⅰ-4,원자력 진흥,1400,,,CONFIRMED,원자력진흥,1,1,1,1,0,0,1,ALL_COMPARABLE_AT_OR_ABOVE_TARGET,"[""MSIT-2024-I4-01""]",162,EXACT_CODE,True,과학기술,과학기술연구개발,1400,원자력 진흥,원자력 진흥,FUND,125611000000,125611000000,125611000000,1.0,COMPLETE,HIGH,17,17,0,"[""code:2024:162:546:1400:1434:301"", ""code:2024:162:546:1400:1434:302"", ""code:2024:162:546:1400:1434:303"", ""code:2024:162:546:1400:1434:304"", ""code:2024:162:546:1400:1434:305"", ""code:2024:162:546:1400:1434:408"", ""code:2024:162:546:1400:1434:409"", ""code:2024:162:546:1400:1434:419"", ""code:2024:162:546:1400:1434:420"", ""code:2024:162:546:1400:1434:421"", ""code:2024:162:546:1400:1434:422"", ""code:2024:162:546:1400:1434:423"", ""code:2024:162:546:1400:1434:424"", ""code:2024:162:546:1400:1434:426"", ""code:2024:162:546:1400:1434:427"", ""code:2024:162:546:1400:1434:428"", ""code:2024:162:546:1400:1434:430""]",JOINT_ANALYSIS,FULLY_REPORTED,FULLY_COMPARABLE,False,False,17,125611000000,1.0918629737841432,0,0.0,0,0.0,2,0.09935435590832013,0,0.0,1,0.21789492958419246,0,0.0,0,0,5,0.3549291065272946,0,0.0,MEDIUM,BUDGET_RAPID_INCREASE;MULTIPLE_FINANCIAL_SIGNALS;REPEATED_YEAR_END_CONCENTRATION,both,,,,,,,,,원자력 진흥,285678000000,285678000000,3,"[""FUND"", ""GENERAL_ACCOUNT"", ""SPECIAL_ACCOUNT""]",,460318000000,3,"[""FUND"", ""GENERAL_ACCOUNT"", ""SPECIAL_ACCOUNT""]",False,False,,1.0,UNAVAILABLE_MIXED_OR_UNLINKED,False,285678000000,285678000000,3,"[""FUND"", ""GENERAL_ACCOUNT"", ""SPECIAL_ACCOUNT""]",,,,,False,False,,1.0,UNAVAILABLE_MIXED_OR_UNLINKED,False,False,0.0,True,0.0,0.0,0.049677177954160066,0.0,0.5547445255474452,0.711864406779661,False,False,True,False,False,False,True,False,False,,,,,False,False,False,False,,,,,False,False,False,False,1,True,True,1,LIMITED,1,0,True,True,False,MODERATE_OR_CONTEXT_REVIEW,REPEATED_OR_MULTIPLE,1,DETAILED_PROJECT_REVIEW,반복·복수 신호의 원인을 세부사업과 원문에서 확인,EXECUTION_MANAGEMENT,162:2024:과학기술:과학기술연구개발:1400:FUND,3,0.016559059318053355,equal_mean_of_three_signal_components,tiebreak_only,False,188.0,38.0,41.5,13.0,198,False,False,REPEATED_OR_MULTIPLE,READY_FOR_REVIEW,2,REPEATED_OR_MULTIPLE_INDEPENDENT_SIGNALS,NOT_ASSESSED,REVIEW_WORKFLOW_ORDER_NOT_POLICY_EFFECTIVENESS_RANK,99,26,110,29
중소벤처기업부,2024,Ⅴ-1,소상공인·전통시장지원,,,,,소상공인·전통시장지원,1,1,1,1,0,0,1,ALL_COMPARABLE_AT_OR_ABOVE_TARGET,"[""중기부-2024-IIIII1-01""]",102,EXACT_NAME_UNIQUE_FINANCIAL,True,산업·중소기업및에너지,중소기업및소상공인육성,4100,소상공인·전통시장지원,소상공인·전통시장지원,SPECIAL_ACCOUNT,26046000000,26046000000,24855700000,0.9543000844659448,COMPLETE,HIGH,2,2,0,"[""code:2024:102:236:4100:4154:301"", ""code:2024:102:236:4100:4154:305"", ""code:2024:102:236:4100:4156:305""]",JOINT_ANALYSIS,FULLY_REPORTED,FULLY_COMPARABLE,False,False,2,26046000000,1.0913000076787223,1,0.04565000383936113,0,0.0,0,0.0,0,0.0,0,0.0,0,0.0,2,1,1,0.04565000383936113,0,0.0,MEDIUM,MULTIPLE_FINANCIAL_SIGNALS;PROGRAM_BUDGET_CONCENTRATION;REPEATED_STRONG_LOW_EXECUTION,both,,,,,,,,,소상공인·전통시장지원,4944243000000,4944243000000,2,"[""FUND"", ""SPECIAL_ACCOUNT""]",,8782022000000,2,"[""FUND"", ""SPECIAL_ACCOUNT""]",False,False,,1.0,UNAVAILABLE_MIXED_OR_UNLINKED,False,4944243000000,4944243000000,2,"[""FUND"", ""SPECIAL_ACCOUNT""]",,,,,False,False,,1.0,UNAVAILABLE_MIXED_OR_UNLINKED,False,False,0.0,True,0.0,0.0,0.04565000383936113,0.0,0.24817518248175183,0.2,False,False,True,False,False,True,False,False,False,,,,,False,False,False,False,,,,,False,False,False,False,1,True,True,1,LIMITED,1,1,True,True,False,MODERATE_OR_CONTEXT_REVIEW,REPEATED_OR_MULTIPLE,1,DETAILED_PROJECT_REVIEW,반복·복수 신호의 원인을 세부사업과 원문에서 확인,EXECUTION_MANAGEMENT;PROGRAM_STRUCTURE_CONTEXT,102:2024:산업·중소기업및에너지:중소기업및소상공인육성:4100:SPECIAL_ACCOUNT,3,0.01521666794645371,equal_mean_of_three_signal_components,tiebreak_only,False,222.0,6.0,39.75,1.0,223,False,False,REPEATED_OR_MULTIPLE,READY_FOR_REVIEW,2,REPEATED_OR_MULTIPLE_INDEPENDENT_SIGNALS,NOT_ASSESSED,REVIEW_WORKFLOW_ORDER_NOT_POLICY_EFFECTIVENESS_RANK,100,8,111,9
과학기술정보통신부,2024,Ⅴ-4,과학기술정보통신부운영지원,7000,통신,방송통신,CONFIRMED,과학기술정보통신부운영지원,1,1,1,1,0,0,1,ALL_COMPARABLE_AT_OR_ABOVE_TARGET,"[""MSIT-2024-V4-01""]",162,EXACT_CONFIRMED_HIERARCHY,True,통신,방송통신,7000,과학기술정보통신부운영지원,과학기술정보통신부운영지원,GENERAL_ACCOUNT,22184000000,21995565000,21649999290,0.9842893005930968,COMPLETE,HIGH,7,7,0,"[""code:2024:162:110:7000:7002:101"", ""code:2024:162:110:7000:7002:102"", ""code:2024:162:110:7000:7018:201"", ""code:2024:162:110:7000:7018:202"", ""code:2024:162:110:7000:7018:251"", ""code:2024:162:110:7000:7018:252"", ""code:2024:162:110:7000:7032:302"", ""code:2024:162:110:7000:7032:305"", ""code:2024:162:110:7000:7035:301"", ""code:2024:162:110:7000:7036:501"", ""code:2024:162:110:7000:7036:502"", ""code:2024:162:110:7000:7036:503"", ""code:2024:162:110:7000:7036:505""]",JOINT_ANALYSIS,FULLY_REPORTED,FULLY_COMPARABLE,False,False,7,22184000000,0.20172196177425172,0,0.0,0,0.0,1,0.08708979444644789,1,0.02754237288135593,0,0.0,0,0.0,0,0,1,0.08708979444644789,0,0.0,MEDIUM,ACCOUNTING_ADJUSTMENT_PATTERN;MULTIPLE_FINANCIAL_SIGNALS;REPEATED_YEAR_END_CONCENTRATION,both,,,,,,,,,과학기술정보통신부운영지원,109358000000,22184000000,1,"[""GENERAL_ACCOUNT""]",,20200000000,1,"[""GENERAL_ACCOUNT""]",False,False,,0.2028566725799667,PROGRAM_TOTAL_SINGLE_ACCOUNT,False,109358000000,22184000000,1,"[""GENERAL_ACCOUNT""]",,,,,False,False,,0.2028566725799667,UNAVAILABLE_MIXED_OR_UNLINKED,False,False,0.0,True,0.0,0.0,0.043544897223223945,0.0,0.24087591240875914,0.288135593220339,False,False,True,False,True,False,False,False,False,,,,,False,False,False,False,,,,,False,False,False,False,1,True,True,1,LIMITED,1,1,True,True,False,MODERATE_OR_CONTEXT_REVIEW,REPEATED_OR_MULTIPLE,1,DETAILED_PROJECT_REVIEW,반복·복수 신호의 원인을 세부사업과 원문에서 확인,EXECUTION_MANAGEMENT;ACCOUNTING_ADJUSTMENT_CONTEXT,162:2024:통신:방송통신:7000:GENERAL_ACCOUNT,3,0.014514965741074649,equal_mean_of_three_signal_components,tiebreak_only,False,223.5,6.0,62.75,3.0,225,False,False,REPEATED_OR_MULTIPLE,READY_FOR_REVIEW,2,REPEATED_OR_MULTIPLE_INDEPENDENT_SIGNALS,NOT_ASSESSED,REVIEW_WORKFLOW_ORDER_NOT_POLICY_EFFECTIVENESS_RANK,101,27,112,30
과학기술정보통신부,2024,Ⅵ-3,우체국보험,,,,,우체국보험,1,1,1,1,0,0,1,ALL_COMPARABLE_AT_OR_ABOVE_TARGET,"[""MSIT-2024-VI3-01""]",162,EXACT_NAME,True,통신,우정,5300,우체국보험,우체국보험,SPECIAL_ACCOUNT,292782000000,304964785000,302733157550,0.9926823437991372,COMPLETE,HIGH,5,5,0,"[""code:2024:162:222:5300:5331:381"", ""code:2024:162:222:5300:5331:382"", ""code:2024:162:222:5300:5331:383"", ""code:2024:162:222:5300:5331:386"", ""code:2024:162:222:5300:5333:301""]",JOINT_ANALYSIS,FULLY_REPORTED,FULLY_COMPARABLE,False,False,5,292782000000,1.0896161649281717,0,0.0,0,0.0,1,0.07992636159326734,0,0.0,0,0.0,0,0.0,5,1,2,0.08961616492817182,0,0.0,MEDIUM,MULTIPLE_FINANCIAL_SIGNALS;PROGRAM_BUDGET_CONCENTRATION;REPEATED_YEAR_END_CONCENTRATION,both,,,,,,,,,우체국보험,292782000000,292782000000,1,"[""SPECIAL_ACCOUNT""]",,279149000000,1,"[""SPECIAL_ACCOUNT""]",False,False,,1.0,PROGRAM_TOTAL_SINGLE_ACCOUNT,False,292782000000,292782000000,1,"[""SPECIAL_ACCOUNT""]",,,,,False,False,,1.0,UNAVAILABLE_MIXED_OR_UNLINKED,False,False,0.0,True,0.0,0.0,0.03996318079663367,0.0,0.708029197080292,0.8813559322033898,False,False,True,False,False,True,False,False,False,,,,,False,False,False,False,,,,,False,False,False,False,1,True,True,1,LIMITED,1,1,True,True,False,MODERATE_OR_CONTEXT_REVIEW,REPEATED_OR_MULTIPLE,1,DETAILED_PROJECT_REVIEW,반복·복수 신호의 원인을 세부사업과 원문에서 확인,EXECUTION_MANAGEMENT;PROGRAM_STRUCTURE_CONTEXT,162:2024:통신:우정:5300:SPECIAL_ACCOUNT,3,0.013321060265544556,equal_mean_of_three_signal_components,tiebreak_only,False,163.0,60.0,31.5,18.0,175,False,False,REPEATED_OR_MULTIPLE,READY_FOR_REVIEW,2,REPEATED_OR_MULTIPLE_INDEPENDENT_SIGNALS,NOT_ASSESSED,REVIEW_WORKFLOW_ORDER_NOT_POLICY_EFFECTIVENESS_RANK,102,28,113,31
과학기술정보통신부,2023,Ⅵ-3,우체국보험,,,,,우체국보험,2,2,2,2,0,0,2,ALL_COMPARABLE_AT_OR_ABOVE_TARGET,"[""MSIT-2023-VI3-01"", ""MSIT-2023-VI3-02""]",162,EXACT_NAME,True,통신,우정,5300,우체국보험,우체국보험,SPECIAL_ACCOUNT,295686000000,295970025000,294005828500,0.993363528958718,COMPLETE,HIGH,5,5,0,"[""code:2023:162:222:5300:5331:381"", ""code:2023:162:222:5300:5331:382"", ""code:2023:162:222:5300:5331:383"", ""code:2023:162:222:5300:5331:386"", ""code:2023:162:222:5300:5333:301""]",JOINT_ANALYSIS,FULLY_REPORTED,FULLY_COMPARABLE,False,False,5,295686000000,0.07951340273127575,0,0.0,0,0.0,1,0.07951340273127575,0,0.0,0,0.0,0,0.0,0,0,0,0.0,0,0.0,MEDIUM,REPEATED_YEAR_END_CONCENTRATION,both,5,,295686000000,,292782000000,,-0.009821229277003308,,우체국보험,295686000000,295686000000,1,"[""SPECIAL_ACCOUNT""]",292782000000,292782000000,1,"[""SPECIAL_ACCOUNT""]",False,True,-0.009821229277003308,1.0,PROGRAM_TOTAL_SINGLE_ACCOUNT,True,295686000000,295686000000,1,"[""SPECIAL_ACCOUNT""]",,279149000000,1,"[""SPECIAL_ACCOUNT""]",False,False,,1.0,PROGRAM_TOTAL_SINGLE_ACCOUNT,False,True,0.0,True,0.0,0.0,0.03975670136563787,0.0,0.6956521739130435,0.8620689655172413,False,False,True,False,False,False,False,False,True,5,295686000000,292782000000,-0.009821229277003308,True,False,True,False,,,,,False,False,False,False,1,True,True,1,LIMITED,1,0,True,True,False,MODERATE_OR_CONTEXT_REVIEW,REPEATED_OR_MULTIPLE,1,DETAILED_PROJECT_REVIEW,반복·복수 신호의 원인을 세부사업과 원문에서 확인,EXECUTION_MANAGEMENT;GOOD_PERFORMANCE_BUDGET_DECREASE_T1_CONTEXT,162:2023:통신:우정:5300:SPECIAL_ACCOUNT,3,0.013252233788545958,equal_mean_of_three_signal_components,tiebreak_only,False,165.25,59.0,33.5,17.0,178,False,False,REPEATED_OR_MULTIPLE,READY_FOR_REVIEW,2,REPEATED_OR_MULTIPLE_INDEPENDENT_SIGNALS,NOT_ASSESSED,REVIEW_WORKFLOW_ORDER_NOT_POLICY_EFFECTIVENESS_RANK,103,29,114,32
과학기술정보통신부,2023,Ⅰ-4,원자력 진흥,1400,,,CONFIRMED,원자력진흥,1,1,1,1,0,0,1,ALL_COMPARABLE_AT_OR_ABOVE_TARGET,"[""MSIT-2023-I4-01""]",162,EXACT_CODE,True,과학기술,과학기술연구개발,1400,원자력 진흥,원자력 진흥,GENERAL_ACCOUNT,62661000000,62661000000,62641000000,0.9996808222020076,COMPLETE,HIGH,16,16,0,"[""code:2023:162:110:1400:1432:302"", ""code:2023:162:110:1400:1432:303"", ""code:2023:162:110:1400:1432:305"", ""code:2023:162:110:1400:1432:407"", ""code:2023:162:110:1400:1432:410"", ""code:2023:162:110:1400:1432:411"", ""code:2023:162:110:1400:1432:412"", ""code:2023:162:110:1400:1432:414"", ""code:2023:162:110:1400:1432:415"", ""code:2023:162:110:1400:1432:420"", ""code:2023:162:110:1400:1434:301"", ""code:2023:162:110:1400:1436:404"", ""code:2023:162:110:1400:1436:408"", ""code:2023:162:110:1400:1436:409"", ""code:2023:162:110:1400:1440:301"", ""code:2023:162:110:1400:1450:401""]",JOINT_ANALYSIS,FULLY_REPORTED,FULLY_COMPARABLE,False,False,16,62661000000,0.17474984440082347,0,0.0,0,0.0,1,0.00797944494980929,0,0.0,0,0.0,1,0.03191777979923716,0,0,1,0.00797944494980929,0,0.0,MEDIUM,BUDGET_RAPID_DECREASE;MULTIPLE_FINANCIAL_SIGNALS;REPEATED_YEAR_END_CONCENTRATION,both,10,,35561000000,,36843000000,,0.03605072973200978,,원자력 진흥,308402000000,308402000000,3,"[""FUND"", ""GENERAL_ACCOUNT"", ""SPECIAL_ACCOUNT""]",285678000000,285678000000,3,"[""FUND"", ""GENERAL_ACCOUNT"", ""SPECIAL_ACCOUNT""]",False,False,,1.0,UNAVAILABLE_MIXED_OR_UNLINKED,False,308402000000,308402000000,3,"[""FUND"", ""GENERAL_ACCOUNT"", ""SPECIAL_ACCOUNT""]",,460318000000,3,"[""FUND"", ""GENERAL_ACCOUNT"", ""SPECIAL_ACCOUNT""]",False,False,,1.0,UNAVAILABLE_MIXED_OR_UNLINKED,False,False,0.0,True,0.0,0.0,0.003989722474904645,0.03191777979923716,0.39855072463768115,0.46551724137931033,False,False,True,True,False,False,False,True,False,10,35561000000,36843000000,0.03605072973200978,False,False,False,False,,,,,False,False,False,False,1,True,True,1,LIMITED,2,0,True,True,False,MULTIPLE_SIGNAL_REVIEW,REPEATED_OR_MULTIPLE,1,DETAILED_PROJECT_REVIEW,반복·복수 신호의 원인을 세부사업과 원문에서 확인,EXECUTION_MANAGEMENT;BUDGET_PERFORMANCE_MISMATCH,162:2023:과학기술:과학기술연구개발:1400:GENERAL_ACCOUNT,1,0.011969167424713935,equal_mean_of_three_signal_components,tiebreak_only,False,210.0,23.0,54.75,13.0,214,False,False,REPEATED_OR_MULTIPLE,READY_FOR_REVIEW,2,REPEATED_OR_MULTIPLE_INDEPENDENT_SIGNALS,NOT_ASSESSED,REVIEW_WORKFLOW_ORDER_NOT_POLICY_EFFECTIVENESS_RANK,104,30,115,33
과학기술정보통신부,2023,Ⅴ-2,통신정책지원,,,,,통신정책지원,2,2,2,2,0,0,2,ALL_COMPARABLE_AT_OR_ABOVE_TARGET,"[""MSIT-2023-V2-01"", ""MSIT-2023-V2-02""]",162,EXACT_NAME_UNIQUE_FINANCIAL,True,통신,방송통신,2400,통신정책지원,통신정책지원,FUND,32881000000,32881000000,32503185680,0.988509646300295,COMPLETE,HIGH,5,5,0,"[""code:2023:162:564:2400:2431:302"", ""code:2023:162:564:2400:2431:407"", ""code:2023:162:564:2400:2431:408"", ""code:2023:162:564:2400:2433:301"", ""code:2023:162:564:2400:2433:313""]",JOINT_ANALYSIS,FULLY_REPORTED,FULLY_COMPARABLE,False,False,5,32881000000,1.1069310544083208,0,0.0,1,0.05346552720416046,0,0.0,1,0.05346552720416046,0,0.0,0,0.0,5,1,1,0.05346552720416046,0,0.0,MEDIUM,ACCOUNTING_ADJUSTMENT_PATTERN;MULTIPLE_FINANCIAL_SIGNALS;PROGRAM_BUDGET_CONCENTRATION;REPEATED_MODERATE_LOW_EXECUTION,both,4,,30367000000,,16096000000,,-0.4699509335792143,,통신정책지원,36347000000,36347000000,2,"[""FUND"", ""GENERAL_ACCOUNT""]",18869000000,18869000000,2,"[""FUND"", ""GENERAL_ACCOUNT""]",False,False,,1.0,UNAVAILABLE_MIXED_OR_UNLINKED,False,36347000000,36347000000,2,"[""FUND"", ""GENERAL_ACCOUNT""]",,46387000000,2,"[""FUND"", ""GENERAL_ACCOUNT""]",False,False,,1.0,UNAVAILABLE_MIXED_OR_UNLINKED,False,False,0.0,True,0.0,0.0,0.02673276360208023,0.0,0.26811594202898553,0.29310344827586204,False,False,True,False,True,True,False,False,False,4,30367000000,16096000000,-0.4699509335792143,False,False,False,False,,,,,False,False,False,False,1,True,True,1,LIMITED,1,2,True,True,False,MODERATE_OR_CONTEXT_REVIEW,REPEATED_OR_MULTIPLE,1,DETAILED_PROJECT_REVIEW,반복·복수 신호의 원인을 세부사업과 원문에서 확인,EXECUTION_MANAGEMENT;ACCOUNTING_ADJUSTMENT_CONTEXT;PROGRAM_STRUCTURE_CONTEXT,162:2023:통신:방송통신:2400:FUND,3,0.00891092120069341,equal_mean_of_three_signal_components,tiebreak_only,False,224.0,11.0,65.25,6.0,227,False,False,REPEATED_OR_MULTIPLE,READY_FOR_REVIEW,2,REPEATED_OR_MULTIPLE_INDEPENDENT_SIGNALS,NOT_ASSESSED,REVIEW_WORKFLOW_ORDER_NOT_POLICY_EFFECTIVENESS_RANK,105,31,116,34
과학기술정보통신부,2024,Ⅰ-4,원자력 진흥,1400,,,CONFIRMED,원자력진흥,1,1,1,1,0,0,1,ALL_COMPARABLE_AT_OR_ABOVE_TARGET,"[""MSIT-2024-I4-01""]",162,EXACT_CODE,True,과학기술,과학기술연구개발,1400,원자력 진흥,원자력 진흥,GENERAL_ACCOUNT,51780000000,51780000000,51780000000,1.0,COMPLETE,HIGH,15,15,0,"[""code:2024:162:110:1400:1432:302"", ""code:2024:162:110:1400:1432:303"", ""code:2024:162:110:1400:1432:305"", ""code:2024:162:110:1400:1432:407"", ""code:2024:162:110:1400:1432:414"", ""code:2024:162:110:1400:1432:415"", ""code:2024:162:110:1400:1432:420"", ""code:2024:162:110:1400:1432:421"", ""code:2024:162:110:1400:1434:301"", ""code:2024:162:110:1400:1434:303"", ""code:2024:162:110:1400:1436:404"", ""code:2024:162:110:1400:1436:408"", ""code:2024:162:110:1400:1436:409"", ""code:2024:162:110:1400:1440:301"", ""code:2024:162:110:1400:1450:401""]",JOINT_ANALYSIS,FULLY_REPORTED,FULLY_COMPARABLE,False,False,15,51780000000,0.34936268829663963,0,0.0,0,0.0,1,0.028968713789107765,0,0.0,2,0.0492468134414832,1,0.010428736964078795,0,0,2,0.14484356894553882,0,0.0,MEDIUM,BUDGET_RAPID_DECREASE;BUDGET_RAPID_INCREASE;MULTIPLE_FINANCIAL_SIGNALS;REPEATED_YEAR_END_CONCENTRATION,both,,,,,,,,,원자력 진흥,285678000000,285678000000,3,"[""FUND"", ""GENERAL_ACCOUNT"", ""SPECIAL_ACCOUNT""]",,460318000000,3,"[""FUND"", ""GENERAL_ACCOUNT"", ""SPECIAL_ACCOUNT""]",False,False,,1.0,UNAVAILABLE_MIXED_OR_UNLINKED,False,285678000000,285678000000,3,"[""FUND"", ""GENERAL_ACCOUNT"", ""SPECIAL_ACCOUNT""]",,,,,False,False,,1.0,UNAVAILABLE_MIXED_OR_UNLINKED,False,False,0.0,True,0.0,0.0,0.014484356894553883,0.010428736964078795,0.36496350364963503,0.423728813559322,False,False,True,True,False,False,True,True,False,,,,,False,False,False,False,,,,,False,False,False,False,1,True,True,1,LIMITED,2,0,True,True,False,MULTIPLE_SIGNAL_REVIEW,REPEATED_OR_MULTIPLE,1,DETAILED_PROJECT_REVIEW,반복·복수 신호의 원인을 세부사업과 원문에서 확인,EXECUTION_MANAGEMENT;BUDGET_PERFORMANCE_MISMATCH,162:2024:과학기술:과학기술연구개발:1400:GENERAL_ACCOUNT,1,0.008304364619544225,equal_mean_of_three_signal_components,tiebreak_only,False,215.0,20.0,57.25,11.0,217,False,False,REPEATED_OR_MULTIPLE,READY_FOR_REVIEW,2,REPEATED_OR_MULTIPLE_INDEPENDENT_SIGNALS,NOT_ASSESSED,REVIEW_WORKFLOW_ORDER_NOT_POLICY_EFFECTIVENESS_RANK,106,32,117,35
과학기술정보통신부,2024,Ⅱ-2,과학기술인력양성,1700,,,CONFIRMED,과학기술인력양성,1,1,1,1,0,0,1,ALL_COMPARABLE_AT_OR_ABOVE_TARGET,"[""MSIT-2024-II2-01""]",162,EXACT_CODE,True,과학기술,과학기술인력및문화,1700,과학기술인력양성,과학기술인력양성,FUND,38149000000,38149000000,38149000000,1.0,COMPLETE,HIGH,6,6,0,"[""code:2024:162:538:1700:1731:408"", ""code:2024:162:538:1700:1731:410"", ""code:2024:162:538:1700:1733:401"", ""code:2024:162:538:1700:1734:406"", ""code:2024:162:538:1700:1736:403"", ""code:2024:162:538:1700:1744:402""]",JOINT_ANALYSIS,FULLY_REPORTED,FULLY_COMPARABLE,False,False,6,38149000000,0.08503499436420352,0,0.0,0,0.0,1,0.04251749718210176,0,0.0,0,0.0,0,0.0,0,0,1,0.04251749718210176,0,0.0,LOW,MULTIPLE_FINANCIAL_SIGNALS;REPEATED_YEAR_END_CONCENTRATION,both,,,,,,,,,과학기술인력양성,156517000000,156517000000,3,"[""FUND"", ""GENERAL_ACCOUNT"", ""SPECIAL_ACCOUNT""]",,222463000000,3,"[""FUND"", ""GENERAL_ACCOUNT"", ""SPECIAL_ACCOUNT""]",False,False,,1.0,UNAVAILABLE_MIXED_OR_UNLINKED,False,156517000000,156517000000,3,"[""FUND"", ""GENERAL_ACCOUNT"", ""SPECIAL_ACCOUNT""]",,,,,False,False,,1.0,UNAVAILABLE_MIXED_OR_UNLINKED,False,False,0.0,True,0.0,0.0,0.02125874859105088,0.0,0.29927007299270075,0.3220338983050847,False,False,True,False,False,False,False,False,False,,,,,False,False,False,False,,,,,False,False,False,False,1,True,True,1,LIMITED,1,0,True,True,False,MODERATE_OR_CONTEXT_REVIEW,REPEATED_OR_MULTIPLE,1,DETAILED_PROJECT_REVIEW,반복·복수 신호의 원인을 세부사업과 원문에서 확인,EXECUTION_MANAGEMENT,162:2024:과학기술:과학기술인력및문화:1700:FUND,3,0.007086249530350293,equal_mean_of_three_signal_components,tiebreak_only,False,221.25,13.0,62.75,7.0,222,False,False,REPEATED_OR_MULTIPLE,READY_FOR_REVIEW,2,REPEATED_OR_MULTIPLE_INDEPENDENT_SIGNALS,NOT_ASSESSED,REVIEW_WORKFLOW_ORDER_NOT_POLICY_EFFECTIVENESS_RANK,107,33,118,36
보건복지부,2024,Ⅳ-5,노인의료보장,,,,,노인의료보장,1,1,1,1,0,0,1,ALL_COMPARABLE_AT_OR_ABOVE_TARGET,"[""MOHW-2024-IV5-01""]",075,EXACT_NAME,True,사회복지,노인,2200,노인의료보장,노인의료보장,FUND,200322000000,200956160000,199211996900,0.9913206785997504,COMPLETE,HIGH,2,2,0,"[""code:2024:075:542:2200:2234:300"", ""code:2024:075:542:2200:2235:304""]",JOINT_ANALYSIS,FULLY_REPORTED,FULLY_COMPARABLE,False,False,2,200322000000,1.0415980271762462,0,0.0,1,0.04159802717624624,0,0.0,0,0.0,0,0.0,0,0.0,2,1,1,0.04159802717624624,0,0.0,MEDIUM,MULTIPLE_FINANCIAL_SIGNALS;PROGRAM_BUDGET_CONCENTRATION;REPEATED_MODERATE_LOW_EXECUTION,both,,,,,,,,,노인의료보장,2720165000000,2720165000000,3,"[""FUND"", ""GENERAL_ACCOUNT"", ""SPECIAL_ACCOUNT""]",,2737762000000,3,"[""FUND"", ""GENERAL_ACCOUNT"", ""SPECIAL_ACCOUNT""]",False,False,,1.0,UNAVAILABLE_MIXED_OR_UNLINKED,False,2720165000000,2720165000000,3,"[""FUND"", ""GENERAL_ACCOUNT"", ""SPECIAL_ACCOUNT""]",,,,,False,False,,1.0,UNAVAILABLE_MIXED_OR_UNLINKED,False,False,0.0,True,0.0,0.0,0.02079901358812312,0.0,0.635036496350365,0.5384615384615384,False,False,True,False,False,True,False,False,False,,,,,False,False,False,False,,,,,False,False,False,False,1,True,True,1,LIMITED,1,1,True,True,False,MODERATE_OR_CONTEXT_REVIEW,REPEATED_OR_MULTIPLE,1,DETAILED_PROJECT_REVIEW,반복·복수 신호의 원인을 세부사업과 원문에서 확인,EXECUTION_MANAGEMENT;PROGRAM_STRUCTURE_CONTEXT,075:2024:사회복지:노인:2200:FUND,3,0.006933004529374374,equal_mean_of_three_signal_components,tiebreak_only,False,182.75,52.0,75.0,9.0,193,False,False,REPEATED_OR_MULTIPLE,READY_FOR_REVIEW,2,REPEATED_OR_MULTIPLE_INDEPENDENT_SIGNALS,NOT_ASSESSED,REVIEW_WORKFLOW_ORDER_NOT_POLICY_EFFECTIVENESS_RANK,108,49,119,55
과학기술정보통신부,2023,Ⅳ-9,전파활용방송서비스산업,,,,,전파활용방송서비스산업,2,2,2,2,0,0,2,ALL_COMPARABLE_AT_OR_ABOVE_TARGET,"[""MSIT-2023-IV9-01"", ""MSIT-2023-IV9-03""]",162,EXACT_NAME_UNIQUE_FINANCIAL,True,통신,방송통신,2500,전파활용방송서비스산업,전파활용방송서비스산업,GENERAL_ACCOUNT,56759000000,56759000000,56457041510,0.9946799892528058,COMPLETE,HIGH,19,19,0,"[""code:2023:162:110:2500:2531:301"", ""code:2023:162:110:2500:2531:305"", ""code:2023:162:110:2500:2531:319"", ""code:2023:162:110:2500:2531:321"", ""code:2023:162:110:2500:2531:324"", ""code:2023:162:110:2500:2531:326"", ""code:2023:162:110:2500:2531:327"", ""code:2023:162:110:2500:2531:334"", ""code:2023:162:110:2500:2533:301"", ""code:2023:162:110:2500:2533:302"", ""code:2023:162:110:2500:2533:304"", ""code:2023:162:110:2500:2535:301"", ""code:2023:162:110:2500:2535:302"", ""code:2023:162:110:2500:2535:304"", ""code:2023:162:110:2500:2535:305"", ""code:2023:162:110:2500:2535:309"", ""code:2023:162:110:2500:2535:318"", ""code:2023:162:110:2500:2535:321"", ""code:2023:162:110:2500:2535:325""]",JOINT_ANALYSIS,FULLY_REPORTED,FULLY_COMPARABLE,False,False,19,56759000000,0.23455311051991753,0,0.0,0,0.0,1,0.03403865466269666,4,0.07154812452650681,0,0.0,0,0.0,0,0,2,0.05743582515548195,0,0.0,MEDIUM,ACCOUNTING_ADJUSTMENT_PATTERN;MULTIPLE_FINANCIAL_SIGNALS;REPEATED_YEAR_END_CONCENTRATION,both,12,,47704000000,,38644000000,,-0.18992118061378502,,전파활용방송서비스산업,106842000000,106842000000,3,"[""FUND"", ""GENERAL_ACCOUNT"", ""SPECIAL_ACCOUNT""]",74349000000,74349000000,3,"[""FUND"", ""GENERAL_ACCOUNT"", ""SPECIAL_ACCOUNT""]",False,False,,1.0,UNAVAILABLE_MIXED_OR_UNLINKED,False,106842000000,106842000000,3,"[""FUND"", ""GENERAL_ACCOUNT"", ""SPECIAL_ACCOUNT""]",,82642000000,3,"[""FUND"", ""GENERAL_ACCOUNT"", ""SPECIAL_ACCOUNT""]",False,False,,1.0,UNAVAILABLE_MIXED_OR_UNLINKED,False,False,0.0,True,0.0,0.0,0.01701932733134833,0.0,0.36231884057971014,0.3793103448275862,False,False,True,False,True,False,False,False,False,12,47704000000,38644000000,-0.18992118061378502,False,False,False,False,,,,,False,False,False,False,1,True,True,1,LIMITED,1,1,True,True,False,MODERATE_OR_CONTEXT_REVIEW,REPEATED_OR_MULTIPLE,1,DETAILED_PROJECT_REVIEW,반복·복수 신호의 원인을 세부사업과 원문에서 확인,EXECUTION_MANAGEMENT;ACCOUNTING_ADJUSTMENT_CONTEXT,162:2023:통신:방송통신:2500:GENERAL_ACCOUNT,3,0.005673109110449444,equal_mean_of_three_signal_components,tiebreak_only,False,216.5,18.0,60.0,10.0,218,False,False,REPEATED_OR_MULTIPLE,READY_FOR_REVIEW,2,REPEATED_OR_MULTIPLE_INDEPENDENT_SIGNALS,NOT_ASSESSED,REVIEW_WORKFLOW_ORDER_NOT_POLICY_EFFECTIVENESS_RANK,109,34,120,37
보건복지부,2024,Ⅱ-5,한의학연구및정책개발,,,,,한의학연구및정책개발,2,2,2,2,0,0,2,ALL_COMPARABLE_AT_OR_ABOVE_TARGET,"[""MOHW-2024-II5-01"", ""MOHW-2024-II5-02""]",075,EXACT_NAME_UNIQUE_FINANCIAL,True,보건,보건의료,3200,한의학연구및정책개발,한의학연구및정책개발,GENERAL_ACCOUNT,48507000000,48507000000,48478763600,0.9994178902014142,COMPLETE,HIGH,9,9,0,"[""code:2024:075:110:3200:3233:302"", ""code:2024:075:110:3200:3233:308"", ""code:2024:075:110:3200:3233:311"", ""code:2024:075:110:3200:3234:301"", ""code:2024:075:110:3200:3234:302"", ""code:2024:075:110:3200:3234:310"", ""code:2024:075:110:3200:3237:302"", ""code:2024:075:110:3200:3237:303"", ""code:2024:075:110:3200:3237:308""]",JOINT_ANALYSIS,FULLY_REPORTED,FULLY_COMPARABLE,False,False,9,48507000000,0.3043684416682128,0,0.0,0,0.0,2,0.022367905663100172,0,0.0,0,0.0,0,0.0,0,0,1,0.014822602923289421,0,0.0,MEDIUM,MULTIPLE_FINANCIAL_SIGNALS;REPEATED_YEAR_END_CONCENTRATION,both,,,,,,,,,한의학연구및정책개발,48507000000,48507000000,1,"[""GENERAL_ACCOUNT""]",,48946000000,1,"[""GENERAL_ACCOUNT""]",False,False,,1.0,PROGRAM_TOTAL_SINGLE_ACCOUNT,False,48507000000,48507000000,1,"[""GENERAL_ACCOUNT""]",,,,,False,False,,1.0,UNAVAILABLE_MIXED_OR_UNLINKED,False,False,0.0,True,0.0,0.0,0.011183952831550086,0.0,0.35766423357664234,0.38461538461538464,False,False,True,False,False,False,False,False,False,,,,,False,False,False,False,,,,,False,False,False,False,1,True,True,1,LIMITED,1,0,True,True,False,MODERATE_OR_CONTEXT_REVIEW,REPEATED_OR_MULTIPLE,1,DETAILED_PROJECT_REVIEW,반복·복수 신호의 원인을 세부사업과 원문에서 확인,EXECUTION_MANAGEMENT,075:2024:보건:보건의료:3200:GENERAL_ACCOUNT,3,0.003727984277183362,equal_mean_of_three_signal_components,tiebreak_only,False,218.0,17.0,80.0,3.0,219,False,False,REPEATED_OR_MULTIPLE,READY_FOR_REVIEW,2,REPEATED_OR_MULTIPLE_INDEPENDENT_SIGNALS,NOT_ASSESSED,REVIEW_WORKFLOW_ORDER_NOT_POLICY_EFFECTIVENESS_RANK,110,50,121,56
고용노동부,2023,Ⅳ-1,산재보험,,,,,산재보험,2,2,2,2,0,0,2,ALL_COMPARABLE_AT_OR_ABOVE_TARGET,"[""MOEL-2023-IV1-01"", ""MOEL-2023-IV1-02""]",019,EXACT_NAME,True,사회복지,노동,4000,산재보험,산재보험,FUND,8015070000000,8015070000000,7507439274010,0.9366654656802748,COMPLETE,HIGH,10,10,0,"[""code:2023:019:523:4000:4051:350"", ""code:2023:019:523:4000:4052:350"", ""code:2023:019:523:4000:4052:356"", ""code:2023:019:523:4000:4053:351"", ""code:2023:019:523:4000:4054:350"", ""code:2023:019:523:4000:4055:350"", ""code:2023:019:523:4000:4057:350"", ""code:2023:019:523:4000:4058:350"", ""code:2023:019:523:4000:4058:351"", ""code:2023:019:523:4000:4060:350""]",JOINT_ANALYSIS,FULLY_REPORTED,FULLY_COMPARABLE,False,False,10,8015070000000,1.0247795714822203,0,0.0,0,0.0,1,0.0022100867490864083,2,0.006010552621499251,1,0.0022100867490864083,1,0.004046252871153963,10,1,3,0.00822063937058566,0,0.0,LOW,ACCOUNTING_ADJUSTMENT_PATTERN;BUDGET_RAPID_DECREASE;BUDGET_RAPID_INCREASE;MULTIPLE_FINANCIAL_SIGNALS;PROGRAM_BUDGET_CONCENTRATION;REPEATED_YEAR_END_CONCENTRATION,both,10,,8015070000000,,8100653000000,,0.010677760768152992,,산재보험,8015070000000,8015070000000,1,"[""FUND""]",8100653000000,8100653000000,1,"[""FUND""]",False,True,0.010677760768152992,1.0,PROGRAM_TOTAL_SINGLE_ACCOUNT,True,8015070000000,8015070000000,1,"[""FUND""]",,8323213000000,1,"[""FUND""]",False,False,,1.0,PROGRAM_TOTAL_SINGLE_ACCOUNT,False,True,0.0,True,0.0,0.0,0.0011050433745432042,0.004046252871153963,0.9637681159420289,0.9473684210526315,False,False,True,True,True,True,True,True,True,10,8015070000000,8100653000000,0.010677760768152992,True,False,False,False,,,,,False,False,False,False,1,True,True,1,LIMITED,2,2,True,True,False,MULTIPLE_SIGNAL_REVIEW,REPEATED_OR_MULTIPLE,1,DETAILED_PROJECT_REVIEW,반복·복수 신호의 원인을 세부사업과 원문에서 확인,EXECUTION_MANAGEMENT;BUDGET_PERFORMANCE_MISMATCH;ACCOUNTING_ADJUSTMENT_CONTEXT;PROGRAM_STRUCTURE_CONTEXT,019:2023:사회복지:노동:4000:FUND,1,0.0017170987485657224,equal_mean_of_three_signal_components,tiebreak_only,False,127.25,98.0,23.75,17.0,126,False,False,REPEATED_OR_MULTIPLE,READY_FOR_REVIEW,2,REPEATED_OR_MULTIPLE_INDEPENDENT_SIGNALS,NOT_ASSESSED,REVIEW_WORKFLOW_ORDER_NOT_POLICY_EFFECTIVENESS_RANK,111,19,122,20
고용노동부,2022,Ⅰ-2,장애인고용증진,,,,,장애인고용증진,2,2,2,2,0,0,2,ALL_COMPARABLE_AT_OR_ABOVE_TARGET,"[""MOEL-2022-I2-01"", ""MOEL-2022-I2-02""]",019,EXACT_NAME,True,사회복지,고용,1400,장애인고용증진,장애인고용증진,FUND,697413000000,697413000000,693356427440,0.9941833998505908,COMPLETE,HIGH,15,15,0,"[""code:2022:019:535:1400:1452:303"", ""code:2022:019:535:1400:1452:306"", ""code:2022:019:535:1400:1452:311"", ""code:2022:019:535:1400:1452:315"", ""code:2022:019:535:1400:1452:316"", ""code:2022:019:535:1400:1452:317"", ""code:2022:019:535:1400:1452:318"", ""code:2022:019:535:1400:1453:304"", ""code:2022:019:535:1400:1453:305"", ""code:2022:019:535:1400:1457:314"", ""code:2022:019:535:1400:1457:319"", ""code:2022:019:535:1400:1459:324"", ""code:2022:019:535:1400:1459:327"", ""code:2022:019:535:1400:1462:330"", ""code:2022:019:535:1400:1466:240""]",JOINT_ANALYSIS,FULLY_REPORTED,FULLY_COMPARABLE,False,False,15,697413000000,0.003968953833668142,1,0.003968953833668142,0,0.0,0,0.0,0,0.0,0,0.0,0,0.0,0,0,0,0.0,0,0.0,LOW,REPEATED_STRONG_LOW_EXECUTION,both,14,14,694645000000,694645000000,791173000000,853918000000,0.13896018829761964,0.22928690194271895,장애인고용증진,697413000000,697413000000,1,"[""FUND""]",793474000000,793474000000,1,"[""FUND""]",False,True,0.13773904415317753,1.0,PROGRAM_TOTAL_SINGLE_ACCOUNT,False,697413000000,697413000000,1,"[""FUND""]",853918000000,853918000000,1,"[""FUND""]",False,True,0.22440791898057535,1.0,PROGRAM_TOTAL_SINGLE_ACCOUNT,False,False,0.0,True,0.0,0.0,0.003968953833668142,0.0,0.7441860465116279,0.375,False,False,True,False,False,False,False,False,False,14,694645000000,791173000000,0.13896018829761964,False,False,False,False,14,694645000000,853918000000,0.22928690194271895,False,False,False,False,1,True,True,1,LIMITED,1,0,True,True,False,MODERATE_OR_CONTEXT_REVIEW,REPEATED_OR_MULTIPLE,1,DETAILED_PROJECT_REVIEW,반복·복수 신호의 원인을 세부사업과 원문에서 확인,EXECUTION_MANAGEMENT,019:2022:사회복지:고용:1400:FUND,3,0.001322984611222714,equal_mean_of_three_signal_components,tiebreak_only,False,168.0,71.0,37.75,7.0,180,False,False,REPEATED_OR_MULTIPLE,READY_FOR_REVIEW,2,REPEATED_OR_MULTIPLE_INDEPENDENT_SIGNALS,NOT_ASSESSED,REVIEW_WORKFLOW_ORDER_NOT_POLICY_EFFECTIVENESS_RANK,112,20,123,21
고용노동부,2023,Ⅰ-2,장애인고용증진,,,,,장애인고용증진,2,2,2,2,0,0,2,ALL_COMPARABLE_AT_OR_ABOVE_TARGET,"[""MOEL-2023-I2-01"", ""MOEL-2023-I2-02""]",019,EXACT_NAME,True,사회복지,고용,1400,장애인고용증진,장애인고용증진,FUND,793474000000,793474000000,784648167650,0.988876973473611,COMPLETE,HIGH,15,15,0,"[""code:2023:019:535:1400:1452:303"", ""code:2023:019:535:1400:1452:306"", ""code:2023:019:535:1400:1452:311"", ""code:2023:019:535:1400:1452:315"", ""code:2023:019:535:1400:1452:316"", ""code:2023:019:535:1400:1452:317"", ""code:2023:019:535:1400:1452:318"", ""code:2023:019:535:1400:1453:304"", ""code:2023:019:535:1400:1453:305"", ""code:2023:019:535:1400:1457:314"", ""code:2023:019:535:1400:1457:319"", ""code:2023:019:535:1400:1459:324"", ""code:2023:019:535:1400:1459:327"", ""code:2023:019:535:1400:1462:330"", ""code:2023:019:535:1400:1466:240""]",JOINT_ANALYSIS,FULLY_REPORTED,FULLY_COMPARABLE,False,False,15,793474000000,0.3488331060627065,1,0.0028999059830567856,0,0.0,0,0.0,3,0.07138986280583863,1,0.008756430582476552,1,0.0003831253450018526,0,0,4,0.07177298815084047,0,0.0,LOW,ACCOUNTING_ADJUSTMENT_PATTERN;BUDGET_RAPID_DECREASE;BUDGET_RAPID_INCREASE;MULTIPLE_FINANCIAL_SIGNALS;REPEATED_STRONG_LOW_EXECUTION,both,14,,791173000000,,853918000000,,0.07930629584174384,,장애인고용증진,793474000000,793474000000,1,"[""FUND""]",853918000000,853918000000,1,"[""FUND""]",False,True,0.07617640905688151,1.0,PROGRAM_TOTAL_SINGLE_ACCOUNT,False,793474000000,793474000000,1,"[""FUND""]",,861370000000,1,"[""FUND""]",False,False,,1.0,PROGRAM_TOTAL_SINGLE_ACCOUNT,False,False,0.0,True,0.0,0.0,0.0028999059830567856,0.0003831253450018526,0.782608695652174,0.47368421052631576,False,False,True,True,True,False,True,True,False,14,791173000000,853918000000,0.07930629584174384,False,False,False,False,,,,,False,False,False,False,1,True,True,1,LIMITED,2,1,True,True,False,MULTIPLE_SIGNAL_REVIEW,REPEATED_OR_MULTIPLE,1,DETAILED_PROJECT_REVIEW,반복·복수 신호의 원인을 세부사업과 원문에서 확인,EXECUTION_MANAGEMENT;BUDGET_PERFORMANCE_MISMATCH;ACCOUNTING_ADJUSTMENT_CONTEXT,019:2023:사회복지:고용:1400:FUND,1,0.001094343776019546,equal_mean_of_three_signal_components,tiebreak_only,False,162.75,76.0,35.0,8.0,174,False,False,REPEATED_OR_MULTIPLE,READY_FOR_REVIEW,2,REPEATED_OR_MULTIPLE_INDEPENDENT_SIGNALS,NOT_ASSESSED,REVIEW_WORKFLOW_ORDER_NOT_POLICY_EFFECTIVENESS_RANK,113,21,124,22
보건복지부,2022,Ⅳ-3,보육지원강화,,,,,보육지원강화,2,2,2,2,0,0,2,ALL_COMPARABLE_AT_OR_ABOVE_TARGET,"[""MOHW-2022-IV3-01"", ""MOHW-2022-IV3-02""]",075,EXACT_NAME_UNIQUE_FINANCIAL,True,사회복지,아동·보육,3100,보육지원강화,보육지원강화,GENERAL_ACCOUNT,5818712000000,5817240454920,5815980353340,0.9997833849933204,COMPLETE,HIGH,16,16,0,"[""code:2022:075:110:3100:3133:331"", ""code:2022:075:110:3100:3133:336"", ""code:2022:075:110:3100:3133:337"", ""code:2022:075:110:3100:3134:341"", ""code:2022:075:110:3100:3134:344"", ""code:2022:075:110:3100:3135:350"", ""code:2022:075:110:3100:3135:353"", ""code:2022:075:110:3100:3135:354"", ""code:2022:075:110:3100:3135:365"", ""code:2022:075:110:3100:3135:367"", ""code:2022:075:110:3100:3135:372"", ""code:2022:075:110:3100:3135:373"", ""code:2022:075:110:3100:3140:403"", ""code:2022:075:110:3100:3140:404"", ""code:2022:075:110:3100:3141:300"", ""code:2022:075:110:3100:3143:300""]",JOINT_ANALYSIS,FULLY_REPORTED,FULLY_COMPARABLE,False,False,16,5818712000000,0.0010208444755471658,0,0.0,1,0.0009692866737518544,0,0.0,0,0.0,0,0.0,0,0.0,0,0,1,8.592966965885233e-06,0,0.0,MEDIUM,MULTIPLE_FINANCIAL_SIGNALS;REPEATED_MODERATE_LOW_EXECUTION,both,9,2,5750743000000,350930000000,6622547000000,2890008000000,0.15159849779411114,7.235283389849828,보육지원강화,5818712000000,5818712000000,1,"[""GENERAL_ACCOUNT""]",6678017000000,6678017000000,1,"[""GENERAL_ACCOUNT""]",False,True,0.1476795895724002,1.0,PROGRAM_TOTAL_SINGLE_ACCOUNT,False,5818712000000,5818712000000,1,"[""GENERAL_ACCOUNT""]",7609545000000,7609545000000,1,"[""GENERAL_ACCOUNT""]",False,True,0.307771376208343,1.0,PROGRAM_TOTAL_SINGLE_ACCOUNT,False,False,0.0,True,0.0,0.0,0.0004846433368759272,0.0,0.9457364341085271,0.8857142857142857,False,False,True,False,False,False,False,False,False,9,5750743000000,6622547000000,0.15159849779411114,False,False,False,False,2,350930000000,2890008000000,7.235283389849828,False,False,False,False,1,True,True,1,LIMITED,1,0,True,True,False,MODERATE_OR_CONTEXT_REVIEW,REPEATED_OR_MULTIPLE,1,DETAILED_PROJECT_REVIEW,반복·복수 신호의 원인을 세부사업과 원문에서 확인,EXECUTION_MANAGEMENT,075:2022:사회복지:아동·보육:3100:GENERAL_ACCOUNT,3,0.0001615477789586424,equal_mean_of_three_signal_components,tiebreak_only,False,133.0,92.0,54.25,31.0,135,False,False,REPEATED_OR_MULTIPLE,READY_FOR_REVIEW,2,REPEATED_OR_MULTIPLE_INDEPENDENT_SIGNALS,NOT_ASSESSED,REVIEW_WORKFLOW_ORDER_NOT_POLICY_EFFECTIVENESS_RANK,114,51,125,57
고용노동부,2024,Ⅳ-1,산재보험,,,,,산재보험,1,1,1,1,0,0,1,ALL_COMPARABLE_AT_OR_ABOVE_TARGET,"[""MOEL-2024-IV1-01""]",019,EXACT_NAME,True,사회복지,노동,4000,산재보험,산재보험,FUND,8100653000000,8100653000000,7857775534510,0.9700175448213866,COMPLETE,HIGH,10,10,0,"[""code:2024:019:523:4000:4051:350"", ""code:2024:019:523:4000:4052:350"", ""code:2024:019:523:4000:4052:356"", ""code:2024:019:523:4000:4053:351"", ""code:2024:019:523:4000:4054:350"", ""code:2024:019:523:4000:4055:350"", ""code:2024:019:523:4000:4057:350"", ""code:2024:019:523:4000:4058:350"", ""code:2024:019:523:4000:4058:351"", ""code:2024:019:523:4000:4060:350""]",JOINT_ANALYSIS,FULLY_REPORTED,FULLY_COMPARABLE,False,False,10,8100653000000,1.014481301692592,0,0.0,0,0.0,1,0.000866967144500573,1,0.0017651663390593326,0,0.0,0,0.0,10,1,6,0.012040757701879096,0,0.0,LOW,ACCOUNTING_ADJUSTMENT_PATTERN;MULTIPLE_FINANCIAL_SIGNALS;PROGRAM_BUDGET_CONCENTRATION;REPEATED_YEAR_END_CONCENTRATION,both,,,,,,,,,산재보험,8100653000000,8100653000000,1,"[""FUND""]",,8323213000000,1,"[""FUND""]",False,False,,1.0,PROGRAM_TOTAL_SINGLE_ACCOUNT,False,8100653000000,8100653000000,1,"[""FUND""]",,,,,False,False,,1.0,UNAVAILABLE_MIXED_OR_UNLINKED,False,False,0.0,True,0.0,0.0,0.0004334835722502865,0.0,0.9635036496350365,0.9473684210526315,False,False,True,False,True,True,False,False,False,,,,,False,False,False,False,,,,,False,False,False,False,1,True,True,1,LIMITED,1,2,True,True,False,MODERATE_OR_CONTEXT_REVIEW,REPEATED_OR_MULTIPLE,1,DETAILED_PROJECT_REVIEW,반복·복수 신호의 원인을 세부사업과 원문에서 확인,EXECUTION_MANAGEMENT;ACCOUNTING_ADJUSTMENT_CONTEXT;PROGRAM_STRUCTURE_CONTEXT,019:2024:사회복지:노동:4000:FUND,3,0.00014449452408342884,equal_mean_of_three_signal_components,tiebreak_only,False,129.0,98.0,25.0,17.0,129,False,False,REPEATED_OR_MULTIPLE,READY_FOR_REVIEW,2,REPEATED_OR_MULTIPLE_INDEPENDENT_SIGNALS,NOT_ASSESSED,REVIEW_WORKFLOW_ORDER_NOT_POLICY_EFFECTIVENESS_RANK,115,22,126,23
보건복지부,2023,Ⅳ-4,노인생활안정,,,,,노인생활안정,1,1,1,1,0,0,1,ALL_COMPARABLE_AT_OR_ABOVE_TARGET,"[""MOHW-2023-IV4-01""]",075,EXACT_NAME_UNIQUE_FINANCIAL,True,사회복지,노인,2100,노인생활안정,노인생활안정,GENERAL_ACCOUNT,20178595000000,20170018367270,19838445771010,0.9835611157995748,COMPLETE,HIGH,10,10,0,"[""code:2023:075:110:2100:2131:300"", ""code:2023:075:110:2100:2132:301"", ""code:2023:075:110:2100:2133:300"", ""code:2023:075:110:2100:2133:301"", ""code:2023:075:110:2100:2133:311"", ""code:2023:075:110:2100:2139:302"", ""code:2023:075:110:2100:2140:300"", ""code:2023:075:110:2100:2140:301"", ""code:2023:075:110:2100:2142:304"", ""code:2023:075:110:2100:2142:305""]",JOINT_ANALYSIS,FULLY_REPORTED,FULLY_COMPARABLE,False,False,10,20178595000000,1.077314451278694,0,0.0,0,0.0,1,0.00040448802307593764,1,0.07631928783941598,0,0.0,0,0.0,10,1,3,0.07731445127869409,0,0.0,MEDIUM,ACCOUNTING_ADJUSTMENT_PATTERN;MULTIPLE_FINANCIAL_SIGNALS;PROGRAM_BUDGET_CONCENTRATION;REPEATED_YEAR_END_CONCENTRATION,both,6,,20170426000000,,22337160000000,,0.10742133061542676,,노인생활안정,20732525000000,20732525000000,2,"[""GENERAL_ACCOUNT"", ""SPECIAL_ACCOUNT""]",22928108000000,22928108000000,2,"[""GENERAL_ACCOUNT"", ""SPECIAL_ACCOUNT""]",False,False,,1.0,UNAVAILABLE_MIXED_OR_UNLINKED,False,20732525000000,20732525000000,2,"[""GENERAL_ACCOUNT"", ""SPECIAL_ACCOUNT""]",,24262585000000,2,"[""GENERAL_ACCOUNT"", ""SPECIAL_ACCOUNT""]",False,False,,1.0,UNAVAILABLE_MIXED_OR_UNLINKED,False,False,0.0,True,0.0,0.0,0.00020224401153796882,0.0,0.9927536231884058,0.9743589743589743,False,False,True,False,True,True,False,False,False,6,20170426000000,22337160000000,0.10742133061542676,False,False,False,False,,,,,False,False,False,False,1,True,True,1,LIMITED,1,2,True,True,False,MODERATE_OR_CONTEXT_REVIEW,REPEATED_OR_MULTIPLE,1,DETAILED_PROJECT_REVIEW,반복·복수 신호의 원인을 세부사업과 원문에서 확인,EXECUTION_MANAGEMENT;ACCOUNTING_ADJUSTMENT_CONTEXT;PROGRAM_STRUCTURE_CONTEXT,075:2023:사회복지:노인:2100:GENERAL_ACCOUNT,3,6.741467051265628e-05,equal_mean_of_three_signal_components,tiebreak_only,False,121.5,101.0,47.25,38.0,115,False,False,REPEATED_OR_MULTIPLE,READY_FOR_REVIEW,2,REPEATED_OR_MULTIPLE_INDEPENDENT_SIGNALS,NOT_ASSESSED,REVIEW_WORKFLOW_ORDER_NOT_POLICY_EFFECTIVENESS_RANK,116,52,127,58
보건복지부,2024,Ⅰ-3,장애인생활안정 및 재활 지원,,,,,장애인생활안정및재활지원,1,1,1,1,0,0,1,ALL_COMPARABLE_AT_OR_ABOVE_TARGET,"[""MOHW-2024-I3-01""]",075,EXACT_NAME_UNIQUE_FINANCIAL,True,사회복지,취약계층지원,1500,장애인생활안정 및 재활 지원,장애인생활안정 및 재활 지원,GENERAL_ACCOUNT,5025066000000,5026088550000,5019512108840,0.998691538938366,COMPLETE,HIGH,25,25,0,"[""code:2024:075:110:1500:1531:300"", ""code:2024:075:110:1500:1531:301"", ""code:2024:075:110:1500:1531:302"", ""code:2024:075:110:1500:1531:305"", ""code:2024:075:110:1500:1531:310"", ""code:2024:075:110:1500:1532:304"", ""code:2024:075:110:1500:1532:307"", ""code:2024:075:110:1500:1534:300"", ""code:2024:075:110:1500:1535:304"", ""code:2024:075:110:1500:1535:305"", ""code:2024:075:110:1500:1535:308"", ""code:2024:075:110:1500:1535:309"", ""code:2024:075:110:1500:1535:310"", ""code:2024:075:110:1500:1536:300"", ""code:2024:075:110:1500:1536:302"", ""code:2024:075:110:1500:1538:300"", ""code:2024:075:110:1500:1538:301"", ""code:2024:075:110:1500:1539:300"", ""code:2024:075:110:1500:1542:300"", ""code:2024:075:110:1500:1542:302"", ""code:2024:075:110:1500:1542:307"", ""code:2024:075:110:1500:1542:311"", ""code:2024:075:110:1500:1542:312"", ""code:2024:075:110:1500:1543:300"", ""code:2024:075:110:1500:1543:302""]",JOINT_ANALYSIS,FULLY_REPORTED,FULLY_COMPARABLE,False,False,25,5025066000000,0.05741835032614497,1,3.8208453381507824e-05,0,0.0,0,0.0,3,0.04752932598298212,0,0.0,1,3.2437384902009246e-05,0,0,1,3.8208453381507824e-05,0,0.0,LOW,ACCOUNTING_ADJUSTMENT_PATTERN;BUDGET_RAPID_DECREASE;MULTIPLE_FINANCIAL_SIGNALS;REPEATED_STRONG_LOW_EXECUTION,both,,,,,,,,,장애인생활안정 및 재활 지원,5041192000000,5041192000000,3,"[""FUND"", ""GENERAL_ACCOUNT"", ""SPECIAL_ACCOUNT""]",,5439862000000,3,"[""FUND"", ""GENERAL_ACCOUNT"", ""SPECIAL_ACCOUNT""]",False,False,,1.0,UNAVAILABLE_MIXED_OR_UNLINKED,False,5041192000000,5041192000000,3,"[""FUND"", ""GENERAL_ACCOUNT"", ""SPECIAL_ACCOUNT""]",,,,,False,False,,1.0,UNAVAILABLE_MIXED_OR_UNLINKED,False,False,0.0,True,0.0,0.0,3.8208453381507824e-05,3.2437384902009246e-05,0.948905109489051,0.8717948717948718,False,False,True,True,True,False,False,True,False,,,,,False,False,False,False,,,,,False,False,False,False,1,True,True,1,LIMITED,2,1,True,True,False,MULTIPLE_SIGNAL_REVIEW,REPEATED_OR_MULTIPLE,1,DETAILED_PROJECT_REVIEW,반복·복수 신호의 원인을 세부사업과 원문에서 확인,EXECUTION_MANAGEMENT;BUDGET_PERFORMANCE_MISMATCH;ACCOUNTING_ADJUSTMENT_CONTEXT,075:2024:사회복지:취약계층지원:1500:GENERAL_ACCOUNT,1,2.3548612761172358e-05,equal_mean_of_three_signal_components,tiebreak_only,False,131.75,93.0,55.75,31.0,134,False,False,REPEATED_OR_MULTIPLE,READY_FOR_REVIEW,2,REPEATED_OR_MULTIPLE_INDEPENDENT_SIGNALS,NOT_ASSESSED,REVIEW_WORKFLOW_ORDER_NOT_POLICY_EFFECTIVENESS_RANK,117,53,128,59
보건복지부,2022,Ⅰ-3,장애인생활안정 및 재활 지원,,,,,장애인생활안정및재활지원,2,2,2,2,0,0,2,ALL_COMPARABLE_AT_OR_ABOVE_TARGET,"[""MOHW-2022-I3-01"", ""MOHW-2022-I3-02""]",075,EXACT_NAME,True,사회복지,취약계층지원,1500,장애인생활안정 및 재활 지원,장애인생활안정 및 재활 지원,GENERAL_ACCOUNT,4064068000000,4065078514000,4045716184110,0.9952369112125836,COMPLETE,HIGH,23,23,0,"[""code:2022:075:110:1500:1531:300"", ""code:2022:075:110:1500:1531:301"", ""code:2022:075:110:1500:1531:302"", ""code:2022:075:110:1500:1531:305"", ""code:2022:075:110:1500:1531:310"", ""code:2022:075:110:1500:1532:304"", ""code:2022:075:110:1500:1532:307"", ""code:2022:075:110:1500:1534:300"", ""code:2022:075:110:1500:1535:304"", ""code:2022:075:110:1500:1535:305"", ""code:2022:075:110:1500:1535:308"", ""code:2022:075:110:1500:1535:309"", ""code:2022:075:110:1500:1536:300"", ""code:2022:075:110:1500:1536:302"", ""code:2022:075:110:1500:1538:300"", ""code:2022:075:110:1500:1538:301"", ""code:2022:075:110:1500:1539:300"", ""code:2022:075:110:1500:1542:300"", ""code:2022:075:110:1500:1542:302"", ""code:2022:075:110:1500:1542:307"", ""code:2022:075:110:1500:1542:311"", ""code:2022:075:110:1500:1543:300"", ""code:2022:075:110:1500:1543:302""]",JOINT_ANALYSIS,FULLY_REPORTED,FULLY_COMPARABLE,False,False,23,4064068000000,0.004217449117485239,1,3.666277237487168e-05,0,0.0,0,0.0,0,0.0,0,0.0,0,0.0,0,0,1,3.666277237487168e-05,0,0.0,LOW,MULTIPLE_FINANCIAL_SIGNALS;REPEATED_STRONG_LOW_EXECUTION,both,23,23,4064068000000,4064068000000,4530628000000,5023112000000,0.11480122871959819,0.23598128771467405,장애인생활안정 및 재활 지원,4087240000000,4087240000000,2,"[""FUND"", ""GENERAL_ACCOUNT""]",4544508000000,4544508000000,3,"[""FUND"", ""GENERAL_ACCOUNT"", ""SPECIAL_ACCOUNT""]",False,False,,1.0,UNAVAILABLE_MIXED_OR_UNLINKED,False,4087240000000,4087240000000,2,"[""FUND"", ""GENERAL_ACCOUNT""]",5041192000000,5041192000000,3,"[""FUND"", ""GENERAL_ACCOUNT"", ""SPECIAL_ACCOUNT""]",False,False,,1.0,UNAVAILABLE_MIXED_OR_UNLINKED,False,False,0.0,True,0.0,0.0,3.666277237487168e-05,0.0,0.9224806201550387,0.8285714285714286,False,False,True,False,False,False,False,False,True,23,4064068000000,4530628000000,0.11480122871959819,True,False,False,True,23,4064068000000,5023112000000,0.23598128771467405,True,False,False,False,1,True,True,1,LIMITED,1,0,True,True,False,MODERATE_OR_CONTEXT_REVIEW,REPEATED_OR_MULTIPLE,1,DETAILED_PROJECT_REVIEW,반복·복수 신호의 원인을 세부사업과 원문에서 확인,EXECUTION_MANAGEMENT,075:2022:사회복지:취약계층지원:1500:GENERAL_ACCOUNT,3,1.2220924124957225e-05,equal_mean_of_three_signal_components,tiebreak_only,False,138.0,90.0,59.75,29.0,141,False,False,REPEATED_OR_MULTIPLE,READY_FOR_REVIEW,2,REPEATED_OR_MULTIPLE_INDEPENDENT_SIGNALS,NOT_ASSESSED,REVIEW_WORKFLOW_ORDER_NOT_POLICY_EFFECTIVENESS_RANK,118,54,129,60
보건복지부,2022,Ⅳ-4,노인생활안정,,,,,노인생활안정,1,1,1,1,0,0,1,ALL_COMPARABLE_AT_OR_ABOVE_TARGET,"[""MOHW-2022-IV4-01""]",075,EXACT_NAME,True,사회복지,노인,2100,노인생활안정,노인생활안정,GENERAL_ACCOUNT,18322701000000,18305291000000,18302187574410,0.99983046291971,COMPLETE,HIGH,12,12,0,"[""code:2022:075:110:2100:2131:300"", ""code:2022:075:110:2100:2132:300"", ""code:2022:075:110:2100:2132:301"", ""code:2022:075:110:2100:2133:300"", ""code:2022:075:110:2100:2133:301"", ""code:2022:075:110:2100:2133:311"", ""code:2022:075:110:2100:2134:303"", ""code:2022:075:110:2100:2139:302"", ""code:2022:075:110:2100:2140:300"", ""code:2022:075:110:2100:2140:301"", ""code:2022:075:110:2100:2142:304"", ""code:2022:075:110:2100:2142:305""]",JOINT_ANALYSIS,FULLY_REPORTED,FULLY_COMPARABLE,False,False,12,18322701000000,1.000668624129161,0,0.0,1,2.2704076216710624e-05,0,0.0,0,0.0,0,0.0,0,0.0,12,1,3,0.0006686241291608699,0,0.0,MEDIUM,MULTIPLE_FINANCIAL_SIGNALS;PROGRAM_BUDGET_CONCENTRATION;REPEATED_MODERATE_LOW_EXECUTION,both,6,6,17826997000000,17826997000000,20170426000000,22337160000000,0.13145394033554839,0.25299622813646067,노인생활안정,18322701000000,18322701000000,1,"[""GENERAL_ACCOUNT""]",20732525000000,20732525000000,2,"[""GENERAL_ACCOUNT"", ""SPECIAL_ACCOUNT""]",False,False,,1.0,UNAVAILABLE_MIXED_OR_UNLINKED,False,18322701000000,18322701000000,1,"[""GENERAL_ACCOUNT""]",22928108000000,22928108000000,2,"[""GENERAL_ACCOUNT"", ""SPECIAL_ACCOUNT""]",False,False,,1.0,UNAVAILABLE_MIXED_OR_UNLINKED,False,False,0.0,True,0.0,0.0,1.1352038108355312e-05,0.0,0.9844961240310077,0.9714285714285714,False,False,True,False,False,True,False,False,False,6,17826997000000,20170426000000,0.13145394033554839,False,False,False,False,6,17826997000000,22337160000000,0.25299622813646067,False,False,False,False,1,True,True,1,LIMITED,1,1,True,True,False,MODERATE_OR_CONTEXT_REVIEW,REPEATED_OR_MULTIPLE,1,DETAILED_PROJECT_REVIEW,반복·복수 신호의 원인을 세부사업과 원문에서 확인,EXECUTION_MANAGEMENT;PROGRAM_STRUCTURE_CONTEXT,075:2022:사회복지:노인:2100:GENERAL_ACCOUNT,3,3.784012702785104e-06,equal_mean_of_three_signal_components,tiebreak_only,False,124.75,102.0,49.25,38.0,120,False,False,REPEATED_OR_MULTIPLE,READY_FOR_REVIEW,2,REPEATED_OR_MULTIPLE_INDEPENDENT_SIGNALS,NOT_ASSESSED,REVIEW_WORKFLOW_ORDER_NOT_POLICY_EFFECTIVENESS_RANK,119,55,130,61
보건복지부,2024,Ⅰ-1,기초생활보장,,,,,기초생활보장,1,1,1,1,0,0,1,ALL_COMPARABLE_AT_OR_ABOVE_TARGET,"[""MOHW-2024-I1-01""]",075,EXACT_NAME,True,사회복지,기초생활보장,1100,기초생활보장,기초생활보장,GENERAL_ACCOUNT,17919672000000,17893510000000,17238938966980,0.9634185225246472,COMPLETE,HIGH,8,8,0,"[""code:2024:075:110:1100:1131:300"", ""code:2024:075:110:1100:1131:303"", ""code:2024:075:110:1100:1132:302"", ""code:2024:075:110:1100:1133:300"", ""code:2024:075:110:1100:1137:300"", ""code:2024:075:110:1100:1137:306"", ""code:2024:075:110:1100:1137:309"", ""code:2024:075:110:1100:1137:311""]",JOINT_ANALYSIS,FULLY_REPORTED,FULLY_COMPARABLE,False,False,8,17919672000000,0.9195930595158215,1,3.9063214996345917e-07,0,0.0,0,0.0,1,0.42082645262703466,1,3.9063214996345917e-07,0,0.0,0,0,1,3.9063214996345917e-07,0,0.0,MEDIUM,ACCOUNTING_ADJUSTMENT_PATTERN;BUDGET_RAPID_INCREASE;MULTIPLE_FINANCIAL_SIGNALS;REPEATED_STRONG_LOW_EXECUTION,both,,,,,,,,,기초생활보장,17919672000000,17919672000000,1,"[""GENERAL_ACCOUNT""]",,18816647000000,1,"[""GENERAL_ACCOUNT""]",False,False,,1.0,PROGRAM_TOTAL_SINGLE_ACCOUNT,False,17919672000000,17919672000000,1,"[""GENERAL_ACCOUNT""]",,,,,False,False,,1.0,UNAVAILABLE_MIXED_OR_UNLINKED,False,False,0.0,True,0.0,0.0,3.9063214996345917e-07,0.0,0.9854014598540146,0.9487179487179487,False,False,True,False,True,False,True,False,False,,,,,False,False,False,False,,,,,False,False,False,False,1,True,True,1,LIMITED,1,1,True,True,False,MODERATE_OR_CONTEXT_REVIEW,REPEATED_OR_MULTIPLE,1,DETAILED_PROJECT_REVIEW,반복·복수 신호의 원인을 세부사업과 원문에서 확인,EXECUTION_MANAGEMENT;ACCOUNTING_ADJUSTMENT_CONTEXT,075:2024:사회복지:기초생활보장:1100:GENERAL_ACCOUNT,3,1.302107166544864e-07,equal_mean_of_three_signal_components,tiebreak_only,False,123.75,102.0,50.75,36.0,118,False,False,REPEATED_OR_MULTIPLE,READY_FOR_REVIEW,2,REPEATED_OR_MULTIPLE_INDEPENDENT_SIGNALS,NOT_ASSESSED,REVIEW_WORKFLOW_ORDER_NOT_POLICY_EFFECTIVENESS_RANK,120,56,131,62
보건복지부,2022,Ⅰ-1,기초생활보장,,,,,기초생활보장,1,1,1,1,0,0,1,ALL_COMPARABLE_AT_OR_ABOVE_TARGET,"[""MOHW-2022-I1-01""]",075,EXACT_NAME,True,사회복지,기초생활보장,1100,기초생활보장,기초생활보장,GENERAL_ACCOUNT,15537221000000,15332967900000,15331381261890,0.9998965211353504,COMPLETE,HIGH,9,9,0,"[""code:2022:075:110:1100:1131:300"", ""code:2022:075:110:1100:1131:302"", ""code:2022:075:110:1100:1131:303"", ""code:2022:075:110:1100:1132:302"", ""code:2022:075:110:1100:1133:300"", ""code:2022:075:110:1100:1137:300"", ""code:2022:075:110:1100:1137:306"", ""code:2022:075:110:1100:1137:309"", ""code:2022:075:110:1100:1137:311""]",JOINT_ANALYSIS,FULLY_REPORTED,FULLY_COMPARABLE,False,False,9,15537221000000,5.148925924397934e-07,1,2.574462962198967e-07,0,0.0,0,0.0,0,0.0,0,0.0,0,0.0,0,0,1,2.574462962198967e-07,0,0.0,MEDIUM,MULTIPLE_FINANCIAL_SIGNALS;REPEATED_STRONG_LOW_EXECUTION,both,8,8,14547007000000,14547007000000,16405912000000,17919672000000,0.12778607998195093,0.23184597353943667,기초생활보장,15537221000000,15537221000000,1,"[""GENERAL_ACCOUNT""]",16405912000000,16405912000000,1,"[""GENERAL_ACCOUNT""]",False,True,0.05591032012738958,1.0,PROGRAM_TOTAL_SINGLE_ACCOUNT,False,15537221000000,15537221000000,1,"[""GENERAL_ACCOUNT""]",17919672000000,17919672000000,1,"[""GENERAL_ACCOUNT""]",False,True,0.15333829646884728,1.0,PROGRAM_TOTAL_SINGLE_ACCOUNT,False,False,0.0,True,0.0,0.0,2.574462962198967e-07,0.0,0.9767441860465116,0.9428571428571428,False,False,True,False,False,False,False,False,False,8,14547007000000,16405912000000,0.12778607998195093,False,False,False,False,8,14547007000000,17919672000000,0.23184597353943667,False,False,False,False,1,True,True,1,LIMITED,1,0,True,True,False,MODERATE_OR_CONTEXT_REVIEW,REPEATED_OR_MULTIPLE,1,DETAILED_PROJECT_REVIEW,반복·복수 신호의 원인을 세부사업과 원문에서 확인,EXECUTION_MANAGEMENT,075:2022:사회복지:기초생활보장:1100:GENERAL_ACCOUNT,3,8.58154320732989e-08,equal_mean_of_three_signal_components,tiebreak_only,False,126.5,101.0,51.75,36.0,123,False,False,REPEATED_OR_MULTIPLE,READY_FOR_REVIEW,2,REPEATED_OR_MULTIPLE_INDEPENDENT_SIGNALS,NOT_ASSESSED,REVIEW_WORKFLOW_ORDER_NOT_POLICY_EFFECTIVENESS_RANK,121,57,132,63
보건복지부,2022,Ⅲ-3,국립정신건강센터,,,,,국립정신건강센터,1,1,1,1,0,1,0,ALL_COMPARABLE_BELOW_TARGET,"[""MOHW-2022-III3-01""]",075,EXACT_NAME,True,보건,보건의료,3700,국립정신건강센터,국립정신건강센터,RESPONSIBLE_OPERATION_ACCOUNT,16726000000,17604843910,16112580190,0.9152356176726818,COMPLETE,HIGH,7,7,0,"[""code:2022:075:433:3700:3702:100"", ""code:2022:075:433:3700:3718:200"", ""code:2022:075:433:3700:3719:250"", ""code:2022:075:433:3700:3722:250"", ""code:2022:075:433:3700:3722:260"", ""code:2022:075:433:3700:3731:304"", ""code:2022:075:433:3700:3731:311"", ""code:2022:075:433:3700:3731:319"", ""code:2022:075:433:3700:3731:650"", ""code:2022:075:433:3700:3761:300"", ""code:2022:075:433:3700:3762:500"", ""code:2022:075:433:3700:3763:301""]",JOINT_ANALYSIS,FULLY_REPORTED,FULLY_COMPARABLE,False,False,7,16726000000,1.0,0,0.0,0,0.0,0,0.0,0,0.0,0,0.0,0,0.0,7,1,0,0.0,0,0.0,MEDIUM,PROGRAM_BUDGET_CONCENTRATION,both,7,7,16726000000,16726000000,17256000000,18736000000,0.03168719359081669,0.12017218701422934,국립정신건강센터,42755000000,16726000000,1,"[""RESPONSIBLE_OPERATION_ACCOUNT""]",44133000000,17756000000,1,"[""RESPONSIBLE_OPERATION_ACCOUNT""]",False,True,0.032230148520640864,0.3912057069348614,PROGRAM_TOTAL_SINGLE_ACCOUNT,True,42755000000,16726000000,1,"[""RESPONSIBLE_OPERATION_ACCOUNT""]",45518000000,18736000000,1,"[""RESPONSIBLE_OPERATION_ACCOUNT""]",False,True,0.06462402058238803,0.3912057069348614,PROGRAM_TOTAL_SINGLE_ACCOUNT,True,True,0.0,True,1.0,0.0,0.0,0.0,0.15503875968992248,0.2,False,True,False,False,False,True,False,False,True,7,16726000000,17256000000,0.03168719359081669,True,True,False,True,7,16726000000,18736000000,0.12017218701422934,True,True,False,False,0,False,False,3,LIMITED,1,1,True,True,False,STRONG_SINGLE_SIGNAL_REVIEW,REPEATED_OR_MULTIPLE,1,DETAILED_PROJECT_REVIEW,반복·복수 신호의 원인을 세부사업과 원문에서 확인,PERFORMANCE_BELOW_TARGET;PROGRAM_STRUCTURE_CONTEXT;LOW_PERFORMANCE_BUDGET_INCREASE_T1;LOW_PERFORMANCE_BUDGET_INCREASE_T2,075:2022:보건:보건의료:3700:RESPONSIBLE_OPERATION_ACCOUNT,2,0.3333333333333333,equal_mean_of_three_signal_components,tiebreak_only,False,86.25,110.0,34.0,35.0,79,False,False,REPEATED_OR_MULTIPLE,READY_FOR_REVIEW,2,REPEATED_OR_MULTIPLE_INDEPENDENT_SIGNALS,NOT_ASSESSED,REVIEW_WORKFLOW_ORDER_NOT_POLICY_EFFECTIVENESS_RANK,122,58,133,64
고용노동부,2022,Ⅳ-1,산재보험,,,,,산재보험,2,2,2,2,0,1,1,MIXED_COMPARABLE,"[""MOEL-2022-IV1-01"", ""MOEL-2022-IV1-02""]",019,EXACT_NAME_UNIQUE_FINANCIAL,True,사회복지,노동,4000,산재보험,산재보험,FUND,7373606000000,7373606000000,6913531151000,0.9376051759478334,COMPLETE,HIGH,10,10,0,"[""code:2022:019:523:4000:4051:350"", ""code:2022:019:523:4000:4052:350"", ""code:2022:019:523:4000:4052:356"", ""code:2022:019:523:4000:4053:351"", ""code:2022:019:523:4000:4054:350"", ""code:2022:019:523:4000:4055:350"", ""code:2022:019:523:4000:4057:350"", ""code:2022:019:523:4000:4058:350"", ""code:2022:019:523:4000:4058:351"", ""code:2022:019:523:4000:4060:350""]",JOINT_ANALYSIS,FULLY_REPORTED,FULLY_COMPARABLE,False,False,10,7373606000000,1.014170407260708,0,0.0,0,0.0,0,0.0,0,0.0,0,0.0,0,0.0,10,1,4,0.01417040726070799,0,0.0,LOW,MULTIPLE_FINANCIAL_SIGNALS;PROGRAM_BUDGET_CONCENTRATION,both,10,10,7373606000000,7373606000000,8015070000000,8100653000000,0.08699461294785753,0.09860128138118582,산재보험,7373606000000,7373606000000,1,"[""FUND""]",8015070000000,8015070000000,1,"[""FUND""]",False,True,0.08699461294785753,1.0,PROGRAM_TOTAL_SINGLE_ACCOUNT,True,7373606000000,7373606000000,1,"[""FUND""]",8100653000000,8100653000000,1,"[""FUND""]",False,True,0.09860128138118582,1.0,PROGRAM_TOTAL_SINGLE_ACCOUNT,True,True,0.0,True,0.5,0.0,0.0,0.0,0.9534883720930233,0.9375,False,True,False,False,False,True,False,False,True,10,7373606000000,8015070000000,0.08699461294785753,True,True,False,True,10,7373606000000,8100653000000,0.09860128138118582,True,True,False,False,0,False,False,3,LIMITED,1,1,True,True,False,MODERATE_OR_CONTEXT_REVIEW,REPEATED_OR_MULTIPLE,1,DETAILED_PROJECT_REVIEW,반복·복수 신호의 원인을 세부사업과 원문에서 확인,PERFORMANCE_BELOW_TARGET;PROGRAM_STRUCTURE_CONTEXT;LOW_PERFORMANCE_BUDGET_INCREASE_T1;LOW_PERFORMANCE_BUDGET_INCREASE_T2,019:2022:사회복지:노동:4000:FUND,3,0.16666666666666666,equal_mean_of_three_signal_components,tiebreak_only,False,53.75,55.0,12.25,10.0,47,False,False,REPEATED_OR_MULTIPLE,READY_FOR_REVIEW,2,REPEATED_OR_MULTIPLE_INDEPENDENT_SIGNALS,NOT_ASSESSED,REVIEW_WORKFLOW_ORDER_NOT_POLICY_EFFECTIVENESS_RANK,123,23,134,24
과학기술정보통신부,2022,Ⅱ-4,국립중앙과학관 운영,,,,,국립중앙과학관운영,3,3,3,3,0,1,2,MIXED_COMPARABLE,"[""MSIT-2022-II4-01"", ""MSIT-2022-II4-02"", ""MSIT-2022-II4-03""]",162,EXACT_NAME_UNIQUE_FINANCIAL,True,과학기술,과학기술인력및문화,2200,국립중앙과학관운영,국립중앙과학관운영,RESPONSIBLE_OPERATION_ACCOUNT,10069000000,10269000000,9925583170,0.9665579092414062,COMPLETE,HIGH,4,4,0,"[""code:2022:162:412:2200:2208:100"", ""code:2022:162:412:2200:2216:200"", ""code:2022:162:412:2200:2216:202"", ""code:2022:162:412:2200:2216:250"", ""code:2022:162:412:2200:2231:402"", ""code:2022:162:412:2200:2231:403"", ""code:2022:162:412:2200:2232:407"", ""code:2022:162:412:2200:2233:410"", ""code:2022:162:412:2200:2233:411"", ""code:2022:162:412:2200:2235:413""]",JOINT_ANALYSIS,FULLY_REPORTED,FULLY_COMPARABLE,False,False,4,10069000000,1.0,0,0.0,0,0.0,0,0.0,0,0.0,0,0.0,0,0.0,4,1,0,0.0,0,0.0,MEDIUM,PROGRAM_BUDGET_CONCENTRATION,both,4,4,10069000000,10069000000,10353000000,10558000000,0.028205382858277884,0.04856490217499255,국립중앙과학관운영,18839000000,10069000000,1,"[""RESPONSIBLE_OPERATION_ACCOUNT""]",20813000000,11718000000,1,"[""RESPONSIBLE_OPERATION_ACCOUNT""]",False,True,0.10478263177451032,0.5344763522479962,PROGRAM_TOTAL_SINGLE_ACCOUNT,True,18839000000,10069000000,1,"[""RESPONSIBLE_OPERATION_ACCOUNT""]",21100000000,11925000000,1,"[""RESPONSIBLE_OPERATION_ACCOUNT""]",False,True,0.1200169860395987,0.5344763522479962,PROGRAM_TOTAL_SINGLE_ACCOUNT,True,True,0.0,True,0.3333333333333333,0.0,0.0,0.0,0.12403100775193798,0.17857142857142858,False,True,False,False,False,True,False,False,True,4,10069000000,10353000000,0.028205382858277884,True,True,False,True,4,10069000000,10558000000,0.04856490217499255,True,True,False,False,0,False,False,3,LIMITED,1,1,True,True,False,MODERATE_OR_CONTEXT_REVIEW,REPEATED_OR_MULTIPLE,1,DETAILED_PROJECT_REVIEW,반복·복수 신호의 원인을 세부사업과 원문에서 확인,PERFORMANCE_BELOW_TARGET;PROGRAM_STRUCTURE_CONTEXT;LOW_PERFORMANCE_BUDGET_INCREASE_T1;LOW_PERFORMANCE_BUDGET_INCREASE_T2,162:2022:과학기술:과학기술인력및문화:2200:RESPONSIBLE_OPERATION_ACCOUNT,3,0.1111111111111111,equal_mean_of_three_signal_components,tiebreak_only,False,188.25,83.0,44.5,35.0,199,False,False,REPEATED_OR_MULTIPLE,READY_FOR_REVIEW,2,REPEATED_OR_MULTIPLE_INDEPENDENT_SIGNALS,NOT_ASSESSED,REVIEW_WORKFLOW_ORDER_NOT_POLICY_EFFECTIVENESS_RANK,124,35,135,38
과학기술정보통신부,2023,Ⅱ-1,과학기술기반조성,,,,,과학기술기반조성,2,2,2,2,0,1,1,MIXED_COMPARABLE,"[""MSIT-2023-II1-01"", ""MSIT-2023-II1-02""]",162,EXACT_NAME,True,과학기술,과학기술연구지원,1600,과학기술기반조성,과학기술기반조성,GENERAL_ACCOUNT,63956000000,73397645630,43636907590,0.5945273477840844,COMPLETE,HIGH,2,2,0,"[""code:2023:162:110:1600:1639:402"", ""code:2023:162:110:1600:1640:300""]",JOINT_ANALYSIS,FULLY_REPORTED,FULLY_COMPARABLE,True,True,2,63956000000,1.8151228969916817,0,0.0,0,0.0,0,0.0,0,0.0,0,0.0,0,0.0,2,1,1,0.8151228969916818,0,0.0,HIGH,MULTIPLE_FINANCIAL_SIGNALS;PROGRAM_BUDGET_CONCENTRATION,both,2,,63956000000,,43663000000,,-0.31729626618300083,,과학기술기반조성,63956000000,63956000000,1,"[""GENERAL_ACCOUNT""]",43663000000,43663000000,1,"[""GENERAL_ACCOUNT""]",False,True,-0.31729626618300083,1.0,PROGRAM_TOTAL_SINGLE_ACCOUNT,True,63956000000,63956000000,1,"[""GENERAL_ACCOUNT""]",,95974000000,1,"[""GENERAL_ACCOUNT""]",False,False,,1.0,PROGRAM_TOTAL_SINGLE_ACCOUNT,False,True,0.0,True,0.5,1.0,1.0,0.0,0.42028985507246375,0.5,False,True,True,False,False,True,False,False,True,2,63956000000,43663000000,-0.31729626618300083,True,False,False,False,,,,,False,False,False,True,0,False,True,2,CONFIRMED,2,1,True,True,False,MULTIPLE_SIGNAL_REVIEW,REPEATED_OR_MULTIPLE,1,DETAILED_PROJECT_REVIEW,반복·복수 신호의 원인을 세부사업과 원문에서 확인,PERFORMANCE_BELOW_TARGET;EXECUTION_MANAGEMENT;PROGRAM_STRUCTURE_CONTEXT,162:2023:과학기술:과학기술연구지원:1600:GENERAL_ACCOUNT,1,0.5,equal_mean_of_three_signal_components,tiebreak_only,False,23.75,35.0,2.0,2.0,14,False,True,REPEATED_OR_MULTIPLE,READY_FOR_REVIEW,2,REPEATED_OR_MULTIPLE_INDEPENDENT_SIGNALS,NOT_ASSESSED,REVIEW_WORKFLOW_ORDER_NOT_POLICY_EFFECTIVENESS_RANK,125,36,136,39
과학기술정보통신부,2023,Ⅱ-5,국립과천과학관운영,,,,,국립과천과학관운영,3,3,3,3,0,1,2,MIXED_COMPARABLE,"[""MSIT-2023-II5-01"", ""MSIT-2023-II5-02"", ""MSIT-2023-II5-03""]",162,EXACT_NAME,True,과학기술,과학기술인력및문화,2300,국립과천과학관운영,국립과천과학관운영,RESPONSIBLE_OPERATION_ACCOUNT,2994000000,2994000000,2955893420,0.9872723513694056,COMPLETE,HIGH,3,3,0,"[""code:2023:162:443:2300:2308:100"", ""code:2023:162:443:2300:2316:200"", ""code:2023:162:443:2300:2316:201"", ""code:2023:162:443:2300:2316:250"", ""code:2023:162:443:2300:2331:400"", ""code:2023:162:443:2300:2334:400"", ""code:2023:162:443:2300:2337:401"", ""code:2023:162:443:2300:2338:400"", ""code:2023:162:443:2300:2341:402"", ""code:2023:162:443:2300:2341:403""]",JOINT_ANALYSIS,FULLY_REPORTED,FULLY_COMPARABLE,False,False,3,2994000000,1.0,0,0.0,0,0.0,0,0.0,0,0.0,0,0.0,0,0.0,3,1,0,0.0,0,0.0,HIGH,PROGRAM_BUDGET_CONCENTRATION,both,3,,2994000000,,3344000000,,0.11690046760187041,,국립과천과학관운영,13254000000,2994000000,1,"[""RESPONSIBLE_OPERATION_ACCOUNT""]",13476000000,3344000000,1,"[""RESPONSIBLE_OPERATION_ACCOUNT""]",False,True,0.016749660479855138,0.22589406971480308,PROGRAM_TOTAL_SINGLE_ACCOUNT,True,13254000000,2994000000,1,"[""RESPONSIBLE_OPERATION_ACCOUNT""]",,3369000000,1,"[""RESPONSIBLE_OPERATION_ACCOUNT""]",False,False,,0.22589406971480308,PROGRAM_TOTAL_SINGLE_ACCOUNT,False,True,0.0,True,0.3333333333333333,0.0,0.0,0.0,0.043478260869565216,0.08620689655172414,False,True,False,False,False,True,False,False,True,3,2994000000,3344000000,0.11690046760187041,True,True,False,False,,,,,False,False,False,False,0,False,False,2,CONFIRMED,1,1,True,True,False,MODERATE_OR_CONTEXT_REVIEW,REPEATED_OR_MULTIPLE,1,DETAILED_PROJECT_REVIEW,반복·복수 신호의 원인을 세부사업과 원문에서 확인,PERFORMANCE_BELOW_TARGET;PROGRAM_STRUCTURE_CONTEXT;LOW_PERFORMANCE_BUDGET_INCREASE_T1,162:2023:과학기술:과학기술인력및문화:2300:RESPONSIBLE_OPERATION_ACCOUNT,3,0.1111111111111111,equal_mean_of_three_signal_components,tiebreak_only,False,196.5,92.0,50.75,43.0,208,False,False,REPEATED_OR_MULTIPLE,READY_FOR_REVIEW,2,REPEATED_OR_MULTIPLE_INDEPENDENT_SIGNALS,NOT_ASSESSED,REVIEW_WORKFLOW_ORDER_NOT_POLICY_EFFECTIVENESS_RANK,126,37,137,40
보건복지부,2022,Ⅱ-4,보건산업육성,,,,,보건산업육성,2,2,2,2,0,1,1,MIXED_COMPARABLE,"[""MOHW-2022-II4-01"", ""MOHW-2022-II4-02""]",075,EXACT_NAME_UNIQUE_FINANCIAL,True,보건,보건의료,3000,보건산업육성,보건산업육성,GENERAL_ACCOUNT,872066500000,875735253030,782185399550,0.893175645086432,COMPLETE,HIGH,65,65,0,"[""code:2022:075:110:3000:3031:302"", ""code:2022:075:110:3000:3031:310"", ""code:2022:075:110:3000:3031:317"", ""code:2022:075:110:3000:3031:344"", ""code:2022:075:110:3000:3031:346"", ""code:2022:075:110:3000:3031:349"", ""code:2022:075:110:3000:3031:352"", ""code:2022:075:110:3000:3031:363"", ""code:2022:075:110:3000:3031:377"", ""code:2022:075:110:3000:3031:379"", ""code:2022:075:110:3000:3031:382"", ""code:2022:075:110:3000:3031:383"", ""code:2022:075:110:3000:3031:384"", ""code:2022:075:110:3000:3031:401"", ""code:2022:075:110:3000:3031:402"", ""code:2022:075:110:3000:3031:404"", ""code:2022:075:110:3000:3031:405"", ""code:2022:075:110:3000:3031:406"", ""code:2022:075:110:3000:3031:408"", ""code:2022:075:110:3000:3031:412"", ""code:2022:075:110:3000:3031:413"", ""code:2022:075:110:3000:3031:414"", ""code:2022:075:110:3000:3031:424"", ""code:2022:075:110:3000:3031:432"", ""code:2022:075:110:3000:3031:433"", ""code:2022:075:110:3000:3031:434"", ""code:2022:075:110:3000:3031:436"", ""code:2022:075:110:3000:3031:443"", ""code:2022:075:110:3000:3031:444"", ""code:2022:075:110:3000:3031:445"", ""code:2022:075:110:3000:3031:462"", ""code:2022:075:110:3000:3031:463"", ""code:2022:075:110:3000:3031:464"", ""code:2022:075:110:3000:3031:470"", ""code:2022:075:110:3000:3031:472"", ""code:2022:075:110:3000:3031:474"", ""code:2022:075:110:3000:3031:475"", ""code:2022:075:110:3000:3031:476"", ""code:2022:075:110:3000:3031:477"", ""code:2022:075:110:3000:3031:478"", ""code:2022:075:110:3000:3031:479"", ""code:2022:075:110:3000:3032:300"", ""code:2022:075:110:3000:3033:303"", ""code:2022:075:110:3000:3033:349"", ""code:2022:075:110:3000:3033:503"", ""code:2022:075:110:3000:3033:504"", ""code:2022:075:110:3000:3033:505"", ""code:2022:075:110:3000:3033:506"", ""code:2022:075:110:3000:3034:301"", ""code:2022:075:110:3000:3034:302"", ""code:2022:075:110:3000:3034:304"", ""code:2022:075:110:3000:3034:305"", ""code:2022:075:110:3000:3035:300"", ""code:2022:075:110:3000:3036:303"", ""code:2022:075:110:3000:3037:300"", ""code:2022:075:110:3000:3037:301"", ""code:2022:075:110:3000:3038:301"", ""code:2022:075:110:3000:3039:300"", ""code:2022:075:110:3000:3039:301"", ""code:2022:075:110:3000:3039:302"", ""code:2022:075:110:3000:3039:303"", ""code:2022:075:110:3000:3039:310"", ""code:2022:075:110:3000:3039:311"", ""code:2022:075:110:3000:3039:312"", ""code:2022:075:110:3000:3039:318""]",JOINT_ANALYSIS,FULLY_REPORTED,FULLY_COMPARABLE,False,True,65,872066500000,0.28303690142896215,0,0.0,0,0.0,0,0.0,0,0.0,0,0.0,0,0.0,0,0,4,0.10933569859637998,0,0.0,MEDIUM,MULTIPLE_FINANCIAL_SIGNALS,both,41,36,640759500000,601187500000,655893000000,663283000000,0.02361806574853748,0.103288075683543,보건산업육성,1006757500000,1006757500000,3,"[""FUND"", ""GENERAL_ACCOUNT"", ""SPECIAL_ACCOUNT""]",913722000000,913722000000,3,"[""FUND"", ""GENERAL_ACCOUNT"", ""SPECIAL_ACCOUNT""]",False,False,,1.0,UNAVAILABLE_MIXED_OR_UNLINKED,False,1006757500000,1006757500000,3,"[""FUND"", ""GENERAL_ACCOUNT"", ""SPECIAL_ACCOUNT""]",1002246000000,1002246000000,3,"[""FUND"", ""GENERAL_ACCOUNT"", ""SPECIAL_ACCOUNT""]",False,False,,1.0,UNAVAILABLE_MIXED_OR_UNLINKED,False,False,0.0,True,0.5,0.5,0.5,0.0,0.7751937984496124,0.7142857142857143,False,True,True,False,False,False,False,False,False,41,640759500000,655893000000,0.02361806574853748,False,False,False,False,36,601187500000,663283000000,0.103288075683543,False,False,False,True,0,False,True,2,LIMITED,2,0,True,True,False,MULTIPLE_SIGNAL_REVIEW,REPEATED_OR_MULTIPLE,1,DETAILED_PROJECT_REVIEW,반복·복수 신호의 원인을 세부사업과 원문에서 확인,PERFORMANCE_BELOW_TARGET;EXECUTION_MANAGEMENT,075:2022:보건:보건의료:3000:GENERAL_ACCOUNT,1,0.3333333333333333,equal_mean_of_three_signal_components,tiebreak_only,False,29.75,26.0,13.75,16.0,25,False,False,REPEATED_OR_MULTIPLE,READY_FOR_REVIEW,2,REPEATED_OR_MULTIPLE_INDEPENDENT_SIGNALS,NOT_ASSESSED,REVIEW_WORKFLOW_ORDER_NOT_POLICY_EFFECTIVENESS_RANK,127,59,138,65
과학기술정보통신부,2022,Ⅵ-3,우체국보험,,,,,우체국보험,2,2,2,2,0,2,0,ALL_COMPARABLE_BELOW_TARGET,"[""MSIT-2022-VI3-01"", ""MSIT-2022-VI3-02""]",162,EXACT_NAME,True,통신,우정,5300,우체국보험,우체국보험,SPECIAL_ACCOUNT,295339000000,308974025000,304135592170,0.984340324951264,COMPLETE,HIGH,5,5,0,"[""code:2022:162:222:5300:5331:381"", ""code:2022:162:222:5300:5331:382"", ""code:2022:162:222:5300:5331:383"", ""code:2022:162:222:5300:5331:386"", ""code:2022:162:222:5300:5333:301""]",JOINT_ANALYSIS,FULLY_REPORTED,FULLY_COMPARABLE,False,False,5,295339000000,0.16104882863421358,0,0.0,0,0.0,0,0.0,0,0.0,0,0.0,0,0.0,0,0,1,0.08052441431710679,0,0.0,MEDIUM,MULTIPLE_FINANCIAL_SIGNALS,both,5,5,295339000000,295339000000,295686000000,292782000000,0.0011749210229600562,-0.008657847422792114,우체국보험,295339000000,295339000000,1,"[""SPECIAL_ACCOUNT""]",295686000000,295686000000,1,"[""SPECIAL_ACCOUNT""]",False,True,0.0011749210229600562,1.0,PROGRAM_TOTAL_SINGLE_ACCOUNT,True,295339000000,295339000000,1,"[""SPECIAL_ACCOUNT""]",292782000000,292782000000,1,"[""SPECIAL_ACCOUNT""]",False,True,-0.008657847422792114,1.0,PROGRAM_TOTAL_SINGLE_ACCOUNT,True,True,0.0,True,1.0,0.0,0.0,0.0,0.6589147286821705,0.8571428571428571,False,True,False,False,False,False,False,False,True,5,295339000000,295686000000,0.0011749210229600562,True,True,False,True,5,295339000000,292782000000,-0.008657847422792114,True,False,False,False,0,False,False,2,LIMITED,1,0,True,True,False,STRONG_SINGLE_SIGNAL_REVIEW,REPEATED_OR_MULTIPLE,1,DETAILED_PROJECT_REVIEW,반복·복수 신호의 원인을 세부사업과 원문에서 확인,PERFORMANCE_BELOW_TARGET;LOW_PERFORMANCE_BUDGET_INCREASE_T1,162:2022:통신:우정:5300:SPECIAL_ACCOUNT,2,0.3333333333333333,equal_mean_of_three_signal_components,tiebreak_only,False,41.75,32.0,3.0,6.0,37,False,False,REPEATED_OR_MULTIPLE,READY_FOR_REVIEW,2,REPEATED_OR_MULTIPLE_INDEPENDENT_SIGNALS,NOT_ASSESSED,REVIEW_WORKFLOW_ORDER_NOT_POLICY_EFFECTIVENESS_RANK,128,38,139,41
보건복지부,2023,Ⅳ-1,아동보호 및 복지 강화,,,,,아동보호및복지강화,2,2,2,2,0,2,0,ALL_COMPARABLE_BELOW_TARGET,"[""MOHW-2023-IV1-01"", ""MOHW-2023-IV1-02""]",075,EXACT_NAME_UNIQUE_FINANCIAL,True,사회복지,아동·보육,1300,아동보호 및 복지 강화,아동보호 및 복지 강화,GENERAL_ACCOUNT,237208000000,237208000000,221286828860,0.9328809688543388,COMPLETE,HIGH,11,11,0,"[""code:2023:075:110:1300:1331:302"", ""code:2023:075:110:1300:1331:303"", ""code:2023:075:110:1300:1331:304"", ""code:2023:075:110:1300:1333:300"", ""code:2023:075:110:1300:1333:301"", ""code:2023:075:110:1300:1334:301"", ""code:2023:075:110:1300:1335:302"", ""code:2023:075:110:1300:1336:303"", ""code:2023:075:110:1300:1337:304"", ""code:2023:075:110:1300:1339:300"", ""code:2023:075:110:1300:1339:301""]",JOINT_ANALYSIS,FULLY_REPORTED,FULLY_COMPARABLE,False,False,11,237208000000,0.6297258102593505,0,0.0,0,0.0,0,0.0,0,0.0,0,0.0,0,0.0,0,0,0,0.0,0,0.0,MEDIUM,NONE,both,10,2,236557000000,2991000000,328472000000,,0.3885532873683721,,아동보호 및 복지 강화,237208000000,237208000000,1,"[""GENERAL_ACCOUNT""]",328472000000,328472000000,1,"[""GENERAL_ACCOUNT""]",False,True,0.384742504468652,1.0,PROGRAM_TOTAL_SINGLE_ACCOUNT,False,237208000000,237208000000,1,"[""GENERAL_ACCOUNT""]",,310785000000,1,"[""GENERAL_ACCOUNT""]",False,False,,1.0,PROGRAM_TOTAL_SINGLE_ACCOUNT,False,False,0.0,True,1.0,0.0,0.0,0.0,0.6521739130434783,0.5641025641025641,False,True,False,False,False,False,False,False,False,10,236557000000,328472000000,0.3885532873683721,False,True,False,False,2,2991000000,,,False,False,False,False,0,False,False,2,LIMITED,1,0,True,True,False,STRONG_SINGLE_SIGNAL_REVIEW,REPEATED_OR_MULTIPLE,1,DETAILED_PROJECT_REVIEW,반복·복수 신호의 원인을 세부사업과 원문에서 확인,PERFORMANCE_BELOW_TARGET;LOW_PERFORMANCE_BUDGET_INCREASE_T1,075:2023:사회복지:아동·보육:1300:GENERAL_ACCOUNT,2,0.3333333333333333,equal_mean_of_three_signal_components,tiebreak_only,False,42.875,32.5,20.25,20.0,38,False,False,REPEATED_OR_MULTIPLE,READY_FOR_REVIEW,2,REPEATED_OR_MULTIPLE_INDEPENDENT_SIGNALS,NOT_ASSESSED,REVIEW_WORKFLOW_ORDER_NOT_POLICY_EFFECTIVENESS_RANK,129,60,140,66
고용노동부,2023,Ⅲ-1,노사정책,,,,,노사정책,2,2,2,2,0,2,0,ALL_COMPARABLE_BELOW_TARGET,"[""MOEL-2023-III1-01"", ""MOEL-2023-III1-02""]",019,EXACT_NAME,True,사회복지,노동,2000,노사정책,노사정책,GENERAL_ACCOUNT,53076000000,53076000000,49283802930,0.9285515662446304,COMPLETE,HIGH,4,4,0,"[""code:2023:019:110:2000:2031:300"", ""code:2023:019:110:2000:2031:305"", ""code:2023:019:110:2000:2032:305"", ""code:2023:019:110:2000:2036:311""]",JOINT_ANALYSIS,FULLY_REPORTED,FULLY_COMPARABLE,False,False,4,53076000000,0.17295952973095186,0,0.0,0,0.0,0,0.0,0,0.0,0,0.0,0,0.0,0,0,0,0.0,0,0.0,MEDIUM,NONE,both,2,,42294000000,,39798000000,,-0.059015463186267554,,노사정책,53076000000,53076000000,1,"[""GENERAL_ACCOUNT""]",60808000000,60808000000,1,"[""GENERAL_ACCOUNT""]",False,True,0.14567789584746402,1.0,PROGRAM_TOTAL_SINGLE_ACCOUNT,False,53076000000,53076000000,1,"[""GENERAL_ACCOUNT""]",,104609000000,1,"[""GENERAL_ACCOUNT""]",False,False,,1.0,PROGRAM_TOTAL_SINGLE_ACCOUNT,False,False,0.0,True,1.0,0.0,0.0,0.0,0.3333333333333333,0.21052631578947367,False,True,False,False,False,False,False,False,False,2,42294000000,39798000000,-0.059015463186267554,False,True,False,False,,,,,False,False,False,False,0,False,False,2,LIMITED,1,0,True,True,False,STRONG_SINGLE_SIGNAL_REVIEW,REPEATED_OR_MULTIPLE,1,DETAILED_PROJECT_REVIEW,반복·복수 신호의 원인을 세부사업과 원문에서 확인,PERFORMANCE_BELOW_TARGET;LOW_PERFORMANCE_BUDGET_INCREASE_T1,019:2023:사회복지:노동:2000:GENERAL_ACCOUNT,2,0.3333333333333333,equal_mean_of_three_signal_components,tiebreak_only,False,68.75,74.0,16.5,17.0,61,False,False,REPEATED_OR_MULTIPLE,READY_FOR_REVIEW,2,REPEATED_OR_MULTIPLE_INDEPENDENT_SIGNALS,NOT_ASSESSED,REVIEW_WORKFLOW_ORDER_NOT_POLICY_EFFECTIVENESS_RANK,130,24,141,25
보건복지부,2022,Ⅲ-1,소록도병원,,,,,소록도병원,1,1,1,1,0,1,0,ALL_COMPARABLE_BELOW_TARGET,"[""MOHW-2022-III1-01""]",075,EXACT_NAME,True,보건,보건의료,4500,소록도병원,소록도병원,GENERAL_ACCOUNT,10444000000,10444000000,9819669730,0.9402211537725008,COMPLETE,HIGH,4,4,0,"[""code:2022:075:110:4500:4533:300"", ""code:2022:075:110:4500:4533:301"", ""code:2022:075:110:4500:4533:302"", ""code:2022:075:110:4500:4533:500""]",JOINT_ANALYSIS,FULLY_REPORTED,FULLY_COMPARABLE,False,False,4,10444000000,0.0,0,0.0,0,0.0,0,0.0,0,0.0,0,0.0,0,0.0,0,0,0,0.0,0,0.0,MEDIUM,NONE,both,4,4,10444000000,10444000000,11317000000,9529000000,0.08358866334737648,-0.08761011106855611,소록도병원,10444000000,10444000000,1,"[""GENERAL_ACCOUNT""]",11317000000,11317000000,1,"[""GENERAL_ACCOUNT""]",False,True,0.08358866334737648,1.0,PROGRAM_TOTAL_SINGLE_ACCOUNT,True,10444000000,10444000000,1,"[""GENERAL_ACCOUNT""]",9529000000,9529000000,1,"[""GENERAL_ACCOUNT""]",False,True,-0.08761011106855611,1.0,PROGRAM_TOTAL_SINGLE_ACCOUNT,True,True,0.0,True,1.0,0.0,0.0,0.0,0.13953488372093023,0.17142857142857143,False,True,False,False,False,False,False,False,True,4,10444000000,11317000000,0.08358866334737648,True,True,False,True,4,10444000000,9529000000,-0.08761011106855611,True,False,False,False,0,False,False,2,LIMITED,1,0,True,True,False,STRONG_SINGLE_SIGNAL_REVIEW,REPEATED_OR_MULTIPLE,1,DETAILED_PROJECT_REVIEW,반복·복수 신호의 원인을 세부사업과 원문에서 확인,PERFORMANCE_BELOW_TARGET;LOW_PERFORMANCE_BUDGET_INCREASE_T1,075:2022:보건:보건의료:4500:GENERAL_ACCOUNT,2,0.3333333333333333,equal_mean_of_three_signal_components,tiebreak_only,False,89.625,113.0,35.25,35.0,83,False,False,REPEATED_OR_MULTIPLE,READY_FOR_REVIEW,2,REPEATED_OR_MULTIPLE_INDEPENDENT_SIGNALS,NOT_ASSESSED,REVIEW_WORKFLOW_ORDER_NOT_POLICY_EFFECTIVENESS_RANK,131,61,142,67
고용노동부,2022,Ⅲ-1,노사정책,,,,,노사정책,3,3,3,3,0,1,2,MIXED_COMPARABLE,"[""MOEL-2022-III1-01"", ""MOEL-2022-III1-02"", ""MOEL-2022-III1-03""]",019,EXACT_NAME,True,사회복지,노동,2000,노사정책,노사정책,GENERAL_ACCOUNT,57554000000,57554000000,57042831770,0.991118458664906,COMPLETE,HIGH,4,4,0,"[""code:2022:019:110:2000:2031:300"", ""code:2022:019:110:2000:2031:305"", ""code:2022:019:110:2000:2032:305"", ""code:2022:019:110:2000:2036:311""]",JOINT_ANALYSIS,FULLY_REPORTED,FULLY_COMPARABLE,False,False,4,57554000000,0.0,0,0.0,0,0.0,0,0.0,0,0.0,0,0.0,0,0.0,0,0,0,0.0,0,0.0,MEDIUM,NONE,both,3,2,55952000000,40451000000,51474000000,39798000000,-0.0800328853302831,-0.01614298781241502,노사정책,57554000000,57554000000,1,"[""GENERAL_ACCOUNT""]",53076000000,53076000000,1,"[""GENERAL_ACCOUNT""]",False,True,-0.07780519164610626,1.0,PROGRAM_TOTAL_SINGLE_ACCOUNT,False,57554000000,57554000000,1,"[""GENERAL_ACCOUNT""]",60808000000,60808000000,1,"[""GENERAL_ACCOUNT""]",False,True,0.0565382075963443,1.0,PROGRAM_TOTAL_SINGLE_ACCOUNT,False,False,0.0,True,0.3333333333333333,0.0,0.0,0.0,0.3333333333333333,0.0625,False,True,False,False,False,False,False,False,False,3,55952000000,51474000000,-0.0800328853302831,False,False,False,False,2,40451000000,39798000000,-0.01614298781241502,False,True,False,False,0,False,False,2,LIMITED,1,0,True,True,False,MODERATE_OR_CONTEXT_REVIEW,REPEATED_OR_MULTIPLE,1,DETAILED_PROJECT_REVIEW,반복·복수 신호의 원인을 세부사업과 원문에서 확인,PERFORMANCE_BELOW_TARGET;LOW_PERFORMANCE_BUDGET_INCREASE_T2,019:2022:사회복지:노동:2000:GENERAL_ACCOUNT,3,0.1111111111111111,equal_mean_of_three_signal_components,tiebreak_only,False,160.5,58.0,32.5,15.0,172,False,False,REPEATED_OR_MULTIPLE,READY_FOR_REVIEW,2,REPEATED_OR_MULTIPLE_INDEPENDENT_SIGNALS,NOT_ASSESSED,REVIEW_WORKFLOW_ORDER_NOT_POLICY_EFFECTIVENESS_RANK,132,25,143,26
보건복지부,2023,Ⅰ-3,장애인생활안정 및 재활 지원,,,,,장애인생활안정및재활지원,2,2,2,2,0,1,1,MIXED_COMPARABLE,"[""MOHW-2023-I3-01"", ""MOHW-2023-I3-02""]",075,EXACT_NAME_UNIQUE_FINANCIAL,True,사회복지,취약계층지원,1500,장애인생활안정 및 재활 지원,장애인생활안정 및 재활 지원,FUND,7224000000,7224000000,7224000000,1.0,COMPLETE,HIGH,3,3,0,"[""code:2023:075:542:1500:1563:301"", ""code:2023:075:542:1500:1563:304"", ""code:2023:075:542:1500:1563:309""]",JOINT_ANALYSIS,FULLY_REPORTED,FULLY_COMPARABLE,False,False,3,7224000000,0.9053156146179402,0,0.0,0,0.0,0,0.0,0,0.0,1,0.5537098560354374,1,0.35160575858250276,0,0,0,0.0,0,0.0,HIGH,BUDGET_RAPID_DECREASE;BUDGET_RAPID_INCREASE,both,3,1,7224000000,2540000000,10144000000,,0.40420819490586934,,장애인생활안정 및 재활 지원,4544508000000,4544508000000,3,"[""FUND"", ""GENERAL_ACCOUNT"", ""SPECIAL_ACCOUNT""]",5041192000000,5041192000000,3,"[""FUND"", ""GENERAL_ACCOUNT"", ""SPECIAL_ACCOUNT""]",False,False,,1.0,UNAVAILABLE_MIXED_OR_UNLINKED,False,4544508000000,4544508000000,3,"[""FUND"", ""GENERAL_ACCOUNT"", ""SPECIAL_ACCOUNT""]",,5439862000000,3,"[""FUND"", ""GENERAL_ACCOUNT"", ""SPECIAL_ACCOUNT""]",False,False,,1.0,UNAVAILABLE_MIXED_OR_UNLINKED,False,False,0.0,True,0.5,0.0,0.0,0.2768549280177187,0.10144927536231885,0.10256410256410256,False,True,False,True,False,False,True,True,True,3,7224000000,10144000000,0.40420819490586934,True,False,False,False,1,2540000000,,,False,False,False,False,0,False,False,1,CONFIRMED,2,0,True,True,False,MULTIPLE_SIGNAL_REVIEW,SINGLE_REVIEW,3,DETAILED_PROJECT_REVIEW,표시된 독립 신호의 근거를 확인,PERFORMANCE_BELOW_TARGET;BUDGET_PERFORMANCE_MISMATCH,075:2023:사회복지:취약계층지원:1500:FUND,1,0.2589516426725729,equal_mean_of_three_signal_components,tiebreak_only,False,122.0,113.0,52.5,39.0,116,False,False,SINGLE_REVIEW,READY_FOR_REVIEW,4,SINGLE_INDEPENDENT_SIGNAL,NOT_ASSESSED,REVIEW_WORKFLOW_ORDER_NOT_POLICY_EFFECTIVENESS_RANK,1,1,144,68
과학기술정보통신부,2024,Ⅱ-5,국립과천과학관운영,,,,,국립과천과학관운영,1,1,1,1,0,0,1,ALL_COMPARABLE_AT_OR_ABOVE_TARGET,"[""MSIT-2024-II5-01""]",162,EXACT_NAME_UNIQUE_FINANCIAL,True,과학기술,과학기술인력및문화,2300,국립과천과학관운영,국립과천과학관운영,RESPONSIBLE_OPERATION_ACCOUNT,3344000000,3344000000,2952037990,0.8827864802631579,COMPLETE,HIGH,3,3,0,"[""code:2024:162:443:2300:2308:100"", ""code:2024:162:443:2300:2316:200"", ""code:2024:162:443:2300:2316:201"", ""code:2024:162:443:2300:2316:250"", ""code:2024:162:443:2300:2331:400"", ""code:2024:162:443:2300:2334:400"", ""code:2024:162:443:2300:2337:401"", ""code:2024:162:443:2300:2338:400"", ""code:2024:162:443:2300:2341:402"", ""code:2024:162:443:2300:2341:403""]",JOINT_ANALYSIS,FULLY_REPORTED,FULLY_COMPARABLE,False,True,3,3344000000,1.5170454545454546,0,0.0,0,0.0,0,0.0,1,0.07027511961722488,1,0.14892344497607657,0,0.0,3,1,2,0.21919856459330145,0,0.0,HIGH,ACCOUNTING_ADJUSTMENT_PATTERN;BUDGET_RAPID_INCREASE;MULTIPLE_FINANCIAL_SIGNALS;PROGRAM_BUDGET_CONCENTRATION,both,,,,,,,,,국립과천과학관운영,13476000000,3344000000,1,"[""RESPONSIBLE_OPERATION_ACCOUNT""]",,3369000000,1,"[""RESPONSIBLE_OPERATION_ACCOUNT""]",False,False,,0.2481448501038884,PROGRAM_TOTAL_SINGLE_ACCOUNT,False,13476000000,3344000000,1,"[""RESPONSIBLE_OPERATION_ACCOUNT""]",,,,,False,False,,0.2481448501038884,UNAVAILABLE_MIXED_OR_UNLINKED,False,False,0.0,True,0.0,0.5,0.5,0.0,0.043795620437956206,0.0847457627118644,False,False,True,False,True,True,True,False,False,,,,,False,False,False,False,,,,,False,False,False,True,0,False,True,1,CONFIRMED,1,2,True,True,False,MODERATE_OR_CONTEXT_REVIEW,SINGLE_REVIEW,3,DETAILED_PROJECT_REVIEW,표시된 독립 신호의 근거를 확인,EXECUTION_MANAGEMENT;ACCOUNTING_ADJUSTMENT_CONTEXT;PROGRAM_STRUCTURE_CONTEXT,162:2024:과학기술:과학기술인력및문화:2300:RESPONSIBLE_OPERATION_ACCOUNT,3,0.16666666666666666,equal_mean_of_three_signal_components,tiebreak_only,False,160.0,147.0,37.75,50.0,171,False,False,SINGLE_REVIEW,READY_FOR_REVIEW,4,SINGLE_INDEPENDENT_SIGNAL,NOT_ASSESSED,REVIEW_WORKFLOW_ORDER_NOT_POLICY_EFFECTIVENESS_RANK,2,1,145,42
보건복지부,2023,Ⅳ-5,노인의료보장,,,,,노인의료보장,3,3,3,3,0,1,2,MIXED_COMPARABLE,"[""MOHW-2023-IV5-01"", ""MOHW-2023-IV5-02"", ""MOHW-2023-IV5-03""]",075,EXACT_NAME_UNIQUE_FINANCIAL,True,사회복지,노인,2200,노인의료보장,노인의료보장,GENERAL_ACCOUNT,2245124000000,2245124000000,2237811088570,0.9967427583376242,COMPLETE,HIGH,2,2,0,"[""code:2023:075:110:2200:2231:303"", ""code:2023:075:110:2200:2232:309""]",JOINT_ANALYSIS,FULLY_REPORTED,FULLY_COMPARABLE,False,False,2,2245124000000,1.0,0,0.0,0,0.0,0,0.0,0,0.0,0,0.0,0,0.0,2,1,0,0.0,0,0.0,HIGH,PROGRAM_BUDGET_CONCENTRATION,both,2,,2245124000000,,2498132000000,,0.11269221655463128,,노인의료보장,2496350000000,2496350000000,3,"[""FUND"", ""GENERAL_ACCOUNT"", ""SPECIAL_ACCOUNT""]",2720165000000,2720165000000,3,"[""FUND"", ""GENERAL_ACCOUNT"", ""SPECIAL_ACCOUNT""]",False,False,,1.0,UNAVAILABLE_MIXED_OR_UNLINKED,False,2496350000000,2496350000000,3,"[""FUND"", ""GENERAL_ACCOUNT"", ""SPECIAL_ACCOUNT""]",,2737762000000,3,"[""FUND"", ""GENERAL_ACCOUNT"", ""SPECIAL_ACCOUNT""]",False,False,,1.0,UNAVAILABLE_MIXED_OR_UNLINKED,False,False,0.0,True,0.3333333333333333,0.0,0.0,0.0,0.9057971014492754,0.8205128205128205,False,True,False,False,False,True,False,False,True,2,2245124000000,2498132000000,0.11269221655463128,True,False,False,False,,,,,False,False,False,False,0,False,False,1,CONFIRMED,1,1,True,True,False,MODERATE_OR_CONTEXT_REVIEW,SINGLE_REVIEW,3,DETAILED_PROJECT_REVIEW,표시된 독립 신호의 근거를 확인,PERFORMANCE_BELOW_TARGET;PROGRAM_STRUCTURE_CONTEXT,075:2023:사회복지:노인:2200:GENERAL_ACCOUNT,3,0.1111111111111111,equal_mean_of_three_signal_components,tiebreak_only,False,80.25,60.0,38.5,28.0,75,False,False,SINGLE_REVIEW,READY_FOR_REVIEW,4,SINGLE_INDEPENDENT_SIGNAL,NOT_ASSESSED,REVIEW_WORKFLOW_ORDER_NOT_POLICY_EFFECTIVENESS_RANK,3,2,146,69
과학기술정보통신부,2023,Ⅱ-2,과학기술인력양성,1700,,,CONFIRMED,과학기술인력양성,3,3,3,3,0,1,2,MIXED_COMPARABLE,"[""MSIT-2023-II2-01"", ""MSIT-2023-II2-02"", ""MSIT-2023-II2-03""]",162,EXACT_CODE,True,과학기술,과학기술인력및문화,1700,과학기술인력양성,과학기술인력양성,SPECIAL_ACCOUNT,8980000000,8980000000,8980000000,1.0,COMPLETE,HIGH,1,1,0,"[""code:2023:162:238:1700:1744:401""]",JOINT_ANALYSIS,FULLY_REPORTED,FULLY_COMPARABLE,False,False,1,8980000000,0.0,0,0.0,0,0.0,0,0.0,0,0.0,0,0.0,0,0.0,0,0,0,0.0,0,0.0,HIGH,NONE,both,1,,8980000000,,4320000000,,-0.5189309576837416,,과학기술인력양성,189858000000,189858000000,3,"[""FUND"", ""GENERAL_ACCOUNT"", ""SPECIAL_ACCOUNT""]",156517000000,156517000000,3,"[""FUND"", ""GENERAL_ACCOUNT"", ""SPECIAL_ACCOUNT""]",False,False,,1.0,UNAVAILABLE_MIXED_OR_UNLINKED,False,189858000000,189858000000,3,"[""FUND"", ""GENERAL_ACCOUNT"", ""SPECIAL_ACCOUNT""]",,222463000000,3,"[""FUND"", ""GENERAL_ACCOUNT"", ""SPECIAL_ACCOUNT""]",False,False,,1.0,UNAVAILABLE_MIXED_OR_UNLINKED,False,False,0.0,True,0.3333333333333333,0.0,0.0,0.0,0.13043478260869565,0.15517241379310345,False,True,False,False,False,False,False,False,True,1,8980000000,4320000000,-0.5189309576837416,True,False,False,False,,,,,False,False,False,False,0,False,False,1,CONFIRMED,1,0,True,True,False,MODERATE_OR_CONTEXT_REVIEW,SINGLE_REVIEW,3,DETAILED_PROJECT_REVIEW,표시된 독립 신호의 근거를 확인,PERFORMANCE_BELOW_TARGET,162:2023:과학기술:과학기술인력및문화:1700:SPECIAL_ACCOUNT,3,0.1111111111111111,equal_mean_of_three_signal_components,tiebreak_only,False,186.5,83.0,47.0,37.0,195,False,False,SINGLE_REVIEW,READY_FOR_REVIEW,4,SINGLE_INDEPENDENT_SIGNAL,NOT_ASSESSED,REVIEW_WORKFLOW_ORDER_NOT_POLICY_EFFECTIVENESS_RANK,4,2,147,43
중소벤처기업부,2023,Ⅳ-1,중소기업기술개발지원,,,,,중소기업기술개발지원,2,2,2,2,0,2,0,ALL_COMPARABLE_BELOW_TARGET,"[""중기부-2023-IIII1-01"", ""중기부-2023-IIII1-02""]",102,EXACT_NAME_UNIQUE_FINANCIAL,True,산업·중소기업및에너지,중소기업및소상공인육성,2100,중소기업기술개발지원,중소기업기술개발지원,SPECIAL_ACCOUNT,271720000000,271720000000,271720000000,1.0,COMPLETE,HIGH,11,11,0,"[""code:2023:102:236:2100:2151:302"", ""code:2023:102:236:2100:2151:306"", ""code:2023:102:236:2100:2151:308"", ""code:2023:102:236:2100:2151:309"", ""code:2023:102:236:2100:2151:310"", ""code:2023:102:238:2100:2134:302"", ""code:2023:102:238:2100:2134:303"", ""code:2023:102:238:2100:2134:309"", ""code:2023:102:238:2100:2134:352"", ""code:2023:102:238:2100:2134:353"", ""code:2023:102:238:2100:2134:354""]",JOINT_ANALYSIS,FULLY_REPORTED,FULLY_COMPARABLE,False,False,11,271720000000,0.34468938613278377,0,0.0,0,0.0,0,0.0,0,0.0,1,0.05712866185779479,1,0.05104151332253791,0,0,1,0.05712866185779479,0,0.0,MEDIUM,BUDGET_RAPID_DECREASE;BUDGET_RAPID_INCREASE;MULTIPLE_FINANCIAL_SIGNALS,both,6,,222419000000,,97397000000,,-0.562101259334859,,중소기업기술개발지원,1762931000000,1762931000000,3,"[""FUND"", ""GENERAL_ACCOUNT"", ""SPECIAL_ACCOUNT""]",1536459000000,1536459000000,2,"[""GENERAL_ACCOUNT"", ""SPECIAL_ACCOUNT""]",False,False,,1.0,UNAVAILABLE_MIXED_OR_UNLINKED,False,1762931000000,1762931000000,3,"[""FUND"", ""GENERAL_ACCOUNT"", ""SPECIAL_ACCOUNT""]",,1747465000000,2,"[""GENERAL_ACCOUNT"", ""SPECIAL_ACCOUNT""]",False,False,,1.0,UNAVAILABLE_MIXED_OR_UNLINKED,False,False,0.0,True,1.0,0.0,0.0,0.05712866185779479,0.6739130434782609,0.6363636363636364,False,True,False,True,False,False,True,True,False,6,222419000000,97397000000,-0.562101259334859,False,False,False,False,,,,,False,False,False,False,0,False,False,1,LIMITED,2,0,True,True,False,MULTIPLE_SIGNAL_REVIEW,SINGLE_REVIEW,3,DETAILED_PROJECT_REVIEW,표시된 독립 신호의 근거를 확인,PERFORMANCE_BELOW_TARGET;BUDGET_PERFORMANCE_MISMATCH,102:2023:산업·중소기업및에너지:중소기업및소상공인육성:2100:SPECIAL_ACCOUNT,1,0.35237622061926493,equal_mean_of_three_signal_components,tiebreak_only,False,35.0,32.0,7.0,2.0,30,False,False,SINGLE_REVIEW,READY_FOR_REVIEW,4,SINGLE_INDEPENDENT_SIGNAL,NOT_ASSESSED,REVIEW_WORKFLOW_ORDER_NOT_POLICY_EFFECTIVENESS_RANK,5,1,148,10
중소벤처기업부,2023,Ⅳ-1,중소기업기술개발지원,,,,,중소기업기술개발지원,2,2,2,2,0,2,0,ALL_COMPARABLE_BELOW_TARGET,"[""중기부-2023-IIII1-01"", ""중기부-2023-IIII1-02""]",102,EXACT_NAME_UNIQUE_FINANCIAL,True,산업·중소기업및에너지,중소기업및소상공인육성,2100,중소기업기술개발지원,중소기업기술개발지원,GENERAL_ACCOUNT,1481056000000,1481056000000,1481054788260,0.9999991818405246,COMPLETE,HIGH,30,30,0,"[""code:2023:102:110:2100:2111:303"", ""code:2023:102:110:2100:2111:304"", ""code:2023:102:110:2100:2111:305"", ""code:2023:102:110:2100:2111:308"", ""code:2023:102:110:2100:2111:312"", ""code:2023:102:110:2100:2131:302"", ""code:2023:102:110:2100:2131:304"", ""code:2023:102:110:2100:2134:302"", ""code:2023:102:110:2100:2134:303"", ""code:2023:102:110:2100:2134:305"", ""code:2023:102:110:2100:2134:309"", ""code:2023:102:110:2100:2134:310"", ""code:2023:102:110:2100:2134:344"", ""code:2023:102:110:2100:2134:354"", ""code:2023:102:110:2100:2134:355"", ""code:2023:102:110:2100:2134:371"", ""code:2023:102:110:2100:2134:377"", ""code:2023:102:110:2100:2134:378"", ""code:2023:102:110:2100:2134:382"", ""code:2023:102:110:2100:2134:384"", ""code:2023:102:110:2100:2134:388"", ""code:2023:102:110:2100:2134:398"", ""code:2023:102:110:2100:2134:405"", ""code:2023:102:110:2100:2134:408"", ""code:2023:102:110:2100:2134:416"", ""code:2023:102:110:2100:2134:422"", ""code:2023:102:110:2100:2134:429"", ""code:2023:102:110:2100:2134:430"", ""code:2023:102:110:2100:2135:503"", ""code:2023:102:110:2100:2136:501""]",JOINT_ANALYSIS,FULLY_REPORTED,FULLY_COMPARABLE,False,False,30,1481056000000,0.4283099356135082,0,0.0,0,0.0,0,0.0,0,0.0,1,0.0038708867186656006,2,0.00785588120908325,0,0,0,0.0,0,0.0,MEDIUM,BUDGET_RAPID_DECREASE;BUDGET_RAPID_INCREASE,both,16,1,1399490000000,1000000000,1413236000000,,0.00982214949731688,,중소기업기술개발지원,1762931000000,1762931000000,3,"[""FUND"", ""GENERAL_ACCOUNT"", ""SPECIAL_ACCOUNT""]",1536459000000,1536459000000,2,"[""GENERAL_ACCOUNT"", ""SPECIAL_ACCOUNT""]",False,False,,1.0,UNAVAILABLE_MIXED_OR_UNLINKED,False,1762931000000,1762931000000,3,"[""FUND"", ""GENERAL_ACCOUNT"", ""SPECIAL_ACCOUNT""]",,1747465000000,2,"[""GENERAL_ACCOUNT"", ""SPECIAL_ACCOUNT""]",False,False,,1.0,UNAVAILABLE_MIXED_OR_UNLINKED,False,False,0.0,True,1.0,0.0,0.0,0.0038708867186656006,0.855072463768116,0.8636363636363636,False,True,False,True,False,False,True,True,False,16,1399490000000,1413236000000,0.00982214949731688,False,False,False,False,1,1000000000,,,False,False,False,False,0,False,False,1,LIMITED,2,0,True,True,False,MULTIPLE_SIGNAL_REVIEW,SINGLE_REVIEW,3,DETAILED_PROJECT_REVIEW,표시된 독립 신호의 근거를 확인,PERFORMANCE_BELOW_TARGET;BUDGET_PERFORMANCE_MISMATCH,102:2023:산업·중소기업및에너지:중소기업및소상공인육성:2100:GENERAL_ACCOUNT,1,0.3346236289062219,equal_mean_of_three_signal_components,tiebreak_only,False,25.0,35.0,4.25,1.0,17,False,True,SINGLE_REVIEW,READY_FOR_REVIEW,4,SINGLE_INDEPENDENT_SIGNAL,NOT_ASSESSED,REVIEW_WORKFLOW_ORDER_NOT_POLICY_EFFECTIVENESS_RANK,6,2,149,11
중소벤처기업부,2022,Ⅴ-1,소상공인·전통시장지원,,,,,소상공인·전통시장지원,2,2,2,2,0,2,0,ALL_COMPARABLE_BELOW_TARGET,"[""중기부-2022-IIIII1-01"", ""중기부-2022-IIIII1-02""]",102,EXACT_NAME_UNIQUE_FINANCIAL,True,산업·중소기업및에너지,중소기업및소상공인육성,4100,소상공인·전통시장지원,소상공인·전통시장지원,FUND,47119751000000,47119751000000,47110172840770,0.999796727295312,COMPLETE,HIGH,10,10,0,"[""code:2022:102:503:4100:4131:316"", ""code:2022:102:503:4100:4131:317"", ""code:2022:102:503:4100:4131:318"", ""code:2022:102:503:4100:4131:319"", ""code:2022:102:503:4100:4131:320"", ""code:2022:102:503:4100:4131:321"", ""code:2022:102:503:4100:4131:322"", ""code:2022:102:503:4100:4131:325"", ""code:2022:102:503:4100:4151:301"", ""code:2022:102:503:4100:4154:304""]",JOINT_ANALYSIS,FULLY_REPORTED,FULLY_COMPARABLE,False,False,10,47119751000000,1.0007739854143116,0,0.0,0,0.0,0,0.0,0,0.0,0,0.0,0,0.0,10,1,1,0.0007739854143117182,0,0.0,LOW,MULTIPLE_FINANCIAL_SIGNALS;PROGRAM_BUDGET_CONCENTRATION,both,8,8,39722455000000,39722455000000,3846135000000,4914653000000,-0.9031747911854894,-0.8762751949747315,소상공인·전통시장지원,47119751000000,47119751000000,1,"[""FUND""]",3895274000000,3895274000000,1,"[""FUND""]",False,True,-0.9173324578901106,1.0,PROGRAM_TOTAL_SINGLE_ACCOUNT,False,47119751000000,47119751000000,1,"[""FUND""]",4944243000000,4944243000000,2,"[""FUND"", ""SPECIAL_ACCOUNT""]",False,False,,1.0,UNAVAILABLE_MIXED_OR_UNLINKED,False,False,0.0,True,1.0,0.0,0.0,0.0,1.0,1.0,False,True,False,False,False,True,False,False,False,8,39722455000000,3846135000000,-0.9031747911854894,False,False,False,False,8,39722455000000,4914653000000,-0.8762751949747315,False,False,False,False,0,False,False,1,LIMITED,1,1,True,True,False,MODERATE_OR_CONTEXT_REVIEW,SINGLE_REVIEW,3,DETAILED_PROJECT_REVIEW,표시된 독립 신호의 근거를 확인,PERFORMANCE_BELOW_TARGET;PROGRAM_STRUCTURE_CONTEXT,102:2022:산업·중소기업및에너지:중소기업및소상공인육성:4100:FUND,3,0.3333333333333333,equal_mean_of_three_signal_components,tiebreak_only,False,16.0,34.0,1.5,0.0,9,False,True,SINGLE_REVIEW,READY_FOR_REVIEW,4,SINGLE_INDEPENDENT_SIGNAL,NOT_ASSESSED,REVIEW_WORKFLOW_ORDER_NOT_POLICY_EFFECTIVENESS_RANK,7,3,150,12
고용노동부,2022,Ⅱ-2,고용안전망확충,1200,사회복지,고용,CONFIRMED,고용안전망확충,3,3,3,3,0,3,0,ALL_COMPARABLE_BELOW_TARGET,"[""MOEL-2022-II2-01"", ""MOEL-2022-II2-02"", ""MOEL-2022-II2-03""]",019,EXACT_CONFIRMED_HIERARCHY,True,사회복지,고용,1200,고용안전망확충,고용안전망확충,FUND,11775073000000,11775073000000,11446839761940,0.9721247385846356,COMPLETE,HIGH,4,4,0,"[""code:2022:019:541:1200:1280:350"", ""code:2022:019:541:1200:1280:351"", ""code:2022:019:541:1200:1292:350"", ""code:2022:019:541:1200:1293:350""]",JOINT_ANALYSIS,FULLY_REPORTED,FULLY_COMPARABLE,False,False,4,11775073000000,1.0445801057878792,0,0.0,0,0.0,0,0.0,0,0.0,0,0.0,0,0.0,4,1,1,0.044580105787879194,0,0.0,LOW,MULTIPLE_FINANCIAL_SIGNALS;PROGRAM_BUDGET_CONCENTRATION,both,4,4,11775073000000,11775073000000,11870315000000,12400364000000,0.008088442424093676,0.05310294042338421,고용안전망확충,16651895000000,16651895000000,2,"[""FUND"", ""GENERAL_ACCOUNT""]",14212898000000,14212898000000,2,"[""FUND"", ""GENERAL_ACCOUNT""]",False,False,,1.0,UNAVAILABLE_MIXED_OR_UNLINKED,False,16651895000000,16651895000000,2,"[""FUND"", ""GENERAL_ACCOUNT""]",14216574000000,14216574000000,2,"[""FUND"", ""GENERAL_ACCOUNT""]",False,False,,1.0,UNAVAILABLE_MIXED_OR_UNLINKED,False,False,0.0,True,1.0,0.0,0.0,0.0,0.9689922480620154,1.0,False,True,False,False,False,True,False,False,True,4,11775073000000,11870315000000,0.008088442424093676,True,False,False,True,4,11775073000000,12400364000000,0.05310294042338421,True,False,False,False,0,False,False,1,LIMITED,1,1,True,True,False,MODERATE_OR_CONTEXT_REVIEW,SINGLE_REVIEW,3,DETAILED_PROJECT_REVIEW,표시된 독립 신호의 근거를 확인,PERFORMANCE_BELOW_TARGET;PROGRAM_STRUCTURE_CONTEXT,019:2022:사회복지:고용:1200:FUND,3,0.3333333333333333,equal_mean_of_three_signal_components,tiebreak_only,False,17.75,34.0,5.5,8.0,10,False,False,SINGLE_REVIEW,READY_FOR_REVIEW,4,SINGLE_INDEPENDENT_SIGNAL,NOT_ASSESSED,REVIEW_WORKFLOW_ORDER_NOT_POLICY_EFFECTIVENESS_RANK,8,1,151,27
중소벤처기업부,2023,Ⅴ-1,소상공인·전통시장지원,,,,,소상공인·전통시장지원,2,2,2,2,0,2,0,ALL_COMPARABLE_BELOW_TARGET,"[""중기부-2023-IIIII1-01"", ""중기부-2023-IIIII1-02""]",102,EXACT_NAME,True,산업·중소기업및에너지,중소기업및소상공인육성,4100,소상공인·전통시장지원,소상공인·전통시장지원,FUND,3895274000000,3895809704420,3841523534380,0.9860654975066134,COMPLETE,HIGH,14,14,0,"[""code:2023:102:503:4100:4131:305"", ""code:2023:102:503:4100:4131:316"", ""code:2023:102:503:4100:4131:317"", ""code:2023:102:503:4100:4131:318"", ""code:2023:102:503:4100:4131:319"", ""code:2023:102:503:4100:4131:320"", ""code:2023:102:503:4100:4131:321"", ""code:2023:102:503:4100:4131:322"", ""code:2023:102:503:4100:4131:325"", ""code:2023:102:503:4100:4131:326"", ""code:2023:102:503:4100:4131:327"", ""code:2023:102:503:4100:4151:301"", ""code:2023:102:503:4100:4154:304"", ""code:2023:102:503:4100:4154:305""]",JOINT_ANALYSIS,FULLY_REPORTED,FULLY_COMPARABLE,False,False,14,3895274000000,1.0363656061165403,0,0.0,0,0.0,0,0.0,0,0.0,0,0.0,1,0.036365606116540196,14,1,2,0.036365606116540196,0,0.0,LOW,BUDGET_RAPID_DECREASE;MULTIPLE_FINANCIAL_SIGNALS;PROGRAM_BUDGET_CONCENTRATION,both,9,1,3855324000000,359498000000,4916998000000,,0.2753786711570804,,소상공인·전통시장지원,3895274000000,3895274000000,1,"[""FUND""]",4944243000000,4944243000000,2,"[""FUND"", ""SPECIAL_ACCOUNT""]",False,False,,1.0,UNAVAILABLE_MIXED_OR_UNLINKED,False,3895274000000,3895274000000,1,"[""FUND""]",,8782022000000,2,"[""FUND"", ""SPECIAL_ACCOUNT""]",False,False,,1.0,UNAVAILABLE_MIXED_OR_UNLINKED,False,False,0.0,True,1.0,0.0,0.0,0.0,0.9420289855072463,1.0,False,True,False,False,False,True,False,True,False,9,3855324000000,4916998000000,0.2753786711570804,False,False,False,False,1,359498000000,,,False,False,False,False,0,False,False,1,LIMITED,1,1,True,True,False,MODERATE_OR_CONTEXT_REVIEW,SINGLE_REVIEW,3,DETAILED_PROJECT_REVIEW,표시된 독립 신호의 근거를 확인,PERFORMANCE_BELOW_TARGET;PROGRAM_STRUCTURE_CONTEXT,102:2023:산업·중소기업및에너지:중소기업및소상공인육성:4100:FUND,3,0.3333333333333333,equal_mean_of_three_signal_components,tiebreak_only,False,19.0,35.0,1.5,0.0,11,False,True,SINGLE_REVIEW,READY_FOR_REVIEW,4,SINGLE_INDEPENDENT_SIGNAL,NOT_ASSESSED,REVIEW_WORKFLOW_ORDER_NOT_POLICY_EFFECTIVENESS_RANK,9,4,152,13
중소벤처기업부,2024,Ⅲ-1,창업환경조성,,,,,창업환경조성,1,1,1,1,0,1,0,ALL_COMPARABLE_BELOW_TARGET,"[""중기부-2024-III1-01""]",102,EXACT_NAME_UNIQUE_FINANCIAL,True,산업·중소기업및에너지,창업및벤처,5100,창업환경조성,창업환경조성,FUND,2728640000000,2728640000000,2720619662493,0.9970606831582768,COMPLETE,HIGH,4,4,0,"[""code:2024:102:584:5100:5152:301"", ""code:2024:102:584:5100:5152:302"", ""code:2024:102:584:5100:5161:301"", ""code:2024:102:584:5100:5161:302""]",JOINT_ANALYSIS,FULLY_REPORTED,FULLY_COMPARABLE,False,False,4,2728640000000,0.004236176263633165,0,0.0,0,0.0,0,0.0,0,0.0,0,0.0,0,0.0,0,0,0,0.0,0,0.0,MEDIUM,NONE,both,,,,,,,,,창업환경조성,3516897000000,3516897000000,3,"[""FUND"", ""GENERAL_ACCOUNT"", ""SPECIAL_ACCOUNT""]",,3694086000000,3,"[""FUND"", ""GENERAL_ACCOUNT"", ""SPECIAL_ACCOUNT""]",False,False,,1.0,UNAVAILABLE_MIXED_OR_UNLINKED,False,3516897000000,3516897000000,3,"[""FUND"", ""GENERAL_ACCOUNT"", ""SPECIAL_ACCOUNT""]",,,,,False,False,,1.0,UNAVAILABLE_MIXED_OR_UNLINKED,False,False,0.0,True,1.0,0.0,0.0,0.0,0.927007299270073,0.95,False,True,False,False,False,False,False,False,False,,,,,False,False,False,False,,,,,False,False,False,False,0,False,False,1,LIMITED,1,0,True,True,False,MODERATE_OR_CONTEXT_REVIEW,SINGLE_REVIEW,3,DETAILED_PROJECT_REVIEW,표시된 독립 신호의 근거를 확인,PERFORMANCE_BELOW_TARGET,102:2024:산업·중소기업및에너지:창업및벤처:5100:FUND,3,0.3333333333333333,equal_mean_of_three_signal_components,tiebreak_only,False,20.5,35.0,3.0,0.0,12,False,True,SINGLE_REVIEW,READY_FOR_REVIEW,4,SINGLE_INDEPENDENT_SIGNAL,NOT_ASSESSED,REVIEW_WORKFLOW_ORDER_NOT_POLICY_EFFECTIVENESS_RANK,10,5,153,14
중소벤처기업부,2022,Ⅳ-1,중소기업기술개발지원,,,,,중소기업기술개발지원,2,2,2,2,0,2,0,ALL_COMPARABLE_BELOW_TARGET,"[""중기부-2022-IIII1-01"", ""중기부-2022-IIII1-02""]",102,EXACT_NAME_UNIQUE_FINANCIAL,True,산업·중소기업및에너지,중소기업및소상공인육성,2100,중소기업기술개발지원,중소기업기술개발지원,GENERAL_ACCOUNT,1598924000000,1598924000000,1598638975070,0.9998217395385895,COMPLETE,HIGH,36,36,0,"[""code:2022:102:110:2100:2111:303"", ""code:2022:102:110:2100:2111:304"", ""code:2022:102:110:2100:2111:305"", ""code:2022:102:110:2100:2111:308"", ""code:2022:102:110:2100:2111:312"", ""code:2022:102:110:2100:2131:302"", ""code:2022:102:110:2100:2131:304"", ""code:2022:102:110:2100:2134:302"", ""code:2022:102:110:2100:2134:303"", ""code:2022:102:110:2100:2134:305"", ""code:2022:102:110:2100:2134:309"", ""code:2022:102:110:2100:2134:310"", ""code:2022:102:110:2100:2134:317"", ""code:2022:102:110:2100:2134:318"", ""code:2022:102:110:2100:2134:319"", ""code:2022:102:110:2100:2134:340"", ""code:2022:102:110:2100:2134:344"", ""code:2022:102:110:2100:2134:345"", ""code:2022:102:110:2100:2134:346"", ""code:2022:102:110:2100:2134:350"", ""code:2022:102:110:2100:2134:354"", ""code:2022:102:110:2100:2134:355"", ""code:2022:102:110:2100:2134:371"", ""code:2022:102:110:2100:2134:377"", ""code:2022:102:110:2100:2134:378"", ""code:2022:102:110:2100:2134:380"", ""code:2022:102:110:2100:2134:382"", ""code:2022:102:110:2100:2134:384"", ""code:2022:102:110:2100:2134:388"", ""code:2022:102:110:2100:2134:398"", ""code:2022:102:110:2100:2134:405"", ""code:2022:102:110:2100:2134:408"", ""code:2022:102:110:2100:2134:416"", ""code:2022:102:110:2100:2134:422"", ""code:2022:102:110:2100:2135:503"", ""code:2022:102:110:2100:2136:501""]",JOINT_ANALYSIS,FULLY_REPORTED,FULLY_COMPARABLE,False,False,36,1598924000000,0.0,0,0.0,0,0.0,0,0.0,0,0.0,0,0.0,0,0.0,0,0,0,0.0,0,0.0,MEDIUM,NONE,both,18,16,1465513000000,1448480000000,1419773000000,1413236000000,-0.03121091385746834,-0.024331713244228434,중소기업기술개발지원,1910273800000,1910273800000,3,"[""FUND"", ""GENERAL_ACCOUNT"", ""SPECIAL_ACCOUNT""]",1762931000000,1762931000000,3,"[""FUND"", ""GENERAL_ACCOUNT"", ""SPECIAL_ACCOUNT""]",False,False,,1.0,UNAVAILABLE_MIXED_OR_UNLINKED,False,1910273800000,1910273800000,3,"[""FUND"", ""GENERAL_ACCOUNT"", ""SPECIAL_ACCOUNT""]",1536459000000,1536459000000,2,"[""GENERAL_ACCOUNT"", ""SPECIAL_ACCOUNT""]",False,False,,1.0,UNAVAILABLE_MIXED_OR_UNLINKED,False,False,0.0,True,1.0,0.0,0.0,0.0,0.8294573643410853,0.8636363636363636,False,True,False,False,False,False,False,False,False,18,1465513000000,1419773000000,-0.03121091385746834,False,False,False,False,16,1448480000000,1413236000000,-0.024331713244228434,False,False,False,False,0,False,False,1,LIMITED,1,0,True,True,False,MODERATE_OR_CONTEXT_REVIEW,SINGLE_REVIEW,3,DETAILED_PROJECT_REVIEW,표시된 독립 신호의 근거를 확인,PERFORMANCE_BELOW_TARGET,102:2022:산업·중소기업및에너지:중소기업및소상공인육성:2100:GENERAL_ACCOUNT,3,0.3333333333333333,equal_mean_of_three_signal_components,tiebreak_only,False,28.0,35.0,5.25,1.0,22,False,False,SINGLE_REVIEW,READY_FOR_REVIEW,4,SINGLE_INDEPENDENT_SIGNAL,NOT_ASSESSED,REVIEW_WORKFLOW_ORDER_NOT_POLICY_EFFECTIVENESS_RANK,11,6,154,15
중소벤처기업부,2024,Ⅲ-1,창업환경조성,,,,,창업환경조성,1,1,1,1,0,1,0,ALL_COMPARABLE_BELOW_TARGET,"[""중기부-2024-III1-01""]",102,EXACT_NAME_UNIQUE_FINANCIAL,True,산업·중소기업및에너지,창업및벤처,5100,창업환경조성,창업환경조성,GENERAL_ACCOUNT,706371000000,706371000000,706370865380,0.999999809420262,COMPLETE,HIGH,9,9,0,"[""code:2024:102:110:5100:5132:301"", ""code:2024:102:110:5100:5132:302"", ""code:2024:102:110:5100:5132:304"", ""code:2024:102:110:5100:5132:314"", ""code:2024:102:110:5100:5133:301"", ""code:2024:102:110:5100:5133:302"", ""code:2024:102:110:5100:5134:301"", ""code:2024:102:110:5100:5134:307"", ""code:2024:102:110:5100:5134:311""]",JOINT_ANALYSIS,FULLY_REPORTED,FULLY_COMPARABLE,False,False,9,706371000000,0.0,0,0.0,0,0.0,0,0.0,0,0.0,0,0.0,0,0.0,0,0,0,0.0,0,0.0,MEDIUM,NONE,both,2,,78924000000,,,,,,창업환경조성,3516897000000,3516897000000,3,"[""FUND"", ""GENERAL_ACCOUNT"", ""SPECIAL_ACCOUNT""]",,3694086000000,3,"[""FUND"", ""GENERAL_ACCOUNT"", ""SPECIAL_ACCOUNT""]",False,False,,1.0,UNAVAILABLE_MIXED_OR_UNLINKED,False,3516897000000,3516897000000,3,"[""FUND"", ""GENERAL_ACCOUNT"", ""SPECIAL_ACCOUNT""]",,,,,False,False,,1.0,UNAVAILABLE_MIXED_OR_UNLINKED,False,False,0.0,True,1.0,0.0,0.0,0.0,0.7883211678832117,0.75,False,True,False,False,False,False,False,False,False,2,78924000000,,,False,False,False,False,,,,,False,False,False,False,0,False,False,1,LIMITED,1,0,True,True,False,MODERATE_OR_CONTEXT_REVIEW,SINGLE_REVIEW,3,DETAILED_PROJECT_REVIEW,표시된 독립 신호의 근거를 확인,PERFORMANCE_BELOW_TARGET,102:2024:산업·중소기업및에너지:창업및벤처:5100:GENERAL_ACCOUNT,3,0.3333333333333333,equal_mean_of_three_signal_components,tiebreak_only,False,31.25,37.0,7.0,3.0,27,False,False,SINGLE_REVIEW,READY_FOR_REVIEW,4,SINGLE_INDEPENDENT_SIGNAL,NOT_ASSESSED,REVIEW_WORKFLOW_ORDER_NOT_POLICY_EFFECTIVENESS_RANK,12,7,155,16
보건복지부,2023,Ⅲ-2,국민건강생활실천,,,,,국민건강생활실천,2,2,2,2,0,2,0,ALL_COMPARABLE_BELOW_TARGET,"[""MOHW-2023-III2-01"", ""MOHW-2023-III2-02""]",075,EXACT_NAME_UNIQUE_FINANCIAL,True,보건,보건의료,3300,국민건강생활실천,국민건강생활실천,FUND,385630000000,385698168070,384781196840,0.9976225678369476,COMPLETE,HIGH,10,10,0,"[""code:2023:075:542:3300:3332:301"", ""code:2023:075:542:3300:3333:300"", ""code:2023:075:542:3300:3333:301"", ""code:2023:075:542:3300:3334:307"", ""code:2023:075:542:3300:3335:301"", ""code:2023:075:542:3300:3340:300"", ""code:2023:075:542:3300:3343:301"", ""code:2023:075:542:3300:3346:300"", ""code:2023:075:542:3300:3346:301"", ""code:2023:075:542:3300:3346:302""]",JOINT_ANALYSIS,FULLY_REPORTED,FULLY_COMPARABLE,False,False,10,385630000000,0.012703887145709618,0,0.0,0,0.0,0,0.0,0,0.0,0,0.0,0,0.0,0,0,1,0.002730596685942484,0,0.0,MEDIUM,MULTIPLE_FINANCIAL_SIGNALS,both,7,,382504000000,,362739000000,,-0.05167266224666932,,국민건강생활실천,557711000000,557711000000,2,"[""FUND"", ""GENERAL_ACCOUNT""]",594178000000,594178000000,2,"[""FUND"", ""GENERAL_ACCOUNT""]",False,False,,1.0,UNAVAILABLE_MIXED_OR_UNLINKED,False,557711000000,557711000000,2,"[""FUND"", ""GENERAL_ACCOUNT""]",,569086000000,2,"[""FUND"", ""GENERAL_ACCOUNT""]",False,False,,1.0,UNAVAILABLE_MIXED_OR_UNLINKED,False,False,0.0,True,1.0,0.0,0.0,0.0,0.717391304347826,0.6410256410256411,False,True,False,False,False,False,False,False,False,7,382504000000,362739000000,-0.05167266224666932,False,False,False,False,,,,,False,False,False,False,0,False,False,1,LIMITED,1,0,True,True,False,MODERATE_OR_CONTEXT_REVIEW,SINGLE_REVIEW,3,DETAILED_PROJECT_REVIEW,표시된 독립 신호의 근거를 확인,PERFORMANCE_BELOW_TARGET,075:2023:보건:보건의료:3300:FUND,3,0.3333333333333333,equal_mean_of_three_signal_components,tiebreak_only,False,35.25,35.0,17.25,23.0,31,False,False,SINGLE_REVIEW,READY_FOR_REVIEW,4,SINGLE_INDEPENDENT_SIGNAL,NOT_ASSESSED,REVIEW_WORKFLOW_ORDER_NOT_POLICY_EFFECTIVENESS_RANK,13,3,156,70
보건복지부,2024,Ⅲ-2,국민건강생활실천,,,,,국민건강생활실천,1,1,1,1,0,1,0,ALL_COMPARABLE_BELOW_TARGET,"[""MOHW-2024-III2-01""]",075,EXACT_NAME_UNIQUE_FINANCIAL,True,보건,보건의료,3300,국민건강생활실천,국민건강생활실천,FUND,362739000000,363141590000,361637363000,0.995857739676692,COMPLETE,HIGH,8,8,0,"[""code:2024:075:542:3300:3332:301"", ""code:2024:075:542:3300:3333:300"", ""code:2024:075:542:3300:3334:307"", ""code:2024:075:542:3300:3335:301"", ""code:2024:075:542:3300:3343:301"", ""code:2024:075:542:3300:3346:300"", ""code:2024:075:542:3300:3346:301"", ""code:2024:075:542:3300:3346:302""]",JOINT_ANALYSIS,FULLY_REPORTED,FULLY_COMPARABLE,False,False,8,362739000000,0.0,0,0.0,0,0.0,0,0.0,0,0.0,0,0.0,0,0.0,0,0,0,0.0,0,0.0,MEDIUM,NONE,both,,,,,,,,,국민건강생활실천,594178000000,594178000000,2,"[""FUND"", ""GENERAL_ACCOUNT""]",,569086000000,2,"[""FUND"", ""GENERAL_ACCOUNT""]",False,False,,1.0,UNAVAILABLE_MIXED_OR_UNLINKED,False,594178000000,594178000000,2,"[""FUND"", ""GENERAL_ACCOUNT""]",,,,,False,False,,1.0,UNAVAILABLE_MIXED_OR_UNLINKED,False,False,0.0,True,1.0,0.0,0.0,0.0,0.7445255474452555,0.717948717948718,False,True,False,False,False,False,False,False,False,,,,,False,False,False,False,,,,,False,False,False,False,0,False,False,1,LIMITED,1,0,True,True,False,MODERATE_OR_CONTEXT_REVIEW,SINGLE_REVIEW,3,DETAILED_PROJECT_REVIEW,표시된 독립 신호의 근거를 확인,PERFORMANCE_BELOW_TARGET,075:2024:보건:보건의료:3300:FUND,3,0.3333333333333333,equal_mean_of_three_signal_components,tiebreak_only,False,33.75,35.0,13.5,23.0,28,False,False,SINGLE_REVIEW,READY_FOR_REVIEW,4,SINGLE_INDEPENDENT_SIGNAL,NOT_ASSESSED,REVIEW_WORKFLOW_ORDER_NOT_POLICY_EFFECTIVENESS_RANK,14,4,157,71
중소벤처기업부,2022,Ⅳ-1,중소기업기술개발지원,,,,,중소기업기술개발지원,2,2,2,2,0,2,0,ALL_COMPARABLE_BELOW_TARGET,"[""중기부-2022-IIII1-01"", ""중기부-2022-IIII1-02""]",102,EXACT_NAME_UNIQUE_FINANCIAL,True,산업·중소기업및에너지,중소기업및소상공인육성,2100,중소기업기술개발지원,중소기업기술개발지원,SPECIAL_ACCOUNT,301194800000,301194800000,301194800000,1.0,COMPLETE,HIGH,12,12,0,"[""code:2022:102:236:2100:2151:302"", ""code:2022:102:236:2100:2151:306"", ""code:2022:102:236:2100:2151:307"", ""code:2022:102:236:2100:2151:308"", ""code:2022:102:236:2100:2151:309"", ""code:2022:102:236:2100:2151:310"", ""code:2022:102:238:2100:2134:302"", ""code:2022:102:238:2100:2134:303"", ""code:2022:102:238:2100:2134:309"", ""code:2022:102:238:2100:2134:352"", ""code:2022:102:238:2100:2134:353"", ""code:2022:102:238:2100:2134:354""]",JOINT_ANALYSIS,FULLY_REPORTED,FULLY_COMPARABLE,False,False,12,301194800000,0.0,0,0.0,0,0.0,0,0.0,0,0.0,0,0.0,0,0.0,0,0,0,0.0,0,0.0,MEDIUM,NONE,both,9,6,276824800000,232343800000,260520000000,97397000000,-0.05889934716831729,-0.5808065461613351,중소기업기술개발지원,1910273800000,1910273800000,3,"[""FUND"", ""GENERAL_ACCOUNT"", ""SPECIAL_ACCOUNT""]",1762931000000,1762931000000,3,"[""FUND"", ""GENERAL_ACCOUNT"", ""SPECIAL_ACCOUNT""]",False,False,,1.0,UNAVAILABLE_MIXED_OR_UNLINKED,False,1910273800000,1910273800000,3,"[""FUND"", ""GENERAL_ACCOUNT"", ""SPECIAL_ACCOUNT""]",1536459000000,1536459000000,2,"[""GENERAL_ACCOUNT"", ""SPECIAL_ACCOUNT""]",False,False,,1.0,UNAVAILABLE_MIXED_OR_UNLINKED,False,False,0.0,True,1.0,0.0,0.0,0.0,0.6666666666666666,0.6363636363636364,False,True,False,False,False,False,False,False,False,9,276824800000,260520000000,-0.05889934716831729,False,False,False,False,6,232343800000,97397000000,-0.5808065461613351,False,False,False,False,0,False,False,1,LIMITED,1,0,True,True,False,MODERATE_OR_CONTEXT_REVIEW,SINGLE_REVIEW,3,DETAILED_PROJECT_REVIEW,표시된 독립 신호의 근거를 확인,PERFORMANCE_BELOW_TARGET,102:2022:산업·중소기업및에너지:중소기업및소상공인육성:2100:SPECIAL_ACCOUNT,3,0.3333333333333333,equal_mean_of_three_signal_components,tiebreak_only,False,40.25,32.0,8.5,2.0,36,False,False,SINGLE_REVIEW,READY_FOR_REVIEW,4,SINGLE_INDEPENDENT_SIGNAL,NOT_ASSESSED,REVIEW_WORKFLOW_ORDER_NOT_POLICY_EFFECTIVENESS_RANK,15,8,158,17
중소벤처기업부,2022,Ⅱ-2,중소기업수출촉진지원,,,,,중소기업수출촉진지원,2,2,2,2,0,2,0,ALL_COMPARABLE_BELOW_TARGET,"[""중기부-2022-II2-01"", ""중기부-2022-II2-02""]",102,EXACT_NAME,True,산업·중소기업및에너지,무역및투자유치,3100,중소기업수출촉진지원,중소기업수출촉진지원,GENERAL_ACCOUNT,198876000000,198910800000,198883185560,0.9998611717413032,COMPLETE,HIGH,3,3,0,"[""code:2022:102:110:3100:3131:301"", ""code:2022:102:110:3100:3133:301"", ""code:2022:102:110:3100:3133:305""]",JOINT_ANALYSIS,FULLY_REPORTED,FULLY_COMPARABLE,False,False,3,198876000000,0.0,0,0.0,0,0.0,0,0.0,0,0.0,0,0.0,0,0.0,0,0,0,0.0,0,0.0,MEDIUM,NONE,both,3,3,198876000000,198876000000,216842000000,213586000000,0.09033769786198435,0.07396568716184959,중소기업수출촉진지원,235723000000,235723000000,2,"[""FUND"", ""GENERAL_ACCOUNT""]",267594000000,267594000000,2,"[""FUND"", ""GENERAL_ACCOUNT""]",False,False,,1.0,UNAVAILABLE_MIXED_OR_UNLINKED,False,235723000000,235723000000,2,"[""FUND"", ""GENERAL_ACCOUNT""]",259143000000,259143000000,2,"[""FUND"", ""GENERAL_ACCOUNT""]",False,False,,1.0,UNAVAILABLE_MIXED_OR_UNLINKED,False,False,0.0,True,1.0,0.0,0.0,0.0,0.6124031007751938,0.5909090909090909,False,True,False,False,False,False,False,False,True,3,198876000000,216842000000,0.09033769786198435,True,False,False,True,3,198876000000,213586000000,0.07396568716184959,True,False,False,False,0,False,False,1,LIMITED,1,0,True,True,False,MODERATE_OR_CONTEXT_REVIEW,SINGLE_REVIEW,3,DETAILED_PROJECT_REVIEW,표시된 독립 신호의 근거를 확인,PERFORMANCE_BELOW_TARGET,102:2022:산업·중소기업및에너지:무역및투자유치:3100:GENERAL_ACCOUNT,3,0.3333333333333333,equal_mean_of_three_signal_components,tiebreak_only,False,46.25,35.0,9.75,2.0,41,False,False,SINGLE_REVIEW,READY_FOR_REVIEW,4,SINGLE_INDEPENDENT_SIGNAL,NOT_ASSESSED,REVIEW_WORKFLOW_ORDER_NOT_POLICY_EFFECTIVENESS_RANK,16,9,159,18
중소벤처기업부,2024,Ⅲ-1,창업환경조성,,,,,창업환경조성,1,1,1,1,0,1,0,ALL_COMPARABLE_BELOW_TARGET,"[""중기부-2024-III1-01""]",102,EXACT_NAME_UNIQUE_FINANCIAL,True,산업·중소기업및에너지,창업및벤처,5100,창업환경조성,창업환경조성,SPECIAL_ACCOUNT,81886000000,81886000000,81882357090,0.9999555124197056,COMPLETE,HIGH,6,6,0,"[""code:2024:102:236:5100:5151:301"", ""code:2024:102:236:5100:5151:302"", ""code:2024:102:236:5100:5153:301"", ""code:2024:102:236:5100:5153:303"", ""code:2024:102:236:5100:5154:301"", ""code:2024:102:236:5100:5154:302""]",JOINT_ANALYSIS,FULLY_REPORTED,FULLY_COMPARABLE,False,False,6,81886000000,0.7787656009574286,0,0.0,0,0.0,0,0.0,0,0.0,0,0.0,0,0.0,0,0,0,0.0,0,0.0,MEDIUM,NONE,both,,,,,,,,,창업환경조성,3516897000000,3516897000000,3,"[""FUND"", ""GENERAL_ACCOUNT"", ""SPECIAL_ACCOUNT""]",,3694086000000,3,"[""FUND"", ""GENERAL_ACCOUNT"", ""SPECIAL_ACCOUNT""]",False,False,,1.0,UNAVAILABLE_MIXED_OR_UNLINKED,False,3516897000000,3516897000000,3,"[""FUND"", ""GENERAL_ACCOUNT"", ""SPECIAL_ACCOUNT""]",,,,,False,False,,1.0,UNAVAILABLE_MIXED_OR_UNLINKED,False,False,0.0,True,1.0,0.0,0.0,0.0,0.45985401459854014,0.45,False,True,False,False,False,False,False,False,False,,,,,False,False,False,False,,,,,False,False,False,False,0,False,False,1,LIMITED,1,0,True,True,False,MODERATE_OR_CONTEXT_REVIEW,SINGLE_REVIEW,3,DETAILED_PROJECT_REVIEW,표시된 독립 신호의 근거를 확인,PERFORMANCE_BELOW_TARGET,102:2024:산업·중소기업및에너지:창업및벤처:5100:SPECIAL_ACCOUNT,3,0.3333333333333333,equal_mean_of_three_signal_components,tiebreak_only,False,55.75,37.0,11.5,4.0,49,False,False,SINGLE_REVIEW,READY_FOR_REVIEW,4,SINGLE_INDEPENDENT_SIGNAL,NOT_ASSESSED,REVIEW_WORKFLOW_ORDER_NOT_POLICY_EFFECTIVENESS_RANK,17,10,160,19
중소벤처기업부,2022,Ⅱ-2,중소기업수출촉진지원,,,,,중소기업수출촉진지원,2,2,2,2,0,2,0,ALL_COMPARABLE_BELOW_TARGET,"[""중기부-2022-II2-01"", ""중기부-2022-II2-02""]",102,EXACT_NAME,True,산업·중소기업및에너지,무역및투자유치,3100,중소기업수출촉진지원,중소기업수출촉진지원,FUND,36847000000,36847000000,36671084244,0.9952257780552012,COMPLETE,HIGH,3,3,0,"[""code:2022:102:584:3100:3151:305"", ""code:2022:102:584:3100:3152:301"", ""code:2022:102:584:3100:3153:302""]",JOINT_ANALYSIS,FULLY_REPORTED,FULLY_COMPARABLE,False,False,3,36847000000,0.0,0,0.0,0,0.0,0,0.0,0,0.0,0,0.0,0,0.0,0,0,0,0.0,0,0.0,MEDIUM,NONE,both,3,3,36847000000,36847000000,50752000000,45557000000,0.3773712920997639,0.23638288056015416,중소기업수출촉진지원,235723000000,235723000000,2,"[""FUND"", ""GENERAL_ACCOUNT""]",267594000000,267594000000,2,"[""FUND"", ""GENERAL_ACCOUNT""]",False,False,,1.0,UNAVAILABLE_MIXED_OR_UNLINKED,False,235723000000,235723000000,2,"[""FUND"", ""GENERAL_ACCOUNT""]",259143000000,259143000000,2,"[""FUND"", ""GENERAL_ACCOUNT""]",False,False,,1.0,UNAVAILABLE_MIXED_OR_UNLINKED,False,False,0.0,True,1.0,0.0,0.0,0.0,0.24806201550387597,0.22727272727272727,False,True,False,False,False,False,False,False,True,3,36847000000,50752000000,0.3773712920997639,True,False,False,True,3,36847000000,45557000000,0.23638288056015416,True,False,False,False,0,False,False,1,LIMITED,1,0,True,True,False,MODERATE_OR_CONTEXT_REVIEW,SINGLE_REVIEW,3,DETAILED_PROJECT_REVIEW,표시된 독립 신호의 근거를 확인,PERFORMANCE_BELOW_TARGET,102:2022:산업·중소기업및에너지:무역및투자유치:3100:FUND,3,0.3333333333333333,equal_mean_of_three_signal_components,tiebreak_only,False,75.5,89.0,15.375,13.0,69,False,False,SINGLE_REVIEW,READY_FOR_REVIEW,4,SINGLE_INDEPENDENT_SIGNAL,NOT_ASSESSED,REVIEW_WORKFLOW_ORDER_NOT_POLICY_EFFECTIVENESS_RANK,18,11,161,20
중소벤처기업부,2022,Ⅳ-1,중소기업기술개발지원,,,,,중소기업기술개발지원,2,2,2,2,0,2,0,ALL_COMPARABLE_BELOW_TARGET,"[""중기부-2022-IIII1-01"", ""중기부-2022-IIII1-02""]",102,EXACT_NAME_UNIQUE_FINANCIAL,True,산업·중소기업및에너지,중소기업및소상공인육성,2100,중소기업기술개발지원,중소기업기술개발지원,FUND,10155000000,10155000000,10124222671,0.996969243820778,COMPLETE,HIGH,3,3,0,"[""code:2022:102:584:2100:2163:302"", ""code:2022:102:584:2100:2163:304"", ""code:2022:102:584:2100:2163:307""]",JOINT_ANALYSIS,FULLY_REPORTED,FULLY_COMPARABLE,False,False,3,10155000000,0.0,0,0.0,0,0.0,0,0.0,0,0.0,0,0.0,0,0.0,0,0,0,0.0,0,0.0,MEDIUM,NONE,both,,,,,,,,,중소기업기술개발지원,1910273800000,1910273800000,3,"[""FUND"", ""GENERAL_ACCOUNT"", ""SPECIAL_ACCOUNT""]",1762931000000,1762931000000,3,"[""FUND"", ""GENERAL_ACCOUNT"", ""SPECIAL_ACCOUNT""]",False,False,,1.0,UNAVAILABLE_MIXED_OR_UNLINKED,False,1910273800000,1910273800000,3,"[""FUND"", ""GENERAL_ACCOUNT"", ""SPECIAL_ACCOUNT""]",1536459000000,1536459000000,2,"[""GENERAL_ACCOUNT"", ""SPECIAL_ACCOUNT""]",False,False,,1.0,UNAVAILABLE_MIXED_OR_UNLINKED,False,False,0.0,True,1.0,0.0,0.0,0.0,0.13178294573643412,0.09090909090909091,False,True,False,False,False,False,False,False,False,,,,,False,False,False,False,,,,,False,False,False,False,0,False,False,1,LIMITED,1,0,True,True,False,MODERATE_OR_CONTEXT_REVIEW,SINGLE_REVIEW,3,DETAILED_PROJECT_REVIEW,표시된 독립 신호의 근거를 확인,PERFORMANCE_BELOW_TARGET,102:2022:산업·중소기업및에너지:중소기업및소상공인육성:2100:FUND,3,0.3333333333333333,equal_mean_of_three_signal_components,tiebreak_only,False,91.25,115.0,19.125,16.5,86,False,False,SINGLE_REVIEW,READY_FOR_REVIEW,4,SINGLE_INDEPENDENT_SIGNAL,NOT_ASSESSED,REVIEW_WORKFLOW_ORDER_NOT_POLICY_EFFECTIVENESS_RANK,19,12,162,21
중소벤처기업부,2023,Ⅳ-1,중소기업기술개발지원,,,,,중소기업기술개발지원,2,2,2,2,0,2,0,ALL_COMPARABLE_BELOW_TARGET,"[""중기부-2023-IIII1-01"", ""중기부-2023-IIII1-02""]",102,EXACT_NAME_UNIQUE_FINANCIAL,True,산업·중소기업및에너지,중소기업및소상공인육성,2100,중소기업기술개발지원,중소기업기술개발지원,FUND,10155000000,10155000000,10128863418,0.997426235155096,COMPLETE,HIGH,3,3,0,"[""code:2023:102:584:2100:2163:302"", ""code:2023:102:584:2100:2163:304"", ""code:2023:102:584:2100:2163:307""]",JOINT_ANALYSIS,FULLY_REPORTED,FULLY_COMPARABLE,False,False,3,10155000000,0.0,0,0.0,0,0.0,0,0.0,0,0.0,0,0.0,0,0.0,0,0,0,0.0,0,0.0,MEDIUM,NONE,both,,,,,,,,,중소기업기술개발지원,1762931000000,1762931000000,3,"[""FUND"", ""GENERAL_ACCOUNT"", ""SPECIAL_ACCOUNT""]",1536459000000,1536459000000,2,"[""GENERAL_ACCOUNT"", ""SPECIAL_ACCOUNT""]",False,False,,1.0,UNAVAILABLE_MIXED_OR_UNLINKED,False,1762931000000,1762931000000,3,"[""FUND"", ""GENERAL_ACCOUNT"", ""SPECIAL_ACCOUNT""]",,1747465000000,2,"[""GENERAL_ACCOUNT"", ""SPECIAL_ACCOUNT""]",False,False,,1.0,UNAVAILABLE_MIXED_OR_UNLINKED,False,False,0.0,True,1.0,0.0,0.0,0.0,0.14492753623188406,0.09090909090909091,False,True,False,False,False,False,False,False,False,,,,,False,False,False,False,,,,,False,False,False,False,0,False,False,1,LIMITED,1,0,True,True,False,MODERATE_OR_CONTEXT_REVIEW,SINGLE_REVIEW,3,DETAILED_PROJECT_REVIEW,표시된 독립 신호의 근거를 확인,PERFORMANCE_BELOW_TARGET,102:2023:산업·중소기업및에너지:중소기업및소상공인육성:2100:FUND,3,0.3333333333333333,equal_mean_of_three_signal_components,tiebreak_only,False,88.0,112.0,19.375,17.5,82,False,False,SINGLE_REVIEW,READY_FOR_REVIEW,4,SINGLE_INDEPENDENT_SIGNAL,NOT_ASSESSED,REVIEW_WORKFLOW_ORDER_NOT_POLICY_EFFECTIVENESS_RANK,20,13,163,22
과학기술정보통신부,2023,Ⅳ-8,인터넷융합산업,2000,통신,정보통신,CONFIRMED,인터넷융합산업,2,2,2,2,0,1,1,MIXED_COMPARABLE,"[""MSIT-2023-IV8-01"", ""MSIT-2023-IV8-02""]",162,EXACT_CONFIRMED_HIERARCHY,True,통신,정보통신,2000,인터넷융합산업,인터넷융합산업,SPECIAL_ACCOUNT,75094000000,75094000000,75094000000,1.0,COMPLETE,HIGH,3,3,0,"[""code:2023:162:236:2000:2033:300"", ""code:2023:162:236:2000:2033:301"", ""code:2023:162:238:2000:2032:301""]",JOINT_ANALYSIS,FULLY_REPORTED,FULLY_COMPARABLE,False,False,3,75094000000,0.11851812395131435,0,0.0,0,0.0,0,0.0,0,0.0,1,0.11851812395131435,0,0.0,0,0,0,0.0,0,0.0,MEDIUM,BUDGET_RAPID_INCREASE,both,2,,66194000000,,102096000000,,0.5423754418829502,,인터넷융합산업,334994000000,334994000000,3,"[""FUND"", ""GENERAL_ACCOUNT"", ""SPECIAL_ACCOUNT""]",301955000000,301955000000,3,"[""FUND"", ""GENERAL_ACCOUNT"", ""SPECIAL_ACCOUNT""]",False,False,,1.0,UNAVAILABLE_MIXED_OR_UNLINKED,False,334994000000,334994000000,3,"[""FUND"", ""GENERAL_ACCOUNT"", ""SPECIAL_ACCOUNT""]",,262350000000,3,"[""FUND"", ""GENERAL_ACCOUNT"", ""SPECIAL_ACCOUNT""]",False,False,,1.0,UNAVAILABLE_MIXED_OR_UNLINKED,False,False,0.0,True,0.5,0.0,0.0,0.059259061975657175,0.43478260869565216,0.5344827586206896,False,True,False,True,False,False,True,False,False,2,66194000000,102096000000,0.5423754418829502,False,False,False,False,,,,,False,False,False,False,0,False,False,1,LIMITED,2,0,True,True,False,MULTIPLE_SIGNAL_REVIEW,SINGLE_REVIEW,3,DETAILED_PROJECT_REVIEW,표시된 독립 신호의 근거를 확인,PERFORMANCE_BELOW_TARGET;BUDGET_PERFORMANCE_MISMATCH,162:2023:통신:정보통신:2000:SPECIAL_ACCOUNT,1,0.18641968732521907,equal_mean_of_three_signal_components,tiebreak_only,False,106.75,56.0,20.75,17.0,106,False,False,SINGLE_REVIEW,READY_FOR_REVIEW,4,SINGLE_INDEPENDENT_SIGNAL,NOT_ASSESSED,REVIEW_WORKFLOW_ORDER_NOT_POLICY_EFFECTIVENESS_RANK,21,3,164,44
과학기술정보통신부,2023,Ⅳ-8,인터넷융합산업,2000,통신,정보통신,CONFIRMED,인터넷융합산업,2,2,2,2,0,1,1,MIXED_COMPARABLE,"[""MSIT-2023-IV8-01"", ""MSIT-2023-IV8-02""]",162,EXACT_CONFIRMED_HIERARCHY,True,통신,정보통신,2000,인터넷융합산업,인터넷융합산업,FUND,159344000000,159344000000,159344000000,1.0,COMPLETE,HIGH,13,13,0,"[""code:2023:162:543:2000:2031:307"", ""code:2023:162:543:2000:2031:309"", ""code:2023:162:543:2000:2031:327"", ""code:2023:162:543:2000:2032:302"", ""code:2023:162:543:2000:2033:310"", ""code:2023:162:543:2000:2033:320"", ""code:2023:162:543:2000:2033:402"", ""code:2023:162:543:2000:2033:501"", ""code:2023:162:564:2000:2032:302"", ""code:2023:162:564:2000:2032:304"", ""code:2023:162:564:2000:2032:305"", ""code:2023:162:564:2000:2032:310"", ""code:2023:162:564:2000:2032:401""]",JOINT_ANALYSIS,FULLY_REPORTED,FULLY_COMPARABLE,False,False,13,159344000000,0.7319384476353048,0,0.0,0,0.0,0,0.0,0,0.0,0,0.0,1,0.08158449643538508,0,0,3,0.3186878702680992,0,0.0,MEDIUM,BUDGET_RAPID_DECREASE;MULTIPLE_FINANCIAL_SIGNALS,both,8,,125443000000,,87062000000,,-0.30596366477204784,,인터넷융합산업,334994000000,334994000000,3,"[""FUND"", ""GENERAL_ACCOUNT"", ""SPECIAL_ACCOUNT""]",301955000000,301955000000,3,"[""FUND"", ""GENERAL_ACCOUNT"", ""SPECIAL_ACCOUNT""]",False,False,,1.0,UNAVAILABLE_MIXED_OR_UNLINKED,False,334994000000,334994000000,3,"[""FUND"", ""GENERAL_ACCOUNT"", ""SPECIAL_ACCOUNT""]",,262350000000,3,"[""FUND"", ""GENERAL_ACCOUNT"", ""SPECIAL_ACCOUNT""]",False,False,,1.0,UNAVAILABLE_MIXED_OR_UNLINKED,False,False,0.0,True,0.5,0.0,0.0,0.04079224821769254,0.5652173913043478,0.7241379310344828,False,True,False,True,False,False,False,True,False,8,125443000000,87062000000,-0.30596366477204784,False,False,False,False,,,,,False,False,False,False,0,False,False,1,LIMITED,2,0,True,True,False,MULTIPLE_SIGNAL_REVIEW,SINGLE_REVIEW,3,DETAILED_PROJECT_REVIEW,표시된 독립 신호의 근거를 확인,PERFORMANCE_BELOW_TARGET;BUDGET_PERFORMANCE_MISMATCH,162:2023:통신:정보통신:2000:FUND,1,0.18026408273923086,equal_mean_of_three_signal_components,tiebreak_only,False,94.0,37.0,12.75,8.0,88,False,False,SINGLE_REVIEW,READY_FOR_REVIEW,4,SINGLE_INDEPENDENT_SIGNAL,NOT_ASSESSED,REVIEW_WORKFLOW_ORDER_NOT_POLICY_EFFECTIVENESS_RANK,22,4,165,45
과학기술정보통신부,2023,Ⅳ-8,인터넷융합산업,2000,통신,정보통신,CONFIRMED,인터넷융합산업,2,2,2,2,0,1,1,MIXED_COMPARABLE,"[""MSIT-2023-IV8-01"", ""MSIT-2023-IV8-02""]",162,EXACT_CONFIRMED_HIERARCHY,True,통신,정보통신,2000,인터넷융합산업,인터넷융합산업,GENERAL_ACCOUNT,100556000000,100556000000,100556000000,1.0,COMPLETE,HIGH,11,11,0,"[""code:2023:162:110:2000:2033:306"", ""code:2023:162:110:2000:2033:311"", ""code:2023:162:110:2000:2033:315"", ""code:2023:162:110:2000:2033:338"", ""code:2023:162:110:2000:2033:341"", ""code:2023:162:110:2000:2033:342"", ""code:2023:162:110:2000:2033:344"", ""code:2023:162:110:2000:2033:346"", ""code:2023:162:110:2000:2033:348"", ""code:2023:162:110:2000:2033:353"", ""code:2023:162:110:2000:2033:359""]",JOINT_ANALYSIS,FULLY_REPORTED,FULLY_COMPARABLE,False,False,11,100556000000,0.19768089422809182,0,0.0,0,0.0,0,0.0,0,0.0,1,0.07955765941366005,1,0.03856557540077171,0,0,1,0.07955765941366005,0,0.0,MEDIUM,BUDGET_RAPID_DECREASE;BUDGET_RAPID_INCREASE;MULTIPLE_FINANCIAL_SIGNALS,both,8,,87793000000,,64466000000,,-0.2657045550328614,,인터넷융합산업,334994000000,334994000000,3,"[""FUND"", ""GENERAL_ACCOUNT"", ""SPECIAL_ACCOUNT""]",301955000000,301955000000,3,"[""FUND"", ""GENERAL_ACCOUNT"", ""SPECIAL_ACCOUNT""]",False,False,,1.0,UNAVAILABLE_MIXED_OR_UNLINKED,False,334994000000,334994000000,3,"[""FUND"", ""GENERAL_ACCOUNT"", ""SPECIAL_ACCOUNT""]",,262350000000,3,"[""FUND"", ""GENERAL_ACCOUNT"", ""SPECIAL_ACCOUNT""]",False,False,,1.0,UNAVAILABLE_MIXED_OR_UNLINKED,False,False,0.0,True,0.5,0.0,0.0,0.03977882970683003,0.4927536231884058,0.6206896551724138,False,True,False,True,False,False,True,True,False,8,87793000000,64466000000,-0.2657045550328614,False,False,False,False,,,,,False,False,False,False,0,False,False,1,LIMITED,2,0,True,True,False,MULTIPLE_SIGNAL_REVIEW,SINGLE_REVIEW,3,DETAILED_PROJECT_REVIEW,표시된 독립 신호의 근거를 확인,PERFORMANCE_BELOW_TARGET;BUDGET_PERFORMANCE_MISMATCH,162:2023:통신:정보통신:2000:GENERAL_ACCOUNT,1,0.17992627656894333,equal_mean_of_three_signal_components,tiebreak_only,False,103.0,47.0,17.5,11.0,102,False,False,SINGLE_REVIEW,READY_FOR_REVIEW,4,SINGLE_INDEPENDENT_SIGNAL,NOT_ASSESSED,REVIEW_WORKFLOW_ORDER_NOT_POLICY_EFFECTIVENESS_RANK,23,5,166,46
보건복지부,2023,Ⅰ-3,장애인생활안정 및 재활 지원,,,,,장애인생활안정및재활지원,2,2,2,2,0,1,1,MIXED_COMPARABLE,"[""MOHW-2023-I3-01"", ""MOHW-2023-I3-02""]",075,EXACT_NAME_UNIQUE_FINANCIAL,True,사회복지,취약계층지원,1500,장애인생활안정 및 재활 지원,장애인생활안정 및 재활 지원,GENERAL_ACCOUNT,4532450000000,4532981920000,4530242324260,0.9993956305609972,COMPLETE,HIGH,25,25,0,"[""code:2023:075:110:1500:1531:300"", ""code:2023:075:110:1500:1531:301"", ""code:2023:075:110:1500:1531:302"", ""code:2023:075:110:1500:1531:304"", ""code:2023:075:110:1500:1531:305"", ""code:2023:075:110:1500:1531:310"", ""code:2023:075:110:1500:1532:304"", ""code:2023:075:110:1500:1532:307"", ""code:2023:075:110:1500:1534:300"", ""code:2023:075:110:1500:1535:304"", ""code:2023:075:110:1500:1535:305"", ""code:2023:075:110:1500:1535:308"", ""code:2023:075:110:1500:1535:309"", ""code:2023:075:110:1500:1535:310"", ""code:2023:075:110:1500:1536:300"", ""code:2023:075:110:1500:1536:302"", ""code:2023:075:110:1500:1538:300"", ""code:2023:075:110:1500:1538:301"", ""code:2023:075:110:1500:1539:300"", ""code:2023:075:110:1500:1542:300"", ""code:2023:075:110:1500:1542:302"", ""code:2023:075:110:1500:1542:307"", ""code:2023:075:110:1500:1542:311"", ""code:2023:075:110:1500:1543:300"", ""code:2023:075:110:1500:1543:302""]",JOINT_ANALYSIS,FULLY_REPORTED,FULLY_COMPARABLE,False,False,25,4532450000000,0.4402768921885514,0,0.0,0,0.0,0,0.0,1,0.43947070568897617,0,0.0,1,0.00013811514743681673,0,0,2,0.00026608125848051275,0,0.0,LOW,ACCOUNTING_ADJUSTMENT_PATTERN;BUDGET_RAPID_DECREASE;MULTIPLE_FINANCIAL_SIGNALS,both,24,,4531208000000,,5024077000000,,0.10877209785999671,,장애인생활안정 및 재활 지원,4544508000000,4544508000000,3,"[""FUND"", ""GENERAL_ACCOUNT"", ""SPECIAL_ACCOUNT""]",5041192000000,5041192000000,3,"[""FUND"", ""GENERAL_ACCOUNT"", ""SPECIAL_ACCOUNT""]",False,False,,1.0,UNAVAILABLE_MIXED_OR_UNLINKED,False,4544508000000,4544508000000,3,"[""FUND"", ""GENERAL_ACCOUNT"", ""SPECIAL_ACCOUNT""]",,5439862000000,3,"[""FUND"", ""GENERAL_ACCOUNT"", ""SPECIAL_ACCOUNT""]",False,False,,1.0,UNAVAILABLE_MIXED_OR_UNLINKED,False,False,0.0,True,0.5,0.0,0.0,6.905757371840837e-05,0.9492753623188406,0.8717948717948718,False,True,False,True,True,False,False,True,False,24,4531208000000,5024077000000,0.10877209785999671,False,False,False,False,,,,,False,False,False,False,0,False,False,1,LIMITED,2,1,True,True,False,MULTIPLE_SIGNAL_REVIEW,SINGLE_REVIEW,3,DETAILED_PROJECT_REVIEW,표시된 독립 신호의 근거를 확인,PERFORMANCE_BELOW_TARGET;BUDGET_PERFORMANCE_MISMATCH;ACCOUNTING_ADJUSTMENT_CONTEXT,075:2023:사회복지:취약계층지원:1500:GENERAL_ACCOUNT,1,0.16668968585790614,equal_mean_of_three_signal_components,tiebreak_only,False,55.0,54.0,26.0,29.0,48,False,False,SINGLE_REVIEW,READY_FOR_REVIEW,4,SINGLE_INDEPENDENT_SIGNAL,NOT_ASSESSED,REVIEW_WORKFLOW_ORDER_NOT_POLICY_EFFECTIVENESS_RANK,24,5,167,72
보건복지부,2022,Ⅱ-6,건강보험제도 운영,,,,,건강보험제도운영,2,2,2,2,0,1,1,MIXED_COMPARABLE,"[""MOHW-2022-II6-01"", ""MOHW-2022-II6-02""]",075,EXACT_NAME,True,보건,건강보험,4900,건강보험제도 운영,건강보험제도 운영,FUND,1814940000000,1814940000000,1814940000000,1.0,COMPLETE,HIGH,1,1,0,"[""code:2022:075:542:4900:4932:300""]",JOINT_ANALYSIS,FULLY_REPORTED,FULLY_COMPARABLE,False,False,1,1814940000000,1.0,0,0.0,0,0.0,0,0.0,0,0.0,0,0.0,0,0.0,1,1,0,0.0,0,0.0,MEDIUM,PROGRAM_BUDGET_CONCENTRATION,both,1,1,1814940000000,1814940000000,1820839000000,1902181000000,0.0032502451871687216,0.048068255699912944,건강보험제도 운영,11924189000000,11924189000000,2,"[""FUND"", ""GENERAL_ACCOUNT""]",12410199000000,12410199000000,2,"[""FUND"", ""GENERAL_ACCOUNT""]",False,False,,1.0,UNAVAILABLE_MIXED_OR_UNLINKED,False,11924189000000,11924189000000,2,"[""FUND"", ""GENERAL_ACCOUNT""]",13706994000000,13706994000000,2,"[""FUND"", ""GENERAL_ACCOUNT""]",False,False,,1.0,UNAVAILABLE_MIXED_OR_UNLINKED,False,False,0.0,True,0.5,0.0,0.0,0.0,0.8449612403100775,0.7428571428571429,False,True,False,False,False,True,False,False,True,1,1814940000000,1820839000000,0.0032502451871687216,True,False,False,True,1,1814940000000,1902181000000,0.048068255699912944,True,False,False,False,0,False,False,1,LIMITED,1,1,True,True,False,MODERATE_OR_CONTEXT_REVIEW,SINGLE_REVIEW,3,DETAILED_PROJECT_REVIEW,표시된 독립 신호의 근거를 확인,PERFORMANCE_BELOW_TARGET;PROGRAM_STRUCTURE_CONTEXT,075:2022:보건:건강보험:4900:FUND,3,0.16666666666666666,equal_mean_of_three_signal_components,tiebreak_only,False,62.25,42.0,31.75,23.0,53,False,False,SINGLE_REVIEW,READY_FOR_REVIEW,4,SINGLE_INDEPENDENT_SIGNAL,NOT_ASSESSED,REVIEW_WORKFLOW_ORDER_NOT_POLICY_EFFECTIVENESS_RANK,25,6,168,73
고용노동부,2022,Ⅱ-1,직업능력개발,,,,,직업능력개발,3,3,3,3,0,0,3,ALL_COMPARABLE_AT_OR_ABOVE_TARGET,"[""MOEL-2022-II1-01"", ""MOEL-2022-II1-02"", ""MOEL-2022-II1-03""]",019,EXACT_NAME,True,사회복지,고용,1100,직업능력개발,직업능력개발,GENERAL_ACCOUNT,1035261000000,1036042108100,922778509300,0.8906766453655881,COMPLETE,HIGH,13,13,0,"[""code:2022:019:110:1100:1131:300"", ""code:2022:019:110:1100:1131:315"", ""code:2022:019:110:1100:1132:301"", ""code:2022:019:110:1100:1133:300"", ""code:2022:019:110:1100:1134:307"", ""code:2022:019:110:1100:1134:316"", ""code:2022:019:110:1100:1134:317"", ""code:2022:019:110:1100:1134:500"", ""code:2022:019:110:1100:1135:308"", ""code:2022:019:110:1100:1135:750"", ""code:2022:019:110:1100:1136:300"", ""code:2022:019:110:1100:1136:309"", ""code:2022:019:110:1100:1136:750""]",JOINT_ANALYSIS,FULLY_REPORTED,FULLY_COMPARABLE,False,True,13,1035261000000,0.6282782795836026,0,0.0,0,0.0,0,0.0,0,0.0,0,0.0,0,0.0,0,0,0,0.0,0,0.0,MEDIUM,NONE,both,8,8,738120000000,738120000000,841784000000,932436000000,0.14044328835419714,0.26325800682815803,직업능력개발,2734542000000,2734542000000,2,"[""FUND"", ""GENERAL_ACCOUNT""]",3102251000000,3102251000000,3,"[""FUND"", ""GENERAL_ACCOUNT"", ""SPECIAL_ACCOUNT""]",False,False,,1.0,UNAVAILABLE_MIXED_OR_UNLINKED,False,2734542000000,2734542000000,2,"[""FUND"", ""GENERAL_ACCOUNT""]",2971875000000,2971875000000,3,"[""FUND"", ""GENERAL_ACCOUNT"", ""SPECIAL_ACCOUNT""]",False,False,,1.0,UNAVAILABLE_MIXED_OR_UNLINKED,False,False,0.0,True,0.0,0.5,0.5,0.0,0.7984496124031008,0.5,False,False,True,False,False,False,False,False,False,8,738120000000,841784000000,0.14044328835419714,False,False,False,False,8,738120000000,932436000000,0.26325800682815803,False,False,False,True,0,False,True,1,LIMITED,1,0,True,True,False,MODERATE_OR_CONTEXT_REVIEW,SINGLE_REVIEW,3,DETAILED_PROJECT_REVIEW,표시된 독립 신호의 근거를 확인,EXECUTION_MANAGEMENT,019:2022:사회복지:고용:1100:GENERAL_ACCOUNT,3,0.16666666666666666,equal_mean_of_three_signal_components,tiebreak_only,False,70.0,96.0,20.5,15.0,63,False,False,SINGLE_REVIEW,READY_FOR_REVIEW,4,SINGLE_INDEPENDENT_SIGNAL,NOT_ASSESSED,REVIEW_WORKFLOW_ORDER_NOT_POLICY_EFFECTIVENESS_RANK,26,2,169,28
과학기술정보통신부,2022,Ⅰ-1,미래유망원천 기술개발,1100,,,CONFIRMED,미래유망원천기술개발,2,2,2,2,0,1,1,MIXED_COMPARABLE,"[""MSIT-2022-I1-01"", ""MSIT-2022-I1-02""]",162,EXACT_CODE,True,과학기술,과학기술연구개발,1100,미래유망원천기술개발,미래유망원천기술개발,GENERAL_ACCOUNT,855420500000,855420500000,854932165000,0.9994291287150588,COMPLETE,HIGH,52,52,0,"[""code:2022:162:110:1100:1138:305"", ""code:2022:162:110:1100:1138:306"", ""code:2022:162:110:1100:1138:312"", ""code:2022:162:110:1100:1138:401"", ""code:2022:162:110:1100:1138:404"", ""code:2022:162:110:1100:1138:405"", ""code:2022:162:110:1100:1138:407"", ""code:2022:162:110:1100:1138:408"", ""code:2022:162:110:1100:1138:411"", ""code:2022:162:110:1100:1138:417"", ""code:2022:162:110:1100:1138:422"", ""code:2022:162:110:1100:1138:423"", ""code:2022:162:110:1100:1138:431"", ""code:2022:162:110:1100:1138:432"", ""code:2022:162:110:1100:1138:433"", ""code:2022:162:110:1100:1138:438"", ""code:2022:162:110:1100:1138:439"", ""code:2022:162:110:1100:1138:441"", ""code:2022:162:110:1100:1138:444"", ""code:2022:162:110:1100:1138:446"", ""code:2022:162:110:1100:1139:412"", ""code:2022:162:110:1100:1139:417"", ""code:2022:162:110:1100:1139:418"", ""code:2022:162:110:1100:1139:420"", ""code:2022:162:110:1100:1158:311"", ""code:2022:162:110:1100:1158:401"", ""code:2022:162:110:1100:1158:402"", ""code:2022:162:110:1100:1158:403"", ""code:2022:162:110:1100:1158:404"", ""code:2022:162:110:1100:1158:411"", ""code:2022:162:110:1100:1158:415"", ""code:2022:162:110:1100:1158:416"", ""code:2022:162:110:1100:1158:417"", ""code:2022:162:110:1100:1158:422"", ""code:2022:162:110:1100:1158:424"", ""code:2022:162:110:1100:1158:428"", ""code:2022:162:110:1100:1158:437"", ""code:2022:162:110:1100:1158:439"", ""code:2022:162:110:1100:1159:405"", ""code:2022:162:110:1100:1159:413"", ""code:2022:162:110:1100:1159:415"", ""code:2022:162:110:1100:1159:417"", ""code:2022:162:110:1100:1159:418"", ""code:2022:162:110:1100:1160:301"", ""code:2022:162:110:1100:1160:402"", ""code:2022:162:110:1100:1160:404"", ""code:2022:162:110:1100:1160:407"", ""code:2022:162:110:1100:1160:414"", ""code:2022:162:110:1100:1160:420"", ""code:2022:162:110:1100:1160:422"", ""code:2022:162:110:1100:1160:424"", ""code:2022:162:110:1100:1160:430""]",JOINT_ANALYSIS,FULLY_REPORTED,FULLY_COMPARABLE,False,False,52,855420500000,0.1009795767111029,0,0.0,0,0.0,0,0.0,0,0.0,0,0.0,0,0.0,0,0,0,0.0,0,0.0,MEDIUM,NONE,both,38,25,750877500000,671093500000,757428000000,701565000000,0.008723793162000459,0.04540574450505034,미래유망원천기술개발,1204012500000,1204012500000,3,"[""FUND"", ""GENERAL_ACCOUNT"", ""SPECIAL_ACCOUNT""]",1272867000000,1272867000000,3,"[""FUND"", ""GENERAL_ACCOUNT"", ""SPECIAL_ACCOUNT""]",False,False,,1.0,UNAVAILABLE_MIXED_OR_UNLINKED,False,1204012500000,1204012500000,3,"[""FUND"", ""GENERAL_ACCOUNT"", ""SPECIAL_ACCOUNT""]",1187465000000,1187465000000,3,"[""FUND"", ""GENERAL_ACCOUNT"", ""SPECIAL_ACCOUNT""]",False,False,,1.0,UNAVAILABLE_MIXED_OR_UNLINKED,False,False,0.0,True,0.5,0.0,0.0,0.0,0.7674418604651163,0.9285714285714286,False,True,False,False,False,False,False,False,False,38,750877500000,757428000000,0.008723793162000459,False,False,False,False,25,671093500000,701565000000,0.04540574450505034,False,False,False,False,0,False,False,1,LIMITED,1,0,True,True,False,MODERATE_OR_CONTEXT_REVIEW,SINGLE_REVIEW,3,DETAILED_PROJECT_REVIEW,표시된 독립 신호의 근거를 확인,PERFORMANCE_BELOW_TARGET,162:2022:과학기술:과학기술연구개발:1100:GENERAL_ACCOUNT,3,0.16666666666666666,equal_mean_of_three_signal_components,tiebreak_only,False,68.5,34.0,6.75,8.0,60,False,False,SINGLE_REVIEW,READY_FOR_REVIEW,4,SINGLE_INDEPENDENT_SIGNAL,NOT_ASSESSED,REVIEW_WORKFLOW_ORDER_NOT_POLICY_EFFECTIVENESS_RANK,27,6,170,47
보건복지부,2023,Ⅱ-4,보건산업육성,,,,,보건산업육성,2,2,2,2,0,1,1,MIXED_COMPARABLE,"[""MOHW-2023-II4-01"", ""MOHW-2023-II4-02""]",075,EXACT_NAME_UNIQUE_FINANCIAL,True,보건,보건의료,3000,보건산업육성,보건산업육성,GENERAL_ACCOUNT,833877000000,840952390910,837183157100,0.9955178986935024,COMPLETE,HIGH,74,74,0,"[""code:2023:075:110:3000:3031:310"", ""code:2023:075:110:3000:3031:317"", ""code:2023:075:110:3000:3031:344"", ""code:2023:075:110:3000:3031:363"", ""code:2023:075:110:3000:3031:377"", ""code:2023:075:110:3000:3031:379"", ""code:2023:075:110:3000:3031:380"", ""code:2023:075:110:3000:3031:382"", ""code:2023:075:110:3000:3031:383"", ""code:2023:075:110:3000:3031:384"", ""code:2023:075:110:3000:3031:404"", ""code:2023:075:110:3000:3031:408"", ""code:2023:075:110:3000:3031:413"", ""code:2023:075:110:3000:3031:414"", ""code:2023:075:110:3000:3031:424"", ""code:2023:075:110:3000:3031:433"", ""code:2023:075:110:3000:3031:434"", ""code:2023:075:110:3000:3031:443"", ""code:2023:075:110:3000:3031:444"", ""code:2023:075:110:3000:3031:445"", ""code:2023:075:110:3000:3031:462"", ""code:2023:075:110:3000:3031:463"", ""code:2023:075:110:3000:3031:464"", ""code:2023:075:110:3000:3031:472"", ""code:2023:075:110:3000:3031:474"", ""code:2023:075:110:3000:3031:475"", ""code:2023:075:110:3000:3031:476"", ""code:2023:075:110:3000:3031:477"", ""code:2023:075:110:3000:3031:478"", ""code:2023:075:110:3000:3031:479"", ""code:2023:075:110:3000:3031:484"", ""code:2023:075:110:3000:3031:485"", ""code:2023:075:110:3000:3031:486"", ""code:2023:075:110:3000:3031:489"", ""code:2023:075:110:3000:3031:490"", ""code:2023:075:110:3000:3031:499"", ""code:2023:075:110:3000:3031:500"", ""code:2023:075:110:3000:3031:501"", ""code:2023:075:110:3000:3031:504"", ""code:2023:075:110:3000:3031:505"", ""code:2023:075:110:3000:3031:509"", ""code:2023:075:110:3000:3031:510"", ""code:2023:075:110:3000:3031:511"", ""code:2023:075:110:3000:3031:515"", ""code:2023:075:110:3000:3031:522"", ""code:2023:075:110:3000:3031:524"", ""code:2023:075:110:3000:3031:525"", ""code:2023:075:110:3000:3031:526"", ""code:2023:075:110:3000:3031:527"", ""code:2023:075:110:3000:3032:300"", ""code:2023:075:110:3000:3033:303"", ""code:2023:075:110:3000:3033:349"", ""code:2023:075:110:3000:3033:503"", ""code:2023:075:110:3000:3033:504"", ""code:2023:075:110:3000:3033:505"", ""code:2023:075:110:3000:3033:506"", ""code:2023:075:110:3000:3034:301"", ""code:2023:075:110:3000:3034:302"", ""code:2023:075:110:3000:3034:304"", ""code:2023:075:110:3000:3034:305"", ""code:2023:075:110:3000:3034:307"", ""code:2023:075:110:3000:3035:300"", ""code:2023:075:110:3000:3036:303"", ""code:2023:075:110:3000:3037:300"", ""code:2023:075:110:3000:3037:301"", ""code:2023:075:110:3000:3038:301"", ""code:2023:075:110:3000:3039:300"", ""code:2023:075:110:3000:3039:301"", ""code:2023:075:110:3000:3039:302"", ""code:2023:075:110:3000:3039:303"", ""code:2023:075:110:3000:3039:310"", ""code:2023:075:110:3000:3039:311"", ""code:2023:075:110:3000:3039:312"", ""code:2023:075:110:3000:3039:318""]",JOINT_ANALYSIS,FULLY_REPORTED,FULLY_COMPARABLE,False,False,74,833877000000,0.19240967193003283,0,0.0,0,0.0,0,0.0,3,0.06614404762333054,0,0.0,0,0.0,0,0,1,0.015949594484558273,0,0.0,MEDIUM,ACCOUNTING_ADJUSTMENT_PATTERN;MULTIPLE_FINANCIAL_SIGNALS,both,56,,693735000000,,802966000000,,0.15745349448997095,,보건산업육성,913722000000,913722000000,3,"[""FUND"", ""GENERAL_ACCOUNT"", ""SPECIAL_ACCOUNT""]",1002246000000,1002246000000,3,"[""FUND"", ""GENERAL_ACCOUNT"", ""SPECIAL_ACCOUNT""]",False,False,,1.0,UNAVAILABLE_MIXED_OR_UNLINKED,False,913722000000,913722000000,3,"[""FUND"", ""GENERAL_ACCOUNT"", ""SPECIAL_ACCOUNT""]",,1139827000000,3,"[""FUND"", ""GENERAL_ACCOUNT"", ""SPECIAL_ACCOUNT""]",False,False,,1.0,UNAVAILABLE_MIXED_OR_UNLINKED,False,False,0.0,True,0.5,0.0,0.0,0.0,0.7898550724637681,0.7435897435897436,False,True,False,False,True,False,False,False,False,56,693735000000,802966000000,0.15745349448997095,False,False,False,False,,,,,False,False,False,False,0,False,False,1,LIMITED,1,1,True,True,False,MODERATE_OR_CONTEXT_REVIEW,SINGLE_REVIEW,3,DETAILED_PROJECT_REVIEW,표시된 독립 신호의 근거를 확인,PERFORMANCE_BELOW_TARGET;ACCOUNTING_ADJUSTMENT_CONTEXT,075:2023:보건:보건의료:3000:GENERAL_ACCOUNT,3,0.16666666666666666,equal_mean_of_three_signal_components,tiebreak_only,False,67.0,34.0,30.75,23.0,59,False,False,SINGLE_REVIEW,READY_FOR_REVIEW,4,SINGLE_INDEPENDENT_SIGNAL,NOT_ASSESSED,REVIEW_WORKFLOW_ORDER_NOT_POLICY_EFFECTIVENESS_RANK,28,7,171,74
과학기술정보통신부,2022,Ⅳ-5,정보통신융합 산업,,,,,정보통신융합산업,2,2,2,2,0,1,1,MIXED_COMPARABLE,"[""MSIT-2022-IV5-01"", ""MSIT-2022-IV5-02""]",162,EXACT_NAME_UNIQUE_FINANCIAL,True,통신,정보통신,2100,정보통신융합산업,정보통신융합산업,FUND,701803000000,701803000000,701803000000,1.0,COMPLETE,HIGH,24,24,0,"[""code:2022:162:543:2100:2131:305"", ""code:2022:162:543:2100:2132:301"", ""code:2022:162:543:2100:2132:302"", ""code:2022:162:543:2100:2132:304"", ""code:2022:162:543:2100:2132:308"", ""code:2022:162:543:2100:2132:309"", ""code:2022:162:543:2100:2132:310"", ""code:2022:162:543:2100:2132:311"", ""code:2022:162:543:2100:2133:301"", ""code:2022:162:543:2100:2133:306"", ""code:2022:162:543:2100:2136:301"", ""code:2022:162:543:2100:2137:303"", ""code:2022:162:543:2100:2137:305"", ""code:2022:162:543:2100:2137:311"", ""code:2022:162:543:2100:2137:333"", ""code:2022:162:543:2100:2137:335"", ""code:2022:162:564:2100:2132:301"", ""code:2022:162:564:2100:2132:408"", ""code:2022:162:564:2100:2132:409"", ""code:2022:162:564:2100:2132:411"", ""code:2022:162:564:2100:2133:301"", ""code:2022:162:564:2100:2133:304"", ""code:2022:162:564:2100:2133:305"", ""code:2022:162:564:2100:2135:301""]",JOINT_ANALYSIS,FULLY_REPORTED,FULLY_COMPARABLE,False,False,24,701803000000,0.0,0,0.0,0,0.0,0,0.0,0,0.0,0,0.0,0,0.0,0,0,0,0.0,0,0.0,MEDIUM,NONE,both,18,14,620387000000,402977000000,566768000000,365460000000,-0.08642831007097183,-0.09309960618099793,정보통신융합산업,874013000000,874013000000,3,"[""FUND"", ""GENERAL_ACCOUNT"", ""SPECIAL_ACCOUNT""]",780900000000,780900000000,3,"[""FUND"", ""GENERAL_ACCOUNT"", ""SPECIAL_ACCOUNT""]",False,False,,1.0,UNAVAILABLE_MIXED_OR_UNLINKED,False,874013000000,874013000000,3,"[""FUND"", ""GENERAL_ACCOUNT"", ""SPECIAL_ACCOUNT""]",724744000000,724744000000,3,"[""FUND"", ""GENERAL_ACCOUNT"", ""SPECIAL_ACCOUNT""]",False,False,,1.0,UNAVAILABLE_MIXED_OR_UNLINKED,False,False,0.0,True,0.5,0.0,0.0,0.0,0.751937984496124,0.9107142857142857,False,True,False,False,False,False,False,False,False,18,620387000000,566768000000,-0.08642831007097183,False,False,False,False,14,402977000000,365460000000,-0.09309960618099793,False,False,False,False,0,False,False,1,LIMITED,1,0,True,True,False,MODERATE_OR_CONTEXT_REVIEW,SINGLE_REVIEW,3,DETAILED_PROJECT_REVIEW,표시된 독립 신호의 근거를 확인,PERFORMANCE_BELOW_TARGET,162:2022:통신:정보통신:2100:FUND,3,0.16666666666666666,equal_mean_of_three_signal_components,tiebreak_only,False,69.5,34.0,7.75,8.0,62,False,False,SINGLE_REVIEW,READY_FOR_REVIEW,4,SINGLE_INDEPENDENT_SIGNAL,NOT_ASSESSED,REVIEW_WORKFLOW_ORDER_NOT_POLICY_EFFECTIVENESS_RANK,29,7,172,48
보건복지부,2022,Ⅳ-1,아동보호 및 복지 강화,,,,,아동보호및복지강화,2,2,2,2,0,1,1,MIXED_COMPARABLE,"[""MOHW-2022-IV1-01"", ""MOHW-2022-IV1-02""]",075,EXACT_NAME_UNIQUE_FINANCIAL,True,사회복지,아동·보육,1300,아동보호 및 복지 강화,아동보호 및 복지 강화,GENERAL_ACCOUNT,453361000000,451004000000,438563574020,0.972416151564066,COMPLETE,HIGH,13,13,0,"[""code:2022:075:110:1300:1331:302"", ""code:2022:075:110:1300:1331:303"", ""code:2022:075:110:1300:1331:304"", ""code:2022:075:110:1300:1333:300"", ""code:2022:075:110:1300:1333:301"", ""code:2022:075:110:1300:1334:301"", ""code:2022:075:110:1300:1335:302"", ""code:2022:075:110:1300:1336:303"", ""code:2022:075:110:1300:1337:304"", ""code:2022:075:110:1300:1338:300"", ""code:2022:075:110:1300:1338:314"", ""code:2022:075:110:1300:1339:300"", ""code:2022:075:110:1300:1339:301""]",JOINT_ANALYSIS,FULLY_REPORTED,FULLY_COMPARABLE,False,False,13,453361000000,0.20876299461135828,0,0.0,0,0.0,0,0.0,0,0.0,0,0.0,0,0.0,0,0,0,0.0,0,0.0,MEDIUM,NONE,both,10,10,207124000000,207124000000,236557000000,328472000000,0.14210328112628184,0.5858712655221027,아동보호 및 복지 강화,453361000000,453361000000,1,"[""GENERAL_ACCOUNT""]",237208000000,237208000000,1,"[""GENERAL_ACCOUNT""]",False,True,-0.4767789906939503,1.0,PROGRAM_TOTAL_SINGLE_ACCOUNT,False,453361000000,453361000000,1,"[""GENERAL_ACCOUNT""]",328472000000,328472000000,1,"[""GENERAL_ACCOUNT""]",False,True,-0.27547362918292484,1.0,PROGRAM_TOTAL_SINGLE_ACCOUNT,False,False,0.0,True,0.5,0.0,0.0,0.0,0.7286821705426356,0.6857142857142857,False,True,False,False,False,False,False,False,False,10,207124000000,236557000000,0.14210328112628184,False,False,False,False,10,207124000000,328472000000,0.5858712655221027,False,False,False,False,0,False,False,1,LIMITED,1,0,True,True,False,MODERATE_OR_CONTEXT_REVIEW,SINGLE_REVIEW,3,DETAILED_PROJECT_REVIEW,표시된 독립 신호의 근거를 확인,PERFORMANCE_BELOW_TARGET,075:2022:사회복지:아동·보육:1300:GENERAL_ACCOUNT,3,0.16666666666666666,equal_mean_of_three_signal_components,tiebreak_only,False,73.0,28.0,35.5,15.0,65,False,False,SINGLE_REVIEW,READY_FOR_REVIEW,4,SINGLE_INDEPENDENT_SIGNAL,NOT_ASSESSED,REVIEW_WORKFLOW_ORDER_NOT_POLICY_EFFECTIVENESS_RANK,30,8,173,75
중소벤처기업부,2022,Ⅳ-2,중소기업인력지원,,,,,중소기업인력지원,2,2,2,2,0,1,1,MIXED_COMPARABLE,"[""중기부-2022-IIII2-01"", ""중기부-2022-IIII2-02""]",102,EXACT_NAME,True,산업·중소기업및에너지,중소기업및소상공인육성,5400,중소기업인력지원,중소기업인력지원,GENERAL_ACCOUNT,394312000000,394535391000,391752918490,0.9929474704336474,COMPLETE,HIGH,5,5,0,"[""code:2022:102:110:5400:5431:301"", ""code:2022:102:110:5400:5431:302"", ""code:2022:102:110:5400:5431:305"", ""code:2022:102:110:5400:5441:301"", ""code:2022:102:110:5400:5461:301""]",JOINT_ANALYSIS,FULLY_REPORTED,FULLY_COMPARABLE,False,False,5,394312000000,0.06780671143662886,0,0.0,0,0.0,0,0.0,0,0.0,0,0.0,0,0.0,0,0,0,0.0,0,0.0,MEDIUM,NONE,both,4,4,393312000000,393312000000,326285000000,231315000000,-0.1704168700675291,-0.411879118867464,중소기업인력지원,425917000000,425917000000,2,"[""FUND"", ""GENERAL_ACCOUNT""]",380945000000,380945000000,2,"[""FUND"", ""GENERAL_ACCOUNT""]",False,False,,1.0,UNAVAILABLE_MIXED_OR_UNLINKED,False,425917000000,425917000000,2,"[""FUND"", ""GENERAL_ACCOUNT""]",266857000000,266857000000,2,"[""FUND"", ""GENERAL_ACCOUNT""]",False,False,,1.0,UNAVAILABLE_MIXED_OR_UNLINKED,False,False,0.0,True,0.5,0.0,0.0,0.0,0.7131782945736435,0.6818181818181818,False,True,False,False,False,False,False,False,False,4,393312000000,326285000000,-0.1704168700675291,False,False,False,False,4,393312000000,231315000000,-0.411879118867464,False,False,False,False,0,False,False,1,LIMITED,1,0,True,True,False,MODERATE_OR_CONTEXT_REVIEW,SINGLE_REVIEW,3,DETAILED_PROJECT_REVIEW,표시된 독립 신호의 근거를 확인,PERFORMANCE_BELOW_TARGET,102:2022:산업·중소기업및에너지:중소기업및소상공인육성:5400:GENERAL_ACCOUNT,3,0.16666666666666666,equal_mean_of_three_signal_components,tiebreak_only,False,75.75,29.0,16.75,4.0,70,False,False,SINGLE_REVIEW,READY_FOR_REVIEW,4,SINGLE_INDEPENDENT_SIGNAL,NOT_ASSESSED,REVIEW_WORKFLOW_ORDER_NOT_POLICY_EFFECTIVENESS_RANK,31,14,174,23
보건복지부,2022,Ⅲ-2,국민건강생활실천,,,,,국민건강생활실천,2,2,2,2,0,1,1,MIXED_COMPARABLE,"[""MOHW-2022-III2-01"", ""MOHW-2022-III2-02""]",075,EXACT_NAME_UNIQUE_FINANCIAL,True,보건,보건의료,3300,국민건강생활실천,국민건강생활실천,FUND,374509000000,375293800000,374120203280,0.996872858757592,COMPLETE,HIGH,10,10,0,"[""code:2022:075:542:3300:3332:301"", ""code:2022:075:542:3300:3333:300"", ""code:2022:075:542:3300:3333:301"", ""code:2022:075:542:3300:3334:307"", ""code:2022:075:542:3300:3335:301"", ""code:2022:075:542:3300:3340:300"", ""code:2022:075:542:3300:3343:301"", ""code:2022:075:542:3300:3346:300"", ""code:2022:075:542:3300:3346:301"", ""code:2022:075:542:3300:3346:302""]",JOINT_ANALYSIS,FULLY_REPORTED,FULLY_COMPARABLE,False,False,10,374509000000,0.0,0,0.0,0,0.0,0,0.0,0,0.0,0,0.0,0,0.0,0,0,0,0.0,0,0.0,MEDIUM,NONE,both,8,7,372059000000,370889000000,383557000000,362739000000,0.03090370075713798,-0.021974229486450125,국민건강생활실천,554212000000,554212000000,2,"[""FUND"", ""GENERAL_ACCOUNT""]",557711000000,557711000000,2,"[""FUND"", ""GENERAL_ACCOUNT""]",False,False,,1.0,UNAVAILABLE_MIXED_OR_UNLINKED,False,554212000000,554212000000,2,"[""FUND"", ""GENERAL_ACCOUNT""]",594178000000,594178000000,2,"[""FUND"", ""GENERAL_ACCOUNT""]",False,False,,1.0,UNAVAILABLE_MIXED_OR_UNLINKED,False,False,0.0,True,0.5,0.0,0.0,0.0,0.6976744186046512,0.6571428571428571,False,True,False,False,False,False,False,False,False,8,372059000000,383557000000,0.03090370075713798,False,False,False,False,7,370889000000,362739000000,-0.021974229486450125,False,False,False,False,0,False,False,1,LIMITED,1,0,True,True,False,MODERATE_OR_CONTEXT_REVIEW,SINGLE_REVIEW,3,DETAILED_PROJECT_REVIEW,표시된 독립 신호의 근거를 확인,PERFORMANCE_BELOW_TARGET,075:2022:보건:보건의료:3300:FUND,3,0.16666666666666666,equal_mean_of_three_signal_components,tiebreak_only,False,79.0,30.0,37.25,13.0,74,False,False,SINGLE_REVIEW,READY_FOR_REVIEW,4,SINGLE_INDEPENDENT_SIGNAL,NOT_ASSESSED,REVIEW_WORKFLOW_ORDER_NOT_POLICY_EFFECTIVENESS_RANK,32,9,175,76
보건복지부,2022,Ⅱ-2,공공보건의료확충,,,,,공공보건의료확충,2,2,2,2,0,1,1,MIXED_COMPARABLE,"[""MOHW-2022-II2-01"", ""MOHW-2022-II2-02""]",075,EXACT_NAME_UNIQUE_FINANCIAL,True,보건,보건의료,2700,공공보건의료확충,공공보건의료확충,FUND,337781000000,337786970000,334412569200,0.9900102694902648,COMPLETE,HIGH,6,6,0,"[""code:2022:075:542:2700:2701:300"", ""code:2022:075:542:2700:2701:301"", ""code:2022:075:542:2700:2731:300"", ""code:2022:075:542:2700:2734:302"", ""code:2022:075:542:2700:2735:300"", ""code:2022:075:542:2700:2756:301""]",JOINT_ANALYSIS,FULLY_REPORTED,FULLY_COMPARABLE,False,False,6,337781000000,1.0,0,0.0,0,0.0,0,0.0,0,0.0,0,0.0,0,0.0,6,1,0,0.0,0,0.0,MEDIUM,PROGRAM_BUDGET_CONCENTRATION,both,6,6,337781000000,337781000000,657592000000,145690000000,0.9467998496066978,-0.5686850355703844,공공보건의료확충,4878718000000,4878718000000,3,"[""FUND"", ""GENERAL_ACCOUNT"", ""SPECIAL_ACCOUNT""]",1963361000000,1963361000000,3,"[""FUND"", ""GENERAL_ACCOUNT"", ""SPECIAL_ACCOUNT""]",False,False,,1.0,UNAVAILABLE_MIXED_OR_UNLINKED,False,4878718000000,4878718000000,3,"[""FUND"", ""GENERAL_ACCOUNT"", ""SPECIAL_ACCOUNT""]",580763000000,580763000000,3,"[""FUND"", ""GENERAL_ACCOUNT"", ""SPECIAL_ACCOUNT""]",False,False,,1.0,UNAVAILABLE_MIXED_OR_UNLINKED,False,False,0.0,True,0.5,0.0,0.0,0.0,0.6821705426356589,0.6,False,True,False,False,False,True,False,False,True,6,337781000000,657592000000,0.9467998496066978,True,False,False,True,6,337781000000,145690000000,-0.5686850355703844,True,False,False,False,0,False,False,1,LIMITED,1,1,True,True,False,MODERATE_OR_CONTEXT_REVIEW,SINGLE_REVIEW,3,DETAILED_PROJECT_REVIEW,표시된 독립 신호의 근거를 확인,PERFORMANCE_BELOW_TARGET;PROGRAM_STRUCTURE_CONTEXT,075:2022:보건:보건의료:2700:FUND,3,0.16666666666666666,equal_mean_of_three_signal_components,tiebreak_only,False,81.75,30.0,41.0,12.0,76,False,False,SINGLE_REVIEW,READY_FOR_REVIEW,4,SINGLE_INDEPENDENT_SIGNAL,NOT_ASSESSED,REVIEW_WORKFLOW_ORDER_NOT_POLICY_EFFECTIVENESS_RANK,33,10,176,77
중소벤처기업부,2023,Ⅳ-2,중소기업인력지원,,,,,중소기업인력지원,2,2,2,2,0,1,1,MIXED_COMPARABLE,"[""중기부-2023-IIII2-01"", ""중기부-2023-IIII2-02""]",102,EXACT_NAME,True,산업·중소기업및에너지,중소기업및소상공인육성,5400,중소기업인력지원,중소기업인력지원,GENERAL_ACCOUNT,327285000000,330011833320,325414295700,0.9860685673790917,COMPLETE,HIGH,5,5,0,"[""code:2023:102:110:5400:5431:301"", ""code:2023:102:110:5400:5431:302"", ""code:2023:102:110:5400:5431:305"", ""code:2023:102:110:5400:5441:301"", ""code:2023:102:110:5400:5461:301""]",JOINT_ANALYSIS,FULLY_REPORTED,FULLY_COMPARABLE,False,False,5,327285000000,1.2904593855508195,0,0.0,0,0.0,0,0.0,0,0.0,0,0.0,0,0.0,0,0,1,0.6452296927754098,0,0.0,MEDIUM,MULTIPLE_FINANCIAL_SIGNALS,both,4,,326285000000,,231315000000,,-0.29106456012381815,,중소기업인력지원,380945000000,380945000000,2,"[""FUND"", ""GENERAL_ACCOUNT""]",266857000000,266857000000,2,"[""FUND"", ""GENERAL_ACCOUNT""]",False,False,,1.0,UNAVAILABLE_MIXED_OR_UNLINKED,False,380945000000,380945000000,2,"[""FUND"", ""GENERAL_ACCOUNT""]",,177110000000,2,"[""FUND"", ""GENERAL_ACCOUNT""]",False,False,,1.0,UNAVAILABLE_MIXED_OR_UNLINKED,False,False,0.0,True,0.5,0.0,0.0,0.0,0.7028985507246377,0.7272727272727273,False,True,False,False,False,False,False,False,False,4,326285000000,231315000000,-0.29106456012381815,False,False,False,False,,,,,False,False,False,False,0,False,False,1,LIMITED,1,0,True,True,False,MODERATE_OR_CONTEXT_REVIEW,SINGLE_REVIEW,3,DETAILED_PROJECT_REVIEW,표시된 독립 신호의 근거를 확인,PERFORMANCE_BELOW_TARGET,102:2023:산업·중소기업및에너지:중소기업및소상공인육성:5400:GENERAL_ACCOUNT,3,0.16666666666666666,equal_mean_of_three_signal_components,tiebreak_only,False,77.25,29.0,14.375,4.0,71,False,False,SINGLE_REVIEW,READY_FOR_REVIEW,4,SINGLE_INDEPENDENT_SIGNAL,NOT_ASSESSED,REVIEW_WORKFLOW_ORDER_NOT_POLICY_EFFECTIVENESS_RANK,34,15,177,24
과학기술정보통신부,2022,Ⅰ-1,미래유망원천 기술개발,1100,,,CONFIRMED,미래유망원천기술개발,2,2,2,2,0,1,1,MIXED_COMPARABLE,"[""MSIT-2022-I1-01"", ""MSIT-2022-I1-02""]",162,EXACT_CODE,True,과학기술,과학기술연구개발,1100,미래유망원천기술개발,미래유망원천기술개발,SPECIAL_ACCOUNT,282736000000,282736000000,282736000000,1.0,COMPLETE,HIGH,5,5,0,"[""code:2022:162:236:1100:1158:425"", ""code:2022:162:238:1100:1139:301"", ""code:2022:162:238:1100:1139:304"", ""code:2022:162:238:1100:1139:305"", ""code:2022:162:238:1100:1139:314""]",JOINT_ANALYSIS,FULLY_REPORTED,FULLY_COMPARABLE,False,False,5,282736000000,0.0,0,0.0,0,0.0,0,0.0,0,0.0,0,0.0,0,0.0,0,0,0,0.0,0,0.0,MEDIUM,NONE,both,3,3,271336000000,271336000000,279325000000,234200000000,0.029443199575434148,-0.13686351976884747,미래유망원천기술개발,1204012500000,1204012500000,3,"[""FUND"", ""GENERAL_ACCOUNT"", ""SPECIAL_ACCOUNT""]",1272867000000,1272867000000,3,"[""FUND"", ""GENERAL_ACCOUNT"", ""SPECIAL_ACCOUNT""]",False,False,,1.0,UNAVAILABLE_MIXED_OR_UNLINKED,False,1204012500000,1204012500000,3,"[""FUND"", ""GENERAL_ACCOUNT"", ""SPECIAL_ACCOUNT""]",1187465000000,1187465000000,3,"[""FUND"", ""GENERAL_ACCOUNT"", ""SPECIAL_ACCOUNT""]",False,False,,1.0,UNAVAILABLE_MIXED_OR_UNLINKED,False,False,0.0,True,0.5,0.0,0.0,0.0,0.6434108527131783,0.8392857142857143,False,True,False,False,False,False,False,False,False,3,271336000000,279325000000,0.029443199575434148,False,False,False,False,3,271336000000,234200000000,-0.13686351976884747,False,False,False,False,0,False,False,1,LIMITED,1,0,True,True,False,MODERATE_OR_CONTEXT_REVIEW,SINGLE_REVIEW,3,DETAILED_PROJECT_REVIEW,표시된 독립 신호의 근거를 확인,PERFORMANCE_BELOW_TARGET,162:2022:과학기술:과학기술연구개발:1100:SPECIAL_ACCOUNT,3,0.16666666666666666,equal_mean_of_three_signal_components,tiebreak_only,False,87.75,32.0,8.75,8.0,80,False,False,SINGLE_REVIEW,READY_FOR_REVIEW,4,SINGLE_INDEPENDENT_SIGNAL,NOT_ASSESSED,REVIEW_WORKFLOW_ORDER_NOT_POLICY_EFFECTIVENESS_RANK,35,8,178,49
과학기술정보통신부,2023,Ⅴ-6,국가사회정보화,,,,,국가사회정보화,2,2,2,2,0,1,1,MIXED_COMPARABLE,"[""MSIT-2023-V6-01"", ""MSIT-2023-V6-02""]",162,EXACT_NAME,True,일반·지방행정,정부자원관리,1900,국가사회정보화,국가사회정보화,GENERAL_ACCOUNT,202573000000,202573000000,202571271570,0.9999914676190804,COMPLETE,HIGH,12,12,0,"[""code:2023:162:110:1900:1935:500"", ""code:2023:162:110:1900:1935:503"", ""code:2023:162:110:1900:1935:504"", ""code:2023:162:110:1900:1943:306"", ""code:2023:162:110:1900:1943:506"", ""code:2023:162:110:1900:1945:501"", ""code:2023:162:110:1900:1945:504"", ""code:2023:162:110:1900:1946:501"", ""code:2023:162:110:1900:1946:502"", ""code:2023:162:110:1900:1946:505"", ""code:2023:162:110:1900:1946:507"", ""code:2023:162:110:1900:1948:500""]",JOINT_ANALYSIS,FULLY_REPORTED,FULLY_COMPARABLE,False,False,12,202573000000,0.23040089251775903,0,0.0,0,0.0,0,0.0,0,0.0,0,0.0,0,0.0,0,0,0,0.0,0,0.0,MEDIUM,NONE,both,10,,181070000000,,91634000000,,-0.4939305241066991,,국가사회정보화,202573000000,202573000000,1,"[""GENERAL_ACCOUNT""]",127319000000,127319000000,2,"[""GENERAL_ACCOUNT"", ""SPECIAL_ACCOUNT""]",False,False,,1.0,UNAVAILABLE_MIXED_OR_UNLINKED,False,202573000000,202573000000,1,"[""GENERAL_ACCOUNT""]",,146245000000,2,"[""GENERAL_ACCOUNT"", ""SPECIAL_ACCOUNT""]",False,False,,1.0,UNAVAILABLE_MIXED_OR_UNLINKED,False,False,0.0,True,0.5,0.0,0.0,0.0,0.6304347826086957,0.8103448275862069,False,True,False,False,False,False,False,False,False,10,181070000000,91634000000,-0.4939305241066991,False,False,False,False,,,,,False,False,False,False,0,False,False,1,LIMITED,1,0,True,True,False,MODERATE_OR_CONTEXT_REVIEW,SINGLE_REVIEW,3,DETAILED_PROJECT_REVIEW,표시된 독립 신호의 근거를 확인,PERFORMANCE_BELOW_TARGET,162:2023:일반·지방행정:정부자원관리:1900:GENERAL_ACCOUNT,3,0.16666666666666666,equal_mean_of_three_signal_components,tiebreak_only,False,90.0,32.0,10.25,8.0,84,False,False,SINGLE_REVIEW,READY_FOR_REVIEW,4,SINGLE_INDEPENDENT_SIGNAL,NOT_ASSESSED,REVIEW_WORKFLOW_ORDER_NOT_POLICY_EFFECTIVENESS_RANK,36,9,179,50
과학기술정보통신부,2022,Ⅳ-1,콘텐츠방송산업 육성,,,,,콘텐츠방송산업육성,2,2,2,2,0,1,1,MIXED_COMPARABLE,"[""MSIT-2022-IV1-01"", ""MSIT-2022-IV1-02""]",162,EXACT_NAME_UNIQUE_FINANCIAL,True,문화및관광,문화예술,1100,콘텐츠방송산업육성,콘텐츠방송산업육성,FUND,190408000000,190408000000,190407076240,0.9999951485231712,COMPLETE,HIGH,7,7,0,"[""code:2022:162:564:1100:1131:301"", ""code:2022:162:564:1100:1131:308"", ""code:2022:162:564:1100:1139:303"", ""code:2022:162:564:1100:1140:301"", ""code:2022:162:564:1100:1141:305"", ""code:2022:162:564:1100:1141:308"", ""code:2022:162:564:1100:1141:500""]",JOINT_ANALYSIS,FULLY_REPORTED,FULLY_COMPARABLE,False,False,7,190408000000,0.10387168606361077,0,0.0,0,0.0,0,0.0,0,0.0,0,0.0,0,0.0,0,0,0,0.0,0,0.0,MEDIUM,NONE,both,7,7,190408000000,190408000000,192161000000,131935000000,0.009206545943447754,-0.30709318936179153,콘텐츠방송산업육성,272691000000,272691000000,2,"[""FUND"", ""GENERAL_ACCOUNT""]",275251000000,275251000000,2,"[""FUND"", ""GENERAL_ACCOUNT""]",False,False,,1.0,UNAVAILABLE_MIXED_OR_UNLINKED,False,272691000000,272691000000,2,"[""FUND"", ""GENERAL_ACCOUNT""]",195220000000,195220000000,2,"[""FUND"", ""GENERAL_ACCOUNT""]",False,False,,1.0,UNAVAILABLE_MIXED_OR_UNLINKED,False,False,0.0,True,0.5,0.0,0.0,0.0,0.5968992248062015,0.8035714285714286,False,True,False,False,False,False,False,False,True,7,190408000000,192161000000,0.009206545943447754,True,False,False,True,7,190408000000,131935000000,-0.30709318936179153,True,False,False,False,0,False,False,1,LIMITED,1,0,True,True,False,MODERATE_OR_CONTEXT_REVIEW,SINGLE_REVIEW,3,DETAILED_PROJECT_REVIEW,표시된 독립 신호의 근거를 확인,PERFORMANCE_BELOW_TARGET,162:2022:문화및관광:문화예술:1100:FUND,3,0.16666666666666666,equal_mean_of_three_signal_components,tiebreak_only,False,95.25,33.0,11.75,9.0,91,False,False,SINGLE_REVIEW,READY_FOR_REVIEW,4,SINGLE_INDEPENDENT_SIGNAL,NOT_ASSESSED,REVIEW_WORKFLOW_ORDER_NOT_POLICY_EFFECTIVENESS_RANK,37,10,180,51
과학기술정보통신부,2022,Ⅳ-5,정보통신융합 산업,,,,,정보통신융합산업,2,2,2,2,0,1,1,MIXED_COMPARABLE,"[""MSIT-2022-IV5-01"", ""MSIT-2022-IV5-02""]",162,EXACT_NAME_UNIQUE_FINANCIAL,True,통신,정보통신,2100,정보통신융합산업,정보통신융합산업,GENERAL_ACCOUNT,146843000000,146928000000,144854524240,0.985887810628335,COMPLETE,HIGH,20,20,0,"[""code:2022:162:110:2100:2132:301"", ""code:2022:162:110:2100:2132:302"", ""code:2022:162:110:2100:2132:307"", ""code:2022:162:110:2100:2132:321"", ""code:2022:162:110:2100:2132:324"", ""code:2022:162:110:2100:2132:327"", ""code:2022:162:110:2100:2132:328"", ""code:2022:162:110:2100:2132:330"", ""code:2022:162:110:2100:2132:331"", ""code:2022:162:110:2100:2132:332"", ""code:2022:162:110:2100:2132:336"", ""code:2022:162:110:2100:2132:337"", ""code:2022:162:110:2100:2132:339"", ""code:2022:162:110:2100:2134:401"", ""code:2022:162:110:2100:2136:301"", ""code:2022:162:110:2100:2137:301"", ""code:2022:162:110:2100:2137:303"", ""code:2022:162:110:2100:2137:310"", ""code:2022:162:110:2100:2137:325"", ""code:2022:162:110:2100:2137:341""]",JOINT_ANALYSIS,FULLY_REPORTED,FULLY_COMPARABLE,False,False,20,146843000000,0.028983335943831165,0,0.0,0,0.0,0,0.0,0,0.0,0,0.0,0,0.0,0,0,0,0.0,0,0.0,MEDIUM,NONE,both,12,11,112612000000,99643000000,127829000000,81368000000,0.13512769509466133,-0.18340475497526168,정보통신융합산업,874013000000,874013000000,3,"[""FUND"", ""GENERAL_ACCOUNT"", ""SPECIAL_ACCOUNT""]",780900000000,780900000000,3,"[""FUND"", ""GENERAL_ACCOUNT"", ""SPECIAL_ACCOUNT""]",False,False,,1.0,UNAVAILABLE_MIXED_OR_UNLINKED,False,874013000000,874013000000,3,"[""FUND"", ""GENERAL_ACCOUNT"", ""SPECIAL_ACCOUNT""]",724744000000,724744000000,3,"[""FUND"", ""GENERAL_ACCOUNT"", ""SPECIAL_ACCOUNT""]",False,False,,1.0,UNAVAILABLE_MIXED_OR_UNLINKED,False,False,0.0,True,0.5,0.0,0.0,0.0,0.5503875968992248,0.7142857142857143,False,True,False,False,False,False,False,False,False,12,112612000000,127829000000,0.13512769509466133,False,False,False,False,11,99643000000,81368000000,-0.18340475497526168,False,False,False,False,0,False,False,1,LIMITED,1,0,True,True,False,MODERATE_OR_CONTEXT_REVIEW,SINGLE_REVIEW,3,DETAILED_PROJECT_REVIEW,표시된 독립 신호의 근거를 확인,PERFORMANCE_BELOW_TARGET,162:2022:통신:정보통신:2100:GENERAL_ACCOUNT,3,0.16666666666666666,equal_mean_of_three_signal_components,tiebreak_only,False,101.25,36.0,15.0,8.0,100,False,False,SINGLE_REVIEW,READY_FOR_REVIEW,4,SINGLE_INDEPENDENT_SIGNAL,NOT_ASSESSED,REVIEW_WORKFLOW_ORDER_NOT_POLICY_EFFECTIVENESS_RANK,38,11,181,52
중소벤처기업부,2022,I-2,지역중소기업육성,,,,,지역중소기업육성,2,2,2,2,0,1,1,MIXED_COMPARABLE,"[""중기부-2022-I2-01"", ""중기부-2022-I2-02""]",102,EXACT_NAME,True,산업·중소기업및에너지,중소기업및소상공인육성,3300,지역중소기업육성,지역중소기업육성,SPECIAL_ACCOUNT,143217000000,143217000000,143217000000,1.0,COMPLETE,HIGH,8,8,0,"[""code:2022:102:236:3300:3336:302"", ""code:2022:102:236:3300:3336:303"", ""code:2022:102:236:3300:3336:304"", ""code:2022:102:236:3300:3336:320"", ""code:2022:102:236:3300:3336:327"", ""code:2022:102:236:3300:3336:328"", ""code:2022:102:236:3300:3339:305"", ""code:2022:102:236:3300:3339:306"", ""code:2022:102:236:3300:3339:307"", ""code:2022:102:236:3300:3339:310""]",JOINT_ANALYSIS,FULLY_REPORTED,FULLY_COMPARABLE,False,False,8,143217000000,0.0,0,0.0,0,0.0,0,0.0,0,0.0,0,0.0,0,0.0,0,0,0,0.0,0,0.0,MEDIUM,NONE,both,4,4,124524000000,124524000000,73501000000,35808000000,-0.4097443063184607,-0.7124409752336899,지역중소기업육성,162013000000,162013000000,2,"[""GENERAL_ACCOUNT"", ""SPECIAL_ACCOUNT""]",96166000000,96166000000,2,"[""GENERAL_ACCOUNT"", ""SPECIAL_ACCOUNT""]",False,False,,1.0,UNAVAILABLE_MIXED_OR_UNLINKED,False,162013000000,162013000000,2,"[""GENERAL_ACCOUNT"", ""SPECIAL_ACCOUNT""]",56509000000,56509000000,2,"[""GENERAL_ACCOUNT"", ""SPECIAL_ACCOUNT""]",False,False,,1.0,UNAVAILABLE_MIXED_OR_UNLINKED,False,False,0.0,True,0.5,0.0,0.0,0.0,0.5348837209302325,0.5,False,True,False,False,False,False,False,False,False,4,124524000000,73501000000,-0.4097443063184607,False,False,False,False,4,124524000000,35808000000,-0.7124409752336899,False,False,False,False,0,False,False,1,LIMITED,1,0,True,True,False,MODERATE_OR_CONTEXT_REVIEW,SINGLE_REVIEW,3,DETAILED_PROJECT_REVIEW,표시된 독립 신호의 근거를 확인,PERFORMANCE_BELOW_TARGET,102:2022:산업·중소기업및에너지:중소기업및소상공인육성:3300:SPECIAL_ACCOUNT,3,0.16666666666666666,equal_mean_of_three_signal_components,tiebreak_only,False,102.75,37.0,21.25,8.0,101,False,False,SINGLE_REVIEW,READY_FOR_REVIEW,4,SINGLE_INDEPENDENT_SIGNAL,NOT_ASSESSED,REVIEW_WORKFLOW_ORDER_NOT_POLICY_EFFECTIVENESS_RANK,39,16,182,25
보건복지부,2022,Ⅱ-4,보건산업육성,,,,,보건산업육성,2,2,2,2,0,1,1,MIXED_COMPARABLE,"[""MOHW-2022-II4-01"", ""MOHW-2022-II4-02""]",075,EXACT_NAME_UNIQUE_FINANCIAL,True,보건,보건의료,3000,보건산업육성,보건산업육성,SPECIAL_ACCOUNT,82761000000,82761000000,82732221580,0.9996522707555492,COMPLETE,HIGH,1,1,0,"[""code:2022:075:236:3000:3036:301""]",JOINT_ANALYSIS,FULLY_REPORTED,FULLY_COMPARABLE,False,False,1,82761000000,0.0,0,0.0,0,0.0,0,0.0,0,0.0,0,0.0,0,0.0,0,0,0,0.0,0,0.0,MEDIUM,NONE,both,1,1,82761000000,82761000000,51956000000,60362000000,-0.3722163821123476,-0.270646802237769,보건산업육성,1006757500000,1006757500000,3,"[""FUND"", ""GENERAL_ACCOUNT"", ""SPECIAL_ACCOUNT""]",913722000000,913722000000,3,"[""FUND"", ""GENERAL_ACCOUNT"", ""SPECIAL_ACCOUNT""]",False,False,,1.0,UNAVAILABLE_MIXED_OR_UNLINKED,False,1006757500000,1006757500000,3,"[""FUND"", ""GENERAL_ACCOUNT"", ""SPECIAL_ACCOUNT""]",1002246000000,1002246000000,3,"[""FUND"", ""GENERAL_ACCOUNT"", ""SPECIAL_ACCOUNT""]",False,False,,1.0,UNAVAILABLE_MIXED_OR_UNLINKED,False,False,0.0,True,0.5,0.0,0.0,0.0,0.4573643410852713,0.4,False,True,False,False,False,False,False,False,True,1,82761000000,51956000000,-0.3722163821123476,True,False,False,True,1,82761000000,60362000000,-0.270646802237769,True,False,False,False,0,False,False,1,LIMITED,1,0,True,True,False,MODERATE_OR_CONTEXT_REVIEW,SINGLE_REVIEW,3,DETAILED_PROJECT_REVIEW,표시된 독립 신호의 근거를 확인,PERFORMANCE_BELOW_TARGET,075:2022:보건:보건의료:3000:SPECIAL_ACCOUNT,3,0.16666666666666666,equal_mean_of_three_signal_components,tiebreak_only,False,112.25,58.0,49.5,20.0,109,False,False,SINGLE_REVIEW,READY_FOR_REVIEW,4,SINGLE_INDEPENDENT_SIGNAL,NOT_ASSESSED,REVIEW_WORKFLOW_ORDER_NOT_POLICY_EFFECTIVENESS_RANK,40,11,183,78
과학기술정보통신부,2022,Ⅳ-1,콘텐츠방송산업 육성,,,,,콘텐츠방송산업육성,2,2,2,2,0,1,1,MIXED_COMPARABLE,"[""MSIT-2022-IV1-01"", ""MSIT-2022-IV1-02""]",162,EXACT_NAME_UNIQUE_FINANCIAL,True,문화및관광,문화예술,1100,콘텐츠방송산업육성,콘텐츠방송산업육성,GENERAL_ACCOUNT,82283000000,82283000000,81983000000,0.996354046400836,COMPLETE,HIGH,6,6,0,"[""code:2022:162:110:1100:1131:318"", ""code:2022:162:110:1100:1131:319"", ""code:2022:162:110:1100:1131:320"", ""code:2022:162:110:1100:1131:321"", ""code:2022:162:110:1100:1131:501"", ""code:2022:162:110:1100:1134:602""]",JOINT_ANALYSIS,FULLY_REPORTED,FULLY_COMPARABLE,False,False,6,82283000000,0.09114883997909654,0,0.0,0,0.0,0,0.0,0,0.0,0,0.0,0,0.0,0,0,0,0.0,0,0.0,MEDIUM,NONE,both,3,3,38319000000,38319000000,44931000000,52385000000,0.17255147576920066,0.367076385083118,콘텐츠방송산업육성,272691000000,272691000000,2,"[""FUND"", ""GENERAL_ACCOUNT""]",275251000000,275251000000,2,"[""FUND"", ""GENERAL_ACCOUNT""]",False,False,,1.0,UNAVAILABLE_MIXED_OR_UNLINKED,False,272691000000,272691000000,2,"[""FUND"", ""GENERAL_ACCOUNT""]",195220000000,195220000000,2,"[""FUND"", ""GENERAL_ACCOUNT""]",False,False,,1.0,UNAVAILABLE_MIXED_OR_UNLINKED,False,False,0.0,True,0.5,0.0,0.0,0.0,0.43410852713178294,0.5535714285714286,False,True,False,False,False,False,False,False,False,3,38319000000,44931000000,0.17255147576920066,False,False,False,False,3,38319000000,52385000000,0.367076385083118,False,False,False,False,0,False,False,1,LIMITED,1,0,True,True,False,MODERATE_OR_CONTEXT_REVIEW,SINGLE_REVIEW,3,DETAILED_PROJECT_REVIEW,표시된 독립 신호의 근거를 확인,PERFORMANCE_BELOW_TARGET,162:2022:문화및관광:문화예술:1100:GENERAL_ACCOUNT,3,0.16666666666666666,equal_mean_of_three_signal_components,tiebreak_only,False,116.5,60.0,22.0,17.0,111,False,False,SINGLE_REVIEW,READY_FOR_REVIEW,4,SINGLE_INDEPENDENT_SIGNAL,NOT_ASSESSED,REVIEW_WORKFLOW_ORDER_NOT_POLICY_EFFECTIVENESS_RANK,41,12,184,53
과학기술정보통신부,2022,Ⅰ-1,미래유망원천 기술개발,1100,,,CONFIRMED,미래유망원천기술개발,2,2,2,2,0,1,1,MIXED_COMPARABLE,"[""MSIT-2022-I1-01"", ""MSIT-2022-I1-02""]",162,EXACT_CODE,True,과학기술,과학기술연구개발,1100,미래유망원천기술개발,미래유망원천기술개발,FUND,65856000000,65856000000,65856000000,1.0,COMPLETE,HIGH,1,1,0,"[""code:2022:162:546:1100:1139:402""]",JOINT_ANALYSIS,FULLY_REPORTED,FULLY_COMPARABLE,False,False,1,65856000000,0.0,0,0.0,0,0.0,0,0.0,0,0.0,0,0.0,0,0.0,0,0,0,0.0,0,0.0,MEDIUM,NONE,both,1,1,65856000000,65856000000,56980000000,40933000000,-0.13477891156462585,-0.3784469144800777,미래유망원천기술개발,1204012500000,1204012500000,3,"[""FUND"", ""GENERAL_ACCOUNT"", ""SPECIAL_ACCOUNT""]",1272867000000,1272867000000,3,"[""FUND"", ""GENERAL_ACCOUNT"", ""SPECIAL_ACCOUNT""]",False,False,,1.0,UNAVAILABLE_MIXED_OR_UNLINKED,False,1204012500000,1204012500000,3,"[""FUND"", ""GENERAL_ACCOUNT"", ""SPECIAL_ACCOUNT""]",1187465000000,1187465000000,3,"[""FUND"", ""GENERAL_ACCOUNT"", ""SPECIAL_ACCOUNT""]",False,False,,1.0,UNAVAILABLE_MIXED_OR_UNLINKED,False,False,0.0,True,0.5,0.0,0.0,0.0,0.3798449612403101,0.4642857142857143,False,True,False,False,False,False,False,False,True,1,65856000000,56980000000,-0.13477891156462585,True,False,False,True,1,65856000000,40933000000,-0.3784469144800777,True,False,False,False,0,False,False,1,LIMITED,1,0,True,True,False,MODERATE_OR_CONTEXT_REVIEW,SINGLE_REVIEW,3,DETAILED_PROJECT_REVIEW,표시된 독립 신호의 근거를 확인,PERFORMANCE_BELOW_TARGET,162:2022:과학기술:과학기술연구개발:1100:FUND,3,0.16666666666666666,equal_mean_of_three_signal_components,tiebreak_only,False,124.75,75.0,26.5,23.0,119,False,False,SINGLE_REVIEW,READY_FOR_REVIEW,4,SINGLE_INDEPENDENT_SIGNAL,NOT_ASSESSED,REVIEW_WORKFLOW_ORDER_NOT_POLICY_EFFECTIVENESS_RANK,42,13,185,54
보건복지부,2023,Ⅱ-4,보건산업육성,,,,,보건산업육성,2,2,2,2,0,1,1,MIXED_COMPARABLE,"[""MOHW-2023-II4-01"", ""MOHW-2023-II4-02""]",075,EXACT_NAME_UNIQUE_FINANCIAL,True,보건,보건의료,3000,보건산업육성,보건산업육성,SPECIAL_ACCOUNT,51956000000,51956000000,51956000000,1.0,COMPLETE,HIGH,1,1,0,"[""code:2023:075:236:3000:3036:301""]",JOINT_ANALYSIS,FULLY_REPORTED,FULLY_COMPARABLE,False,False,1,51956000000,0.0,0,0.0,0,0.0,0,0.0,0,0.0,0,0.0,0,0.0,0,0,0,0.0,0,0.0,MEDIUM,NONE,both,1,,51956000000,,60362000000,,0.16179074601585958,,보건산업육성,913722000000,913722000000,3,"[""FUND"", ""GENERAL_ACCOUNT"", ""SPECIAL_ACCOUNT""]",1002246000000,1002246000000,3,"[""FUND"", ""GENERAL_ACCOUNT"", ""SPECIAL_ACCOUNT""]",False,False,,1.0,UNAVAILABLE_MIXED_OR_UNLINKED,False,913722000000,913722000000,3,"[""FUND"", ""GENERAL_ACCOUNT"", ""SPECIAL_ACCOUNT""]",,1139827000000,3,"[""FUND"", ""GENERAL_ACCOUNT"", ""SPECIAL_ACCOUNT""]",False,False,,1.0,UNAVAILABLE_MIXED_OR_UNLINKED,False,False,0.0,True,0.5,0.0,0.0,0.0,0.32608695652173914,0.38461538461538464,False,True,False,False,False,False,False,False,True,1,51956000000,60362000000,0.16179074601585958,True,False,False,False,,,,,False,False,False,False,0,False,False,1,LIMITED,1,0,True,True,False,MODERATE_OR_CONTEXT_REVIEW,SINGLE_REVIEW,3,DETAILED_PROJECT_REVIEW,표시된 독립 신호의 근거를 확인,PERFORMANCE_BELOW_TARGET,075:2023:보건:보건의료:3000:SPECIAL_ACCOUNT,3,0.16666666666666666,equal_mean_of_three_signal_components,tiebreak_only,False,131.25,85.0,51.0,21.0,133,False,False,SINGLE_REVIEW,READY_FOR_REVIEW,4,SINGLE_INDEPENDENT_SIGNAL,NOT_ASSESSED,REVIEW_WORKFLOW_ORDER_NOT_POLICY_EFFECTIVENESS_RANK,43,12,186,79
보건복지부,2022,Ⅱ-4,보건산업육성,,,,,보건산업육성,2,2,2,2,0,1,1,MIXED_COMPARABLE,"[""MOHW-2022-II4-01"", ""MOHW-2022-II4-02""]",075,EXACT_NAME_UNIQUE_FINANCIAL,True,보건,보건의료,3000,보건산업육성,보건산업육성,FUND,51930000000,51930000000,48800000000,0.9397265549778548,COMPLETE,HIGH,5,5,0,"[""code:2022:075:542:3000:3040:300"", ""code:2022:075:542:3000:3040:304"", ""code:2022:075:542:3000:3040:305"", ""code:2022:075:542:3000:3040:306"", ""code:2022:075:542:3000:3040:307""]",JOINT_ANALYSIS,FULLY_REPORTED,FULLY_COMPARABLE,False,False,5,51930000000,0.8646447140381283,0,0.0,0,0.0,0,0.0,0,0.0,0,0.0,0,0.0,0,0,0,0.0,0,0.0,MEDIUM,NONE,both,,,,,,,,,보건산업육성,1006757500000,1006757500000,3,"[""FUND"", ""GENERAL_ACCOUNT"", ""SPECIAL_ACCOUNT""]",913722000000,913722000000,3,"[""FUND"", ""GENERAL_ACCOUNT"", ""SPECIAL_ACCOUNT""]",False,False,,1.0,UNAVAILABLE_MIXED_OR_UNLINKED,False,1006757500000,1006757500000,3,"[""FUND"", ""GENERAL_ACCOUNT"", ""SPECIAL_ACCOUNT""]",1002246000000,1002246000000,3,"[""FUND"", ""GENERAL_ACCOUNT"", ""SPECIAL_ACCOUNT""]",False,False,,1.0,UNAVAILABLE_MIXED_OR_UNLINKED,False,False,0.0,True,0.5,0.0,0.0,0.0,0.3023255813953488,0.37142857142857144,False,True,False,False,False,False,False,False,False,,,,,False,False,False,False,,,,,False,False,False,False,0,False,False,1,LIMITED,1,0,True,True,False,MODERATE_OR_CONTEXT_REVIEW,SINGLE_REVIEW,3,DETAILED_PROJECT_REVIEW,표시된 독립 신호의 근거를 확인,PERFORMANCE_BELOW_TARGET,075:2022:보건:보건의료:3000:FUND,3,0.16666666666666666,equal_mean_of_three_signal_components,tiebreak_only,False,134.75,88.0,52.75,22.0,137,False,False,SINGLE_REVIEW,READY_FOR_REVIEW,4,SINGLE_INDEPENDENT_SIGNAL,NOT_ASSESSED,REVIEW_WORKFLOW_ORDER_NOT_POLICY_EFFECTIVENESS_RANK,44,13,187,80
보건복지부,2022,Ⅱ-2,공공보건의료확충,,,,,공공보건의료확충,2,2,2,2,0,1,1,MIXED_COMPARABLE,"[""MOHW-2022-II2-01"", ""MOHW-2022-II2-02""]",075,EXACT_NAME_UNIQUE_FINANCIAL,True,보건,보건의료,2700,공공보건의료확충,공공보건의료확충,SPECIAL_ACCOUNT,48982000000,48982000000,48982000000,1.0,COMPLETE,HIGH,1,1,0,"[""code:2022:075:213:2700:2732:302""]",JOINT_ANALYSIS,FULLY_REPORTED,FULLY_COMPARABLE,False,False,1,48982000000,1.0,0,0.0,0,0.0,0,0.0,0,0.0,0,0.0,0,0.0,1,1,0,0.0,0,0.0,MEDIUM,PROGRAM_BUDGET_CONCENTRATION,both,,,,,,,,,공공보건의료확충,4878718000000,4878718000000,3,"[""FUND"", ""GENERAL_ACCOUNT"", ""SPECIAL_ACCOUNT""]",1963361000000,1963361000000,3,"[""FUND"", ""GENERAL_ACCOUNT"", ""SPECIAL_ACCOUNT""]",False,False,,1.0,UNAVAILABLE_MIXED_OR_UNLINKED,False,4878718000000,4878718000000,3,"[""FUND"", ""GENERAL_ACCOUNT"", ""SPECIAL_ACCOUNT""]",580763000000,580763000000,3,"[""FUND"", ""GENERAL_ACCOUNT"", ""SPECIAL_ACCOUNT""]",False,False,,1.0,UNAVAILABLE_MIXED_OR_UNLINKED,False,False,0.0,True,0.5,0.0,0.0,0.0,0.29457364341085274,0.34285714285714286,False,True,False,False,False,True,False,False,False,,,,,False,False,False,False,,,,,False,False,False,False,0,False,False,1,LIMITED,1,1,True,True,False,MODERATE_OR_CONTEXT_REVIEW,SINGLE_REVIEW,3,DETAILED_PROJECT_REVIEW,표시된 독립 신호의 근거를 확인,PERFORMANCE_BELOW_TARGET;PROGRAM_STRUCTURE_CONTEXT,075:2022:보건:보건의료:2700:SPECIAL_ACCOUNT,3,0.16666666666666666,equal_mean_of_three_signal_components,tiebreak_only,False,136.25,88.0,54.75,25.0,138,False,False,SINGLE_REVIEW,READY_FOR_REVIEW,4,SINGLE_INDEPENDENT_SIGNAL,NOT_ASSESSED,REVIEW_WORKFLOW_ORDER_NOT_POLICY_EFFECTIVENESS_RANK,45,14,188,81
중소벤처기업부,2022,Ⅳ-2,중소기업인력지원,,,,,중소기업인력지원,2,2,2,2,0,1,1,MIXED_COMPARABLE,"[""중기부-2022-IIII2-01"", ""중기부-2022-IIII2-02""]",102,EXACT_NAME,True,산업·중소기업및에너지,중소기업및소상공인육성,5400,중소기업인력지원,중소기업인력지원,FUND,31605000000,31605000000,31147275634,0.9855173432684702,COMPLETE,HIGH,3,3,0,"[""code:2022:102:584:5400:5451:307"", ""code:2022:102:584:5400:5451:309"", ""code:2022:102:584:5400:5452:301""]",JOINT_ANALYSIS,FULLY_REPORTED,FULLY_COMPARABLE,False,False,3,31605000000,0.0,0,0.0,0,0.0,0,0.0,0,0.0,0,0.0,0,0.0,0,0,0,0.0,0,0.0,MEDIUM,NONE,both,3,3,31605000000,31605000000,52485000000,35376000000,0.6606549596582819,0.11931656383483626,중소기업인력지원,425917000000,425917000000,2,"[""FUND"", ""GENERAL_ACCOUNT""]",380945000000,380945000000,2,"[""FUND"", ""GENERAL_ACCOUNT""]",False,False,,1.0,UNAVAILABLE_MIXED_OR_UNLINKED,False,425917000000,425917000000,2,"[""FUND"", ""GENERAL_ACCOUNT""]",266857000000,266857000000,2,"[""FUND"", ""GENERAL_ACCOUNT""]",False,False,,1.0,UNAVAILABLE_MIXED_OR_UNLINKED,False,False,0.0,True,0.5,0.0,0.0,0.0,0.23255813953488372,0.18181818181818182,False,True,False,False,False,False,False,False,True,3,31605000000,52485000000,0.6606549596582819,True,False,False,True,3,31605000000,35376000000,0.11931656383483626,True,False,False,False,0,False,False,1,LIMITED,1,0,True,True,False,MODERATE_OR_CONTEXT_REVIEW,SINGLE_REVIEW,3,DETAILED_PROJECT_REVIEW,표시된 독립 신호의 근거를 확인,PERFORMANCE_BELOW_TARGET,102:2022:산업·중소기업및에너지:중소기업및소상공인육성:5400:FUND,3,0.16666666666666666,equal_mean_of_three_signal_components,tiebreak_only,False,143.25,99.0,29.25,18.0,147,False,False,SINGLE_REVIEW,READY_FOR_REVIEW,4,SINGLE_INDEPENDENT_SIGNAL,NOT_ASSESSED,REVIEW_WORKFLOW_ORDER_NOT_POLICY_EFFECTIVENESS_RANK,46,17,189,26
보건복지부,2023,Ⅱ-4,보건산업육성,,,,,보건산업육성,2,2,2,2,0,1,1,MIXED_COMPARABLE,"[""MOHW-2023-II4-01"", ""MOHW-2023-II4-02""]",075,EXACT_NAME_UNIQUE_FINANCIAL,True,보건,보건의료,3000,보건산업육성,보건산업육성,FUND,27889000000,27889000000,27889000000,1.0,COMPLETE,HIGH,3,3,0,"[""code:2023:075:542:3000:3040:305"", ""code:2023:075:542:3000:3040:307"", ""code:2023:075:542:3000:3040:309""]",JOINT_ANALYSIS,FULLY_REPORTED,FULLY_COMPARABLE,False,False,3,27889000000,0.0,0,0.0,0,0.0,0,0.0,0,0.0,0,0.0,0,0.0,0,0,0,0.0,0,0.0,MEDIUM,NONE,both,1,,5000000000,,6110000000,,0.222,,보건산업육성,913722000000,913722000000,3,"[""FUND"", ""GENERAL_ACCOUNT"", ""SPECIAL_ACCOUNT""]",1002246000000,1002246000000,3,"[""FUND"", ""GENERAL_ACCOUNT"", ""SPECIAL_ACCOUNT""]",False,False,,1.0,UNAVAILABLE_MIXED_OR_UNLINKED,False,913722000000,913722000000,3,"[""FUND"", ""GENERAL_ACCOUNT"", ""SPECIAL_ACCOUNT""]",,1139827000000,3,"[""FUND"", ""GENERAL_ACCOUNT"", ""SPECIAL_ACCOUNT""]",False,False,,1.0,UNAVAILABLE_MIXED_OR_UNLINKED,False,False,0.0,True,0.5,0.0,0.0,0.0,0.2318840579710145,0.28205128205128205,False,True,False,False,False,False,False,False,False,1,5000000000,6110000000,0.222,False,False,False,False,,,,,False,False,False,False,0,False,False,1,LIMITED,1,0,True,True,False,MODERATE_OR_CONTEXT_REVIEW,SINGLE_REVIEW,3,DETAILED_PROJECT_REVIEW,표시된 독립 신호의 근거를 확인,PERFORMANCE_BELOW_TARGET,075:2023:보건:보건의료:3000:FUND,3,0.16666666666666666,equal_mean_of_three_signal_components,tiebreak_only,False,144.5,100.0,57.5,29.0,148,False,False,SINGLE_REVIEW,READY_FOR_REVIEW,4,SINGLE_INDEPENDENT_SIGNAL,NOT_ASSESSED,REVIEW_WORKFLOW_ORDER_NOT_POLICY_EFFECTIVENESS_RANK,47,15,190,82
과학기술정보통신부,2022,Ⅳ-5,정보통신융합 산업,,,,,정보통신융합산업,2,2,2,2,0,1,1,MIXED_COMPARABLE,"[""MSIT-2022-IV5-01"", ""MSIT-2022-IV5-02""]",162,EXACT_NAME_UNIQUE_FINANCIAL,True,통신,정보통신,2100,정보통신융합산업,정보통신융합산업,SPECIAL_ACCOUNT,25367000000,25367000000,25367000000,1.0,COMPLETE,HIGH,3,3,0,"[""code:2022:162:236:2100:2136:301"", ""code:2022:162:238:2100:2132:301"", ""code:2022:162:238:2100:2137:301""]",JOINT_ANALYSIS,FULLY_REPORTED,FULLY_COMPARABLE,False,False,3,25367000000,0.0,0,0.0,0,0.0,0,0.0,0,0.0,0,0.0,0,0.0,0,0,0,0.0,0,0.0,MEDIUM,NONE,both,1,1,12872000000,12872000000,14695000000,16323000000,0.14162523306401492,0.2681013051584835,정보통신융합산업,874013000000,874013000000,3,"[""FUND"", ""GENERAL_ACCOUNT"", ""SPECIAL_ACCOUNT""]",780900000000,780900000000,3,"[""FUND"", ""GENERAL_ACCOUNT"", ""SPECIAL_ACCOUNT""]",False,False,,1.0,UNAVAILABLE_MIXED_OR_UNLINKED,False,874013000000,874013000000,3,"[""FUND"", ""GENERAL_ACCOUNT"", ""SPECIAL_ACCOUNT""]",724744000000,724744000000,3,"[""FUND"", ""GENERAL_ACCOUNT"", ""SPECIAL_ACCOUNT""]",False,False,,1.0,UNAVAILABLE_MIXED_OR_UNLINKED,False,False,0.0,True,0.5,0.0,0.0,0.0,0.21705426356589147,0.2857142857142857,False,True,False,False,False,False,False,False,False,1,12872000000,14695000000,0.14162523306401492,False,False,False,False,1,12872000000,16323000000,0.2681013051584835,False,False,False,False,0,False,False,1,LIMITED,1,0,True,True,False,MODERATE_OR_CONTEXT_REVIEW,SINGLE_REVIEW,3,DETAILED_PROJECT_REVIEW,표시된 독립 신호의 근거를 확인,PERFORMANCE_BELOW_TARGET,162:2022:통신:정보통신:2100:SPECIAL_ACCOUNT,3,0.16666666666666666,equal_mean_of_three_signal_components,tiebreak_only,False,146.75,101.0,32.75,29.0,150,False,False,SINGLE_REVIEW,READY_FOR_REVIEW,4,SINGLE_INDEPENDENT_SIGNAL,NOT_ASSESSED,REVIEW_WORKFLOW_ORDER_NOT_POLICY_EFFECTIVENESS_RANK,48,14,191,55
과학기술정보통신부,2022,Ⅱ-6,평생직업교육 체제 구축,4100,,,CONFIRMED,평생직업교육체제구축,4,2,4,4,0,2,2,MIXED_COMPARABLE,"[""MSIT-2022-II6-01"", ""MSIT-2022-II6-02"", ""MSIT-2022-II6-03"", ""MSIT-2022-II6-04""]",162,EXACT_CODE,True,교육,평생·직업교육,4100,평생직업교육 체제 구축,평생직업교육 체제 구축,GENERAL_ACCOUNT,19364000000,19364000000,19364000000,1.0,COMPLETE,HIGH,1,1,0,"[""code:2022:162:110:4100:4139:301""]",JOINT_ANALYSIS,FULLY_REPORTED,FULLY_COMPARABLE,False,False,1,19364000000,0.0,0,0.0,0,0.0,0,0.0,0,0.0,0,0.0,0,0.0,0,0,0,0.0,0,0.0,MEDIUM,NONE,both,,,,,,,,,평생직업교육 체제 구축,19364000000,19364000000,1,"[""GENERAL_ACCOUNT""]",,,,,False,False,,1.0,UNAVAILABLE_MIXED_OR_UNLINKED,False,19364000000,19364000000,1,"[""GENERAL_ACCOUNT""]",,,,,False,False,,1.0,UNAVAILABLE_MIXED_OR_UNLINKED,False,False,0.0,True,0.5,0.0,0.0,0.0,0.17829457364341086,0.23214285714285715,False,True,False,False,False,False,False,False,False,,,,,False,False,False,False,,,,,False,False,False,False,0,False,False,1,LIMITED,1,0,True,True,False,MODERATE_OR_CONTEXT_REVIEW,SINGLE_REVIEW,3,DETAILED_PROJECT_REVIEW,표시된 독립 신호의 근거를 확인,PERFORMANCE_BELOW_TARGET,162:2022:교육:평생·직업교육:4100:GENERAL_ACCOUNT,3,0.16666666666666666,equal_mean_of_three_signal_components,tiebreak_only,False,151.5,103.0,36.0,32.0,158,False,False,SINGLE_REVIEW,READY_FOR_REVIEW,4,SINGLE_INDEPENDENT_SIGNAL,NOT_ASSESSED,REVIEW_WORKFLOW_ORDER_NOT_POLICY_EFFECTIVENESS_RANK,49,15,192,56
중소벤처기업부,2022,I-2,지역중소기업육성,,,,,지역중소기업육성,2,2,2,2,0,1,1,MIXED_COMPARABLE,"[""중기부-2022-I2-01"", ""중기부-2022-I2-02""]",102,EXACT_NAME,True,산업·중소기업및에너지,중소기업및소상공인육성,3300,지역중소기업육성,지역중소기업육성,GENERAL_ACCOUNT,18796000000,18796000000,18754403520,0.997786950414982,COMPLETE,HIGH,5,5,0,"[""code:2022:102:110:3300:3335:302"", ""code:2022:102:110:3300:3335:304"", ""code:2022:102:110:3300:3337:301"", ""code:2022:102:110:3300:3337:306"", ""code:2022:102:110:3300:3337:307""]",JOINT_ANALYSIS,FULLY_REPORTED,FULLY_COMPARABLE,False,False,5,18796000000,0.0,0,0.0,0,0.0,0,0.0,0,0.0,0,0.0,0,0.0,0,0,0,0.0,0,0.0,MEDIUM,NONE,both,2,1,8074000000,4779000000,10089000000,12385000000,0.24956650978449343,1.5915463486084955,지역중소기업육성,162013000000,162013000000,2,"[""GENERAL_ACCOUNT"", ""SPECIAL_ACCOUNT""]",96166000000,96166000000,2,"[""GENERAL_ACCOUNT"", ""SPECIAL_ACCOUNT""]",False,False,,1.0,UNAVAILABLE_MIXED_OR_UNLINKED,False,162013000000,162013000000,2,"[""GENERAL_ACCOUNT"", ""SPECIAL_ACCOUNT""]",56509000000,56509000000,2,"[""GENERAL_ACCOUNT"", ""SPECIAL_ACCOUNT""]",False,False,,1.0,UNAVAILABLE_MIXED_OR_UNLINKED,False,False,0.0,True,0.5,0.0,0.0,0.0,0.17054263565891473,0.13636363636363635,False,True,False,False,False,False,False,False,False,2,8074000000,10089000000,0.24956650978449343,False,False,False,False,1,4779000000,12385000000,1.5915463486084955,False,False,False,False,0,False,False,1,LIMITED,1,0,True,True,False,MODERATE_OR_CONTEXT_REVIEW,SINGLE_REVIEW,3,DETAILED_PROJECT_REVIEW,표시된 독립 신호의 근거를 확인,PERFORMANCE_BELOW_TARGET,102:2022:산업·중소기업및에너지:중소기업및소상공인육성:3300:GENERAL_ACCOUNT,3,0.16666666666666666,equal_mean_of_three_signal_components,tiebreak_only,False,152.75,103.0,30.5,18.0,161,False,False,SINGLE_REVIEW,READY_FOR_REVIEW,4,SINGLE_INDEPENDENT_SIGNAL,NOT_ASSESSED,REVIEW_WORKFLOW_ORDER_NOT_POLICY_EFFECTIVENESS_RANK,50,18,193,27
보건복지부,2023,Ⅰ-3,장애인생활안정 및 재활 지원,,,,,장애인생활안정및재활지원,2,2,2,2,0,1,1,MIXED_COMPARABLE,"[""MOHW-2023-I3-01"", ""MOHW-2023-I3-02""]",075,EXACT_NAME_UNIQUE_FINANCIAL,True,사회복지,취약계층지원,1500,장애인생활안정 및 재활 지원,장애인생활안정 및 재활 지원,SPECIAL_ACCOUNT,4834000000,4834000000,4683200000,0.9688043028547788,COMPLETE,HIGH,1,1,0,"[""code:2023:075:236:1500:1542:300""]",JOINT_ANALYSIS,FULLY_REPORTED,FULLY_COMPARABLE,False,False,1,4834000000,1.0,0,0.0,0,0.0,0,0.0,0,0.0,0,0.0,0,0.0,0,0,0,0.0,0,0.0,MEDIUM,NONE,both,1,,4834000000,,5982000000,,0.23748448489863466,,장애인생활안정 및 재활 지원,4544508000000,4544508000000,3,"[""FUND"", ""GENERAL_ACCOUNT"", ""SPECIAL_ACCOUNT""]",5041192000000,5041192000000,3,"[""FUND"", ""GENERAL_ACCOUNT"", ""SPECIAL_ACCOUNT""]",False,False,,1.0,UNAVAILABLE_MIXED_OR_UNLINKED,False,4544508000000,4544508000000,3,"[""FUND"", ""GENERAL_ACCOUNT"", ""SPECIAL_ACCOUNT""]",,5439862000000,3,"[""FUND"", ""GENERAL_ACCOUNT"", ""SPECIAL_ACCOUNT""]",False,False,,1.0,UNAVAILABLE_MIXED_OR_UNLINKED,False,False,0.0,True,0.5,0.0,0.0,0.0,0.07971014492753623,0.02564102564102564,False,True,False,False,False,False,False,False,True,1,4834000000,5982000000,0.23748448489863466,True,False,False,False,,,,,False,False,False,False,0,False,False,1,LIMITED,1,0,True,True,False,MODERATE_OR_CONTEXT_REVIEW,SINGLE_REVIEW,3,DETAILED_PROJECT_REVIEW,표시된 독립 신호의 근거를 확인,PERFORMANCE_BELOW_TARGET,075:2023:사회복지:취약계층지원:1500:SPECIAL_ACCOUNT,3,0.16666666666666666,equal_mean_of_three_signal_components,tiebreak_only,False,163.75,118.0,65.5,38.0,177,False,False,SINGLE_REVIEW,READY_FOR_REVIEW,4,SINGLE_INDEPENDENT_SIGNAL,NOT_ASSESSED,REVIEW_WORKFLOW_ORDER_NOT_POLICY_EFFECTIVENESS_RANK,51,16,194,83
고용노동부,2023,Ⅰ-1,고용창출,,,,,고용창출,4,4,4,4,0,1,3,MIXED_COMPARABLE,"[""MOEL-2023-I1-01"", ""MOEL-2023-I1-02"", ""MOEL-2023-I1-03"", ""MOEL-2023-I1-04""]",019,EXACT_NAME_UNIQUE_FINANCIAL,True,사회복지,고용,1000,고용창출,고용창출,SPECIAL_ACCOUNT,255818000000,255818000000,254093242160,0.993257871455488,COMPLETE,HIGH,3,3,0,"[""code:2023:019:236:1000:1037:312"", ""code:2023:019:236:1000:1037:313"", ""code:2023:019:236:1000:1056:317""]",JOINT_ANALYSIS,FULLY_REPORTED,FULLY_COMPARABLE,False,False,3,255818000000,0.5765974247316451,0,0.0,0,0.0,0,0.0,0,0.0,1,0.5765974247316451,0,0.0,0,0,0,0.0,0,0.0,MEDIUM,BUDGET_RAPID_INCREASE,both,1,,147504000000,,106292000000,,-0.27939581299490185,,고용창출,3121643000000,3121643000000,3,"[""FUND"", ""GENERAL_ACCOUNT"", ""SPECIAL_ACCOUNT""]",2026734000000,2026734000000,3,"[""FUND"", ""GENERAL_ACCOUNT"", ""SPECIAL_ACCOUNT""]",False,False,,1.0,UNAVAILABLE_MIXED_OR_UNLINKED,False,3121643000000,3121643000000,3,"[""FUND"", ""GENERAL_ACCOUNT"", ""SPECIAL_ACCOUNT""]",,1974011000000,3,"[""FUND"", ""GENERAL_ACCOUNT"", ""SPECIAL_ACCOUNT""]",False,False,,1.0,UNAVAILABLE_MIXED_OR_UNLINKED,False,False,0.0,True,0.25,0.0,0.0,0.14414935618291128,0.6666666666666666,0.42105263157894735,False,True,False,True,False,False,True,False,False,1,147504000000,106292000000,-0.27939581299490185,False,False,False,False,,,,,False,False,False,False,0,False,False,1,LIMITED,2,0,True,True,False,MULTIPLE_SIGNAL_REVIEW,SINGLE_REVIEW,3,DETAILED_PROJECT_REVIEW,표시된 독립 신호의 근거를 확인,PERFORMANCE_BELOW_TARGET;BUDGET_PERFORMANCE_MISMATCH,019:2023:사회복지:고용:1000:SPECIAL_ACCOUNT,1,0.13138311872763708,equal_mean_of_three_signal_components,tiebreak_only,False,107.25,17.0,24.5,8.0,107,False,False,SINGLE_REVIEW,READY_FOR_REVIEW,4,SINGLE_INDEPENDENT_SIGNAL,NOT_ASSESSED,REVIEW_WORKFLOW_ORDER_NOT_POLICY_EFFECTIVENESS_RANK,52,3,195,29
고용노동부,2023,Ⅳ-2,산업재해예방,,,,,산업재해예방,3,3,3,3,0,1,2,MIXED_COMPARABLE,"[""MOEL-2023-IV2-01"", ""MOEL-2023-IV2-02"", ""MOEL-2023-IV2-03""]",019,EXACT_NAME,True,사회복지,노동,4100,산업재해예방,산업재해예방,FUND,1198698000000,1198698000000,1141047910130,0.9519060765347068,COMPLETE,HIGH,11,11,0,"[""code:2023:019:523:4100:4151:350"", ""code:2023:019:523:4100:4151:351"", ""code:2023:019:523:4100:4152:350"", ""code:2023:019:523:4100:4152:351"", ""code:2023:019:523:4100:4152:352"", ""code:2023:019:523:4100:4152:353"", ""code:2023:019:523:4100:4152:355"", ""code:2023:019:523:4100:4154:350"", ""code:2023:019:523:4100:4154:351"", ""code:2023:019:523:4100:4155:350"", ""code:2023:019:523:4100:4155:351""]",JOINT_ANALYSIS,FULLY_REPORTED,FULLY_COMPARABLE,False,False,11,1198698000000,0.5752858518158869,0,0.0,0,0.0,0,0.0,0,0.0,1,0.00737717089709001,0,0.0,0,0,2,0.024917869221438595,0,0.0,MEDIUM,BUDGET_RAPID_INCREASE;MULTIPLE_FINANCIAL_SIGNALS,both,11,,1198698000000,,1285544000000,,0.07245027521527524,,산업재해예방,1292459000000,1292459000000,3,"[""FUND"", ""GENERAL_ACCOUNT"", ""SPECIAL_ACCOUNT""]",1377392000000,1377392000000,3,"[""FUND"", ""GENERAL_ACCOUNT"", ""SPECIAL_ACCOUNT""]",False,False,,1.0,UNAVAILABLE_MIXED_OR_UNLINKED,False,1292459000000,1292459000000,3,"[""FUND"", ""GENERAL_ACCOUNT"", ""SPECIAL_ACCOUNT""]",,1443755000000,3,"[""FUND"", ""GENERAL_ACCOUNT"", ""SPECIAL_ACCOUNT""]",False,False,,1.0,UNAVAILABLE_MIXED_OR_UNLINKED,False,False,0.0,True,0.3333333333333333,0.0,0.0,0.0024590569656966696,0.8333333333333334,0.6842105263157895,False,True,False,True,False,False,True,False,True,11,1198698000000,1285544000000,0.07245027521527524,True,False,False,False,,,,,False,False,False,False,0,False,False,1,LIMITED,2,0,True,True,False,MULTIPLE_SIGNAL_REVIEW,SINGLE_REVIEW,3,DETAILED_PROJECT_REVIEW,표시된 독립 신호의 근거를 확인,PERFORMANCE_BELOW_TARGET;BUDGET_PERFORMANCE_MISMATCH,019:2023:사회복지:노동:4100:FUND,1,0.11193079676634332,equal_mean_of_three_signal_components,tiebreak_only,False,88.0,56.0,19.0,5.0,81,False,False,SINGLE_REVIEW,READY_FOR_REVIEW,4,SINGLE_INDEPENDENT_SIGNAL,NOT_ASSESSED,REVIEW_WORKFLOW_ORDER_NOT_POLICY_EFFECTIVENESS_RANK,53,4,196,30
고용노동부,2023,Ⅱ-2,고용안전망확충,,,,,고용안전망확충,3,3,3,3,0,1,2,MIXED_COMPARABLE,"[""MOEL-2023-II2-01"", ""MOEL-2023-II2-02"", ""MOEL-2023-II2-03""]",019,EXACT_NAME_UNIQUE_FINANCIAL,True,사회복지,고용,1200,고용안전망확충,고용안전망확충,FUND,11870315000000,11870315000000,11824226118700,0.9961172992207872,COMPLETE,HIGH,4,4,0,"[""code:2023:019:541:1200:1280:350"", ""code:2023:019:541:1200:1280:351"", ""code:2023:019:541:1200:1292:350"", ""code:2023:019:541:1200:1293:350""]",JOINT_ANALYSIS,FULLY_REPORTED,FULLY_COMPARABLE,False,False,4,11870315000000,1.0015801602569099,0,0.0,0,0.0,0,0.0,0,0.0,0,0.0,0,0.0,4,1,1,0.0015801602569097788,0,0.0,LOW,MULTIPLE_FINANCIAL_SIGNALS;PROGRAM_BUDGET_CONCENTRATION,both,4,,11870315000000,,12400364000000,,0.0446533221738429,,고용안전망확충,14212898000000,14212898000000,2,"[""FUND"", ""GENERAL_ACCOUNT""]",14216574000000,14216574000000,2,"[""FUND"", ""GENERAL_ACCOUNT""]",False,False,,1.0,UNAVAILABLE_MIXED_OR_UNLINKED,False,14212898000000,14212898000000,2,"[""FUND"", ""GENERAL_ACCOUNT""]",,15141637000000,2,"[""FUND"", ""GENERAL_ACCOUNT""]",False,False,,1.0,UNAVAILABLE_MIXED_OR_UNLINKED,False,False,0.0,True,0.3333333333333333,0.0,0.0,0.0,0.9782608695652174,1.0,False,True,False,False,False,True,False,False,True,4,11870315000000,12400364000000,0.0446533221738429,True,False,False,False,,,,,False,False,False,False,0,False,False,1,LIMITED,1,1,True,True,False,MODERATE_OR_CONTEXT_REVIEW,SINGLE_REVIEW,3,DETAILED_PROJECT_REVIEW,표시된 독립 신호의 근거를 확인,PERFORMANCE_BELOW_TARGET;PROGRAM_STRUCTURE_CONTEXT,019:2023:사회복지:고용:1200:FUND,3,0.1111111111111111,equal_mean_of_three_signal_components,tiebreak_only,False,73.75,64.0,14.25,10.0,66,False,False,SINGLE_REVIEW,READY_FOR_REVIEW,4,SINGLE_INDEPENDENT_SIGNAL,NOT_ASSESSED,REVIEW_WORKFLOW_ORDER_NOT_POLICY_EFFECTIVENESS_RANK,54,5,197,31
중소벤처기업부,2023,Ⅲ-1,창업환경조성,,,,,창업환경조성,3,3,3,3,0,1,2,MIXED_COMPARABLE,"[""중기부-2023-III1-01"", ""중기부-2023-III1-02"", ""중기부-2023-III1-03""]",102,EXACT_NAME_UNIQUE_FINANCIAL,True,산업·중소기업및에너지,창업및벤처,5100,창업환경조성,창업환경조성,FUND,2860529000000,2860529000000,2859499084162,0.9996399561626538,COMPLETE,HIGH,4,4,0,"[""code:2023:102:584:5100:5152:301"", ""code:2023:102:584:5100:5152:302"", ""code:2023:102:584:5100:5161:301"", ""code:2023:102:584:5100:5161:302""]",JOINT_ANALYSIS,FULLY_REPORTED,FULLY_COMPARABLE,False,False,4,2860529000000,0.0,0,0.0,0,0.0,0,0.0,0,0.0,0,0.0,0,0.0,0,0,0,0.0,0,0.0,MEDIUM,NONE,both,4,,2860529000000,,2728640000000,,-0.04610650687337901,,창업환경조성,3720052000000,3720052000000,3,"[""FUND"", ""GENERAL_ACCOUNT"", ""SPECIAL_ACCOUNT""]",3516897000000,3516897000000,3,"[""FUND"", ""GENERAL_ACCOUNT"", ""SPECIAL_ACCOUNT""]",False,False,,1.0,UNAVAILABLE_MIXED_OR_UNLINKED,False,3720052000000,3720052000000,3,"[""FUND"", ""GENERAL_ACCOUNT"", ""SPECIAL_ACCOUNT""]",,3694086000000,3,"[""FUND"", ""GENERAL_ACCOUNT"", ""SPECIAL_ACCOUNT""]",False,False,,1.0,UNAVAILABLE_MIXED_OR_UNLINKED,False,False,0.0,True,0.3333333333333333,0.0,0.0,0.0,0.9347826086956522,0.9545454545454546,False,True,False,False,False,False,False,False,True,4,2860529000000,2728640000000,-0.04610650687337901,True,False,False,False,,,,,False,False,False,False,0,False,False,1,LIMITED,1,0,True,True,False,MODERATE_OR_CONTEXT_REVIEW,SINGLE_REVIEW,3,DETAILED_PROJECT_REVIEW,표시된 독립 신호의 근거를 확인,PERFORMANCE_BELOW_TARGET,102:2023:산업·중소기업및에너지:창업및벤처:5100:FUND,3,0.1111111111111111,equal_mean_of_three_signal_components,tiebreak_only,False,77.5,61.0,15.0,11.0,73,False,False,SINGLE_REVIEW,READY_FOR_REVIEW,4,SINGLE_INDEPENDENT_SIGNAL,NOT_ASSESSED,REVIEW_WORKFLOW_ORDER_NOT_POLICY_EFFECTIVENESS_RANK,55,19,198,28
중소벤처기업부,2022,Ⅲ-1,창업환경조성,,,,,창업환경조성,3,3,3,3,0,1,2,MIXED_COMPARABLE,"[""중기부-2022-III1-01"", ""중기부-2022-III1-02"", ""중기부-2022-III1-03""]",102,EXACT_NAME,True,산업·중소기업및에너지,창업및벤처,5100,창업환경조성,창업환경조성,FUND,2829489000000,2829489000000,2829309628398,0.9999366063617848,COMPLETE,HIGH,4,4,0,"[""code:2022:102:584:5100:5152:301"", ""code:2022:102:584:5100:5152:302"", ""code:2022:102:584:5100:5161:301"", ""code:2022:102:584:5100:5161:302""]",JOINT_ANALYSIS,FULLY_REPORTED,FULLY_COMPARABLE,False,False,4,2829489000000,0.0,0,0.0,0,0.0,0,0.0,0,0.0,0,0.0,0,0.0,0,0,0,0.0,0,0.0,MEDIUM,NONE,both,4,4,2829489000000,2829489000000,2860529000000,2728640000000,0.010970178714248402,-0.0356421247794213,창업환경조성,3618140000000,3618140000000,3,"[""FUND"", ""GENERAL_ACCOUNT"", ""SPECIAL_ACCOUNT""]",3720052000000,3720052000000,3,"[""FUND"", ""GENERAL_ACCOUNT"", ""SPECIAL_ACCOUNT""]",False,False,,1.0,UNAVAILABLE_MIXED_OR_UNLINKED,False,3618140000000,3618140000000,3,"[""FUND"", ""GENERAL_ACCOUNT"", ""SPECIAL_ACCOUNT""]",3516897000000,3516897000000,3,"[""FUND"", ""GENERAL_ACCOUNT"", ""SPECIAL_ACCOUNT""]",False,False,,1.0,UNAVAILABLE_MIXED_OR_UNLINKED,False,False,0.0,True,0.3333333333333333,0.0,0.0,0.0,0.8992248062015504,0.9090909090909091,False,True,False,False,False,False,False,False,True,4,2829489000000,2860529000000,0.010970178714248402,True,False,False,True,4,2829489000000,2728640000000,-0.0356421247794213,True,False,False,False,0,False,False,1,LIMITED,1,0,True,True,False,MODERATE_OR_CONTEXT_REVIEW,SINGLE_REVIEW,3,DETAILED_PROJECT_REVIEW,표시된 독립 신호의 근거를 확인,PERFORMANCE_BELOW_TARGET,102:2022:산업·중소기업및에너지:창업및벤처:5100:FUND,3,0.1111111111111111,equal_mean_of_three_signal_components,tiebreak_only,False,82.0,60.0,16.25,10.0,77,False,False,SINGLE_REVIEW,READY_FOR_REVIEW,4,SINGLE_INDEPENDENT_SIGNAL,NOT_ASSESSED,REVIEW_WORKFLOW_ORDER_NOT_POLICY_EFFECTIVENESS_RANK,56,20,199,29
고용노동부,2022,Ⅳ-2,산업재해예방,,,,,산업재해예방,3,3,3,3,0,1,2,MIXED_COMPARABLE,"[""MOEL-2022-IV2-01"", ""MOEL-2022-IV2-02"", ""MOEL-2022-IV2-03""]",019,EXACT_NAME_UNIQUE_FINANCIAL,True,사회복지,노동,4100,산업재해예방,산업재해예방,FUND,1092165000000,1092165000000,1073787120330,0.9831729824065044,COMPLETE,HIGH,11,11,0,"[""code:2022:019:523:4100:4151:350"", ""code:2022:019:523:4100:4151:351"", ""code:2022:019:523:4100:4152:350"", ""code:2022:019:523:4100:4152:351"", ""code:2022:019:523:4100:4152:352"", ""code:2022:019:523:4100:4152:353"", ""code:2022:019:523:4100:4152:355"", ""code:2022:019:523:4100:4154:350"", ""code:2022:019:523:4100:4154:351"", ""code:2022:019:523:4100:4154:352"", ""code:2022:019:523:4100:4155:350""]",JOINT_ANALYSIS,FULLY_REPORTED,FULLY_COMPARABLE,False,False,11,1092165000000,0.55140111613172,0,0.0,0,0.0,0,0.0,0,0.0,0,0.0,0,0.0,0,0,0,0.0,0,0.0,MEDIUM,NONE,both,10,10,1086301000000,1086301000000,1191878000000,1267511000000,0.09718945301532449,0.166813802067751,산업재해예방,1183120000000,1183120000000,2,"[""FUND"", ""SPECIAL_ACCOUNT""]",1292459000000,1292459000000,3,"[""FUND"", ""GENERAL_ACCOUNT"", ""SPECIAL_ACCOUNT""]",False,False,,1.0,UNAVAILABLE_MIXED_OR_UNLINKED,False,1183120000000,1183120000000,2,"[""FUND"", ""SPECIAL_ACCOUNT""]",1377392000000,1377392000000,3,"[""FUND"", ""GENERAL_ACCOUNT"", ""SPECIAL_ACCOUNT""]",False,False,,1.0,UNAVAILABLE_MIXED_OR_UNLINKED,False,False,0.0,True,0.3333333333333333,0.0,0.0,0.0,0.8062015503875969,0.5625,False,True,False,False,False,False,False,False,False,10,1086301000000,1191878000000,0.09718945301532449,False,False,False,False,10,1086301000000,1267511000000,0.166813802067751,False,False,False,False,0,False,False,1,LIMITED,1,0,True,True,False,MODERATE_OR_CONTEXT_REVIEW,SINGLE_REVIEW,3,DETAILED_PROJECT_REVIEW,표시된 독립 신호의 근거를 확인,PERFORMANCE_BELOW_TARGET,019:2022:사회복지:노동:4100:FUND,3,0.1111111111111111,equal_mean_of_three_signal_components,tiebreak_only,False,91.875,49.0,22.0,8.0,87,False,False,SINGLE_REVIEW,READY_FOR_REVIEW,4,SINGLE_INDEPENDENT_SIGNAL,NOT_ASSESSED,REVIEW_WORKFLOW_ORDER_NOT_POLICY_EFFECTIVENESS_RANK,57,6,200,32
중소벤처기업부,2022,Ⅲ-1,창업환경조성,,,,,창업환경조성,3,3,3,3,0,1,2,MIXED_COMPARABLE,"[""중기부-2022-III1-01"", ""중기부-2022-III1-02"", ""중기부-2022-III1-03""]",102,EXACT_NAME,True,산업·중소기업및에너지,창업및벤처,5100,창업환경조성,창업환경조성,GENERAL_ACCOUNT,726637000000,726637000000,726636889650,0.9999998481360018,COMPLETE,HIGH,6,6,0,"[""code:2022:102:110:5100:5132:301"", ""code:2022:102:110:5100:5132:302"", ""code:2022:102:110:5100:5132:304"", ""code:2022:102:110:5100:5133:301"", ""code:2022:102:110:5100:5134:301"", ""code:2022:102:110:5100:5134:305""]",JOINT_ANALYSIS,FULLY_REPORTED,FULLY_COMPARABLE,False,False,6,726637000000,0.0,0,0.0,0,0.0,0,0.0,0,0.0,0,0.0,0,0.0,0,0,0,0.0,0,0.0,MEDIUM,NONE,both,5,5,719734000000,719734000000,700807000000,701233000000,-0.026297215360119156,-0.02570533002470357,창업환경조성,3618140000000,3618140000000,3,"[""FUND"", ""GENERAL_ACCOUNT"", ""SPECIAL_ACCOUNT""]",3720052000000,3720052000000,3,"[""FUND"", ""GENERAL_ACCOUNT"", ""SPECIAL_ACCOUNT""]",False,False,,1.0,UNAVAILABLE_MIXED_OR_UNLINKED,False,3618140000000,3618140000000,3,"[""FUND"", ""GENERAL_ACCOUNT"", ""SPECIAL_ACCOUNT""]",3516897000000,3516897000000,3,"[""FUND"", ""GENERAL_ACCOUNT"", ""SPECIAL_ACCOUNT""]",False,False,,1.0,UNAVAILABLE_MIXED_OR_UNLINKED,False,False,0.0,True,0.3333333333333333,0.0,0.0,0.0,0.7596899224806202,0.7727272727272727,False,True,False,False,False,False,False,False,False,5,719734000000,700807000000,-0.026297215360119156,False,False,False,False,5,719734000000,701233000000,-0.02570533002470357,False,False,False,False,0,False,False,1,LIMITED,1,0,True,True,False,MODERATE_OR_CONTEXT_REVIEW,SINGLE_REVIEW,3,DETAILED_PROJECT_REVIEW,표시된 독립 신호의 근거를 확인,PERFORMANCE_BELOW_TARGET,102:2022:산업·중소기업및에너지:창업및벤처:5100:GENERAL_ACCOUNT,3,0.1111111111111111,equal_mean_of_three_signal_components,tiebreak_only,False,101.0,43.0,20.375,9.5,99,False,False,SINGLE_REVIEW,READY_FOR_REVIEW,4,SINGLE_INDEPENDENT_SIGNAL,NOT_ASSESSED,REVIEW_WORKFLOW_ORDER_NOT_POLICY_EFFECTIVENESS_RANK,58,21,201,30
중소벤처기업부,2023,Ⅲ-1,창업환경조성,,,,,창업환경조성,3,3,3,3,0,1,2,MIXED_COMPARABLE,"[""중기부-2023-III1-01"", ""중기부-2023-III1-02"", ""중기부-2023-III1-03""]",102,EXACT_NAME_UNIQUE_FINANCIAL,True,산업·중소기업및에너지,창업및벤처,5100,창업환경조성,창업환경조성,GENERAL_ACCOUNT,707120000000,707120000000,706876003170,0.9996549428244144,COMPLETE,HIGH,8,8,0,"[""code:2023:102:110:5100:5132:301"", ""code:2023:102:110:5100:5132:302"", ""code:2023:102:110:5100:5132:304"", ""code:2023:102:110:5100:5132:314"", ""code:2023:102:110:5100:5133:301"", ""code:2023:102:110:5100:5133:302"", ""code:2023:102:110:5100:5134:301"", ""code:2023:102:110:5100:5134:307""]",JOINT_ANALYSIS,FULLY_REPORTED,FULLY_COMPARABLE,False,False,8,707120000000,0.002828374250480824,0,0.0,0,0.0,0,0.0,0,0.0,0,0.0,0,0.0,0,0,1,0.001414187125240412,0,0.0,MEDIUM,MULTIPLE_FINANCIAL_SIGNALS,both,7,1,706120000000,84523000000,703871000000,,-0.0031850110462810855,,창업환경조성,3720052000000,3720052000000,3,"[""FUND"", ""GENERAL_ACCOUNT"", ""SPECIAL_ACCOUNT""]",3516897000000,3516897000000,3,"[""FUND"", ""GENERAL_ACCOUNT"", ""SPECIAL_ACCOUNT""]",False,False,,1.0,UNAVAILABLE_MIXED_OR_UNLINKED,False,3720052000000,3720052000000,3,"[""FUND"", ""GENERAL_ACCOUNT"", ""SPECIAL_ACCOUNT""]",,3694086000000,3,"[""FUND"", ""GENERAL_ACCOUNT"", ""SPECIAL_ACCOUNT""]",False,False,,1.0,UNAVAILABLE_MIXED_OR_UNLINKED,False,False,0.0,True,0.3333333333333333,0.0,0.0,0.0,0.7753623188405797,0.7727272727272727,False,True,False,False,False,False,False,False,False,7,706120000000,703871000000,-0.0031850110462810855,False,False,False,False,1,84523000000,,,False,False,False,False,0,False,False,1,LIMITED,1,0,True,True,False,MODERATE_OR_CONTEXT_REVIEW,SINGLE_REVIEW,3,DETAILED_PROJECT_REVIEW,표시된 독립 신호의 근거를 확인,PERFORMANCE_BELOW_TARGET,102:2023:산업·중소기업및에너지:창업및벤처:5100:GENERAL_ACCOUNT,3,0.1111111111111111,equal_mean_of_three_signal_components,tiebreak_only,False,98.25,43.0,20.125,8.5,98,False,False,SINGLE_REVIEW,READY_FOR_REVIEW,4,SINGLE_INDEPENDENT_SIGNAL,NOT_ASSESSED,REVIEW_WORKFLOW_ORDER_NOT_POLICY_EFFECTIVENESS_RANK,59,22,202,31
중소벤처기업부,2022,Ⅲ-2,벤처기업활성화지원,,,,,벤처기업활성화지원,3,3,3,3,0,1,2,MIXED_COMPARABLE,"[""중기부-2022-III2-01"", ""중기부-2022-III2-02"", ""중기부-2022-III2-03""]",102,EXACT_NAME,True,산업·중소기업및에너지,창업및벤처,5200,벤처기업활성화지원,벤처기업활성화지원,FUND,461591000000,461591000000,461590504461,0.999998926454372,COMPLETE,HIGH,2,2,0,"[""code:2022:102:584:5200:5263:301"", ""code:2022:102:584:5200:5264:301""]",JOINT_ANALYSIS,FULLY_REPORTED,FULLY_COMPARABLE,False,False,2,461591000000,1.0,0,0.0,0,0.0,0,0.0,0,0.0,0,0.0,0,0.0,2,1,0,0.0,0,0.0,LOW,PROGRAM_BUDGET_CONCENTRATION,both,2,2,461591000000,461591000000,284851000000,450701000000,-0.3828930806709836,-0.023592314408209865,벤처기업활성화지원,576301000000,576301000000,3,"[""FUND"", ""GENERAL_ACCOUNT"", ""SPECIAL_ACCOUNT""]",341150000000,341150000000,3,"[""FUND"", ""GENERAL_ACCOUNT"", ""SPECIAL_ACCOUNT""]",False,False,,1.0,UNAVAILABLE_MIXED_OR_UNLINKED,False,576301000000,576301000000,3,"[""FUND"", ""GENERAL_ACCOUNT"", ""SPECIAL_ACCOUNT""]",464547000000,464547000000,3,"[""FUND"", ""GENERAL_ACCOUNT"", ""SPECIAL_ACCOUNT""]",False,False,,1.0,UNAVAILABLE_MIXED_OR_UNLINKED,False,False,0.0,True,0.3333333333333333,0.0,0.0,0.0,0.7364341085271318,0.7272727272727273,False,True,False,False,False,True,False,False,True,2,461591000000,284851000000,-0.3828930806709836,True,False,False,True,2,461591000000,450701000000,-0.023592314408209865,True,False,False,False,0,False,False,1,LIMITED,1,1,True,True,False,MODERATE_OR_CONTEXT_REVIEW,SINGLE_REVIEW,3,DETAILED_PROJECT_REVIEW,표시된 독립 신호의 근거를 확인,PERFORMANCE_BELOW_TARGET;PROGRAM_STRUCTURE_CONTEXT,102:2022:산업·중소기업및에너지:창업및벤처:5200:FUND,3,0.1111111111111111,equal_mean_of_three_signal_components,tiebreak_only,False,104.25,38.0,22.75,7.0,104,False,False,SINGLE_REVIEW,READY_FOR_REVIEW,4,SINGLE_INDEPENDENT_SIGNAL,NOT_ASSESSED,REVIEW_WORKFLOW_ORDER_NOT_POLICY_EFFECTIVENESS_RANK,60,23,203,32
보건복지부,2023,Ⅳ-5,노인의료보장,,,,,노인의료보장,3,3,3,3,0,1,2,MIXED_COMPARABLE,"[""MOHW-2023-IV5-01"", ""MOHW-2023-IV5-02"", ""MOHW-2023-IV5-03""]",075,EXACT_NAME_UNIQUE_FINANCIAL,True,사회복지,노인,2200,노인의료보장,노인의료보장,FUND,196461000000,196461000000,195660466820,0.9959252310636716,COMPLETE,HIGH,2,2,0,"[""code:2023:075:542:2200:2234:300"", ""code:2023:075:542:2200:2235:304""]",JOINT_ANALYSIS,FULLY_REPORTED,FULLY_COMPARABLE,False,False,2,196461000000,1.0,0,0.0,0,0.0,0,0.0,0,0.0,0,0.0,0,0.0,2,1,0,0.0,0,0.0,MEDIUM,PROGRAM_BUDGET_CONCENTRATION,both,2,,196461000000,,200322000000,,0.019652755508726923,,노인의료보장,2496350000000,2496350000000,3,"[""FUND"", ""GENERAL_ACCOUNT"", ""SPECIAL_ACCOUNT""]",2720165000000,2720165000000,3,"[""FUND"", ""GENERAL_ACCOUNT"", ""SPECIAL_ACCOUNT""]",False,False,,1.0,UNAVAILABLE_MIXED_OR_UNLINKED,False,2496350000000,2496350000000,3,"[""FUND"", ""GENERAL_ACCOUNT"", ""SPECIAL_ACCOUNT""]",,2737762000000,3,"[""FUND"", ""GENERAL_ACCOUNT"", ""SPECIAL_ACCOUNT""]",False,False,,1.0,UNAVAILABLE_MIXED_OR_UNLINKED,False,False,0.0,True,0.3333333333333333,0.0,0.0,0.0,0.6086956521739131,0.48717948717948717,False,True,False,False,False,True,False,False,True,2,196461000000,200322000000,0.019652755508726923,True,False,False,False,,,,,False,False,False,False,0,False,False,1,LIMITED,1,1,True,True,False,MODERATE_OR_CONTEXT_REVIEW,SINGLE_REVIEW,3,DETAILED_PROJECT_REVIEW,표시된 독립 신호의 근거를 확인,PERFORMANCE_BELOW_TARGET;PROGRAM_STRUCTURE_CONTEXT,075:2023:사회복지:노인:2200:FUND,3,0.1111111111111111,equal_mean_of_three_signal_components,tiebreak_only,False,120.0,31.0,55.25,11.0,114,False,False,SINGLE_REVIEW,READY_FOR_REVIEW,4,SINGLE_INDEPENDENT_SIGNAL,NOT_ASSESSED,REVIEW_WORKFLOW_ORDER_NOT_POLICY_EFFECTIVENESS_RANK,61,17,204,84
중소벤처기업부,2023,Ⅲ-1,창업환경조성,,,,,창업환경조성,3,3,3,3,0,1,2,MIXED_COMPARABLE,"[""중기부-2023-III1-01"", ""중기부-2023-III1-02"", ""중기부-2023-III1-03""]",102,EXACT_NAME_UNIQUE_FINANCIAL,True,산업·중소기업및에너지,창업및벤처,5100,창업환경조성,창업환경조성,SPECIAL_ACCOUNT,152403000000,152403000000,152402566360,0.9999971546491868,COMPLETE,HIGH,6,6,0,"[""code:2023:102:236:5100:5151:301"", ""code:2023:102:236:5100:5151:302"", ""code:2023:102:236:5100:5153:301"", ""code:2023:102:236:5100:5153:303"", ""code:2023:102:236:5100:5154:301"", ""code:2023:102:236:5100:5154:302""]",JOINT_ANALYSIS,FULLY_REPORTED,FULLY_COMPARABLE,False,False,6,152403000000,1.8294128068345112,0,0.0,0,0.0,0,0.0,0,0.0,0,0.0,0,0.0,0,0,3,0.9147064034172556,0,0.0,MEDIUM,MULTIPLE_FINANCIAL_SIGNALS,both,5,,142402000000,,77637000000,,-0.4548040055617196,,창업환경조성,3720052000000,3720052000000,3,"[""FUND"", ""GENERAL_ACCOUNT"", ""SPECIAL_ACCOUNT""]",3516897000000,3516897000000,3,"[""FUND"", ""GENERAL_ACCOUNT"", ""SPECIAL_ACCOUNT""]",False,False,,1.0,UNAVAILABLE_MIXED_OR_UNLINKED,False,3720052000000,3720052000000,3,"[""FUND"", ""GENERAL_ACCOUNT"", ""SPECIAL_ACCOUNT""]",,3694086000000,3,"[""FUND"", ""GENERAL_ACCOUNT"", ""SPECIAL_ACCOUNT""]",False,False,,1.0,UNAVAILABLE_MIXED_OR_UNLINKED,False,False,0.0,True,0.3333333333333333,0.0,0.0,0.0,0.5579710144927537,0.5454545454545454,False,True,False,False,False,False,False,False,False,5,142402000000,77637000000,-0.4548040055617196,False,False,False,False,,,,,False,False,False,False,0,False,False,1,LIMITED,1,0,True,True,False,MODERATE_OR_CONTEXT_REVIEW,SINGLE_REVIEW,3,DETAILED_PROJECT_REVIEW,표시된 독립 신호의 근거를 확인,PERFORMANCE_BELOW_TARGET,102:2023:산업·중소기업및에너지:창업및벤처:5100:SPECIAL_ACCOUNT,3,0.1111111111111111,equal_mean_of_three_signal_components,tiebreak_only,False,126.75,33.0,26.75,4.0,125,False,False,SINGLE_REVIEW,READY_FOR_REVIEW,4,SINGLE_INDEPENDENT_SIGNAL,NOT_ASSESSED,REVIEW_WORKFLOW_ORDER_NOT_POLICY_EFFECTIVENESS_RANK,62,24,205,33
과학기술정보통신부,2023,Ⅱ-2,과학기술인력양성,1700,,,CONFIRMED,과학기술인력양성,3,3,3,3,0,1,2,MIXED_COMPARABLE,"[""MSIT-2023-II2-01"", ""MSIT-2023-II2-02"", ""MSIT-2023-II2-03""]",162,EXACT_CODE,True,과학기술,과학기술인력및문화,1700,과학기술인력양성,과학기술인력양성,GENERAL_ACCOUNT,139397000000,139397000000,139397000000,1.0,COMPLETE,HIGH,5,5,0,"[""code:2023:162:110:1700:1738:402"", ""code:2023:162:110:1700:1744:404"", ""code:2023:162:110:1700:1744:411"", ""code:2023:162:110:1700:1744:412"", ""code:2023:162:110:1700:1752:401""]",JOINT_ANALYSIS,FULLY_REPORTED,FULLY_COMPARABLE,False,False,5,139397000000,0.0,0,0.0,0,0.0,0,0.0,0,0.0,0,0.0,0,0.0,0,0,0,0.0,0,0.0,MEDIUM,NONE,both,5,,139397000000,,114048000000,,-0.18184752899990675,,과학기술인력양성,189858000000,189858000000,3,"[""FUND"", ""GENERAL_ACCOUNT"", ""SPECIAL_ACCOUNT""]",156517000000,156517000000,3,"[""FUND"", ""GENERAL_ACCOUNT"", ""SPECIAL_ACCOUNT""]",False,False,,1.0,UNAVAILABLE_MIXED_OR_UNLINKED,False,189858000000,189858000000,3,"[""FUND"", ""GENERAL_ACCOUNT"", ""SPECIAL_ACCOUNT""]",,222463000000,3,"[""FUND"", ""GENERAL_ACCOUNT"", ""SPECIAL_ACCOUNT""]",False,False,,1.0,UNAVAILABLE_MIXED_OR_UNLINKED,False,False,0.0,True,0.3333333333333333,0.0,0.0,0.0,0.5434782608695652,0.6896551724137931,False,True,False,False,False,False,False,False,True,5,139397000000,114048000000,-0.18184752899990675,True,False,False,False,,,,,False,False,False,False,0,False,False,1,LIMITED,1,0,True,True,False,MODERATE_OR_CONTEXT_REVIEW,SINGLE_REVIEW,3,DETAILED_PROJECT_REVIEW,표시된 독립 신호의 근거를 확인,PERFORMANCE_BELOW_TARGET,162:2023:과학기술:과학기술인력및문화:1700:GENERAL_ACCOUNT,3,0.1111111111111111,equal_mean_of_three_signal_components,tiebreak_only,False,130.5,34.0,24.5,13.0,132,False,False,SINGLE_REVIEW,READY_FOR_REVIEW,4,SINGLE_INDEPENDENT_SIGNAL,NOT_ASSESSED,REVIEW_WORKFLOW_ORDER_NOT_POLICY_EFFECTIVENESS_RANK,63,16,206,57
고용노동부,2022,Ⅳ-2,산업재해예방,,,,,산업재해예방,3,3,3,3,0,1,2,MIXED_COMPARABLE,"[""MOEL-2022-IV2-01"", ""MOEL-2022-IV2-02"", ""MOEL-2022-IV2-03""]",019,EXACT_NAME_UNIQUE_FINANCIAL,True,사회복지,노동,4100,산업재해예방,산업재해예방,SPECIAL_ACCOUNT,90955000000,90955000000,90915622430,0.9995670653619922,COMPLETE,HIGH,3,3,0,"[""code:2022:019:216:4100:4131:300"", ""code:2022:019:216:4100:4131:301"", ""code:2022:019:216:4100:4131:304""]",JOINT_ANALYSIS,FULLY_REPORTED,FULLY_COMPARABLE,False,False,3,90955000000,0.0,0,0.0,0,0.0,0,0.0,0,0.0,0,0.0,0,0.0,0,0,0,0.0,0,0.0,MEDIUM,NONE,both,3,3,90955000000,90955000000,89132000000,89566000000,-0.02004287834643505,-0.015271287999560222,산업재해예방,1183120000000,1183120000000,2,"[""FUND"", ""SPECIAL_ACCOUNT""]",1292459000000,1292459000000,3,"[""FUND"", ""GENERAL_ACCOUNT"", ""SPECIAL_ACCOUNT""]",False,False,,1.0,UNAVAILABLE_MIXED_OR_UNLINKED,False,1183120000000,1183120000000,2,"[""FUND"", ""SPECIAL_ACCOUNT""]",1377392000000,1377392000000,3,"[""FUND"", ""GENERAL_ACCOUNT"", ""SPECIAL_ACCOUNT""]",False,False,,1.0,UNAVAILABLE_MIXED_OR_UNLINKED,False,False,0.0,True,0.3333333333333333,0.0,0.0,0.0,0.46511627906976744,0.25,False,True,False,False,False,False,False,False,True,3,90955000000,89132000000,-0.02004287834643505,True,False,False,True,3,90955000000,89566000000,-0.015271287999560222,True,False,False,False,0,False,False,1,LIMITED,1,0,True,True,False,MODERATE_OR_CONTEXT_REVIEW,SINGLE_REVIEW,3,DETAILED_PROJECT_REVIEW,표시된 독립 신호의 근거를 확인,PERFORMANCE_BELOW_TARGET,019:2022:사회복지:노동:4100:SPECIAL_ACCOUNT,3,0.1111111111111111,equal_mean_of_three_signal_components,tiebreak_only,False,142.5,43.0,28.5,10.0,145,False,False,SINGLE_REVIEW,READY_FOR_REVIEW,4,SINGLE_INDEPENDENT_SIGNAL,NOT_ASSESSED,REVIEW_WORKFLOW_ORDER_NOT_POLICY_EFFECTIVENESS_RANK,64,7,207,33
고용노동부,2023,Ⅳ-2,산업재해예방,,,,,산업재해예방,3,3,3,3,0,1,2,MIXED_COMPARABLE,"[""MOEL-2023-IV2-01"", ""MOEL-2023-IV2-02"", ""MOEL-2023-IV2-03""]",019,EXACT_NAME,True,사회복지,노동,4100,산업재해예방,산업재해예방,SPECIAL_ACCOUNT,89132000000,89132000000,89127385110,0.9999482240946012,COMPLETE,HIGH,3,3,0,"[""code:2023:019:216:4100:4131:300"", ""code:2023:019:216:4100:4131:301"", ""code:2023:019:216:4100:4131:304""]",JOINT_ANALYSIS,FULLY_REPORTED,FULLY_COMPARABLE,False,False,3,89132000000,0.030482879325045998,0,0.0,0,0.0,0,0.0,1,0.01354171341381322,0,0.0,0,0.0,0,0,0,0.0,0,0.0,MEDIUM,ACCOUNTING_ADJUSTMENT_PATTERN,both,3,,89132000000,,89566000000,,0.004869182785082799,,산업재해예방,1292459000000,1292459000000,3,"[""FUND"", ""GENERAL_ACCOUNT"", ""SPECIAL_ACCOUNT""]",1377392000000,1377392000000,3,"[""FUND"", ""GENERAL_ACCOUNT"", ""SPECIAL_ACCOUNT""]",False,False,,1.0,UNAVAILABLE_MIXED_OR_UNLINKED,False,1292459000000,1292459000000,3,"[""FUND"", ""GENERAL_ACCOUNT"", ""SPECIAL_ACCOUNT""]",,1443755000000,3,"[""FUND"", ""GENERAL_ACCOUNT"", ""SPECIAL_ACCOUNT""]",False,False,,1.0,UNAVAILABLE_MIXED_OR_UNLINKED,False,False,0.0,True,0.3333333333333333,0.0,0.0,0.0,0.47101449275362317,0.3684210526315789,False,True,False,False,True,False,False,False,True,3,89132000000,89566000000,0.004869182785082799,True,False,False,False,,,,,False,False,False,False,0,False,False,1,LIMITED,1,1,True,True,False,MODERATE_OR_CONTEXT_REVIEW,SINGLE_REVIEW,3,DETAILED_PROJECT_REVIEW,표시된 독립 신호의 근거를 확인,PERFORMANCE_BELOW_TARGET;ACCOUNTING_ADJUSTMENT_CONTEXT,019:2023:사회복지:노동:4100:SPECIAL_ACCOUNT,3,0.1111111111111111,equal_mean_of_three_signal_components,tiebreak_only,False,140.25,41.0,25.5,11.0,143,False,False,SINGLE_REVIEW,READY_FOR_REVIEW,4,SINGLE_INDEPENDENT_SIGNAL,NOT_ASSESSED,REVIEW_WORKFLOW_ORDER_NOT_POLICY_EFFECTIVENESS_RANK,65,8,208,34
중소벤처기업부,2022,Ⅲ-1,창업환경조성,,,,,창업환경조성,3,3,3,3,0,1,2,MIXED_COMPARABLE,"[""중기부-2022-III1-01"", ""중기부-2022-III1-02"", ""중기부-2022-III1-03""]",102,EXACT_NAME,True,산업·중소기업및에너지,창업및벤처,5100,창업환경조성,창업환경조성,SPECIAL_ACCOUNT,62014000000,74364000000,74363836100,0.9999977959765478,COMPLETE,HIGH,3,3,0,"[""code:2022:102:236:5100:5151:301"", ""code:2022:102:236:5100:5153:301"", ""code:2022:102:236:5100:5154:301""]",JOINT_ANALYSIS,FULLY_REPORTED,FULLY_COMPARABLE,False,False,3,62014000000,0.0,0,0.0,0,0.0,0,0.0,0,0.0,0,0.0,0,0.0,0,0,0,0.0,0,0.0,MEDIUM,NONE,both,3,3,62014000000,62014000000,12999000000,8667000000,-0.7903860418615152,-0.8602412358499694,창업환경조성,3618140000000,3618140000000,3,"[""FUND"", ""GENERAL_ACCOUNT"", ""SPECIAL_ACCOUNT""]",3720052000000,3720052000000,3,"[""FUND"", ""GENERAL_ACCOUNT"", ""SPECIAL_ACCOUNT""]",False,False,,1.0,UNAVAILABLE_MIXED_OR_UNLINKED,False,3618140000000,3618140000000,3,"[""FUND"", ""GENERAL_ACCOUNT"", ""SPECIAL_ACCOUNT""]",3516897000000,3516897000000,3,"[""FUND"", ""GENERAL_ACCOUNT"", ""SPECIAL_ACCOUNT""]",False,False,,1.0,UNAVAILABLE_MIXED_OR_UNLINKED,False,False,0.0,True,0.3333333333333333,0.0,0.0,0.0,0.37209302325581395,0.36363636363636365,False,True,False,False,False,False,False,False,True,3,62014000000,12999000000,-0.7903860418615152,True,False,False,True,3,62014000000,8667000000,-0.8602412358499694,True,False,False,False,0,False,False,1,LIMITED,1,0,True,True,False,MODERATE_OR_CONTEXT_REVIEW,SINGLE_REVIEW,3,DETAILED_PROJECT_REVIEW,표시된 독립 신호의 근거를 확인,PERFORMANCE_BELOW_TARGET,102:2022:산업·중소기업및에너지:창업및벤처:5100:SPECIAL_ACCOUNT,3,0.1111111111111111,equal_mean_of_three_signal_components,tiebreak_only,False,154.5,55.0,31.0,6.0,164,False,False,SINGLE_REVIEW,READY_FOR_REVIEW,4,SINGLE_INDEPENDENT_SIGNAL,NOT_ASSESSED,REVIEW_WORKFLOW_ORDER_NOT_POLICY_EFFECTIVENESS_RANK,66,25,209,34
중소벤처기업부,2022,Ⅲ-2,벤처기업활성화지원,,,,,벤처기업활성화지원,3,3,3,3,0,1,2,MIXED_COMPARABLE,"[""중기부-2022-III2-01"", ""중기부-2022-III2-02"", ""중기부-2022-III2-03""]",102,EXACT_NAME,True,산업·중소기업및에너지,창업및벤처,5200,벤처기업활성화지원,벤처기업활성화지원,SPECIAL_ACCOUNT,60000000000,60000000000,60000000000,1.0,COMPLETE,HIGH,1,1,0,"[""code:2022:102:238:5200:5264:301""]",JOINT_ANALYSIS,FULLY_REPORTED,FULLY_COMPARABLE,False,False,1,60000000000,1.0,0,0.0,0,0.0,0,0.0,0,0.0,0,0.0,0,0.0,1,1,0,0.0,0,0.0,LOW,PROGRAM_BUDGET_CONCENTRATION,both,1,,60000000000,,30000000000,,-0.5,,벤처기업활성화지원,576301000000,576301000000,3,"[""FUND"", ""GENERAL_ACCOUNT"", ""SPECIAL_ACCOUNT""]",341150000000,341150000000,3,"[""FUND"", ""GENERAL_ACCOUNT"", ""SPECIAL_ACCOUNT""]",False,False,,1.0,UNAVAILABLE_MIXED_OR_UNLINKED,False,576301000000,576301000000,3,"[""FUND"", ""GENERAL_ACCOUNT"", ""SPECIAL_ACCOUNT""]",464547000000,464547000000,3,"[""FUND"", ""GENERAL_ACCOUNT"", ""SPECIAL_ACCOUNT""]",False,False,,1.0,UNAVAILABLE_MIXED_OR_UNLINKED,False,False,0.0,True,0.3333333333333333,0.0,0.0,0.0,0.35658914728682173,0.3181818181818182,False,True,False,False,False,True,False,False,True,1,60000000000,30000000000,-0.5,True,False,False,False,,,,,False,False,False,False,0,False,False,1,LIMITED,1,1,True,True,False,MODERATE_OR_CONTEXT_REVIEW,SINGLE_REVIEW,3,DETAILED_PROJECT_REVIEW,표시된 독립 신호의 근거를 확인,PERFORMANCE_BELOW_TARGET;PROGRAM_STRUCTURE_CONTEXT,102:2022:산업·중소기업및에너지:창업및벤처:5200:SPECIAL_ACCOUNT,3,0.1111111111111111,equal_mean_of_three_signal_components,tiebreak_only,False,156.25,55.0,32.75,8.0,165,False,False,SINGLE_REVIEW,READY_FOR_REVIEW,4,SINGLE_INDEPENDENT_SIGNAL,NOT_ASSESSED,REVIEW_WORKFLOW_ORDER_NOT_POLICY_EFFECTIVENESS_RANK,67,26,210,35
보건복지부,2023,Ⅳ-5,노인의료보장,,,,,노인의료보장,3,3,3,3,0,1,2,MIXED_COMPARABLE,"[""MOHW-2023-IV5-01"", ""MOHW-2023-IV5-02"", ""MOHW-2023-IV5-03""]",075,EXACT_NAME_UNIQUE_FINANCIAL,True,사회복지,노인,2200,노인의료보장,노인의료보장,SPECIAL_ACCOUNT,54765000000,54765000000,54447646700,0.9942051803158952,COMPLETE,HIGH,1,1,0,"[""code:2023:075:236:2200:2232:300""]",JOINT_ANALYSIS,FULLY_REPORTED,FULLY_COMPARABLE,False,False,1,54765000000,1.0,0,0.0,0,0.0,0,0.0,0,0.0,0,0.0,0,0.0,1,1,0,0.0,0,0.0,MEDIUM,PROGRAM_BUDGET_CONCENTRATION,both,1,,54765000000,,21711000000,,-0.6035606683100521,,노인의료보장,2496350000000,2496350000000,3,"[""FUND"", ""GENERAL_ACCOUNT"", ""SPECIAL_ACCOUNT""]",2720165000000,2720165000000,3,"[""FUND"", ""GENERAL_ACCOUNT"", ""SPECIAL_ACCOUNT""]",False,False,,1.0,UNAVAILABLE_MIXED_OR_UNLINKED,False,2496350000000,2496350000000,3,"[""FUND"", ""GENERAL_ACCOUNT"", ""SPECIAL_ACCOUNT""]",,2737762000000,3,"[""FUND"", ""GENERAL_ACCOUNT"", ""SPECIAL_ACCOUNT""]",False,False,,1.0,UNAVAILABLE_MIXED_OR_UNLINKED,False,False,0.0,True,0.3333333333333333,0.0,0.0,0.0,0.34782608695652173,0.41025641025641024,False,True,False,False,False,True,False,False,True,1,54765000000,21711000000,-0.6035606683100521,True,False,False,False,,,,,False,False,False,False,0,False,False,1,LIMITED,1,1,True,True,False,MODERATE_OR_CONTEXT_REVIEW,SINGLE_REVIEW,3,DETAILED_PROJECT_REVIEW,표시된 독립 신호의 근거를 확인,PERFORMANCE_BELOW_TARGET;PROGRAM_STRUCTURE_CONTEXT,075:2023:사회복지:노인:2200:SPECIAL_ACCOUNT,3,0.1111111111111111,equal_mean_of_three_signal_components,tiebreak_only,False,157.5,55.0,60.5,15.0,166,False,False,SINGLE_REVIEW,READY_FOR_REVIEW,4,SINGLE_INDEPENDENT_SIGNAL,NOT_ASSESSED,REVIEW_WORKFLOW_ORDER_NOT_POLICY_EFFECTIVENESS_RANK,68,18,211,85
중소벤처기업부,2022,Ⅲ-2,벤처기업활성화지원,,,,,벤처기업활성화지원,3,3,3,3,0,1,2,MIXED_COMPARABLE,"[""중기부-2022-III2-01"", ""중기부-2022-III2-02"", ""중기부-2022-III2-03""]",102,EXACT_NAME,True,산업·중소기업및에너지,창업및벤처,5200,벤처기업활성화지원,벤처기업활성화지원,GENERAL_ACCOUNT,54710000000,54710000000,54709848200,0.9999972253701336,COMPLETE,HIGH,4,4,0,"[""code:2022:102:110:5200:5231:301"", ""code:2022:102:110:5200:5231:302"", ""code:2022:102:110:5200:5231:306"", ""code:2022:102:110:5200:5231:307""]",JOINT_ANALYSIS,FULLY_REPORTED,FULLY_COMPARABLE,False,False,4,54710000000,1.0,0,0.0,0,0.0,0,0.0,0,0.0,0,0.0,0,0.0,4,1,0,0.0,0,0.0,MEDIUM,PROGRAM_BUDGET_CONCENTRATION,both,3,3,13471000000,13471000000,11051000000,9846000000,-0.17964516368495287,-0.2690965778338653,벤처기업활성화지원,576301000000,576301000000,3,"[""FUND"", ""GENERAL_ACCOUNT"", ""SPECIAL_ACCOUNT""]",341150000000,341150000000,3,"[""FUND"", ""GENERAL_ACCOUNT"", ""SPECIAL_ACCOUNT""]",False,False,,1.0,UNAVAILABLE_MIXED_OR_UNLINKED,False,576301000000,576301000000,3,"[""FUND"", ""GENERAL_ACCOUNT"", ""SPECIAL_ACCOUNT""]",464547000000,464547000000,3,"[""FUND"", ""GENERAL_ACCOUNT"", ""SPECIAL_ACCOUNT""]",False,False,,1.0,UNAVAILABLE_MIXED_OR_UNLINKED,False,False,0.0,True,0.3333333333333333,0.0,0.0,0.0,0.32558139534883723,0.2727272727272727,False,True,False,False,False,True,False,False,False,3,13471000000,11051000000,-0.17964516368495287,False,False,False,False,3,13471000000,9846000000,-0.2690965778338653,False,False,False,False,0,False,False,1,LIMITED,1,1,True,True,False,MODERATE_OR_CONTEXT_REVIEW,SINGLE_REVIEW,3,DETAILED_PROJECT_REVIEW,표시된 독립 신호의 근거를 확인,PERFORMANCE_BELOW_TARGET;PROGRAM_STRUCTURE_CONTEXT,102:2022:산업·중소기업및에너지:창업및벤처:5200:GENERAL_ACCOUNT,3,0.1111111111111111,equal_mean_of_three_signal_components,tiebreak_only,False,162.25,57.0,34.25,8.0,173,False,False,SINGLE_REVIEW,READY_FOR_REVIEW,4,SINGLE_INDEPENDENT_SIGNAL,NOT_ASSESSED,REVIEW_WORKFLOW_ORDER_NOT_POLICY_EFFECTIVENESS_RANK,69,27,212,36
고용노동부,2023,Ⅳ-2,산업재해예방,,,,,산업재해예방,3,3,3,3,0,1,2,MIXED_COMPARABLE,"[""MOEL-2023-IV2-01"", ""MOEL-2023-IV2-02"", ""MOEL-2023-IV2-03""]",019,EXACT_NAME,True,사회복지,노동,4100,산업재해예방,산업재해예방,GENERAL_ACCOUNT,4629000000,4629000000,4406129820,0.9518534931950744,COMPLETE,HIGH,1,1,0,"[""code:2023:019:110:4100:4135:300""]",JOINT_ANALYSIS,FULLY_REPORTED,FULLY_COMPARABLE,False,False,1,4629000000,0.0,0,0.0,0,0.0,0,0.0,0,0.0,0,0.0,0,0.0,0,0,0,0.0,0,0.0,MEDIUM,NONE,both,1,,4629000000,,2282000000,,-0.5070209548498595,,산업재해예방,1292459000000,1292459000000,3,"[""FUND"", ""GENERAL_ACCOUNT"", ""SPECIAL_ACCOUNT""]",1377392000000,1377392000000,3,"[""FUND"", ""GENERAL_ACCOUNT"", ""SPECIAL_ACCOUNT""]",False,False,,1.0,UNAVAILABLE_MIXED_OR_UNLINKED,False,1292459000000,1292459000000,3,"[""FUND"", ""GENERAL_ACCOUNT"", ""SPECIAL_ACCOUNT""]",,1443755000000,3,"[""FUND"", ""GENERAL_ACCOUNT"", ""SPECIAL_ACCOUNT""]",False,False,,1.0,UNAVAILABLE_MIXED_OR_UNLINKED,False,False,0.0,True,0.3333333333333333,0.0,0.0,0.0,0.06521739130434782,0.05263157894736842,False,True,False,False,False,False,False,False,True,1,4629000000,2282000000,-0.5070209548498595,True,False,False,False,,,,,False,False,False,False,0,False,False,1,LIMITED,1,0,True,True,False,MODERATE_OR_CONTEXT_REVIEW,SINGLE_REVIEW,3,DETAILED_PROJECT_REVIEW,표시된 독립 신호의 근거를 확인,PERFORMANCE_BELOW_TARGET,019:2023:사회복지:노동:4100:GENERAL_ACCOUNT,3,0.1111111111111111,equal_mean_of_three_signal_components,tiebreak_only,False,193.75,90.0,34.0,15.0,203,False,False,SINGLE_REVIEW,READY_FOR_REVIEW,4,SINGLE_INDEPENDENT_SIGNAL,NOT_ASSESSED,REVIEW_WORKFLOW_ORDER_NOT_POLICY_EFFECTIVENESS_RANK,70,9,213,35
중소벤처기업부,2023,Ⅰ-1,중소기업육성지원,,,,,중소기업육성지원,3,3,3,3,0,1,2,MIXED_COMPARABLE,"[""중기부-2023-I1-01"", ""중기부-2023-I1-02"", ""중기부-2023-I1-03""]",102,EXACT_NAME,True,산업·중소기업및에너지,중소기업및소상공인육성,4800,중소기업육성지원,중소기업육성지원,FUND,1948000000,1948000000,1901541944,0.9761508952772074,COMPLETE,HIGH,1,1,0,"[""code:2023:102:584:4800:4851:301""]",JOINT_ANALYSIS,FULLY_REPORTED,FULLY_COMPARABLE,False,False,1,1948000000,0.0,0,0.0,0,0.0,0,0.0,0,0.0,0,0.0,0,0.0,0,0,0,0.0,0,0.0,MEDIUM,NONE,both,,,,,,,,,중소기업육성지원,140847000000,140847000000,2,"[""FUND"", ""GENERAL_ACCOUNT""]",136564000000,136564000000,1,"[""GENERAL_ACCOUNT""]",False,False,,1.0,UNAVAILABLE_MIXED_OR_UNLINKED,False,140847000000,140847000000,2,"[""FUND"", ""GENERAL_ACCOUNT""]",,139509000000,1,"[""GENERAL_ACCOUNT""]",False,False,,1.0,UNAVAILABLE_MIXED_OR_UNLINKED,False,False,0.0,True,0.3333333333333333,0.0,0.0,0.0,0.028985507246376812,0.045454545454545456,False,True,False,False,False,False,False,False,False,,,,,False,False,False,False,,,,,False,False,False,False,0,False,False,1,LIMITED,1,0,True,True,False,MODERATE_OR_CONTEXT_REVIEW,SINGLE_REVIEW,3,DETAILED_PROJECT_REVIEW,표시된 독립 신호의 근거를 확인,PERFORMANCE_BELOW_TARGET,102:2023:산업·중소기업및에너지:중소기업및소상공인육성:4800:FUND,3,0.1111111111111111,equal_mean_of_three_signal_components,tiebreak_only,False,197.75,92.0,37.25,8.0,209,False,False,SINGLE_REVIEW,READY_FOR_REVIEW,4,SINGLE_INDEPENDENT_SIGNAL,NOT_ASSESSED,REVIEW_WORKFLOW_ORDER_NOT_POLICY_EFFECTIVENESS_RANK,71,28,214,37
고용노동부,2023,Ⅲ-2,고용평등증진,,,,,고용평등증진,4,4,4,4,0,1,3,MIXED_COMPARABLE,"[""MOEL-2023-III2-01"", ""MOEL-2023-III2-02"", ""MOEL-2023-III2-03"", ""MOEL-2023-III2-04""]",019,EXACT_NAME,True,사회복지,고용,1300,고용평등증진,고용평등증진,FUND,2715275000000,2715275000000,2701498702950,0.9949263713436024,COMPLETE,HIGH,5,5,0,"[""code:2023:019:541:1300:1345:350"", ""code:2023:019:541:1300:1345:351"", ""code:2023:019:541:1300:1345:358"", ""code:2023:019:541:1300:1347:350"", ""code:2023:019:541:1300:1348:350""]",JOINT_ANALYSIS,FULLY_REPORTED,FULLY_COMPARABLE,False,False,5,2715275000000,1.0455813867840273,0,0.0,0,0.0,0,0.0,0,0.0,1,0.0352678826269899,0,0.0,5,1,2,0.0455813867840274,0,0.0,LOW,BUDGET_RAPID_INCREASE;MULTIPLE_FINANCIAL_SIGNALS;PROGRAM_BUDGET_CONCENTRATION,both,4,,2687271000000,,3106668000000,,0.1560679961194833,,고용평등증진,2781304000000,2781304000000,3,"[""FUND"", ""GENERAL_ACCOUNT"", ""SPECIAL_ACCOUNT""]",3202824000000,3202824000000,3,"[""FUND"", ""GENERAL_ACCOUNT"", ""SPECIAL_ACCOUNT""]",False,False,,1.0,UNAVAILABLE_MIXED_OR_UNLINKED,False,2781304000000,2781304000000,3,"[""FUND"", ""GENERAL_ACCOUNT"", ""SPECIAL_ACCOUNT""]",,4945899000000,2,"[""FUND"", ""GENERAL_ACCOUNT""]",False,False,,1.0,UNAVAILABLE_MIXED_OR_UNLINKED,False,False,0.0,True,0.25,0.0,0.0,0.008816970656747474,0.927536231884058,0.8947368421052632,False,True,False,True,False,True,True,False,False,4,2687271000000,3106668000000,0.1560679961194833,False,False,False,False,,,,,False,False,False,False,0,False,False,1,LIMITED,2,1,True,True,False,MULTIPLE_SIGNAL_REVIEW,SINGLE_REVIEW,3,DETAILED_PROJECT_REVIEW,표시된 독립 신호의 근거를 확인,PERFORMANCE_BELOW_TARGET;BUDGET_PERFORMANCE_MISMATCH;PROGRAM_STRUCTURE_CONTEXT,019:2023:사회복지:고용:1300:FUND,1,0.08627232355224916,equal_mean_of_three_signal_components,tiebreak_only,False,90.5,68.0,17.25,7.0,85,False,False,SINGLE_REVIEW,READY_FOR_REVIEW,4,SINGLE_INDEPENDENT_SIGNAL,NOT_ASSESSED,REVIEW_WORKFLOW_ORDER_NOT_POLICY_EFFECTIVENESS_RANK,72,10,215,36
고용노동부,2023,Ⅲ-2,고용평등증진,,,,,고용평등증진,4,4,4,4,0,1,3,MIXED_COMPARABLE,"[""MOEL-2023-III2-01"", ""MOEL-2023-III2-02"", ""MOEL-2023-III2-03"", ""MOEL-2023-III2-04""]",019,EXACT_NAME,True,사회복지,고용,1300,고용평등증진,고용평등증진,GENERAL_ACCOUNT,40333000000,40333000000,40157516360,0.99564912999281,COMPLETE,HIGH,3,3,0,"[""code:2023:019:110:1300:1331:300"", ""code:2023:019:110:1300:1339:301"", ""code:2023:019:110:1300:1340:300""]",JOINT_ANALYSIS,FULLY_REPORTED,FULLY_COMPARABLE,False,False,3,40333000000,1.0,0,0.0,0,0.0,0,0.0,0,0.0,0,0.0,0,0.0,3,1,0,0.0,0,0.0,MEDIUM,PROGRAM_BUDGET_CONCENTRATION,both,3,,40333000000,,39518000000,,-0.020206778568417922,,고용평등증진,2781304000000,2781304000000,3,"[""FUND"", ""GENERAL_ACCOUNT"", ""SPECIAL_ACCOUNT""]",3202824000000,3202824000000,3,"[""FUND"", ""GENERAL_ACCOUNT"", ""SPECIAL_ACCOUNT""]",False,False,,1.0,UNAVAILABLE_MIXED_OR_UNLINKED,False,2781304000000,2781304000000,3,"[""FUND"", ""GENERAL_ACCOUNT"", ""SPECIAL_ACCOUNT""]",,4945899000000,2,"[""FUND"", ""GENERAL_ACCOUNT""]",False,False,,1.0,UNAVAILABLE_MIXED_OR_UNLINKED,False,False,0.0,True,0.25,0.0,0.0,0.0,0.2826086956521739,0.15789473684210525,False,True,False,False,False,True,False,False,True,3,40333000000,39518000000,-0.020206778568417922,True,False,False,False,,,,,False,False,False,False,0,False,False,1,LIMITED,1,1,True,True,False,MODERATE_OR_CONTEXT_REVIEW,SINGLE_REVIEW,3,DETAILED_PROJECT_REVIEW,표시된 독립 신호의 근거를 확인,PERFORMANCE_BELOW_TARGET;PROGRAM_STRUCTURE_CONTEXT,019:2023:사회복지:고용:1300:GENERAL_ACCOUNT,3,0.08333333333333333,equal_mean_of_three_signal_components,tiebreak_only,False,183.25,62.0,33.5,7.0,194,False,False,SINGLE_REVIEW,READY_FOR_REVIEW,4,SINGLE_INDEPENDENT_SIGNAL,NOT_ASSESSED,REVIEW_WORKFLOW_ORDER_NOT_POLICY_EFFECTIVENESS_RANK,73,11,216,37
고용노동부,2023,Ⅲ-2,고용평등증진,,,,,고용평등증진,4,4,4,4,0,1,3,MIXED_COMPARABLE,"[""MOEL-2023-III2-01"", ""MOEL-2023-III2-02"", ""MOEL-2023-III2-03"", ""MOEL-2023-III2-04""]",019,EXACT_NAME,True,사회복지,고용,1300,고용평등증진,고용평등증진,SPECIAL_ACCOUNT,25696000000,25696000000,25684126000,0.999537904732254,COMPLETE,HIGH,1,1,0,"[""code:2023:019:236:1300:1336:302""]",JOINT_ANALYSIS,FULLY_REPORTED,FULLY_COMPARABLE,False,False,1,25696000000,1.0,0,0.0,0,0.0,0,0.0,0,0.0,0,0.0,0,0.0,1,1,0,0.0,0,0.0,MEDIUM,PROGRAM_BUDGET_CONCENTRATION,both,,,,,,,,,고용평등증진,2781304000000,2781304000000,3,"[""FUND"", ""GENERAL_ACCOUNT"", ""SPECIAL_ACCOUNT""]",3202824000000,3202824000000,3,"[""FUND"", ""GENERAL_ACCOUNT"", ""SPECIAL_ACCOUNT""]",False,False,,1.0,UNAVAILABLE_MIXED_OR_UNLINKED,False,2781304000000,2781304000000,3,"[""FUND"", ""GENERAL_ACCOUNT"", ""SPECIAL_ACCOUNT""]",,4945899000000,2,"[""FUND"", ""GENERAL_ACCOUNT""]",False,False,,1.0,UNAVAILABLE_MIXED_OR_UNLINKED,False,False,0.0,True,0.25,0.0,0.0,0.0,0.21739130434782608,0.10526315789473684,False,True,False,False,False,True,False,False,False,,,,,False,False,False,False,,,,,False,False,False,False,0,False,False,1,LIMITED,1,1,True,True,False,MODERATE_OR_CONTEXT_REVIEW,SINGLE_REVIEW,3,DETAILED_PROJECT_REVIEW,표시된 독립 신호의 근거를 확인,PERFORMANCE_BELOW_TARGET;PROGRAM_STRUCTURE_CONTEXT,019:2023:사회복지:고용:1300:SPECIAL_ACCOUNT,3,0.08333333333333333,equal_mean_of_three_signal_components,tiebreak_only,False,189.75,72.0,36.0,9.0,200,False,False,SINGLE_REVIEW,READY_FOR_REVIEW,4,SINGLE_INDEPENDENT_SIGNAL,NOT_ASSESSED,REVIEW_WORKFLOW_ORDER_NOT_POLICY_EFFECTIVENESS_RANK,74,12,217,38
고용노동부,2022,Ⅲ-2;Ⅲ-3,고용평등증진,,,,,고용평등증진,5,5,5,5,0,1,4,MIXED_COMPARABLE,"[""MOEL-2022-III2-01"", ""MOEL-2022-III2-02"", ""MOEL-2022-III2-03"", ""MOEL-2022-III2-04"", ""MOEL-2022-III3-01""]",019,EXACT_NAME_UNIQUE_FINANCIAL,True,사회복지,고용,1300,고용평등증진,고용평등증진,FUND,2503235000000,2503235000000,2497780211060,0.9978209041739988,COMPLETE,HIGH,6,6,0,"[""code:2022:019:541:1300:1345:350"", ""code:2022:019:541:1300:1345:351"", ""code:2022:019:541:1300:1345:358"", ""code:2022:019:541:1300:1345:359"", ""code:2022:019:541:1300:1347:350"", ""code:2022:019:541:1300:1348:350""]",JOINT_ANALYSIS,FULLY_REPORTED,FULLY_COMPARABLE,False,False,6,2503235000000,1.0,0,0.0,0,0.0,0,0.0,0,0.0,0,0.0,0,0.0,6,1,0,0.0,0,0.0,LOW,PROGRAM_BUDGET_CONCENTRATION,both,4,4,2465840000000,2465840000000,2687271000000,3106668000000,0.0897994192648347,0.25988223080167405,고용평등증진,2569275000000,2569275000000,2,"[""FUND"", ""GENERAL_ACCOUNT""]",2781304000000,2781304000000,3,"[""FUND"", ""GENERAL_ACCOUNT"", ""SPECIAL_ACCOUNT""]",False,False,,1.0,UNAVAILABLE_MIXED_OR_UNLINKED,False,2569275000000,2569275000000,2,"[""FUND"", ""GENERAL_ACCOUNT""]",3202824000000,3202824000000,3,"[""FUND"", ""GENERAL_ACCOUNT"", ""SPECIAL_ACCOUNT""]",False,False,,1.0,UNAVAILABLE_MIXED_OR_UNLINKED,False,False,0.0,True,0.2,0.0,0.0,0.0,0.8837209302325582,0.75,False,True,False,False,False,True,False,False,False,4,2465840000000,2687271000000,0.0897994192648347,False,False,False,False,4,2465840000000,3106668000000,0.25988223080167405,False,False,False,False,0,False,False,1,LIMITED,1,1,True,True,False,MODERATE_OR_CONTEXT_REVIEW,SINGLE_REVIEW,3,DETAILED_PROJECT_REVIEW,표시된 독립 신호의 근거를 확인,PERFORMANCE_BELOW_TARGET;PROGRAM_STRUCTURE_CONTEXT,019:2022:사회복지:고용:1300:FUND,3,0.06666666666666667,equal_mean_of_three_signal_components,tiebreak_only,False,105.5,70.0,22.5,3.0,105,False,False,SINGLE_REVIEW,READY_FOR_REVIEW,4,SINGLE_INDEPENDENT_SIGNAL,NOT_ASSESSED,REVIEW_WORKFLOW_ORDER_NOT_POLICY_EFFECTIVENESS_RANK,75,13,218,39
고용노동부,2022,Ⅲ-2;Ⅲ-3,고용평등증진,,,,,고용평등증진,5,5,5,5,0,1,4,MIXED_COMPARABLE,"[""MOEL-2022-III2-01"", ""MOEL-2022-III2-02"", ""MOEL-2022-III2-03"", ""MOEL-2022-III2-04"", ""MOEL-2022-III3-01""]",019,EXACT_NAME_UNIQUE_FINANCIAL,True,사회복지,고용,1300,고용평등증진,고용평등증진,GENERAL_ACCOUNT,66040000000,66094109370,65649845650,0.9932783159613668,COMPLETE,HIGH,5,5,0,"[""code:2022:019:110:1300:1331:300"", ""code:2022:019:110:1300:1336:301"", ""code:2022:019:110:1300:1339:301"", ""code:2022:019:110:1300:1339:302"", ""code:2022:019:110:1300:1340:300""]",JOINT_ANALYSIS,FULLY_REPORTED,FULLY_COMPARABLE,False,False,5,66040000000,1.0,0,0.0,0,0.0,0,0.0,0,0.0,0,0.0,0,0.0,5,1,1,0.0,0,0.0,MEDIUM,MULTIPLE_FINANCIAL_SIGNALS;PROGRAM_BUDGET_CONCENTRATION,both,3,3,36909000000,36909000000,40333000000,39518000000,0.09276870140074236,0.07068736622503996,고용평등증진,2569275000000,2569275000000,2,"[""FUND"", ""GENERAL_ACCOUNT""]",2781304000000,2781304000000,3,"[""FUND"", ""GENERAL_ACCOUNT"", ""SPECIAL_ACCOUNT""]",False,False,,1.0,UNAVAILABLE_MIXED_OR_UNLINKED,False,2569275000000,2569275000000,2,"[""FUND"", ""GENERAL_ACCOUNT""]",3202824000000,3202824000000,3,"[""FUND"", ""GENERAL_ACCOUNT"", ""SPECIAL_ACCOUNT""]",False,False,,1.0,UNAVAILABLE_MIXED_OR_UNLINKED,False,False,0.0,True,0.2,0.0,0.0,0.0,0.3875968992248062,0.1875,False,True,False,False,False,True,False,False,False,3,36909000000,40333000000,0.09276870140074236,False,False,False,False,3,36909000000,39518000000,0.07068736622503996,False,False,False,False,0,False,False,1,LIMITED,1,1,True,True,False,MODERATE_OR_CONTEXT_REVIEW,SINGLE_REVIEW,3,DETAILED_PROJECT_REVIEW,표시된 독립 신호의 근거를 확인,PERFORMANCE_BELOW_TARGET;PROGRAM_STRUCTURE_CONTEXT,019:2022:사회복지:고용:1300:GENERAL_ACCOUNT,3,0.06666666666666667,equal_mean_of_three_signal_components,tiebreak_only,False,178.75,52.0,35.0,7.0,188,False,False,SINGLE_REVIEW,READY_FOR_REVIEW,4,SINGLE_INDEPENDENT_SIGNAL,NOT_ASSESSED,REVIEW_WORKFLOW_ORDER_NOT_POLICY_EFFECTIVENESS_RANK,76,14,219,40
보건복지부,2024,Ⅳ-5,노인의료보장,,,,,노인의료보장,1,1,1,1,0,0,1,ALL_COMPARABLE_AT_OR_ABOVE_TARGET,"[""MOHW-2024-IV5-01""]",075,EXACT_NAME,True,사회복지,노인,2200,노인의료보장,노인의료보장,SPECIAL_ACCOUNT,21711000000,21711000000,20841351790,0.959944350329326,COMPLETE,HIGH,1,1,0,"[""code:2024:075:236:2200:2232:300""]",JOINT_ANALYSIS,FULLY_REPORTED,FULLY_COMPARABLE,False,False,1,21711000000,3.0,0,0.0,0,0.0,0,0.0,1,1.0,0,0.0,1,1.0,1,1,1,1.0,0,0.0,HIGH,ACCOUNTING_ADJUSTMENT_PATTERN;BUDGET_RAPID_DECREASE;MULTIPLE_FINANCIAL_SIGNALS;PROGRAM_BUDGET_CONCENTRATION,both,,,,,,,,,노인의료보장,2720165000000,2720165000000,3,"[""FUND"", ""GENERAL_ACCOUNT"", ""SPECIAL_ACCOUNT""]",,2737762000000,3,"[""FUND"", ""GENERAL_ACCOUNT"", ""SPECIAL_ACCOUNT""]",False,False,,1.0,UNAVAILABLE_MIXED_OR_UNLINKED,False,2720165000000,2720165000000,3,"[""FUND"", ""GENERAL_ACCOUNT"", ""SPECIAL_ACCOUNT""]",,,,,False,False,,1.0,UNAVAILABLE_MIXED_OR_UNLINKED,False,False,0.0,True,0.0,0.0,0.0,1.0,0.23357664233576642,0.28205128205128205,False,False,False,True,True,True,False,True,False,,,,,False,False,False,False,,,,,False,False,False,False,0,False,False,0,CONFIRMED,1,2,True,True,False,MODERATE_OR_CONTEXT_REVIEW,CONTEXT_REVIEW,4,DETAILED_PROJECT_REVIEW,회계조정·예산구조·사업변경 맥락을 확인,BUDGET_PERFORMANCE_MISMATCH;ACCOUNTING_ADJUSTMENT_CONTEXT;PROGRAM_STRUCTURE_CONTEXT,075:2024:사회복지:노인:2200:SPECIAL_ACCOUNT,3,0.3333333333333333,equal_mean_of_three_signal_components,tiebreak_only,False,94.5,58.0,39.0,17.0,89,False,False,CONTEXT_REVIEW,READY_FOR_REVIEW,5,CONTEXT_SIGNAL_ONLY,NOT_ASSESSED,REVIEW_WORKFLOW_ORDER_NOT_POLICY_EFFECTIVENESS_RANK,1,1,220,86
과학기술정보통신부,2024,Ⅰ-1,미래유망원천기술개발,1100,,,CONFIRMED,미래유망원천기술개발,1,1,1,1,0,0,1,ALL_COMPARABLE_AT_OR_ABOVE_TARGET,"[""MSIT-2024-I1-01""]",162,EXACT_CODE,True,과학기술,과학기술연구개발,1100,미래유망원천기술개발,미래유망원천기술개발,SPECIAL_ACCOUNT,234200000000,234200000000,234200000000,1.0,COMPLETE,HIGH,3,3,0,"[""code:2024:162:236:1100:1158:425"", ""code:2024:162:238:1100:1139:301"", ""code:2024:162:238:1100:1139:304""]",JOINT_ANALYSIS,FULLY_REPORTED,FULLY_COMPARABLE,False,False,3,234200000000,0.0012809564474807857,0,0.0,0,0.0,0,0.0,0,0.0,0,0.0,1,0.0012809564474807857,0,0,0,0.0,0,0.0,HIGH,BUDGET_RAPID_DECREASE,both,,,,,,,,,미래유망원천기술개발,1187465000000,1187465000000,3,"[""FUND"", ""GENERAL_ACCOUNT"", ""SPECIAL_ACCOUNT""]",,1386417000000,3,"[""FUND"", ""GENERAL_ACCOUNT"", ""SPECIAL_ACCOUNT""]",False,False,,1.0,UNAVAILABLE_MIXED_OR_UNLINKED,False,1187465000000,1187465000000,3,"[""FUND"", ""GENERAL_ACCOUNT"", ""SPECIAL_ACCOUNT""]",,,,,False,False,,1.0,UNAVAILABLE_MIXED_OR_UNLINKED,False,False,0.0,True,0.0,0.0,0.0,0.0012809564474807857,0.6715328467153284,0.8305084745762712,False,False,False,True,False,False,False,True,False,,,,,False,False,False,False,,,,,False,False,False,False,0,False,False,0,CONFIRMED,1,0,True,True,False,MODERATE_OR_CONTEXT_REVIEW,CONTEXT_REVIEW,4,DETAILED_PROJECT_REVIEW,회계조정·예산구조·사업변경 맥락을 확인,BUDGET_PERFORMANCE_MISMATCH,162:2024:과학기술:과학기술연구개발:1100:SPECIAL_ACCOUNT,3,0.0004269854824935952,equal_mean_of_three_signal_components,tiebreak_only,False,182.5,63.0,39.75,19.0,191,False,False,CONTEXT_REVIEW,READY_FOR_REVIEW,5,CONTEXT_SIGNAL_ONLY,NOT_ASSESSED,REVIEW_WORKFLOW_ORDER_NOT_POLICY_EFFECTIVENESS_RANK,2,1,221,58
보건복지부,2024,Ⅳ-5,노인의료보장,,,,,노인의료보장,1,1,1,1,0,0,1,ALL_COMPARABLE_AT_OR_ABOVE_TARGET,"[""MOHW-2024-IV5-01""]",075,EXACT_NAME,True,사회복지,노인,2200,노인의료보장,노인의료보장,GENERAL_ACCOUNT,2498132000000,2496532000000,2492613839880,0.9984305588231996,COMPLETE,HIGH,2,2,0,"[""code:2024:075:110:2200:2231:303"", ""code:2024:075:110:2200:2232:309""]",JOINT_ANALYSIS,FULLY_REPORTED,FULLY_COMPARABLE,False,False,2,2498132000000,1.0001937447660891,0,0.0,0,0.0,0,0.0,0,0.0,0,0.0,0,0.0,2,1,1,0.00019374476608922188,0,0.0,HIGH,MULTIPLE_FINANCIAL_SIGNALS;PROGRAM_BUDGET_CONCENTRATION,both,,,,,,,,,노인의료보장,2720165000000,2720165000000,3,"[""FUND"", ""GENERAL_ACCOUNT"", ""SPECIAL_ACCOUNT""]",,2737762000000,3,"[""FUND"", ""GENERAL_ACCOUNT"", ""SPECIAL_ACCOUNT""]",False,False,,1.0,UNAVAILABLE_MIXED_OR_UNLINKED,False,2720165000000,2720165000000,3,"[""FUND"", ""GENERAL_ACCOUNT"", ""SPECIAL_ACCOUNT""]",,,,,False,False,,1.0,UNAVAILABLE_MIXED_OR_UNLINKED,False,False,0.0,True,0.0,0.0,0.0,0.0,0.9051094890510949,0.8205128205128205,False,False,False,False,False,True,False,False,False,,,,,False,False,False,False,,,,,False,False,False,False,0,False,False,0,CONFIRMED,0,1,True,False,True,CONTEXT_REVIEW,CONTEXT_REVIEW,4,DETAILED_PROJECT_REVIEW,회계조정·예산구조·사업변경 맥락을 확인,PROGRAM_STRUCTURE_CONTEXT,075:2024:사회복지:노인:2200:GENERAL_ACCOUNT,4,0.0,equal_mean_of_three_signal_components,tiebreak_only,False,,,,,,,,CONTEXT_REVIEW,READY_FOR_REVIEW,5,CONTEXT_SIGNAL_ONLY,NOT_ASSESSED,REVIEW_WORKFLOW_ORDER_NOT_POLICY_EFFECTIVENESS_RANK,3,2,222,87
과학기술정보통신부,2024,Ⅰ-2,기초연구진흥,,,,,기초연구진흥,1,1,1,1,0,0,1,ALL_COMPARABLE_AT_OR_ABOVE_TARGET,"[""MSIT-2024-I2-01""]",162,EXACT_NAME,True,과학기술,과학기술연구개발,1200,기초연구진흥,기초연구진흥,GENERAL_ACCOUNT,2196068000000,2196068000000,2196068000000,1.0,COMPLETE,HIGH,4,4,0,"[""code:2024:162:110:1200:1234:301"", ""code:2024:162:110:1200:1234:302"", ""code:2024:162:110:1200:1235:410"", ""code:2024:162:110:1200:1235:411""]",JOINT_ANALYSIS,FULLY_REPORTED,FULLY_COMPARABLE,False,False,4,2196068000000,1.0305992346320787,0,0.0,0,0.0,0,0.0,0,0.0,0,0.0,0,0.0,4,1,1,0.030599234632078788,0,0.0,HIGH,MULTIPLE_FINANCIAL_SIGNALS;PROGRAM_BUDGET_CONCENTRATION,both,,,,,,,,,기초연구진흥,2253290000000,2253290000000,3,"[""FUND"", ""GENERAL_ACCOUNT"", ""SPECIAL_ACCOUNT""]",,2490756000000,3,"[""FUND"", ""GENERAL_ACCOUNT"", ""SPECIAL_ACCOUNT""]",False,False,,1.0,UNAVAILABLE_MIXED_OR_UNLINKED,False,2253290000000,2253290000000,3,"[""FUND"", ""GENERAL_ACCOUNT"", ""SPECIAL_ACCOUNT""]",,,,,False,False,,1.0,UNAVAILABLE_MIXED_OR_UNLINKED,False,False,0.0,True,0.0,0.0,0.0,0.0,0.8905109489051095,0.9830508474576272,False,False,False,False,False,True,False,False,False,,,,,False,False,False,False,,,,,False,False,False,False,0,False,False,0,CONFIRMED,0,1,True,False,True,CONTEXT_REVIEW,CONTEXT_REVIEW,4,DETAILED_PROJECT_REVIEW,회계조정·예산구조·사업변경 맥락을 확인,PROGRAM_STRUCTURE_CONTEXT,162:2024:과학기술:과학기술연구개발:1200:GENERAL_ACCOUNT,4,0.0,equal_mean_of_three_signal_components,tiebreak_only,False,,,,,,,,CONTEXT_REVIEW,READY_FOR_REVIEW,5,CONTEXT_SIGNAL_ONLY,NOT_ASSESSED,REVIEW_WORKFLOW_ORDER_NOT_POLICY_EFFECTIVENESS_RANK,4,2,223,59
과학기술정보통신부,2023,Ⅰ-2,기초연구진흥,,,,,기초연구진흥,2,2,2,2,0,0,2,ALL_COMPARABLE_AT_OR_ABOVE_TARGET,"[""MSIT-2023-I2-01"", ""MSIT-2023-I2-02""]",162,EXACT_NAME,True,과학기술,과학기술연구개발,1200,기초연구진흥,기초연구진흥,GENERAL_ACCOUNT,2125428000000,2125428000000,2125428000000,1.0,COMPLETE,HIGH,4,4,0,"[""code:2023:162:110:1200:1234:301"", ""code:2023:162:110:1200:1234:302"", ""code:2023:162:110:1200:1235:410"", ""code:2023:162:110:1200:1235:411""]",JOINT_ANALYSIS,FULLY_REPORTED,FULLY_COMPARABLE,False,False,4,2125428000000,1.035430040443619,0,0.0,0,0.0,0,0.0,0,0.0,0,0.0,0,0.0,4,1,2,0.03543004044361889,0,0.0,HIGH,MULTIPLE_FINANCIAL_SIGNALS;PROGRAM_BUDGET_CONCENTRATION,both,4,,2125428000000,,2196068000000,,0.033235658888468585,,기초연구진흥,2190209000000,2190209000000,3,"[""FUND"", ""GENERAL_ACCOUNT"", ""SPECIAL_ACCOUNT""]",2253290000000,2253290000000,3,"[""FUND"", ""GENERAL_ACCOUNT"", ""SPECIAL_ACCOUNT""]",False,False,,1.0,UNAVAILABLE_MIXED_OR_UNLINKED,False,2190209000000,2190209000000,3,"[""FUND"", ""GENERAL_ACCOUNT"", ""SPECIAL_ACCOUNT""]",,2490756000000,3,"[""FUND"", ""GENERAL_ACCOUNT"", ""SPECIAL_ACCOUNT""]",False,False,,1.0,UNAVAILABLE_MIXED_OR_UNLINKED,False,False,0.0,True,0.0,0.0,0.0,0.0,0.8985507246376812,1.0,False,False,False,False,False,True,False,False,True,4,2125428000000,2196068000000,0.033235658888468585,True,False,False,False,,,,,False,False,False,False,0,False,False,0,CONFIRMED,0,1,True,False,True,CONTEXT_REVIEW,CONTEXT_REVIEW,4,DETAILED_PROJECT_REVIEW,회계조정·예산구조·사업변경 맥락을 확인,PROGRAM_STRUCTURE_CONTEXT,162:2023:과학기술:과학기술연구개발:1200:GENERAL_ACCOUNT,4,0.0,equal_mean_of_three_signal_components,tiebreak_only,False,,,,,,,,CONTEXT_REVIEW,READY_FOR_REVIEW,5,CONTEXT_SIGNAL_ONLY,NOT_ASSESSED,REVIEW_WORKFLOW_ORDER_NOT_POLICY_EFFECTIVENESS_RANK,5,3,224,60
과학기술정보통신부,2024,Ⅰ-4,원자력 진흥,1400,,,CONFIRMED,원자력진흥,1,1,1,1,0,0,1,ALL_COMPARABLE_AT_OR_ABOVE_TARGET,"[""MSIT-2024-I4-01""]",162,EXACT_CODE,True,과학기술,과학기술연구개발,1400,원자력 진흥,원자력 진흥,SPECIAL_ACCOUNT,108287000000,108287000000,108287000000,1.0,COMPLETE,HIGH,3,3,0,"[""code:2024:162:236:1400:1435:305"", ""code:2024:162:236:1400:1440:402"", ""code:2024:162:236:1400:1442:403""]",JOINT_ANALYSIS,FULLY_REPORTED,FULLY_COMPARABLE,False,False,3,108287000000,0.6003767765290385,0,0.0,0,0.0,0,0.0,0,0.0,1,0.09216249411286673,0,0.0,0,0,1,0.09216249411286673,0,0.0,HIGH,BUDGET_RAPID_INCREASE;MULTIPLE_FINANCIAL_SIGNALS,both,,,,,,,,,원자력 진흥,285678000000,285678000000,3,"[""FUND"", ""GENERAL_ACCOUNT"", ""SPECIAL_ACCOUNT""]",,460318000000,3,"[""FUND"", ""GENERAL_ACCOUNT"", ""SPECIAL_ACCOUNT""]",False,False,,1.0,UNAVAILABLE_MIXED_OR_UNLINKED,False,285678000000,285678000000,3,"[""FUND"", ""GENERAL_ACCOUNT"", ""SPECIAL_ACCOUNT""]",,,,,False,False,,1.0,UNAVAILABLE_MIXED_OR_UNLINKED,False,False,0.0,True,0.0,0.0,0.0,0.0,0.5182481751824818,0.6610169491525424,False,False,False,False,False,False,True,False,False,,,,,False,False,False,False,,,,,False,False,False,False,0,False,False,0,CONFIRMED,0,0,True,False,False,INFORMATION,CONTEXT_REVIEW,4,DETAILED_PROJECT_REVIEW,회계조정·예산구조·사업변경 맥락을 확인,NO_REVIEW_SIGNAL,162:2024:과학기술:과학기술연구개발:1400:SPECIAL_ACCOUNT,5,0.0,equal_mean_of_three_signal_components,tiebreak_only,False,,,,,,,,CONTEXT_REVIEW,READY_FOR_REVIEW,5,CONTEXT_SIGNAL_ONLY,NOT_ASSESSED,REVIEW_WORKFLOW_ORDER_NOT_POLICY_EFFECTIVENESS_RANK,6,4,225,61
과학기술정보통신부,2023,Ⅰ-2,기초연구진흥,,,,,기초연구진흥,2,2,2,2,0,0,2,ALL_COMPARABLE_AT_OR_ABOVE_TARGET,"[""MSIT-2023-I2-01"", ""MSIT-2023-I2-02""]",162,EXACT_NAME,True,과학기술,과학기술연구개발,1200,기초연구진흥,기초연구진흥,FUND,4781000000,4781000000,4781000000,1.0,COMPLETE,HIGH,1,1,0,"[""code:2023:162:538:1200:1235:404""]",JOINT_ANALYSIS,FULLY_REPORTED,FULLY_COMPARABLE,False,False,1,4781000000,1.0,0,0.0,0,0.0,0,0.0,0,0.0,0,0.0,0,0.0,1,1,0,0.0,0,0.0,HIGH,PROGRAM_BUDGET_CONCENTRATION,both,1,,4781000000,,4222000000,,-0.11692114620372307,,기초연구진흥,2190209000000,2190209000000,3,"[""FUND"", ""GENERAL_ACCOUNT"", ""SPECIAL_ACCOUNT""]",2253290000000,2253290000000,3,"[""FUND"", ""GENERAL_ACCOUNT"", ""SPECIAL_ACCOUNT""]",False,False,,1.0,UNAVAILABLE_MIXED_OR_UNLINKED,False,2190209000000,2190209000000,3,"[""FUND"", ""GENERAL_ACCOUNT"", ""SPECIAL_ACCOUNT""]",,2490756000000,3,"[""FUND"", ""GENERAL_ACCOUNT"", ""SPECIAL_ACCOUNT""]",False,False,,1.0,UNAVAILABLE_MIXED_OR_UNLINKED,False,False,0.0,True,0.0,0.0,0.0,0.0,0.07246376811594203,0.13793103448275862,False,False,False,False,False,True,False,False,True,1,4781000000,4222000000,-0.11692114620372307,True,False,False,False,,,,,False,False,False,False,0,False,False,0,CONFIRMED,0,1,True,False,True,CONTEXT_REVIEW,CONTEXT_REVIEW,4,DETAILED_PROJECT_REVIEW,회계조정·예산구조·사업변경 맥락을 확인,PROGRAM_STRUCTURE_CONTEXT,162:2023:과학기술:과학기술연구개발:1200:FUND,4,0.0,equal_mean_of_three_signal_components,tiebreak_only,False,,,,,,,,CONTEXT_REVIEW,READY_FOR_REVIEW,5,CONTEXT_SIGNAL_ONLY,NOT_ASSESSED,REVIEW_WORKFLOW_ORDER_NOT_POLICY_EFFECTIVENESS_RANK,7,5,226,62
과학기술정보통신부,2024,Ⅰ-2,기초연구진흥,,,,,기초연구진흥,1,1,1,1,0,0,1,ALL_COMPARABLE_AT_OR_ABOVE_TARGET,"[""MSIT-2024-I2-01""]",162,EXACT_NAME,True,과학기술,과학기술연구개발,1200,기초연구진흥,기초연구진흥,FUND,4222000000,4222000000,4222000000,1.0,COMPLETE,HIGH,1,1,0,"[""code:2024:162:538:1200:1235:404""]",JOINT_ANALYSIS,FULLY_REPORTED,FULLY_COMPARABLE,False,False,1,4222000000,1.0,0,0.0,0,0.0,0,0.0,0,0.0,0,0.0,0,0.0,1,1,0,0.0,0,0.0,HIGH,PROGRAM_BUDGET_CONCENTRATION,both,,,,,,,,,기초연구진흥,2253290000000,2253290000000,3,"[""FUND"", ""GENERAL_ACCOUNT"", ""SPECIAL_ACCOUNT""]",,2490756000000,3,"[""FUND"", ""GENERAL_ACCOUNT"", ""SPECIAL_ACCOUNT""]",False,False,,1.0,UNAVAILABLE_MIXED_OR_UNLINKED,False,2253290000000,2253290000000,3,"[""FUND"", ""GENERAL_ACCOUNT"", ""SPECIAL_ACCOUNT""]",,,,,False,False,,1.0,UNAVAILABLE_MIXED_OR_UNLINKED,False,False,0.0,True,0.0,0.0,0.0,0.0,0.06569343065693431,0.11864406779661017,False,False,False,False,False,True,False,False,False,,,,,False,False,False,False,,,,,False,False,False,False,0,False,False,0,CONFIRMED,0,1,True,False,True,CONTEXT_REVIEW,CONTEXT_REVIEW,4,DETAILED_PROJECT_REVIEW,회계조정·예산구조·사업변경 맥락을 확인,PROGRAM_STRUCTURE_CONTEXT,162:2024:과학기술:과학기술연구개발:1200:FUND,4,0.0,equal_mean_of_three_signal_components,tiebreak_only,False,,,,,,,,CONTEXT_REVIEW,READY_FOR_REVIEW,5,CONTEXT_SIGNAL_ONLY,NOT_ASSESSED,REVIEW_WORKFLOW_ORDER_NOT_POLICY_EFFECTIVENESS_RANK,8,6,227,63
과학기술정보통신부,2023,Ⅴ-2,통신정책지원,,,,,통신정책지원,2,2,2,2,0,0,2,ALL_COMPARABLE_AT_OR_ABOVE_TARGET,"[""MSIT-2023-V2-01"", ""MSIT-2023-V2-02""]",162,EXACT_NAME_UNIQUE_FINANCIAL,True,통신,방송통신,2400,통신정책지원,통신정책지원,GENERAL_ACCOUNT,3466000000,3466000000,3466000000,1.0,COMPLETE,HIGH,1,1,0,"[""code:2023:162:110:2400:2431:321""]",JOINT_ANALYSIS,FULLY_REPORTED,FULLY_COMPARABLE,False,False,1,3466000000,1.0,0,0.0,0,0.0,0,0.0,0,0.0,0,0.0,0,0.0,1,1,0,0.0,0,0.0,HIGH,PROGRAM_BUDGET_CONCENTRATION,both,,,,,,,,,통신정책지원,36347000000,36347000000,2,"[""FUND"", ""GENERAL_ACCOUNT""]",18869000000,18869000000,2,"[""FUND"", ""GENERAL_ACCOUNT""]",False,False,,1.0,UNAVAILABLE_MIXED_OR_UNLINKED,False,36347000000,36347000000,2,"[""FUND"", ""GENERAL_ACCOUNT""]",,46387000000,2,"[""FUND"", ""GENERAL_ACCOUNT""]",False,False,,1.0,UNAVAILABLE_MIXED_OR_UNLINKED,False,False,0.0,True,0.0,0.0,0.0,0.0,0.050724637681159424,0.10344827586206896,False,False,False,False,False,True,False,False,False,,,,,False,False,False,False,,,,,False,False,False,False,0,False,False,0,CONFIRMED,0,1,True,False,True,CONTEXT_REVIEW,CONTEXT_REVIEW,4,DETAILED_PROJECT_REVIEW,회계조정·예산구조·사업변경 맥락을 확인,PROGRAM_STRUCTURE_CONTEXT,162:2023:통신:방송통신:2400:GENERAL_ACCOUNT,4,0.0,equal_mean_of_three_signal_components,tiebreak_only,False,,,,,,,,CONTEXT_REVIEW,READY_FOR_REVIEW,5,CONTEXT_SIGNAL_ONLY,NOT_ASSESSED,REVIEW_WORKFLOW_ORDER_NOT_POLICY_EFFECTIVENESS_RANK,9,7,228,64
과학기술정보통신부,2024,Ⅳ-8,전파활용방송서비스산업,,,,,전파활용방송서비스산업,1,1,1,1,0,0,1,ALL_COMPARABLE_AT_OR_ABOVE_TARGET,"[""MSIT-2024-IV8-01""]",162,EXACT_NAME_UNIQUE_FINANCIAL,True,통신,방송통신,2500,전파활용방송서비스산업,전파활용방송서비스산업,SPECIAL_ACCOUNT,530000000,530000000,529868310,0.9997515283018868,COMPLETE,HIGH,1,1,0,"[""code:2024:162:236:2500:2535:301""]",JOINT_ANALYSIS,FULLY_REPORTED,FULLY_COMPARABLE,False,False,1,530000000,1.0,0,0.0,0,0.0,0,0.0,1,1.0,0,0.0,0,0.0,0,0,0,0.0,0,0.0,HIGH,ACCOUNTING_ADJUSTMENT_PATTERN,both,,,,,,,,,전파활용방송서비스산업,74349000000,74349000000,3,"[""FUND"", ""GENERAL_ACCOUNT"", ""SPECIAL_ACCOUNT""]",,82642000000,3,"[""FUND"", ""GENERAL_ACCOUNT"", ""SPECIAL_ACCOUNT""]",False,False,,1.0,UNAVAILABLE_MIXED_OR_UNLINKED,False,74349000000,74349000000,3,"[""FUND"", ""GENERAL_ACCOUNT"", ""SPECIAL_ACCOUNT""]",,,,,False,False,,1.0,UNAVAILABLE_MIXED_OR_UNLINKED,False,False,0.0,True,0.0,0.0,0.0,0.0,0.0072992700729927005,0.01694915254237288,False,False,False,False,True,False,False,False,False,,,,,False,False,False,False,,,,,False,False,False,False,0,False,False,0,CONFIRMED,0,1,True,False,True,CONTEXT_REVIEW,CONTEXT_REVIEW,4,DETAILED_PROJECT_REVIEW,회계조정·예산구조·사업변경 맥락을 확인,ACCOUNTING_ADJUSTMENT_CONTEXT,162:2024:통신:방송통신:2500:SPECIAL_ACCOUNT,4,0.0,equal_mean_of_three_signal_components,tiebreak_only,False,,,,,,,,CONTEXT_REVIEW,READY_FOR_REVIEW,5,CONTEXT_SIGNAL_ONLY,NOT_ASSESSED,REVIEW_WORKFLOW_ORDER_NOT_POLICY_EFFECTIVENESS_RANK,10,8,229,65
중소벤처기업부,2023,Ⅱ-1,중소기업성장안정지원,,,,,중소기업성장안정지원,3,3,3,2,1,0,2,ALL_COMPARABLE_AT_OR_ABOVE_TARGET,"[""중기부-2023-II1-01"", ""중기부-2023-II1-02"", ""중기부-2023-II1-03""]",102,EXACT_NAME_UNIQUE_FINANCIAL,True,산업·중소기업및에너지,중소기업및소상공인육성,1200,중소기업성장안정지원,중소기업성장안정지원,GENERAL_ACCOUNT,118700000000,118700000000,118700000000,1.0,COMPLETE,HIGH,2,2,0,"[""code:2023:102:110:1200:1231:881"", ""code:2023:102:110:1200:1232:301""]",JOINT_ANALYSIS,FULLY_REPORTED,PARTIALLY_COMPARABLE,False,False,2,118700000000,0.7051390058972199,0,0.0,0,0.0,0,0.0,0,0.0,0,0.0,1,0.7051390058972199,0,0,0,0.0,0,0.0,MEDIUM,BUDGET_RAPID_DECREASE,both,1,,83700000000,,80000000000,,-0.04420549581839905,,중소기업성장안정지원,2718898000000,2152532000000,2,"[""FUND"", ""GENERAL_ACCOUNT""]",3430813000000,2693576000000,2,"[""FUND"", ""GENERAL_ACCOUNT""]",False,False,,0.7916928108373319,UNAVAILABLE_MIXED_OR_UNLINKED,False,2718898000000,2152532000000,2,"[""FUND"", ""GENERAL_ACCOUNT""]",,3674794000000,2,"[""FUND"", ""GENERAL_ACCOUNT""]",False,False,,0.7916928108373319,UNAVAILABLE_MIXED_OR_UNLINKED,False,False,0.0,True,0.0,0.0,0.0,0.7051390058972199,0.5144927536231884,0.45454545454545453,False,False,False,True,False,False,False,True,False,1,83700000000,80000000000,-0.04420549581839905,False,False,False,False,,,,,False,False,False,False,0,False,False,0,LIMITED,1,0,True,True,False,MODERATE_OR_CONTEXT_REVIEW,CONTEXT_REVIEW,4,DETAILED_PROJECT_REVIEW,회계조정·예산구조·사업변경 맥락을 확인,BUDGET_PERFORMANCE_MISMATCH,102:2023:산업·중소기업및에너지:중소기업및소상공인육성:1200:GENERAL_ACCOUNT,3,0.2350463352990733,equal_mean_of_three_signal_components,tiebreak_only,False,95.25,53.0,21.25,14.0,92,False,False,CONTEXT_REVIEW,READY_FOR_REVIEW,5,CONTEXT_SIGNAL_ONLY,NOT_ASSESSED,REVIEW_WORKFLOW_ORDER_NOT_POLICY_EFFECTIVENESS_RANK,11,1,230,38
중소벤처기업부,2024,Ⅳ-2,중소기업인력지원,,,,,중소기업인력지원,1,1,1,1,0,0,1,ALL_COMPARABLE_AT_OR_ABOVE_TARGET,"[""중기부-2024-IIII1-02""]",102,EXACT_NAME_UNIQUE_FINANCIAL,True,산업·중소기업및에너지,중소기업및소상공인육성,5400,중소기업인력지원,중소기업인력지원,GENERAL_ACCOUNT,231315000000,231315000000,229855871550,0.9936920284028272,COMPLETE,HIGH,4,4,0,"[""code:2024:102:110:5400:5431:301"", ""code:2024:102:110:5400:5431:302"", ""code:2024:102:110:5400:5441:301"", ""code:2024:102:110:5400:5461:301""]",JOINT_ANALYSIS,FULLY_REPORTED,FULLY_COMPARABLE,False,False,4,231315000000,1.2747249421784148,0,0.0,0,0.0,0,0.0,0,0.0,0,0.0,1,0.5332079631671098,0,0,1,0.5332079631671098,0,0.0,MEDIUM,BUDGET_RAPID_DECREASE;MULTIPLE_FINANCIAL_SIGNALS,both,,,,,,,,,중소기업인력지원,266857000000,266857000000,2,"[""FUND"", ""GENERAL_ACCOUNT""]",,177110000000,2,"[""FUND"", ""GENERAL_ACCOUNT""]",False,False,,1.0,UNAVAILABLE_MIXED_OR_UNLINKED,False,266857000000,266857000000,2,"[""FUND"", ""GENERAL_ACCOUNT""]",,,,,False,False,,1.0,UNAVAILABLE_MIXED_OR_UNLINKED,False,False,0.0,True,0.0,0.0,0.0,0.5332079631671098,0.656934306569343,0.65,False,False,False,True,False,False,False,True,False,,,,,False,False,False,False,,,,,False,False,False,False,0,False,False,0,LIMITED,1,0,True,True,False,MODERATE_OR_CONTEXT_REVIEW,CONTEXT_REVIEW,4,DETAILED_PROJECT_REVIEW,회계조정·예산구조·사업변경 맥락을 확인,BUDGET_PERFORMANCE_MISMATCH,102:2024:산업·중소기업및에너지:중소기업및소상공인육성:5400:GENERAL_ACCOUNT,3,0.17773598772236995,equal_mean_of_three_signal_components,tiebreak_only,False,97.25,58.0,20.5,16.0,95,False,False,CONTEXT_REVIEW,READY_FOR_REVIEW,5,CONTEXT_SIGNAL_ONLY,NOT_ASSESSED,REVIEW_WORKFLOW_ORDER_NOT_POLICY_EFFECTIVENESS_RANK,12,2,231,39
과학기술정보통신부,2024,Ⅳ-3,정보통신방송기반조성,,,,,정보통신방송기반조성,1,1,1,1,0,0,1,ALL_COMPARABLE_AT_OR_ABOVE_TARGET,"[""MSIT-2024-IV3-01""]",162,EXACT_NAME,True,문화및관광,문화예술,1600,정보통신방송기반조성,정보통신방송기반조성,FUND,14763000000,14763000000,14744276000,0.9987316941001152,COMPLETE,HIGH,6,6,0,"[""code:2024:162:543:1600:1631:305"", ""code:2024:162:543:1600:1631:306"", ""code:2024:162:543:1600:1631:307"", ""code:2024:162:564:1600:1631:310"", ""code:2024:162:564:1600:1632:308"", ""code:2024:162:564:1600:1632:314""]",JOINT_ANALYSIS,FULLY_REPORTED,FULLY_COMPARABLE,False,False,6,14763000000,0.37844611528822053,0,0.0,0,0.0,0,0.0,1,0.03752624805256384,0,0.0,1,0.3409198672356567,0,0,0,0.0,0,0.0,MEDIUM,ACCOUNTING_ADJUSTMENT_PATTERN;BUDGET_RAPID_DECREASE,both,,,,,,,,,정보통신방송기반조성,16763000000,16763000000,2,"[""FUND"", ""GENERAL_ACCOUNT""]",,17594000000,2,"[""FUND"", ""GENERAL_ACCOUNT""]",False,False,,1.0,UNAVAILABLE_MIXED_OR_UNLINKED,False,16763000000,16763000000,2,"[""FUND"", ""GENERAL_ACCOUNT""]",,,,,False,False,,1.0,UNAVAILABLE_MIXED_OR_UNLINKED,False,False,0.0,True,0.0,0.0,0.0,0.3409198672356567,0.18248175182481752,0.2033898305084746,False,False,False,True,True,False,False,True,False,,,,,False,False,False,False,,,,,False,False,False,False,0,False,False,0,LIMITED,1,1,True,True,False,MODERATE_OR_CONTEXT_REVIEW,CONTEXT_REVIEW,4,DETAILED_PROJECT_REVIEW,회계조정·예산구조·사업변경 맥락을 확인,BUDGET_PERFORMANCE_MISMATCH;ACCOUNTING_ADJUSTMENT_CONTEXT,162:2024:문화및관광:문화예술:1600:FUND,3,0.1136399557452189,equal_mean_of_three_signal_components,tiebreak_only,False,194.75,30.0,49.25,11.0,205,False,False,CONTEXT_REVIEW,READY_FOR_REVIEW,5,CONTEXT_SIGNAL_ONLY,NOT_ASSESSED,REVIEW_WORKFLOW_ORDER_NOT_POLICY_EFFECTIVENESS_RANK,13,9,232,66
과학기술정보통신부,2023,Ⅰ-3,우주개발진흥,,,,,우주개발진흥,2,2,2,2,0,0,2,ALL_COMPARABLE_AT_OR_ABOVE_TARGET,"[""MSIT-2023-I3-01"", ""MSIT-2023-I3-02""]",162,EXACT_NAME_UNIQUE_FINANCIAL,True,과학기술,과학기술연구개발,1300,우주개발진흥,우주개발진흥,GENERAL_ACCOUNT,424860000000,424860000000,424860000000,1.0,COMPLETE,HIGH,19,19,0,"[""code:2023:162:110:1300:1331:301"", ""code:2023:162:110:1300:1331:302"", ""code:2023:162:110:1300:1331:305"", ""code:2023:162:110:1300:1331:311"", ""code:2023:162:110:1300:1331:401"", ""code:2023:162:110:1300:1331:402"", ""code:2023:162:110:1300:1331:410"", ""code:2023:162:110:1300:1331:413"", ""code:2023:162:110:1300:1331:415"", ""code:2023:162:110:1300:1331:416"", ""code:2023:162:110:1300:1331:418"", ""code:2023:162:110:1300:1331:419"", ""code:2023:162:110:1300:1331:422"", ""code:2023:162:110:1300:1332:405"", ""code:2023:162:110:1300:1332:406"", ""code:2023:162:110:1300:1332:408"", ""code:2023:162:110:1300:1333:403"", ""code:2023:162:110:1300:1333:410"", ""code:2023:162:110:1300:1341:401""]",JOINT_ANALYSIS,FULLY_REPORTED,FULLY_COMPARABLE,False,False,19,424860000000,1.5597184955044014,0,0.0,0,0.0,0,0.0,0,0.0,2,0.17229911029515604,2,0.22537071035164524,0,0,6,0.5635715294449937,0,0.0,MEDIUM,BUDGET_RAPID_DECREASE;BUDGET_RAPID_INCREASE;MULTIPLE_FINANCIAL_SIGNALS,both,,,,,,,,,우주개발진흥,433860000000,433860000000,2,"[""FUND"", ""GENERAL_ACCOUNT""]",434787000000,434787000000,2,"[""FUND"", ""GENERAL_ACCOUNT""]",False,False,,1.0,UNAVAILABLE_MIXED_OR_UNLINKED,False,433860000000,433860000000,2,"[""FUND"", ""GENERAL_ACCOUNT""]",,3500000000,1,"[""FUND""]",False,False,,1.0,UNAVAILABLE_MIXED_OR_UNLINKED,False,False,0.0,True,0.0,0.0,0.0,0.22537071035164524,0.7391304347826086,0.896551724137931,False,False,False,True,False,False,True,True,False,,,,,False,False,False,False,,,,,False,False,False,False,0,False,False,0,LIMITED,1,0,True,True,False,MODERATE_OR_CONTEXT_REVIEW,CONTEXT_REVIEW,4,DETAILED_PROJECT_REVIEW,회계조정·예산구조·사업변경 맥락을 확인,BUDGET_PERFORMANCE_MISMATCH,162:2023:과학기술:과학기술연구개발:1300:GENERAL_ACCOUNT,3,0.07512357011721509,equal_mean_of_three_signal_components,tiebreak_only,False,127.75,48.0,22.5,21.0,127,False,False,CONTEXT_REVIEW,READY_FOR_REVIEW,5,CONTEXT_SIGNAL_ONLY,NOT_ASSESSED,REVIEW_WORKFLOW_ORDER_NOT_POLICY_EFFECTIVENESS_RANK,14,10,233,67
중소벤처기업부,2023,Ⅰ-2,지역중소기업육성,,,,,지역중소기업육성,2,2,2,2,0,0,2,ALL_COMPARABLE_AT_OR_ABOVE_TARGET,"[""중기부-2023-I2-01"", ""중기부-2023-I2-02""]",102,EXACT_NAME_UNIQUE_FINANCIAL,True,산업·중소기업및에너지,중소기업및소상공인육성,3300,지역중소기업육성,지역중소기업육성,SPECIAL_ACCOUNT,77979000000,77979000000,77979000000,1.0,COMPLETE,HIGH,6,6,0,"[""code:2023:102:236:3300:3336:302"", ""code:2023:102:236:3300:3336:303"", ""code:2023:102:236:3300:3336:304"", ""code:2023:102:236:3300:3336:320"", ""code:2023:102:236:3300:3336:334"", ""code:2023:102:236:3300:3339:305"", ""code:2023:102:236:3300:3339:306"", ""code:2023:102:236:3300:3339:310""]",JOINT_ANALYSIS,FULLY_REPORTED,FULLY_COMPARABLE,False,False,6,77979000000,0.25427358647841086,0,0.0,0,0.0,0,0.0,0,0.0,0,0.0,1,0.11591582349093987,0,0,1,0.11591582349093987,0,0.0,MEDIUM,BUDGET_RAPID_DECREASE;MULTIPLE_FINANCIAL_SIGNALS,both,5,,75251000000,,36829000000,,-0.5105845769491435,,지역중소기업육성,96166000000,96166000000,2,"[""GENERAL_ACCOUNT"", ""SPECIAL_ACCOUNT""]",56509000000,56509000000,2,"[""GENERAL_ACCOUNT"", ""SPECIAL_ACCOUNT""]",False,False,,1.0,UNAVAILABLE_MIXED_OR_UNLINKED,False,96166000000,96166000000,2,"[""GENERAL_ACCOUNT"", ""SPECIAL_ACCOUNT""]",,94695000000,2,"[""GENERAL_ACCOUNT"", ""SPECIAL_ACCOUNT""]",False,False,,1.0,UNAVAILABLE_MIXED_OR_UNLINKED,False,False,0.0,True,0.0,0.0,0.0,0.11591582349093987,0.4492753623188406,0.4090909090909091,False,False,False,True,False,False,False,True,False,5,75251000000,36829000000,-0.5105845769491435,False,False,False,False,,,,,False,False,False,False,0,False,False,0,LIMITED,1,0,True,True,False,MODERATE_OR_CONTEXT_REVIEW,CONTEXT_REVIEW,4,DETAILED_PROJECT_REVIEW,회계조정·예산구조·사업변경 맥락을 확인,BUDGET_PERFORMANCE_MISMATCH,102:2023:산업·중소기업및에너지:중소기업및소상공인육성:3300:SPECIAL_ACCOUNT,3,0.03863860783031329,equal_mean_of_three_signal_components,tiebreak_only,False,195.0,27.0,37.25,5.0,206,False,False,CONTEXT_REVIEW,READY_FOR_REVIEW,5,CONTEXT_SIGNAL_ONLY,NOT_ASSESSED,REVIEW_WORKFLOW_ORDER_NOT_POLICY_EFFECTIVENESS_RANK,15,3,234,40
중소벤처기업부,2024,Ⅲ-2,벤처기업활성화지원,,,,,벤처기업활성화지원,1,1,1,1,0,0,1,ALL_COMPARABLE_AT_OR_ABOVE_TARGET,"[""중기부-2024-III1-02""]",102,EXACT_NAME_UNIQUE_FINANCIAL,True,산업·중소기업및에너지,창업및벤처,5200,벤처기업활성화지원,벤처기업활성화지원,GENERAL_ACCOUNT,9846000000,9846000000,9845960250,0.9999959628275442,COMPLETE,HIGH,3,3,0,"[""code:2024:102:110:5200:5231:301"", ""code:2024:102:110:5200:5231:302"", ""code:2024:102:110:5200:5231:307""]",JOINT_ANALYSIS,FULLY_REPORTED,FULLY_COMPARABLE,False,False,3,9846000000,1.0894779605931342,0,0.0,0,0.0,0,0.0,0,0.0,0,0.0,1,0.08947796059313427,3,1,1,0.08947796059313427,0,0.0,MEDIUM,BUDGET_RAPID_DECREASE;MULTIPLE_FINANCIAL_SIGNALS;PROGRAM_BUDGET_CONCENTRATION,both,,,,,,,,,벤처기업활성화지원,464547000000,464547000000,3,"[""FUND"", ""GENERAL_ACCOUNT"", ""SPECIAL_ACCOUNT""]",,833257000000,2,"[""FUND"", ""GENERAL_ACCOUNT""]",False,False,,1.0,UNAVAILABLE_MIXED_OR_UNLINKED,False,464547000000,464547000000,3,"[""FUND"", ""GENERAL_ACCOUNT"", ""SPECIAL_ACCOUNT""]",,,,,False,False,,1.0,UNAVAILABLE_MIXED_OR_UNLINKED,False,False,0.0,True,0.0,0.0,0.0,0.08947796059313427,0.145985401459854,0.1,False,False,False,True,False,True,False,True,False,,,,,False,False,False,False,,,,,False,False,False,False,0,False,False,0,LIMITED,1,1,True,True,False,MODERATE_OR_CONTEXT_REVIEW,CONTEXT_REVIEW,4,DETAILED_PROJECT_REVIEW,회계조정·예산구조·사업변경 맥락을 확인,BUDGET_PERFORMANCE_MISMATCH;PROGRAM_STRUCTURE_CONTEXT,102:2024:산업·중소기업및에너지:창업및벤처:5200:GENERAL_ACCOUNT,3,0.029825986864378092,equal_mean_of_three_signal_components,tiebreak_only,False,229.75,4.0,42.0,0.0,231,False,False,CONTEXT_REVIEW,READY_FOR_REVIEW,5,CONTEXT_SIGNAL_ONLY,NOT_ASSESSED,REVIEW_WORKFLOW_ORDER_NOT_POLICY_EFFECTIVENESS_RANK,16,4,235,41
과학기술정보통신부,2024,Ⅰ-5,사회문제해결,,,,,사회문제해결,1,1,1,1,0,0,1,ALL_COMPARABLE_AT_OR_ABOVE_TARGET,"[""MSIT-2024-I5-01""]",162,EXACT_NAME_UNIQUE_FINANCIAL,True,과학기술,과학기술연구개발,1500,사회문제해결,사회문제해결,GENERAL_ACCOUNT,19084000000,19084000000,19084000000,1.0,COMPLETE,HIGH,15,15,0,"[""code:2024:162:110:1500:1531:306"", ""code:2024:162:110:1500:1531:307"", ""code:2024:162:110:1500:1531:405"", ""code:2024:162:110:1500:1531:407"", ""code:2024:162:110:1500:1531:410"", ""code:2024:162:110:1500:1531:411"", ""code:2024:162:110:1500:1531:415"", ""code:2024:162:110:1500:1531:416"", ""code:2024:162:110:1500:1531:417"", ""code:2024:162:110:1500:1531:420"", ""code:2024:162:110:1500:1531:421"", ""code:2024:162:110:1500:1532:401"", ""code:2024:162:110:1500:1532:402"", ""code:2024:162:110:1500:1532:404"", ""code:2024:162:110:1500:1532:407""]",JOINT_ANALYSIS,FULLY_REPORTED,FULLY_COMPARABLE,False,False,15,19084000000,0.06759589184657304,0,0.0,0,0.0,0,0.0,0,0.0,0,0.0,1,0.06759589184657304,0,0,0,0.0,0,0.0,MEDIUM,BUDGET_RAPID_DECREASE,both,,,,,,,,,사회문제해결,19084000000,19084000000,1,"[""GENERAL_ACCOUNT""]",,20289000000,1,"[""GENERAL_ACCOUNT""]",False,False,,1.0,PROGRAM_TOTAL_SINGLE_ACCOUNT,False,19084000000,19084000000,1,"[""GENERAL_ACCOUNT""]",,,,,False,False,,1.0,UNAVAILABLE_MIXED_OR_UNLINKED,False,False,0.0,True,0.0,0.0,0.0,0.06759589184657304,0.21897810218978103,0.2542372881355932,False,False,False,True,False,False,False,True,False,,,,,False,False,False,False,,,,,False,False,False,False,0,False,False,0,LIMITED,1,0,True,True,False,MODERATE_OR_CONTEXT_REVIEW,CONTEXT_REVIEW,4,DETAILED_PROJECT_REVIEW,회계조정·예산구조·사업변경 맥락을 확인,BUDGET_PERFORMANCE_MISMATCH,162:2024:과학기술:과학기술연구개발:1500:GENERAL_ACCOUNT,3,0.02253196394885768,equal_mean_of_three_signal_components,tiebreak_only,False,223.75,8.0,64.25,5.0,226,False,False,CONTEXT_REVIEW,READY_FOR_REVIEW,5,CONTEXT_SIGNAL_ONLY,NOT_ASSESSED,REVIEW_WORKFLOW_ORDER_NOT_POLICY_EFFECTIVENESS_RANK,17,11,236,68
보건복지부,2023,Ⅰ-5,사회복지기반조성,,,,,사회복지기반조성,2,2,2,2,0,0,2,ALL_COMPARABLE_AT_OR_ABOVE_TARGET,"[""MOHW-2023-I5-01"", ""MOHW-2023-I5-02""]",075,EXACT_NAME_UNIQUE_FINANCIAL,True,사회복지,사회복지일반,2600,사회복지기반조성,사회복지기반조성,SPECIAL_ACCOUNT,399085000000,399085000000,385065403830,0.9648706511895964,COMPLETE,HIGH,4,4,0,"[""code:2023:075:236:2600:2635:305"", ""code:2023:075:236:2600:2635:306"", ""code:2023:075:236:2600:2639:300"", ""code:2023:075:236:2600:2639:301"", ""code:2023:075:236:2600:2639:306""]",JOINT_ANALYSIS,FULLY_REPORTED,FULLY_COMPARABLE,False,False,4,399085000000,0.20202463134419985,0,0.0,0,0.0,0,0.0,0,0.0,0,0.0,1,0.06734154378139995,0,0,1,0.06734154378139995,0,0.0,MEDIUM,BUDGET_RAPID_DECREASE;MULTIPLE_FINANCIAL_SIGNALS,both,2,,187853000000,,208295000000,,0.10881912985153284,,사회복지기반조성,600826000000,600826000000,2,"[""GENERAL_ACCOUNT"", ""SPECIAL_ACCOUNT""]",407833000000,407833000000,2,"[""GENERAL_ACCOUNT"", ""SPECIAL_ACCOUNT""]",False,False,,1.0,UNAVAILABLE_MIXED_OR_UNLINKED,False,600826000000,600826000000,2,"[""GENERAL_ACCOUNT"", ""SPECIAL_ACCOUNT""]",,416074000000,2,"[""GENERAL_ACCOUNT"", ""SPECIAL_ACCOUNT""]",False,False,,1.0,UNAVAILABLE_MIXED_OR_UNLINKED,False,False,0.0,True,0.0,0.0,0.0,0.06734154378139995,0.7318840579710145,0.6666666666666666,False,False,False,True,False,False,False,True,False,2,187853000000,208295000000,0.10881912985153284,False,False,False,False,,,,,False,False,False,False,0,False,False,0,LIMITED,1,0,True,True,False,MODERATE_OR_CONTEXT_REVIEW,CONTEXT_REVIEW,4,DETAILED_PROJECT_REVIEW,회계조정·예산구조·사업변경 맥락을 확인,BUDGET_PERFORMANCE_MISMATCH,075:2023:사회복지:사회복지일반:2600:SPECIAL_ACCOUNT,3,0.02244718126046665,equal_mean_of_three_signal_components,tiebreak_only,False,158.75,64.0,64.75,23.0,170,False,False,CONTEXT_REVIEW,READY_FOR_REVIEW,5,CONTEXT_SIGNAL_ONLY,NOT_ASSESSED,REVIEW_WORKFLOW_ORDER_NOT_POLICY_EFFECTIVENESS_RANK,18,3,237,88
과학기술정보통신부,2024,Ⅳ-1,콘텐츠방송산업육성,,,,,콘텐츠방송산업육성,1,1,1,1,0,0,1,ALL_COMPARABLE_AT_OR_ABOVE_TARGET,"[""MSIT-2024-IV1-01""]",162,EXACT_NAME_UNIQUE_FINANCIAL,True,문화및관광,문화예술,1100,콘텐츠방송산업육성,콘텐츠방송산업육성,GENERAL_ACCOUNT,52385000000,52385000000,52385000000,1.0,COMPLETE,HIGH,3,3,0,"[""code:2024:162:110:1100:1131:320"", ""code:2024:162:110:1100:1131:501"", ""code:2024:162:110:1100:1134:602""]",JOINT_ANALYSIS,FULLY_REPORTED,FULLY_COMPARABLE,False,False,3,52385000000,0.10006681301899399,0,0.0,0,0.0,0,0.0,0,0.0,0,0.0,1,0.050033406509496996,0,0,1,0.050033406509496996,0,0.0,MEDIUM,BUDGET_RAPID_DECREASE;MULTIPLE_FINANCIAL_SIGNALS,both,,,,,,,,,콘텐츠방송산업육성,195220000000,195220000000,2,"[""FUND"", ""GENERAL_ACCOUNT""]",,119815000000,2,"[""FUND"", ""GENERAL_ACCOUNT""]",False,False,,1.0,UNAVAILABLE_MIXED_OR_UNLINKED,False,195220000000,195220000000,2,"[""FUND"", ""GENERAL_ACCOUNT""]",,,,,False,False,,1.0,UNAVAILABLE_MIXED_OR_UNLINKED,False,False,0.0,True,0.0,0.0,0.0,0.050033406509496996,0.3795620437956204,0.4576271186440678,False,False,False,True,False,False,False,True,False,,,,,False,False,False,False,,,,,False,False,False,False,0,False,False,0,LIMITED,1,0,True,True,False,MODERATE_OR_CONTEXT_REVIEW,CONTEXT_REVIEW,4,DETAILED_PROJECT_REVIEW,회계조정·예산구조·사업변경 맥락을 확인,BUDGET_PERFORMANCE_MISMATCH,162:2024:문화및관광:문화예술:1100:GENERAL_ACCOUNT,3,0.01667780216983233,equal_mean_of_three_signal_components,tiebreak_only,False,211.0,22.0,54.25,11.0,215,False,False,CONTEXT_REVIEW,READY_FOR_REVIEW,5,CONTEXT_SIGNAL_ONLY,NOT_ASSESSED,REVIEW_WORKFLOW_ORDER_NOT_POLICY_EFFECTIVENESS_RANK,19,12,238,69
중소벤처기업부,2023,Ⅲ-2,벤처기업활성화지원,,,,,벤처기업활성화지원,3,3,3,3,0,0,3,ALL_COMPARABLE_AT_OR_ABOVE_TARGET,"[""중기부-2023-III2-01"", ""중기부-2023-III2-02"", ""중기부-2023-III2-03""]",102,EXACT_NAME,True,산업·중소기업및에너지,창업및벤처,5200,벤처기업활성화지원,벤처기업활성화지원,GENERAL_ACCOUNT,26299000000,26299000000,26298973700,0.9999989999619756,COMPLETE,HIGH,4,4,0,"[""code:2023:102:110:5200:5231:301"", ""code:2023:102:110:5200:5231:302"", ""code:2023:102:110:5200:5231:306"", ""code:2023:102:110:5200:5231:307""]",JOINT_ANALYSIS,FULLY_REPORTED,FULLY_COMPARABLE,False,False,4,26299000000,1.0494315373208107,0,0.0,0,0.0,0,0.0,0,0.0,0,0.0,1,0.049431537320810674,4,1,1,0.049431537320810674,0,0.0,MEDIUM,BUDGET_RAPID_DECREASE;MULTIPLE_FINANCIAL_SIGNALS;PROGRAM_BUDGET_CONCENTRATION,both,3,,11051000000,,9846000000,,-0.1090399058908696,,벤처기업활성화지원,341150000000,341150000000,3,"[""FUND"", ""GENERAL_ACCOUNT"", ""SPECIAL_ACCOUNT""]",464547000000,464547000000,3,"[""FUND"", ""GENERAL_ACCOUNT"", ""SPECIAL_ACCOUNT""]",False,False,,1.0,UNAVAILABLE_MIXED_OR_UNLINKED,False,341150000000,341150000000,3,"[""FUND"", ""GENERAL_ACCOUNT"", ""SPECIAL_ACCOUNT""]",,833257000000,2,"[""FUND"", ""GENERAL_ACCOUNT""]",False,False,,1.0,UNAVAILABLE_MIXED_OR_UNLINKED,False,False,0.0,True,0.0,0.0,0.0,0.049431537320810674,0.2246376811594203,0.18181818181818182,False,False,False,True,False,True,False,True,False,3,11051000000,9846000000,-0.1090399058908696,False,False,False,False,,,,,False,False,False,False,0,False,False,0,LIMITED,1,1,True,True,False,MODERATE_OR_CONTEXT_REVIEW,CONTEXT_REVIEW,4,DETAILED_PROJECT_REVIEW,회계조정·예산구조·사업변경 맥락을 확인,BUDGET_PERFORMANCE_MISMATCH;PROGRAM_STRUCTURE_CONTEXT,102:2023:산업·중소기업및에너지:창업및벤처:5200:GENERAL_ACCOUNT,3,0.01647717910693689,equal_mean_of_three_signal_components,tiebreak_only,False,227.25,8.0,41.0,0.0,230,False,False,CONTEXT_REVIEW,READY_FOR_REVIEW,5,CONTEXT_SIGNAL_ONLY,NOT_ASSESSED,REVIEW_WORKFLOW_ORDER_NOT_POLICY_EFFECTIVENESS_RANK,20,5,239,42
과학기술정보통신부,2023,Ⅰ-1,미래유망원천기술개발,1100,,,CONFIRMED,미래유망원천기술개발,2,2,2,2,0,0,2,ALL_COMPARABLE_AT_OR_ABOVE_TARGET,"[""MSIT-2023-I1-01"", ""MSIT-2023-I1-02""]",162,EXACT_CODE,True,과학기술,과학기술연구개발,1100,미래유망원천기술개발,미래유망원천기술개발,GENERAL_ACCOUNT,931362000000,931362000000,931362000000,1.0,COMPLETE,HIGH,68,68,0,"[""code:2023:162:110:1100:1138:305"", ""code:2023:162:110:1100:1138:306"", ""code:2023:162:110:1100:1138:312"", ""code:2023:162:110:1100:1138:401"", ""code:2023:162:110:1100:1138:404"", ""code:2023:162:110:1100:1138:407"", ""code:2023:162:110:1100:1138:408"", ""code:2023:162:110:1100:1138:417"", ""code:2023:162:110:1100:1138:422"", ""code:2023:162:110:1100:1138:423"", ""code:2023:162:110:1100:1138:431"", ""code:2023:162:110:1100:1138:432"", ""code:2023:162:110:1100:1138:433"", ""code:2023:162:110:1100:1138:438"", ""code:2023:162:110:1100:1138:439"", ""code:2023:162:110:1100:1138:441"", ""code:2023:162:110:1100:1138:444"", ""code:2023:162:110:1100:1138:446"", ""code:2023:162:110:1100:1138:447"", ""code:2023:162:110:1100:1138:451"", ""code:2023:162:110:1100:1138:455"", ""code:2023:162:110:1100:1138:456"", ""code:2023:162:110:1100:1138:457"", ""code:2023:162:110:1100:1138:458"", ""code:2023:162:110:1100:1139:412"", ""code:2023:162:110:1100:1139:417"", ""code:2023:162:110:1100:1139:418"", ""code:2023:162:110:1100:1139:420"", ""code:2023:162:110:1100:1139:421"", ""code:2023:162:110:1100:1139:423"", ""code:2023:162:110:1100:1139:424"", ""code:2023:162:110:1100:1158:311"", ""code:2023:162:110:1100:1158:401"", ""code:2023:162:110:1100:1158:402"", ""code:2023:162:110:1100:1158:403"", ""code:2023:162:110:1100:1158:404"", ""code:2023:162:110:1100:1158:411"", ""code:2023:162:110:1100:1158:415"", ""code:2023:162:110:1100:1158:416"", ""code:2023:162:110:1100:1158:417"", ""code:2023:162:110:1100:1158:424"", ""code:2023:162:110:1100:1158:428"", ""code:2023:162:110:1100:1158:437"", ""code:2023:162:110:1100:1158:439"", ""code:2023:162:110:1100:1158:442"", ""code:2023:162:110:1100:1158:447"", ""code:2023:162:110:1100:1159:405"", ""code:2023:162:110:1100:1159:413"", ""code:2023:162:110:1100:1159:415"", ""code:2023:162:110:1100:1159:417"", ""code:2023:162:110:1100:1159:418"", ""code:2023:162:110:1100:1159:419"", ""code:2023:162:110:1100:1159:420"", ""code:2023:162:110:1100:1159:421"", ""code:2023:162:110:1100:1159:422"", ""code:2023:162:110:1100:1159:423"", ""code:2023:162:110:1100:1159:425"", ""code:2023:162:110:1100:1160:301"", ""code:2023:162:110:1100:1160:402"", ""code:2023:162:110:1100:1160:404"", ""code:2023:162:110:1100:1160:407"", ""code:2023:162:110:1100:1160:414"", ""code:2023:162:110:1100:1160:420"", ""code:2023:162:110:1100:1160:422"", ""code:2023:162:110:1100:1160:424"", ""code:2023:162:110:1100:1160:430"", ""code:2023:162:110:1100:1160:434"", ""code:2023:162:110:1100:1160:436""]",JOINT_ANALYSIS,FULLY_REPORTED,FULLY_COMPARABLE,False,False,68,931362000000,0.07445654858153973,0,0.0,0,0.0,0,0.0,0,0.0,3,0.019484368054526597,2,0.0355382762019494,0,0,2,0.009716952162531862,0,0.0,MEDIUM,BUDGET_RAPID_DECREASE;BUDGET_RAPID_INCREASE;MULTIPLE_FINANCIAL_SIGNALS,both,39,2,753614000000,94793000000,784996000000,,0.04164200771217095,,미래유망원천기술개발,1272867000000,1272867000000,3,"[""FUND"", ""GENERAL_ACCOUNT"", ""SPECIAL_ACCOUNT""]",1187465000000,1187465000000,3,"[""FUND"", ""GENERAL_ACCOUNT"", ""SPECIAL_ACCOUNT""]",False,False,,1.0,UNAVAILABLE_MIXED_OR_UNLINKED,False,1272867000000,1272867000000,3,"[""FUND"", ""GENERAL_ACCOUNT"", ""SPECIAL_ACCOUNT""]",,1386417000000,3,"[""FUND"", ""GENERAL_ACCOUNT"", ""SPECIAL_ACCOUNT""]",False,False,,1.0,UNAVAILABLE_MIXED_OR_UNLINKED,False,False,0.0,True,0.0,0.0,0.0,0.0355382762019494,0.8043478260869565,0.9482758620689655,False,False,False,True,False,False,True,True,False,39,753614000000,784996000000,0.04164200771217095,False,False,False,False,2,94793000000,,,False,False,False,False,0,False,False,0,LIMITED,1,0,True,True,False,MODERATE_OR_CONTEXT_REVIEW,CONTEXT_REVIEW,4,DETAILED_PROJECT_REVIEW,회계조정·예산구조·사업변경 맥락을 확인,BUDGET_PERFORMANCE_MISMATCH,162:2023:과학기술:과학기술연구개발:1100:GENERAL_ACCOUNT,3,0.011846092067316467,equal_mean_of_three_signal_components,tiebreak_only,False,152.0,71.0,29.0,23.0,159,False,False,CONTEXT_REVIEW,READY_FOR_REVIEW,5,CONTEXT_SIGNAL_ONLY,NOT_ASSESSED,REVIEW_WORKFLOW_ORDER_NOT_POLICY_EFFECTIVENESS_RANK,21,13,240,70
과학기술정보통신부,2023,Ⅳ-5,정보통신융합산업,,,,,정보통신융합산업,2,2,2,2,0,0,2,ALL_COMPARABLE_AT_OR_ABOVE_TARGET,"[""MSIT-2023-IV5-01"", ""MSIT-2023-IV5-02""]",162,EXACT_NAME_UNIQUE_FINANCIAL,True,통신,정보통신,2100,정보통신융합산업,정보통신융합산업,GENERAL_ACCOUNT,165554000000,165554000000,165554000000,1.0,COMPLETE,HIGH,19,19,0,"[""code:2023:162:110:2100:2132:302"", ""code:2023:162:110:2100:2132:307"", ""code:2023:162:110:2100:2132:321"", ""code:2023:162:110:2100:2132:324"", ""code:2023:162:110:2100:2132:327"", ""code:2023:162:110:2100:2132:328"", ""code:2023:162:110:2100:2132:330"", ""code:2023:162:110:2100:2132:331"", ""code:2023:162:110:2100:2132:332"", ""code:2023:162:110:2100:2132:336"", ""code:2023:162:110:2100:2132:337"", ""code:2023:162:110:2100:2132:339"", ""code:2023:162:110:2100:2132:345"", ""code:2023:162:110:2100:2132:352"", ""code:2023:162:110:2100:2136:301"", ""code:2023:162:110:2100:2137:303"", ""code:2023:162:110:2100:2137:310"", ""code:2023:162:110:2100:2137:325"", ""code:2023:162:110:2100:2137:341""]",JOINT_ANALYSIS,FULLY_REPORTED,FULLY_COMPARABLE,False,False,19,165554000000,0.03324594996194595,0,0.0,0,0.0,0,0.0,0,0.0,0,0.0,1,0.03324594996194595,0,0,0,0.0,0,0.0,MEDIUM,BUDGET_RAPID_DECREASE,both,13,,135600000000,,95408000000,,-0.29640117994100296,,정보통신융합산업,780900000000,780900000000,3,"[""FUND"", ""GENERAL_ACCOUNT"", ""SPECIAL_ACCOUNT""]",724744000000,724744000000,3,"[""FUND"", ""GENERAL_ACCOUNT"", ""SPECIAL_ACCOUNT""]",False,False,,1.0,UNAVAILABLE_MIXED_OR_UNLINKED,False,780900000000,780900000000,3,"[""FUND"", ""GENERAL_ACCOUNT"", ""SPECIAL_ACCOUNT""]",,740405000000,3,"[""FUND"", ""GENERAL_ACCOUNT"", ""SPECIAL_ACCOUNT""]",False,False,,1.0,UNAVAILABLE_MIXED_OR_UNLINKED,False,False,0.0,True,0.0,0.0,0.0,0.03324594996194595,0.572463768115942,0.7413793103448276,False,False,False,True,False,False,False,True,False,13,135600000000,95408000000,-0.29640117994100296,False,False,False,False,,,,,False,False,False,False,0,False,False,0,LIMITED,1,0,True,True,False,MODERATE_OR_CONTEXT_REVIEW,CONTEXT_REVIEW,4,DETAILED_PROJECT_REVIEW,회계조정·예산구조·사업변경 맥락을 확인,BUDGET_PERFORMANCE_MISMATCH,162:2023:통신:정보통신:2100:GENERAL_ACCOUNT,3,0.01108198332064865,equal_mean_of_three_signal_components,tiebreak_only,False,192.0,44.0,43.0,16.0,202,False,False,CONTEXT_REVIEW,READY_FOR_REVIEW,5,CONTEXT_SIGNAL_ONLY,NOT_ASSESSED,REVIEW_WORKFLOW_ORDER_NOT_POLICY_EFFECTIVENESS_RANK,22,14,241,71
과학기술정보통신부,2024,Ⅲ-3,공공연구성과활성화,4600,과학기술,과학기술연구지원,CONFIRMED,공공연구성과활성화,1,1,1,1,0,0,1,ALL_COMPARABLE_AT_OR_ABOVE_TARGET,"[""MSIT-2024-III3-01""]",162,EXACT_CONFIRMED_HIERARCHY,True,과학기술,과학기술연구지원,4600,공공연구성과활성화,공공연구성과활성화,GENERAL_ACCOUNT,63630000000,63630000000,63630000000,1.0,COMPLETE,HIGH,15,15,0,"[""code:2024:162:110:4600:4602:307"", ""code:2024:162:110:4600:4602:308"", ""code:2024:162:110:4600:4602:312"", ""code:2024:162:110:4600:4602:404"", ""code:2024:162:110:4600:4602:407"", ""code:2024:162:110:4600:4602:409"", ""code:2024:162:110:4600:4602:411"", ""code:2024:162:110:4600:4602:414"", ""code:2024:162:110:4600:4602:416"", ""code:2024:162:110:4600:4602:420"", ""code:2024:162:110:4600:4602:423"", ""code:2024:162:110:4600:4602:429"", ""code:2024:162:110:4600:4631:321"", ""code:2024:162:110:4600:4631:401"", ""code:2024:162:110:4600:4631:403""]",JOINT_ANALYSIS,FULLY_REPORTED,FULLY_COMPARABLE,False,False,15,63630000000,0.023840955524123842,0,0.0,0,0.0,0,0.0,0,0.0,0,0.0,2,0.023840955524123842,0,0,0,0.0,0,0.0,MEDIUM,BUDGET_RAPID_DECREASE,both,,,,,,,,,공공연구성과활성화,190020000000,190020000000,2,"[""GENERAL_ACCOUNT"", ""SPECIAL_ACCOUNT""]",,257119000000,2,"[""GENERAL_ACCOUNT"", ""SPECIAL_ACCOUNT""]",False,False,,1.0,UNAVAILABLE_MIXED_OR_UNLINKED,False,190020000000,190020000000,2,"[""GENERAL_ACCOUNT"", ""SPECIAL_ACCOUNT""]",,,,,False,False,,1.0,UNAVAILABLE_MIXED_OR_UNLINKED,False,False,0.0,True,0.0,0.0,0.0,0.023840955524123842,0.43795620437956206,0.5423728813559322,False,False,False,True,False,False,False,True,False,,,,,False,False,False,False,,,,,False,False,False,False,0,False,False,0,LIMITED,1,0,True,True,False,MODERATE_OR_CONTEXT_REVIEW,CONTEXT_REVIEW,4,DETAILED_PROJECT_REVIEW,회계조정·예산구조·사업변경 맥락을 확인,BUDGET_PERFORMANCE_MISMATCH,162:2024:과학기술:과학기술연구지원:4600:GENERAL_ACCOUNT,3,0.007946985174707948,equal_mean_of_three_signal_components,tiebreak_only,False,208.0,25.0,51.25,15.0,212,False,False,CONTEXT_REVIEW,READY_FOR_REVIEW,5,CONTEXT_SIGNAL_ONLY,NOT_ASSESSED,REVIEW_WORKFLOW_ORDER_NOT_POLICY_EFFECTIVENESS_RANK,23,15,242,72
과학기술정보통신부,2024,Ⅳ-4,정보통신융합산업,,,,,정보통신융합산업,1,1,1,1,0,0,1,ALL_COMPARABLE_AT_OR_ABOVE_TARGET,"[""MSIT-2024-IV4-01""]",162,EXACT_NAME_UNIQUE_FINANCIAL,True,통신,정보통신,2100,정보통신융합산업,정보통신융합산업,GENERAL_ACCOUNT,138052000000,138052000000,138052000000,1.0,COMPLETE,HIGH,22,22,0,"[""code:2024:162:110:2100:2132:302"", ""code:2024:162:110:2100:2132:307"", ""code:2024:162:110:2100:2132:324"", ""code:2024:162:110:2100:2132:327"", ""code:2024:162:110:2100:2132:328"", ""code:2024:162:110:2100:2132:330"", ""code:2024:162:110:2100:2132:332"", ""code:2024:162:110:2100:2132:337"", ""code:2024:162:110:2100:2132:339"", ""code:2024:162:110:2100:2132:345"", ""code:2024:162:110:2100:2132:352"", ""code:2024:162:110:2100:2132:353"", ""code:2024:162:110:2100:2132:364"", ""code:2024:162:110:2100:2132:367"", ""code:2024:162:110:2100:2132:368"", ""code:2024:162:110:2100:2132:371"", ""code:2024:162:110:2100:2132:374"", ""code:2024:162:110:2100:2137:303"", ""code:2024:162:110:2100:2137:310"", ""code:2024:162:110:2100:2137:325"", ""code:2024:162:110:2100:2137:358"", ""code:2024:162:110:2100:2137:362""]",JOINT_ANALYSIS,FULLY_REPORTED,FULLY_COMPARABLE,False,False,22,138052000000,0.12311302987280155,0,0.0,0,0.0,0,0.0,0,0.0,0,0.0,2,0.017239880624692144,0,0,1,0.021730941963897663,0,0.0,MEDIUM,BUDGET_RAPID_DECREASE;MULTIPLE_FINANCIAL_SIGNALS,both,,,,,,,,,정보통신융합산업,724744000000,724744000000,3,"[""FUND"", ""GENERAL_ACCOUNT"", ""SPECIAL_ACCOUNT""]",,740405000000,3,"[""FUND"", ""GENERAL_ACCOUNT"", ""SPECIAL_ACCOUNT""]",False,False,,1.0,UNAVAILABLE_MIXED_OR_UNLINKED,False,724744000000,724744000000,3,"[""FUND"", ""GENERAL_ACCOUNT"", ""SPECIAL_ACCOUNT""]",,,,,False,False,,1.0,UNAVAILABLE_MIXED_OR_UNLINKED,False,False,0.0,True,0.0,0.0,0.0,0.017239880624692144,0.5766423357664233,0.7627118644067796,False,False,False,True,False,False,False,True,False,,,,,False,False,False,False,,,,,False,False,False,False,0,False,False,0,LIMITED,1,0,True,True,False,MODERATE_OR_CONTEXT_REVIEW,CONTEXT_REVIEW,4,DETAILED_PROJECT_REVIEW,회계조정·예산구조·사업변경 맥락을 확인,BUDGET_PERFORMANCE_MISMATCH,162:2024:통신:정보통신:2100:GENERAL_ACCOUNT,3,0.0057466268748973814,equal_mean_of_three_signal_components,tiebreak_only,False,194.25,45.0,42.75,19.0,204,False,False,CONTEXT_REVIEW,READY_FOR_REVIEW,5,CONTEXT_SIGNAL_ONLY,NOT_ASSESSED,REVIEW_WORKFLOW_ORDER_NOT_POLICY_EFFECTIVENESS_RANK,24,16,243,73
과학기술정보통신부,2024,Ⅳ-7,인터넷융합산업,2000,통신,정보통신,CONFIRMED,인터넷융합산업,2,1,1,1,0,0,1,ALL_COMPARABLE_AT_OR_ABOVE_TARGET,"[""MSIT-2024-IV7-01"", ""MSIT-2024-IV7-02""]",162,EXACT_CONFIRMED_HIERARCHY,True,통신,정보통신,2000,인터넷융합산업,인터넷융합산업,GENERAL_ACCOUNT,87571000000,88521000000,88521000000,1.0,COMPLETE,HIGH,13,13,0,"[""code:2024:162:110:2000:2033:306"", ""code:2024:162:110:2000:2033:311"", ""code:2024:162:110:2000:2033:338"", ""code:2024:162:110:2000:2033:341"", ""code:2024:162:110:2000:2033:342"", ""code:2024:162:110:2000:2033:344"", ""code:2024:162:110:2000:2033:346"", ""code:2024:162:110:2000:2033:348"", ""code:2024:162:110:2000:2033:353"", ""code:2024:162:110:2000:2033:359"", ""code:2024:162:110:2000:2033:363"", ""code:2024:162:110:2000:2033:371"", ""code:2024:162:110:2000:2033:378""]",JOINT_ANALYSIS,PARTIALLY_REPORTED,PARTIALLY_COMPARABLE,False,False,13,87571000000,0.3048726176473947,0,0.0,0,0.0,0,0.0,0,0.0,0,0.0,1,0.013703166573409005,0,0,1,0.06851583286704503,0,0.0,MEDIUM,BUDGET_RAPID_DECREASE;MULTIPLE_FINANCIAL_SIGNALS,both,,,,,,,,,인터넷융합산업,301955000000,301955000000,3,"[""FUND"", ""GENERAL_ACCOUNT"", ""SPECIAL_ACCOUNT""]",,262350000000,3,"[""FUND"", ""GENERAL_ACCOUNT"", ""SPECIAL_ACCOUNT""]",False,False,,1.0,UNAVAILABLE_MIXED_OR_UNLINKED,False,301955000000,301955000000,3,"[""FUND"", ""GENERAL_ACCOUNT"", ""SPECIAL_ACCOUNT""]",,,,,False,False,,1.0,UNAVAILABLE_MIXED_OR_UNLINKED,False,False,0.0,True,0.0,0.0,0.0,0.013703166573409005,0.4744525547445255,0.5932203389830508,False,False,False,True,False,False,False,True,False,,,,,False,False,False,False,,,,,False,False,False,False,0,False,False,0,LIMITED,1,0,True,True,False,MODERATE_OR_CONTEXT_REVIEW,CONTEXT_REVIEW,4,DETAILED_PROJECT_REVIEW,회계조정·예산구조·사업변경 맥락을 확인,BUDGET_PERFORMANCE_MISMATCH,162:2024:통신:정보통신:2000:GENERAL_ACCOUNT,3,0.004567722191136335,equal_mean_of_three_signal_components,tiebreak_only,False,205.0,27.0,49.5,16.0,211,False,False,CONTEXT_REVIEW,READY_FOR_REVIEW,5,CONTEXT_SIGNAL_ONLY,NOT_ASSESSED,REVIEW_WORKFLOW_ORDER_NOT_POLICY_EFFECTIVENESS_RANK,25,17,244,74
과학기술정보통신부,2024,Ⅴ-1,정보보호및활용,,,,,정보보호및활용,1,1,1,1,0,0,1,ALL_COMPARABLE_AT_OR_ABOVE_TARGET,"[""MSIT-2024-V1-01""]",162,EXACT_NAME,True,통신,정보통신,2300,정보보호및활용,정보보호및활용,GENERAL_ACCOUNT,127718000000,127718000000,127718000000,1.0,COMPLETE,HIGH,9,9,0,"[""code:2024:162:110:2300:2332:301"", ""code:2024:162:110:2300:2332:302"", ""code:2024:162:110:2300:2332:303"", ""code:2024:162:110:2300:2332:312"", ""code:2024:162:110:2300:2332:313"", ""code:2024:162:110:2300:2332:315"", ""code:2024:162:110:2300:2332:316"", ""code:2024:162:110:2300:2332:317"", ""code:2024:162:110:2300:2333:307""]",JOINT_ANALYSIS,FULLY_REPORTED,FULLY_COMPARABLE,False,False,9,127718000000,0.8604816862149423,0,0.0,0,0.0,0,0.0,0,0.0,0,0.0,1,0.004384659953961071,0,0,0,0.0,0,0.0,MEDIUM,BUDGET_RAPID_DECREASE,both,1,,1313000000,,,,,,정보보호및활용,296969000000,296969000000,2,"[""FUND"", ""GENERAL_ACCOUNT""]",,299192000000,2,"[""FUND"", ""GENERAL_ACCOUNT""]",False,False,,1.0,UNAVAILABLE_MIXED_OR_UNLINKED,False,296969000000,296969000000,2,"[""FUND"", ""GENERAL_ACCOUNT""]",,,,,False,False,,1.0,UNAVAILABLE_MIXED_OR_UNLINKED,False,False,0.0,True,0.0,0.0,0.0,0.004384659953961071,0.5693430656934306,0.7457627118644068,False,False,False,True,False,False,False,True,False,1,1313000000,,,False,False,False,False,,,,,False,False,False,False,0,False,False,0,LIMITED,1,0,True,True,False,MODERATE_OR_CONTEXT_REVIEW,CONTEXT_REVIEW,4,DETAILED_PROJECT_REVIEW,회계조정·예산구조·사업변경 맥락을 확인,BUDGET_PERFORMANCE_MISMATCH,162:2024:통신:정보통신:2300:GENERAL_ACCOUNT,3,0.0014615533179870236,equal_mean_of_three_signal_components,tiebreak_only,False,196.5,42.0,45.0,17.0,207,False,False,CONTEXT_REVIEW,READY_FOR_REVIEW,5,CONTEXT_SIGNAL_ONLY,NOT_ASSESSED,REVIEW_WORKFLOW_ORDER_NOT_POLICY_EFFECTIVENESS_RANK,26,18,245,75
과학기술정보통신부,2024,Ⅰ-1,미래유망원천기술개발,1100,,,CONFIRMED,미래유망원천기술개발,1,1,1,1,0,0,1,ALL_COMPARABLE_AT_OR_ABOVE_TARGET,"[""MSIT-2024-I1-01""]",162,EXACT_CODE,True,과학기술,과학기술연구개발,1100,미래유망원천기술개발,미래유망원천기술개발,GENERAL_ACCOUNT,912332000000,912332000000,911716000000,0.99932480719738,COMPLETE,HIGH,70,70,0,"[""code:2024:162:110:1100:1138:305"", ""code:2024:162:110:1100:1138:306"", ""code:2024:162:110:1100:1138:312"", ""code:2024:162:110:1100:1138:401"", ""code:2024:162:110:1100:1138:407"", ""code:2024:162:110:1100:1138:408"", ""code:2024:162:110:1100:1138:417"", ""code:2024:162:110:1100:1138:422"", ""code:2024:162:110:1100:1138:432"", ""code:2024:162:110:1100:1138:433"", ""code:2024:162:110:1100:1138:444"", ""code:2024:162:110:1100:1138:451"", ""code:2024:162:110:1100:1138:454"", ""code:2024:162:110:1100:1138:455"", ""code:2024:162:110:1100:1138:456"", ""code:2024:162:110:1100:1138:457"", ""code:2024:162:110:1100:1138:459"", ""code:2024:162:110:1100:1138:464"", ""code:2024:162:110:1100:1138:465"", ""code:2024:162:110:1100:1139:412"", ""code:2024:162:110:1100:1139:417"", ""code:2024:162:110:1100:1139:418"", ""code:2024:162:110:1100:1139:421"", ""code:2024:162:110:1100:1139:423"", ""code:2024:162:110:1100:1139:424"", ""code:2024:162:110:1100:1139:426"", ""code:2024:162:110:1100:1139:427"", ""code:2024:162:110:1100:1139:428"", ""code:2024:162:110:1100:1139:435"", ""code:2024:162:110:1100:1139:436"", ""code:2024:162:110:1100:1139:437"", ""code:2024:162:110:1100:1139:438"", ""code:2024:162:110:1100:1158:311"", ""code:2024:162:110:1100:1158:401"", ""code:2024:162:110:1100:1158:403"", ""code:2024:162:110:1100:1158:404"", ""code:2024:162:110:1100:1158:416"", ""code:2024:162:110:1100:1158:417"", ""code:2024:162:110:1100:1158:424"", ""code:2024:162:110:1100:1158:428"", ""code:2024:162:110:1100:1158:437"", ""code:2024:162:110:1100:1158:439"", ""code:2024:162:110:1100:1158:441"", ""code:2024:162:110:1100:1158:442"", ""code:2024:162:110:1100:1158:450"", ""code:2024:162:110:1100:1159:405"", ""code:2024:162:110:1100:1159:413"", ""code:2024:162:110:1100:1159:415"", ""code:2024:162:110:1100:1159:417"", ""code:2024:162:110:1100:1159:418"", ""code:2024:162:110:1100:1159:419"", ""code:2024:162:110:1100:1159:420"", ""code:2024:162:110:1100:1159:421"", ""code:2024:162:110:1100:1159:422"", ""code:2024:162:110:1100:1159:423"", ""code:2024:162:110:1100:1159:425"", ""code:2024:162:110:1100:1159:427"", ""code:2024:162:110:1100:1160:301"", ""code:2024:162:110:1100:1160:404"", ""code:2024:162:110:1100:1160:414"", ""code:2024:162:110:1100:1160:420"", ""code:2024:162:110:1100:1160:422"", ""code:2024:162:110:1100:1160:424"", ""code:2024:162:110:1100:1160:430"", ""code:2024:162:110:1100:1160:434"", ""code:2024:162:110:1100:1160:436"", ""code:2024:162:110:1100:1160:437"", ""code:2024:162:110:1100:1160:439"", ""code:2024:162:110:1100:1160:440"", ""code:2024:162:110:1100:1160:442""]",JOINT_ANALYSIS,FULLY_REPORTED,FULLY_COMPARABLE,False,False,70,912332000000,0.034943419720014204,0,0.0,0,0.0,0,0.0,1,0.0013427129597558783,3,0.026106724306502457,3,0.0031929166136888763,0,0,1,0.0021505329200334966,0,0.0,MEDIUM,ACCOUNTING_ADJUSTMENT_PATTERN;BUDGET_RAPID_DECREASE;BUDGET_RAPID_INCREASE;MULTIPLE_FINANCIAL_SIGNALS,both,3,,111886000000,,,,,,미래유망원천기술개발,1187465000000,1187465000000,3,"[""FUND"", ""GENERAL_ACCOUNT"", ""SPECIAL_ACCOUNT""]",,1386417000000,3,"[""FUND"", ""GENERAL_ACCOUNT"", ""SPECIAL_ACCOUNT""]",False,False,,1.0,UNAVAILABLE_MIXED_OR_UNLINKED,False,1187465000000,1187465000000,3,"[""FUND"", ""GENERAL_ACCOUNT"", ""SPECIAL_ACCOUNT""]",,,,,False,False,,1.0,UNAVAILABLE_MIXED_OR_UNLINKED,False,False,0.0,True,0.0,0.0,0.0,0.0031929166136888763,0.8029197080291971,0.9491525423728814,False,False,False,True,True,False,True,True,False,3,111886000000,,,False,False,False,False,,,,,False,False,False,False,0,False,False,0,LIMITED,1,1,True,True,False,MODERATE_OR_CONTEXT_REVIEW,CONTEXT_REVIEW,4,DETAILED_PROJECT_REVIEW,회계조정·예산구조·사업변경 맥락을 확인,BUDGET_PERFORMANCE_MISMATCH;ACCOUNTING_ADJUSTMENT_CONTEXT,162:2024:과학기술:과학기술연구개발:1100:GENERAL_ACCOUNT,3,0.0010643055378962922,equal_mean_of_three_signal_components,tiebreak_only,False,158.5,76.0,31.5,24.0,169,False,False,CONTEXT_REVIEW,READY_FOR_REVIEW,5,CONTEXT_SIGNAL_ONLY,NOT_ASSESSED,REVIEW_WORKFLOW_ORDER_NOT_POLICY_EFFECTIVENESS_RANK,27,19,246,76
과학기술정보통신부,2024,Ⅳ-9,인공지능데이터진흥,,,,,인공지능데이터진흥,1,1,1,1,0,0,1,ALL_COMPARABLE_AT_OR_ABOVE_TARGET,"[""MSIT-2024-IV9-01""]",162,EXACT_NAME_UNIQUE_FINANCIAL,True,통신,정보통신,2600,인공지능데이터진흥,인공지능데이터진흥,GENERAL_ACCOUNT,235840000000,235840000000,235840000000,1.0,COMPLETE,HIGH,23,23,0,"[""code:2024:162:110:2600:2601:312"", ""code:2024:162:110:2600:2601:313"", ""code:2024:162:110:2600:2601:315"", ""code:2024:162:110:2600:2601:341"", ""code:2024:162:110:2600:2601:347"", ""code:2024:162:110:2600:2601:359"", ""code:2024:162:110:2600:2601:374"", ""code:2024:162:110:2600:2601:378"", ""code:2024:162:110:2600:2602:308"", ""code:2024:162:110:2600:2602:309"", ""code:2024:162:110:2600:2602:310"", ""code:2024:162:110:2600:2602:311"", ""code:2024:162:110:2600:2602:314"", ""code:2024:162:110:2600:2603:305"", ""code:2024:162:110:2600:2603:306"", ""code:2024:162:110:2600:2603:308"", ""code:2024:162:110:2600:2603:310"", ""code:2024:162:110:2600:2603:311"", ""code:2024:162:110:2600:2603:314"", ""code:2024:162:110:2600:2603:315"", ""code:2024:162:110:2600:2603:316"", ""code:2024:162:110:2600:2603:317"", ""code:2024:162:110:2600:2603:318""]",JOINT_ANALYSIS,FULLY_REPORTED,FULLY_COMPARABLE,False,False,23,235840000000,0.30640688602442334,0,0.0,0,0.0,0,0.0,0,0.0,1,0.08056309362279511,1,0.0020352781546811396,0,0,3,0.08420963364993216,0,0.0,MEDIUM,BUDGET_RAPID_DECREASE;BUDGET_RAPID_INCREASE;MULTIPLE_FINANCIAL_SIGNALS,both,,,,,,,,,인공지능데이터진흥,584781000000,584781000000,3,"[""FUND"", ""GENERAL_ACCOUNT"", ""SPECIAL_ACCOUNT""]",,2547583000000,3,"[""FUND"", ""GENERAL_ACCOUNT"", ""SPECIAL_ACCOUNT""]",False,False,,1.0,UNAVAILABLE_MIXED_OR_UNLINKED,False,584781000000,584781000000,3,"[""FUND"", ""GENERAL_ACCOUNT"", ""SPECIAL_ACCOUNT""]",,,,,False,False,,1.0,UNAVAILABLE_MIXED_OR_UNLINKED,False,False,0.0,True,0.0,0.0,0.0,0.0020352781546811396,0.6788321167883211,0.847457627118644,False,False,False,True,False,False,True,True,False,,,,,False,False,False,False,,,,,False,False,False,False,0,False,False,0,LIMITED,1,0,True,True,False,MODERATE_OR_CONTEXT_REVIEW,CONTEXT_REVIEW,4,DETAILED_PROJECT_REVIEW,회계조정·예산구조·사업변경 맥락을 확인,BUDGET_PERFORMANCE_MISMATCH,162:2024:통신:정보통신:2600:GENERAL_ACCOUNT,3,0.0006784260515603799,equal_mean_of_three_signal_components,tiebreak_only,False,179.5,64.0,38.25,19.0,189,False,False,CONTEXT_REVIEW,READY_FOR_REVIEW,5,CONTEXT_SIGNAL_ONLY,NOT_ASSESSED,REVIEW_WORKFLOW_ORDER_NOT_POLICY_EFFECTIVENESS_RANK,28,20,247,77
과학기술정보통신부,2024,Ⅳ-6,SW산업진흥,,,,,SW산업진흥,1,1,1,1,0,0,1,ALL_COMPARABLE_AT_OR_ABOVE_TARGET,"[""MSIT-2024-IV6-01""]",162,EXACT_NAME_UNIQUE_FINANCIAL,True,통신,정보통신,2200,SW산업진흥,SW산업진흥,FUND,353937000000,353937000000,353835000000,0.999711813119284,COMPLETE,HIGH,9,9,0,"[""code:2024:162:543:2200:2231:323"", ""code:2024:162:543:2200:2232:324"", ""code:2024:162:543:2200:2232:325"", ""code:2024:162:543:2200:2232:326"", ""code:2024:162:543:2200:2232:327"", ""code:2024:162:543:2200:2233:302"", ""code:2024:162:543:2200:2233:305"", ""code:2024:162:543:2200:2233:313"", ""code:2024:162:543:2200:2233:315""]",JOINT_ANALYSIS,FULLY_REPORTED,FULLY_COMPARABLE,False,False,9,353937000000,0.015223048169589503,0,0.0,0,0.0,0,0.0,0,0.0,0,0.0,1,0.0015822024823626804,0,0,2,0.0024298109550569733,0,0.0,MEDIUM,BUDGET_RAPID_DECREASE;MULTIPLE_FINANCIAL_SIGNALS,both,,,,,,,,,SW산업진흥,480147000000,480147000000,3,"[""FUND"", ""GENERAL_ACCOUNT"", ""SPECIAL_ACCOUNT""]",,443871000000,3,"[""FUND"", ""GENERAL_ACCOUNT"", ""SPECIAL_ACCOUNT""]",False,False,,1.0,UNAVAILABLE_MIXED_OR_UNLINKED,False,480147000000,480147000000,3,"[""FUND"", ""GENERAL_ACCOUNT"", ""SPECIAL_ACCOUNT""]",,,,,False,False,,1.0,UNAVAILABLE_MIXED_OR_UNLINKED,False,False,0.0,True,0.0,0.0,0.0,0.0015822024823626804,0.7372262773722628,0.8983050847457628,False,False,False,True,False,False,False,True,False,,,,,False,False,False,False,,,,,False,False,False,False,0,False,False,0,LIMITED,1,0,True,True,False,MODERATE_OR_CONTEXT_REVIEW,CONTEXT_REVIEW,4,DETAILED_PROJECT_REVIEW,회계조정·예산구조·사업변경 맥락을 확인,BUDGET_PERFORMANCE_MISMATCH,162:2024:통신:정보통신:2200:FUND,3,0.0005274008274542268,equal_mean_of_three_signal_components,tiebreak_only,False,169.75,72.0,35.25,22.0,182,False,False,CONTEXT_REVIEW,READY_FOR_REVIEW,5,CONTEXT_SIGNAL_ONLY,NOT_ASSESSED,REVIEW_WORKFLOW_ORDER_NOT_POLICY_EFFECTIVENESS_RANK,29,21,248,78
고용노동부,2024,Ⅱ-2,고용안전망확충,,,,,고용안전망확충,1,1,1,1,0,0,1,ALL_COMPARABLE_AT_OR_ABOVE_TARGET,"[""MOEL-2024-II2-01""]",019,EXACT_NAME,True,사회복지,고용,1200,고용안전망확충,고용안전망확충,GENERAL_ACCOUNT,1816210000000,1917638000000,1916374007280,0.9993408595782935,COMPLETE,HIGH,4,4,0,"[""code:2024:019:110:1200:1231:300"", ""code:2024:019:110:1200:1232:351"", ""code:2024:019:110:1200:1233:300"", ""code:2024:019:110:1200:1234:300""]",JOINT_ANALYSIS,FULLY_REPORTED,FULLY_COMPARABLE,False,False,4,1816210000000,1.0024986097422655,0,0.0,0,0.0,0,0.0,0,0.0,0,0.0,1,0.0012493048711327435,4,1,1,0.0012493048711327435,0,0.0,LOW,BUDGET_RAPID_DECREASE;MULTIPLE_FINANCIAL_SIGNALS;PROGRAM_BUDGET_CONCENTRATION,both,,,,,,,,,고용안전망확충,14216574000000,14216574000000,2,"[""FUND"", ""GENERAL_ACCOUNT""]",,15141637000000,2,"[""FUND"", ""GENERAL_ACCOUNT""]",False,False,,1.0,UNAVAILABLE_MIXED_OR_UNLINKED,False,14216574000000,14216574000000,2,"[""FUND"", ""GENERAL_ACCOUNT""]",,,,,False,False,,1.0,UNAVAILABLE_MIXED_OR_UNLINKED,False,False,0.0,True,0.0,0.0,0.0,0.0012493048711327435,0.8686131386861314,0.8421052631578947,False,False,False,True,False,True,False,True,False,,,,,False,False,False,False,,,,,False,False,False,False,0,False,False,0,LIMITED,1,1,True,True,False,MODERATE_OR_CONTEXT_REVIEW,CONTEXT_REVIEW,4,DETAILED_PROJECT_REVIEW,회계조정·예산구조·사업변경 맥락을 확인,BUDGET_PERFORMANCE_MISMATCH;PROGRAM_STRUCTURE_CONTEXT,019:2024:사회복지:고용:1200:GENERAL_ACCOUNT,3,0.00041643495704424787,equal_mean_of_three_signal_components,tiebreak_only,False,148.25,87.0,28.0,12.0,153,False,False,CONTEXT_REVIEW,READY_FOR_REVIEW,5,CONTEXT_SIGNAL_ONLY,NOT_ASSESSED,REVIEW_WORKFLOW_ORDER_NOT_POLICY_EFFECTIVENESS_RANK,30,1,249,41
중소벤처기업부,2024,Ⅴ-1,소상공인·전통시장지원,,,,,소상공인·전통시장지원,1,1,1,1,0,0,1,ALL_COMPARABLE_AT_OR_ABOVE_TARGET,"[""중기부-2024-IIIII1-01""]",102,EXACT_NAME_UNIQUE_FINANCIAL,True,산업·중소기업및에너지,중소기업및소상공인육성,4100,소상공인·전통시장지원,소상공인·전통시장지원,FUND,4918197000000,4918197000000,4767201173790,0.969298540459034,COMPLETE,HIGH,10,10,0,"[""code:2024:102:503:4100:4131:316"", ""code:2024:102:503:4100:4131:317"", ""code:2024:102:503:4100:4131:318"", ""code:2024:102:503:4100:4131:319"", ""code:2024:102:503:4100:4131:321"", ""code:2024:102:503:4100:4131:322"", ""code:2024:102:503:4100:4131:326"", ""code:2024:102:503:4100:4131:327"", ""code:2024:102:503:4100:4151:301"", ""code:2024:102:503:4100:4154:304""]",JOINT_ANALYSIS,FULLY_REPORTED,FULLY_COMPARABLE,False,False,10,4918197000000,1.3892839184766288,0,0.0,0,0.0,0,0.0,1,0.057203686635569906,1,0.0456529089827024,1,0.00047680074628974803,10,1,4,0.18886657041188062,0,0.0,LOW,ACCOUNTING_ADJUSTMENT_PATTERN;BUDGET_RAPID_DECREASE;BUDGET_RAPID_INCREASE;MULTIPLE_FINANCIAL_SIGNALS;PROGRAM_BUDGET_CONCENTRATION,both,1,,420669000000,,,,,,소상공인·전통시장지원,4944243000000,4944243000000,2,"[""FUND"", ""SPECIAL_ACCOUNT""]",,8782022000000,2,"[""FUND"", ""SPECIAL_ACCOUNT""]",False,False,,1.0,UNAVAILABLE_MIXED_OR_UNLINKED,False,4944243000000,4944243000000,2,"[""FUND"", ""SPECIAL_ACCOUNT""]",,,,,False,False,,1.0,UNAVAILABLE_MIXED_OR_UNLINKED,False,False,0.0,True,0.0,0.0,0.0,0.00047680074628974803,0.9416058394160584,1.0,False,False,False,True,True,True,True,True,False,1,420669000000,,,False,False,False,False,,,,,False,False,False,False,0,False,False,0,LIMITED,1,2,True,True,False,MODERATE_OR_CONTEXT_REVIEW,CONTEXT_REVIEW,4,DETAILED_PROJECT_REVIEW,회계조정·예산구조·사업변경 맥락을 확인,BUDGET_PERFORMANCE_MISMATCH;ACCOUNTING_ADJUSTMENT_CONTEXT;PROGRAM_STRUCTURE_CONTEXT,102:2024:산업·중소기업및에너지:중소기업및소상공인육성:4100:FUND,3,0.00015893358209658268,equal_mean_of_three_signal_components,tiebreak_only,False,134.5,92.0,26.25,23.0,136,False,False,CONTEXT_REVIEW,READY_FOR_REVIEW,5,CONTEXT_SIGNAL_ONLY,NOT_ASSESSED,REVIEW_WORKFLOW_ORDER_NOT_POLICY_EFFECTIVENESS_RANK,31,6,250,43
고용노동부,2024,Ⅱ-2,고용안전망확충,,,,,고용안전망확충,1,1,1,1,0,0,1,ALL_COMPARABLE_AT_OR_ABOVE_TARGET,"[""MOEL-2024-II2-01""]",019,EXACT_NAME,True,사회복지,고용,1200,고용안전망확충,고용안전망확충,FUND,12400364000000,12400364000000,12335759065230,0.9947900775517556,COMPLETE,HIGH,4,4,0,"[""code:2024:019:541:1200:1280:350"", ""code:2024:019:541:1200:1280:351"", ""code:2024:019:541:1200:1292:350"", ""code:2024:019:541:1200:1293:350""]",JOINT_ANALYSIS,FULLY_REPORTED,FULLY_COMPARABLE,False,False,4,12400364000000,1.001628661868313,0,0.0,0,0.0,0,0.0,1,0.001628661868312898,0,0.0,0,0.0,4,1,1,0.001628661868312898,0,0.0,LOW,ACCOUNTING_ADJUSTMENT_PATTERN;MULTIPLE_FINANCIAL_SIGNALS;PROGRAM_BUDGET_CONCENTRATION,both,,,,,,,,,고용안전망확충,14216574000000,14216574000000,2,"[""FUND"", ""GENERAL_ACCOUNT""]",,15141637000000,2,"[""FUND"", ""GENERAL_ACCOUNT""]",False,False,,1.0,UNAVAILABLE_MIXED_OR_UNLINKED,False,14216574000000,14216574000000,2,"[""FUND"", ""GENERAL_ACCOUNT""]",,,,,False,False,,1.0,UNAVAILABLE_MIXED_OR_UNLINKED,False,False,0.0,True,0.0,0.0,0.0,0.0,0.9781021897810219,1.0,False,False,False,False,True,True,False,False,False,,,,,False,False,False,False,,,,,False,False,False,False,0,False,False,0,LIMITED,0,2,True,False,True,CONTEXT_REVIEW,CONTEXT_REVIEW,4,DETAILED_PROJECT_REVIEW,회계조정·예산구조·사업변경 맥락을 확인,ACCOUNTING_ADJUSTMENT_CONTEXT;PROGRAM_STRUCTURE_CONTEXT,019:2024:사회복지:고용:1200:FUND,4,0.0,equal_mean_of_three_signal_components,tiebreak_only,False,,,,,,,,CONTEXT_REVIEW,READY_FOR_REVIEW,5,CONTEXT_SIGNAL_ONLY,NOT_ASSESSED,REVIEW_WORKFLOW_ORDER_NOT_POLICY_EFFECTIVENESS_RANK,32,2,251,42
보건복지부,2024,Ⅳ-3,보육지원강화,,,,,보육지원강화,1,1,1,1,0,0,1,ALL_COMPARABLE_AT_OR_ABOVE_TARGET,"[""MOHW-2024-IV3-01""]",075,EXACT_NAME_UNIQUE_FINANCIAL,True,사회복지,아동·보육,3100,보육지원강화,보육지원강화,GENERAL_ACCOUNT,7609545000000,6567989520010,6567973940860,0.9999976280184444,COMPLETE,HIGH,10,10,0,"[""code:2024:075:110:3100:3133:331"", ""code:2024:075:110:3100:3133:336"", ""code:2024:075:110:3100:3135:350"", ""code:2024:075:110:3100:3135:353"", ""code:2024:075:110:3100:3135:354"", ""code:2024:075:110:3100:3135:362"", ""code:2024:075:110:3100:3135:372"", ""code:2024:075:110:3100:3140:404"", ""code:2024:075:110:3100:3141:300"", ""code:2024:075:110:3100:3143:300""]",JOINT_ANALYSIS,FULLY_REPORTED,FULLY_COMPARABLE,False,False,10,7609545000000,0.38026688849333307,0,0.0,0,0.0,0,0.0,2,0.0006523386089444244,0,0.0,0,0.0,0,0,0,0.0,0,0.0,MEDIUM,ACCOUNTING_ADJUSTMENT_PATTERN,both,,,,,,,,,보육지원강화,7609545000000,7609545000000,1,"[""GENERAL_ACCOUNT""]",,2135263000000,1,"[""GENERAL_ACCOUNT""]",False,False,,1.0,PROGRAM_TOTAL_SINGLE_ACCOUNT,False,7609545000000,7609545000000,1,"[""GENERAL_ACCOUNT""]",,,,,False,False,,1.0,UNAVAILABLE_MIXED_OR_UNLINKED,False,False,0.0,True,0.0,0.0,0.0,0.0,0.9562043795620438,0.8974358974358975,False,False,False,False,True,False,False,False,False,,,,,False,False,False,False,,,,,False,False,False,False,0,False,False,0,LIMITED,0,1,True,False,True,CONTEXT_REVIEW,CONTEXT_REVIEW,4,DETAILED_PROJECT_REVIEW,회계조정·예산구조·사업변경 맥락을 확인,ACCOUNTING_ADJUSTMENT_CONTEXT,075:2024:사회복지:아동·보육:3100:GENERAL_ACCOUNT,4,0.0,equal_mean_of_three_signal_components,tiebreak_only,False,,,,,,,,CONTEXT_REVIEW,READY_FOR_REVIEW,5,CONTEXT_SIGNAL_ONLY,NOT_ASSESSED,REVIEW_WORKFLOW_ORDER_NOT_POLICY_EFFECTIVENESS_RANK,33,4,252,89
고용노동부,2024,Ⅲ-2,고용평등증진,,,,,고용평등증진,1,1,1,1,0,0,1,ALL_COMPARABLE_AT_OR_ABOVE_TARGET,"[""MOEL-2024-III2-01""]",019,EXACT_NAME_UNIQUE_FINANCIAL,True,사회복지,고용,1300,고용평등증진,고용평등증진,FUND,3106668000000,3106668000000,3098204048180,0.9972755531585608,COMPLETE,HIGH,4,4,0,"[""code:2024:019:541:1300:1345:350"", ""code:2024:019:541:1300:1345:351"", ""code:2024:019:541:1300:1345:358"", ""code:2024:019:541:1300:1347:350""]",JOINT_ANALYSIS,FULLY_REPORTED,FULLY_COMPARABLE,False,False,4,3106668000000,1.1118545657276542,0,0.0,0,0.0,0,0.0,0,0.0,1,0.11185456572765419,0,0.0,4,1,1,0.11185456572765419,0,0.0,LOW,BUDGET_RAPID_INCREASE;MULTIPLE_FINANCIAL_SIGNALS;PROGRAM_BUDGET_CONCENTRATION,both,,,,,,,,,고용평등증진,3202824000000,3202824000000,3,"[""FUND"", ""GENERAL_ACCOUNT"", ""SPECIAL_ACCOUNT""]",,4945899000000,2,"[""FUND"", ""GENERAL_ACCOUNT""]",False,False,,1.0,UNAVAILABLE_MIXED_OR_UNLINKED,False,3202824000000,3202824000000,3,"[""FUND"", ""GENERAL_ACCOUNT"", ""SPECIAL_ACCOUNT""]",,,,,False,False,,1.0,UNAVAILABLE_MIXED_OR_UNLINKED,False,False,0.0,True,0.0,0.0,0.0,0.0,0.9343065693430657,0.8947368421052632,False,False,False,False,False,True,True,False,False,,,,,False,False,False,False,,,,,False,False,False,False,0,False,False,0,LIMITED,0,1,True,False,True,CONTEXT_REVIEW,CONTEXT_REVIEW,4,DETAILED_PROJECT_REVIEW,회계조정·예산구조·사업변경 맥락을 확인,PROGRAM_STRUCTURE_CONTEXT,019:2024:사회복지:고용:1300:FUND,4,0.0,equal_mean_of_three_signal_components,tiebreak_only,False,,,,,,,,CONTEXT_REVIEW,READY_FOR_REVIEW,5,CONTEXT_SIGNAL_ONLY,NOT_ASSESSED,REVIEW_WORKFLOW_ORDER_NOT_POLICY_EFFECTIVENESS_RANK,34,3,253,43
보건복지부,2022,Ⅳ-5,노인의료보장,,,,,노인의료보장,3,3,3,3,0,0,3,ALL_COMPARABLE_AT_OR_ABOVE_TARGET,"[""MOHW-2022-IV5-01"", ""MOHW-2022-IV5-02"", ""MOHW-2022-IV5-03""]",075,EXACT_NAME,True,사회복지,노인,2200,노인의료보장,노인의료보장,GENERAL_ACCOUNT,2171416000000,2171416000000,2161291298440,0.9953372814974192,COMPLETE,HIGH,4,4,0,"[""code:2022:075:110:2200:2231:303"", ""code:2022:075:110:2200:2232:301"", ""code:2022:075:110:2200:2232:309"", ""code:2022:075:110:2200:2232:311""]",JOINT_ANALYSIS,FULLY_REPORTED,FULLY_COMPARABLE,False,False,4,2171416000000,1.0285481915947934,0,0.0,0,0.0,0,0.0,0,0.0,0,0.0,0,0.0,4,1,1,0.028548191594793444,0,0.0,MEDIUM,MULTIPLE_FINANCIAL_SIGNALS;PROGRAM_BUDGET_CONCENTRATION,both,2,2,2035926000000,2035926000000,2245124000000,2498132000000,0.10275324348723873,0.22702495080862467,노인의료보장,2385432000000,2385432000000,2,"[""FUND"", ""GENERAL_ACCOUNT""]",2496350000000,2496350000000,3,"[""FUND"", ""GENERAL_ACCOUNT"", ""SPECIAL_ACCOUNT""]",False,False,,1.0,UNAVAILABLE_MIXED_OR_UNLINKED,False,2385432000000,2385432000000,2,"[""FUND"", ""GENERAL_ACCOUNT""]",2720165000000,2720165000000,3,"[""FUND"", ""GENERAL_ACCOUNT"", ""SPECIAL_ACCOUNT""]",False,False,,1.0,UNAVAILABLE_MIXED_OR_UNLINKED,False,False,0.0,True,0.0,0.0,0.0,0.0,0.8682170542635659,0.7714285714285715,False,False,False,False,False,True,False,False,False,2,2035926000000,2245124000000,0.10275324348723873,False,False,False,False,2,2035926000000,2498132000000,0.22702495080862467,False,False,False,False,0,False,False,0,LIMITED,0,1,True,False,True,CONTEXT_REVIEW,CONTEXT_REVIEW,4,DETAILED_PROJECT_REVIEW,회계조정·예산구조·사업변경 맥락을 확인,PROGRAM_STRUCTURE_CONTEXT,075:2022:사회복지:노인:2200:GENERAL_ACCOUNT,4,0.0,equal_mean_of_three_signal_components,tiebreak_only,False,,,,,,,,CONTEXT_REVIEW,READY_FOR_REVIEW,5,CONTEXT_SIGNAL_ONLY,NOT_ASSESSED,REVIEW_WORKFLOW_ORDER_NOT_POLICY_EFFECTIVENESS_RANK,35,5,254,90
과학기술정보통신부,2022,Ⅰ-2,기초연구진흥,,,,,기초연구진흥,2,2,2,2,0,0,2,ALL_COMPARABLE_AT_OR_ABOVE_TARGET,"[""MSIT-2022-I2-01"", ""MSIT-2022-I2-02""]",162,EXACT_NAME_UNIQUE_FINANCIAL,True,과학기술,과학기술연구개발,1200,기초연구진흥,기초연구진흥,GENERAL_ACCOUNT,2076128000000,2076128000000,2075213000000,0.999559275728664,COMPLETE,HIGH,4,4,0,"[""code:2022:162:110:1200:1234:301"", ""code:2022:162:110:1200:1234:302"", ""code:2022:162:110:1200:1235:410"", ""code:2022:162:110:1200:1235:411""]",JOINT_ANALYSIS,FULLY_REPORTED,FULLY_COMPARABLE,False,False,4,2076128000000,1.0301118235484517,0,0.0,0,0.0,0,0.0,0,0.0,0,0.0,0,0.0,4,1,1,0.030111823548451735,0,0.0,MEDIUM,MULTIPLE_FINANCIAL_SIGNALS;PROGRAM_BUDGET_CONCENTRATION,both,4,4,2076128000000,2076128000000,2125428000000,2196068000000,0.023746127406402688,0.05777100448527259,기초연구진흥,2121809000000,2121809000000,3,"[""FUND"", ""GENERAL_ACCOUNT"", ""SPECIAL_ACCOUNT""]",2190209000000,2190209000000,3,"[""FUND"", ""GENERAL_ACCOUNT"", ""SPECIAL_ACCOUNT""]",False,False,,1.0,UNAVAILABLE_MIXED_OR_UNLINKED,False,2121809000000,2121809000000,3,"[""FUND"", ""GENERAL_ACCOUNT"", ""SPECIAL_ACCOUNT""]",2253290000000,2253290000000,3,"[""FUND"", ""GENERAL_ACCOUNT"", ""SPECIAL_ACCOUNT""]",False,False,,1.0,UNAVAILABLE_MIXED_OR_UNLINKED,False,False,0.0,True,0.0,0.0,0.0,0.0,0.8604651162790697,1.0,False,False,False,False,False,True,False,False,True,4,2076128000000,2125428000000,0.023746127406402688,True,False,False,True,4,2076128000000,2196068000000,0.05777100448527259,True,False,False,False,0,False,False,0,LIMITED,0,1,True,False,True,CONTEXT_REVIEW,CONTEXT_REVIEW,4,DETAILED_PROJECT_REVIEW,회계조정·예산구조·사업변경 맥락을 확인,PROGRAM_STRUCTURE_CONTEXT,162:2022:과학기술:과학기술연구개발:1200:GENERAL_ACCOUNT,4,0.0,equal_mean_of_three_signal_components,tiebreak_only,False,,,,,,,,CONTEXT_REVIEW,READY_FOR_REVIEW,5,CONTEXT_SIGNAL_ONLY,NOT_ASSESSED,REVIEW_WORKFLOW_ORDER_NOT_POLICY_EFFECTIVENESS_RANK,36,22,255,79
중소벤처기업부,2024,Ⅳ-1,중소기업기술개발지원,,,,,중소기업기술개발지원,1,1,1,1,0,0,1,ALL_COMPARABLE_AT_OR_ABOVE_TARGET,"[""중기부-2024-IIII1-01""]",102,EXACT_NAME_UNIQUE_FINANCIAL,True,산업·중소기업및에너지,중소기업및소상공인육성,2100,중소기업기술개발지원,중소기업기술개발지원,GENERAL_ACCOUNT,1426072000000,1426072000000,1425458260000,0.9995696290229386,COMPLETE,HIGH,21,21,0,"[""code:2024:102:110:2100:2111:303"", ""code:2024:102:110:2100:2111:304"", ""code:2024:102:110:2100:2111:305"", ""code:2024:102:110:2100:2111:308"", ""code:2024:102:110:2100:2111:312"", ""code:2024:102:110:2100:2131:302"", ""code:2024:102:110:2100:2131:304"", ""code:2024:102:110:2100:2134:302"", ""code:2024:102:110:2100:2134:303"", ""code:2024:102:110:2100:2134:305"", ""code:2024:102:110:2100:2134:309"", ""code:2024:102:110:2100:2134:310"", ""code:2024:102:110:2100:2134:377"", ""code:2024:102:110:2100:2134:398"", ""code:2024:102:110:2100:2134:416"", ""code:2024:102:110:2100:2134:422"", ""code:2024:102:110:2100:2134:429"", ""code:2024:102:110:2100:2134:465"", ""code:2024:102:110:2100:2134:467"", ""code:2024:102:110:2100:2135:503"", ""code:2024:102:110:2100:2136:501""]",JOINT_ANALYSIS,FULLY_REPORTED,FULLY_COMPARABLE,False,False,21,1426072000000,0.15360655001991486,0,0.0,0,0.0,0,0.0,1,0.15360655001991486,0,0.0,0,0.0,0,0,0,0.0,0,0.0,MEDIUM,ACCOUNTING_ADJUSTMENT_PATTERN,both,1,,400000000,,,,,,중소기업기술개발지원,1536459000000,1536459000000,2,"[""GENERAL_ACCOUNT"", ""SPECIAL_ACCOUNT""]",,1747465000000,2,"[""GENERAL_ACCOUNT"", ""SPECIAL_ACCOUNT""]",False,False,,1.0,UNAVAILABLE_MIXED_OR_UNLINKED,False,1536459000000,1536459000000,2,"[""GENERAL_ACCOUNT"", ""SPECIAL_ACCOUNT""]",,,,,False,False,,1.0,UNAVAILABLE_MIXED_OR_UNLINKED,False,False,0.0,True,0.0,0.0,0.0,0.0,0.8394160583941606,0.8,False,False,False,False,True,False,False,False,False,1,400000000,,,False,False,False,False,,,,,False,False,False,False,0,False,False,0,LIMITED,0,1,True,False,True,CONTEXT_REVIEW,CONTEXT_REVIEW,4,DETAILED_PROJECT_REVIEW,회계조정·예산구조·사업변경 맥락을 확인,ACCOUNTING_ADJUSTMENT_CONTEXT,102:2024:산업·중소기업및에너지:중소기업및소상공인육성:2100:GENERAL_ACCOUNT,4,0.0,equal_mean_of_three_signal_components,tiebreak_only,False,,,,,,,,CONTEXT_REVIEW,READY_FOR_REVIEW,5,CONTEXT_SIGNAL_ONLY,NOT_ASSESSED,REVIEW_WORKFLOW_ORDER_NOT_POLICY_EFFECTIVENESS_RANK,37,7,256,44
고용노동부,2024,Ⅳ-2,산업재해예방,,,,,산업재해예방,1,1,1,1,0,0,1,ALL_COMPARABLE_AT_OR_ABOVE_TARGET,"[""MOEL-2024-IV2-01""]",019,EXACT_NAME_UNIQUE_FINANCIAL,True,사회복지,노동,4100,산업재해예방,산업재해예방,FUND,1285544000000,1285634000000,1272790720230,0.9900101585910144,COMPLETE,HIGH,11,11,0,"[""code:2024:019:523:4100:4151:350"", ""code:2024:019:523:4100:4151:351"", ""code:2024:019:523:4100:4152:350"", ""code:2024:019:523:4100:4152:351"", ""code:2024:019:523:4100:4152:352"", ""code:2024:019:523:4100:4152:353"", ""code:2024:019:523:4100:4152:355"", ""code:2024:019:523:4100:4154:350"", ""code:2024:019:523:4100:4154:351"", ""code:2024:019:523:4100:4155:350"", ""code:2024:019:523:4100:4155:351""]",JOINT_ANALYSIS,FULLY_REPORTED,FULLY_COMPARABLE,False,False,11,1285544000000,0.1331677484395711,0,0.0,0,0.0,0,0.0,1,0.01402752453436055,1,0.01402752453436055,0,0.0,0,0,2,0.02023812487164967,0,0.0,MEDIUM,ACCOUNTING_ADJUSTMENT_PATTERN;BUDGET_RAPID_INCREASE;MULTIPLE_FINANCIAL_SIGNALS,both,,,,,,,,,산업재해예방,1377392000000,1377392000000,3,"[""FUND"", ""GENERAL_ACCOUNT"", ""SPECIAL_ACCOUNT""]",,1443755000000,3,"[""FUND"", ""GENERAL_ACCOUNT"", ""SPECIAL_ACCOUNT""]",False,False,,1.0,UNAVAILABLE_MIXED_OR_UNLINKED,False,1377392000000,1377392000000,3,"[""FUND"", ""GENERAL_ACCOUNT"", ""SPECIAL_ACCOUNT""]",,,,,False,False,,1.0,UNAVAILABLE_MIXED_OR_UNLINKED,False,False,0.0,True,0.0,0.0,0.0,0.0,0.8321167883211679,0.6842105263157895,False,False,False,False,True,False,True,False,False,,,,,False,False,False,False,,,,,False,False,False,False,0,False,False,0,LIMITED,0,1,True,False,True,CONTEXT_REVIEW,CONTEXT_REVIEW,4,DETAILED_PROJECT_REVIEW,회계조정·예산구조·사업변경 맥락을 확인,ACCOUNTING_ADJUSTMENT_CONTEXT,019:2024:사회복지:노동:4100:FUND,4,0.0,equal_mean_of_three_signal_components,tiebreak_only,False,,,,,,,,CONTEXT_REVIEW,READY_FOR_REVIEW,5,CONTEXT_SIGNAL_ONLY,NOT_ASSESSED,REVIEW_WORKFLOW_ORDER_NOT_POLICY_EFFECTIVENESS_RANK,38,4,257,44
보건복지부,2024,Ⅱ-4,보건산업육성,,,,,보건산업육성,1,1,1,1,0,0,1,ALL_COMPARABLE_AT_OR_ABOVE_TARGET,"[""MOHW-2024-II4-01""]",075,EXACT_NAME_UNIQUE_FINANCIAL,True,보건,보건의료,3000,보건산업육성,보건산업육성,GENERAL_ACCOUNT,935217000000,942053606400,917289550550,0.973712689297338,COMPLETE,HIGH,71,71,0,"[""code:2024:075:110:3000:3031:310"", ""code:2024:075:110:3000:3031:344"", ""code:2024:075:110:3000:3031:363"", ""code:2024:075:110:3000:3031:377"", ""code:2024:075:110:3000:3031:379"", ""code:2024:075:110:3000:3031:380"", ""code:2024:075:110:3000:3031:382"", ""code:2024:075:110:3000:3031:383"", ""code:2024:075:110:3000:3031:384"", ""code:2024:075:110:3000:3031:408"", ""code:2024:075:110:3000:3031:413"", ""code:2024:075:110:3000:3031:414"", ""code:2024:075:110:3000:3031:433"", ""code:2024:075:110:3000:3031:434"", ""code:2024:075:110:3000:3031:443"", ""code:2024:075:110:3000:3031:444"", ""code:2024:075:110:3000:3031:462"", ""code:2024:075:110:3000:3031:463"", ""code:2024:075:110:3000:3031:464"", ""code:2024:075:110:3000:3031:472"", ""code:2024:075:110:3000:3031:474"", ""code:2024:075:110:3000:3031:475"", ""code:2024:075:110:3000:3031:484"", ""code:2024:075:110:3000:3031:485"", ""code:2024:075:110:3000:3031:486"", ""code:2024:075:110:3000:3031:489"", ""code:2024:075:110:3000:3031:490"", ""code:2024:075:110:3000:3031:499"", ""code:2024:075:110:3000:3031:500"", ""code:2024:075:110:3000:3031:501"", ""code:2024:075:110:3000:3031:504"", ""code:2024:075:110:3000:3031:505"", ""code:2024:075:110:3000:3031:509"", ""code:2024:075:110:3000:3031:510"", ""code:2024:075:110:3000:3031:511"", ""code:2024:075:110:3000:3031:515"", ""code:2024:075:110:3000:3031:520"", ""code:2024:075:110:3000:3031:522"", ""code:2024:075:110:3000:3031:524"", ""code:2024:075:110:3000:3031:525"", ""code:2024:075:110:3000:3031:526"", ""code:2024:075:110:3000:3031:527"", ""code:2024:075:110:3000:3031:534"", ""code:2024:075:110:3000:3031:540"", ""code:2024:075:110:3000:3031:541"", ""code:2024:075:110:3000:3031:545"", ""code:2024:075:110:3000:3031:546"", ""code:2024:075:110:3000:3031:549"", ""code:2024:075:110:3000:3031:556"", ""code:2024:075:110:3000:3031:557"", ""code:2024:075:110:3000:3032:300"", ""code:2024:075:110:3000:3033:349"", ""code:2024:075:110:3000:3033:503"", ""code:2024:075:110:3000:3033:504"", ""code:2024:075:110:3000:3033:505"", ""code:2024:075:110:3000:3033:506"", ""code:2024:075:110:3000:3034:301"", ""code:2024:075:110:3000:3034:302"", ""code:2024:075:110:3000:3034:304"", ""code:2024:075:110:3000:3034:307"", ""code:2024:075:110:3000:3035:300"", ""code:2024:075:110:3000:3036:303"", ""code:2024:075:110:3000:3037:300"", ""code:2024:075:110:3000:3037:301"", ""code:2024:075:110:3000:3038:301"", ""code:2024:075:110:3000:3039:300"", ""code:2024:075:110:3000:3039:301"", ""code:2024:075:110:3000:3039:303"", ""code:2024:075:110:3000:3039:310"", ""code:2024:075:110:3000:3039:311"", ""code:2024:075:110:3000:3039:318""]",JOINT_ANALYSIS,FULLY_REPORTED,FULLY_COMPARABLE,False,False,71,935217000000,0.46334487076261444,0,0.0,0,0.0,0,0.0,4,0.02159712665616643,6,0.11040860035692251,0,0.0,0,0,4,0.14216058946747118,0,0.0,MEDIUM,ACCOUNTING_ADJUSTMENT_PATTERN;BUDGET_RAPID_INCREASE;MULTIPLE_FINANCIAL_SIGNALS,both,,,,,,,,,보건산업육성,1002246000000,1002246000000,3,"[""FUND"", ""GENERAL_ACCOUNT"", ""SPECIAL_ACCOUNT""]",,1139827000000,3,"[""FUND"", ""GENERAL_ACCOUNT"", ""SPECIAL_ACCOUNT""]",False,False,,1.0,UNAVAILABLE_MIXED_OR_UNLINKED,False,1002246000000,1002246000000,3,"[""FUND"", ""GENERAL_ACCOUNT"", ""SPECIAL_ACCOUNT""]",,,,,False,False,,1.0,UNAVAILABLE_MIXED_OR_UNLINKED,False,False,0.0,True,0.0,0.0,0.0,0.0,0.8175182481751825,0.7692307692307693,False,False,False,False,True,False,True,False,False,,,,,False,False,False,False,,,,,False,False,False,False,0,False,False,0,LIMITED,0,1,True,False,True,CONTEXT_REVIEW,CONTEXT_REVIEW,4,DETAILED_PROJECT_REVIEW,회계조정·예산구조·사업변경 맥락을 확인,ACCOUNTING_ADJUSTMENT_CONTEXT,075:2024:보건:보건의료:3000:GENERAL_ACCOUNT,4,0.0,equal_mean_of_three_signal_components,tiebreak_only,False,,,,,,,,CONTEXT_REVIEW,READY_FOR_REVIEW,5,CONTEXT_SIGNAL_ONLY,NOT_ASSESSED,REVIEW_WORKFLOW_ORDER_NOT_POLICY_EFFECTIVENESS_RANK,39,6,258,91
보건복지부,2024,Ⅳ-4,노인생활안정,,,,,노인생활안정,1,1,1,1,0,0,1,ALL_COMPARABLE_AT_OR_ABOVE_TARGET,"[""MOHW-2024-IV4-01""]",075,EXACT_NAME_UNIQUE_FINANCIAL,True,사회복지,노인,2100,노인생활안정,노인생활안정,SPECIAL_ACCOUNT,590948000000,591091560000,590146661120,0.9984014339842714,COMPLETE,HIGH,2,2,0,"[""code:2024:075:236:2100:2134:303"", ""code:2024:075:236:2100:2140:300""]",JOINT_ANALYSIS,FULLY_REPORTED,FULLY_COMPARABLE,False,False,2,590948000000,1.0,0,0.0,0,0.0,0,0.0,0,0.0,0,0.0,0,0.0,2,1,0,0.0,0,0.0,MEDIUM,PROGRAM_BUDGET_CONCENTRATION,both,,,,,,,,,노인생활안정,22928108000000,22928108000000,2,"[""GENERAL_ACCOUNT"", ""SPECIAL_ACCOUNT""]",,24262585000000,2,"[""GENERAL_ACCOUNT"", ""SPECIAL_ACCOUNT""]",False,False,,1.0,UNAVAILABLE_MIXED_OR_UNLINKED,False,22928108000000,22928108000000,2,"[""GENERAL_ACCOUNT"", ""SPECIAL_ACCOUNT""]",,,,,False,False,,1.0,UNAVAILABLE_MIXED_OR_UNLINKED,False,False,0.0,True,0.0,0.0,0.0,0.0,0.781021897810219,0.7435897435897436,False,False,False,False,False,True,False,False,False,,,,,False,False,False,False,,,,,False,False,False,False,0,False,False,0,LIMITED,0,1,True,False,True,CONTEXT_REVIEW,CONTEXT_REVIEW,4,DETAILED_PROJECT_REVIEW,회계조정·예산구조·사업변경 맥락을 확인,PROGRAM_STRUCTURE_CONTEXT,075:2024:사회복지:노인:2100:SPECIAL_ACCOUNT,4,0.0,equal_mean_of_three_signal_components,tiebreak_only,False,,,,,,,,CONTEXT_REVIEW,READY_FOR_REVIEW,5,CONTEXT_SIGNAL_ONLY,NOT_ASSESSED,REVIEW_WORKFLOW_ORDER_NOT_POLICY_EFFECTIVENESS_RANK,40,7,259,92
보건복지부,2023,Ⅳ-4,노인생활안정,,,,,노인생활안정,1,1,1,1,0,0,1,ALL_COMPARABLE_AT_OR_ABOVE_TARGET,"[""MOHW-2023-IV4-01""]",075,EXACT_NAME_UNIQUE_FINANCIAL,True,사회복지,노인,2100,노인생활안정,노인생활안정,SPECIAL_ACCOUNT,553930000000,553930000000,549801489540,0.992546873323344,COMPLETE,HIGH,2,2,0,"[""code:2023:075:236:2100:2134:303"", ""code:2023:075:236:2100:2140:300""]",JOINT_ANALYSIS,FULLY_REPORTED,FULLY_COMPARABLE,False,False,2,553930000000,1.0,0,0.0,0,0.0,0,0.0,0,0.0,0,0.0,0,0.0,2,1,0,0.0,0,0.0,MEDIUM,PROGRAM_BUDGET_CONCENTRATION,both,2,,553930000000,,590948000000,,0.06682793854819201,,노인생활안정,20732525000000,20732525000000,2,"[""GENERAL_ACCOUNT"", ""SPECIAL_ACCOUNT""]",22928108000000,22928108000000,2,"[""GENERAL_ACCOUNT"", ""SPECIAL_ACCOUNT""]",False,False,,1.0,UNAVAILABLE_MIXED_OR_UNLINKED,False,20732525000000,20732525000000,2,"[""GENERAL_ACCOUNT"", ""SPECIAL_ACCOUNT""]",,24262585000000,2,"[""GENERAL_ACCOUNT"", ""SPECIAL_ACCOUNT""]",False,False,,1.0,UNAVAILABLE_MIXED_OR_UNLINKED,False,False,0.0,True,0.0,0.0,0.0,0.0,0.7463768115942029,0.6923076923076923,False,False,False,False,False,True,False,False,True,2,553930000000,590948000000,0.06682793854819201,True,False,False,False,,,,,False,False,False,False,0,False,False,0,LIMITED,0,1,True,False,True,CONTEXT_REVIEW,CONTEXT_REVIEW,4,DETAILED_PROJECT_REVIEW,회계조정·예산구조·사업변경 맥락을 확인,PROGRAM_STRUCTURE_CONTEXT,075:2023:사회복지:노인:2100:SPECIAL_ACCOUNT,4,0.0,equal_mean_of_three_signal_components,tiebreak_only,False,,,,,,,,CONTEXT_REVIEW,READY_FOR_REVIEW,5,CONTEXT_SIGNAL_ONLY,NOT_ASSESSED,REVIEW_WORKFLOW_ORDER_NOT_POLICY_EFFECTIVENESS_RANK,41,8,260,93
중소벤처기업부,2024,Ⅲ-2,벤처기업활성화지원,,,,,벤처기업활성화지원,1,1,1,1,0,0,1,ALL_COMPARABLE_AT_OR_ABOVE_TARGET,"[""중기부-2024-III1-02""]",102,EXACT_NAME_UNIQUE_FINANCIAL,True,산업·중소기업및에너지,창업및벤처,5200,벤처기업활성화지원,벤처기업활성화지원,FUND,450701000000,450701000000,450700999212,0.9999999982516125,COMPLETE,HIGH,2,2,0,"[""code:2024:102:584:5200:5263:301"", ""code:2024:102:584:5200:5264:301""]",JOINT_ANALYSIS,FULLY_REPORTED,FULLY_COMPARABLE,False,False,2,450701000000,2.0,0,0.0,0,0.0,0,0.0,0,0.0,0,0.0,0,0.0,2,1,2,1.0,0,0.0,LOW,MULTIPLE_FINANCIAL_SIGNALS;PROGRAM_BUDGET_CONCENTRATION,both,,,,,,,,,벤처기업활성화지원,464547000000,464547000000,3,"[""FUND"", ""GENERAL_ACCOUNT"", ""SPECIAL_ACCOUNT""]",,833257000000,2,"[""FUND"", ""GENERAL_ACCOUNT""]",False,False,,1.0,UNAVAILABLE_MIXED_OR_UNLINKED,False,464547000000,464547000000,3,"[""FUND"", ""GENERAL_ACCOUNT"", ""SPECIAL_ACCOUNT""]",,,,,False,False,,1.0,UNAVAILABLE_MIXED_OR_UNLINKED,False,False,0.0,True,0.0,0.0,0.0,0.0,0.7664233576642335,0.7,False,False,False,False,False,True,False,False,False,,,,,False,False,False,False,,,,,False,False,False,False,0,False,False,0,LIMITED,0,1,True,False,True,CONTEXT_REVIEW,CONTEXT_REVIEW,4,DETAILED_PROJECT_REVIEW,회계조정·예산구조·사업변경 맥락을 확인,PROGRAM_STRUCTURE_CONTEXT,102:2024:산업·중소기업및에너지:창업및벤처:5200:FUND,4,0.0,equal_mean_of_three_signal_components,tiebreak_only,False,,,,,,,,CONTEXT_REVIEW,READY_FOR_REVIEW,5,CONTEXT_SIGNAL_ONLY,NOT_ASSESSED,REVIEW_WORKFLOW_ORDER_NOT_POLICY_EFFECTIVENESS_RANK,42,8,261,45
과학기술정보통신부,2024,Ⅰ-3,우주개발진흥,,,,,우주개발진흥,1,1,1,1,0,0,1,ALL_COMPARABLE_AT_OR_ABOVE_TARGET,"[""MSIT-2024-I3-01""]",162,EXACT_NAME_UNIQUE_FINANCIAL,True,과학기술,과학기술연구개발,1300,우주개발진흥,우주개발진흥,GENERAL_ACCOUNT,429011000000,220763600160,220763600160,1.0,COMPLETE,HIGH,19,19,0,"[""code:2024:162:110:1300:1331:301"", ""code:2024:162:110:1300:1331:302"", ""code:2024:162:110:1300:1331:311"", ""code:2024:162:110:1300:1331:402"", ""code:2024:162:110:1300:1331:410"", ""code:2024:162:110:1300:1331:413"", ""code:2024:162:110:1300:1331:415"", ""code:2024:162:110:1300:1331:416"", ""code:2024:162:110:1300:1331:418"", ""code:2024:162:110:1300:1331:419"", ""code:2024:162:110:1300:1331:422"", ""code:2024:162:110:1300:1331:423"", ""code:2024:162:110:1300:1331:424"", ""code:2024:162:110:1300:1332:405"", ""code:2024:162:110:1300:1332:406"", ""code:2024:162:110:1300:1332:408"", ""code:2024:162:110:1300:1333:403"", ""code:2024:162:110:1300:1333:410"", ""code:2024:162:110:1300:1341:401""]",JOINT_ANALYSIS,FULLY_REPORTED,FULLY_COMPARABLE,False,False,19,429011000000,0.004009221208780195,0,0.0,0,0.0,0,0.0,1,0.004009221208780195,0,0.0,0,0.0,0,0,0,0.0,0,0.0,MEDIUM,ACCOUNTING_ADJUSTMENT_PATTERN,both,,,,,,,,,우주개발진흥,434787000000,434787000000,2,"[""FUND"", ""GENERAL_ACCOUNT""]",,3500000000,1,"[""FUND""]",False,False,,1.0,UNAVAILABLE_MIXED_OR_UNLINKED,False,434787000000,434787000000,2,"[""FUND"", ""GENERAL_ACCOUNT""]",,,,,False,False,,1.0,UNAVAILABLE_MIXED_OR_UNLINKED,False,False,0.0,True,0.0,0.0,0.0,0.0,0.7591240875912408,0.9152542372881356,False,False,False,False,True,False,False,False,False,,,,,False,False,False,False,,,,,False,False,False,False,0,False,False,0,LIMITED,0,1,True,False,True,CONTEXT_REVIEW,CONTEXT_REVIEW,4,DETAILED_PROJECT_REVIEW,회계조정·예산구조·사업변경 맥락을 확인,ACCOUNTING_ADJUSTMENT_CONTEXT,162:2024:과학기술:과학기술연구개발:1300:GENERAL_ACCOUNT,4,0.0,equal_mean_of_three_signal_components,tiebreak_only,False,,,,,,,,CONTEXT_REVIEW,READY_FOR_REVIEW,5,CONTEXT_SIGNAL_ONLY,NOT_ASSESSED,REVIEW_WORKFLOW_ORDER_NOT_POLICY_EFFECTIVENESS_RANK,43,23,262,80
보건복지부,2024,Ⅳ-1,아동보호 및 복지 강화,,,,,아동보호및복지강화,1,1,1,1,0,0,1,ALL_COMPARABLE_AT_OR_ABOVE_TARGET,"[""MOHW-2024-IV1-01""]",075,EXACT_NAME_UNIQUE_FINANCIAL,True,사회복지,아동·보육,1300,아동보호 및 복지 강화,아동보호 및 복지 강화,GENERAL_ACCOUNT,328472000000,327347269090,315919649590,0.9650902250329814,COMPLETE,HIGH,10,10,0,"[""code:2024:075:110:1300:1331:302"", ""code:2024:075:110:1300:1331:303"", ""code:2024:075:110:1300:1331:304"", ""code:2024:075:110:1300:1333:300"", ""code:2024:075:110:1300:1333:301"", ""code:2024:075:110:1300:1334:301"", ""code:2024:075:110:1300:1335:302"", ""code:2024:075:110:1300:1337:304"", ""code:2024:075:110:1300:1339:300"", ""code:2024:075:110:1300:1339:301""]",JOINT_ANALYSIS,FULLY_REPORTED,FULLY_COMPARABLE,False,False,10,328472000000,1.416251613531747,0,0.0,0,0.0,0,0.0,1,0.019301492973525902,1,0.3858258847025013,0,0.0,0,0,2,0.5449749141479334,0,0.0,MEDIUM,ACCOUNTING_ADJUSTMENT_PATTERN;BUDGET_RAPID_INCREASE;MULTIPLE_FINANCIAL_SIGNALS,both,2,,3130000000,,,,,,아동보호 및 복지 강화,328472000000,328472000000,1,"[""GENERAL_ACCOUNT""]",,310785000000,1,"[""GENERAL_ACCOUNT""]",False,False,,1.0,PROGRAM_TOTAL_SINGLE_ACCOUNT,False,328472000000,328472000000,1,"[""GENERAL_ACCOUNT""]",,,,,False,False,,1.0,UNAVAILABLE_MIXED_OR_UNLINKED,False,False,0.0,True,0.0,0.0,0.0,0.0,0.7153284671532847,0.6666666666666666,False,False,False,False,True,False,True,False,False,2,3130000000,,,False,False,False,False,,,,,False,False,False,False,0,False,False,0,LIMITED,0,1,True,False,True,CONTEXT_REVIEW,CONTEXT_REVIEW,4,DETAILED_PROJECT_REVIEW,회계조정·예산구조·사업변경 맥락을 확인,ACCOUNTING_ADJUSTMENT_CONTEXT,075:2024:사회복지:아동·보육:1300:GENERAL_ACCOUNT,4,0.0,equal_mean_of_three_signal_components,tiebreak_only,False,,,,,,,,CONTEXT_REVIEW,READY_FOR_REVIEW,5,CONTEXT_SIGNAL_ONLY,NOT_ASSESSED,REVIEW_WORKFLOW_ORDER_NOT_POLICY_EFFECTIVENESS_RANK,44,9,263,94
중소벤처기업부,2023,Ⅲ-2,벤처기업활성화지원,,,,,벤처기업활성화지원,3,3,3,3,0,0,3,ALL_COMPARABLE_AT_OR_ABOVE_TARGET,"[""중기부-2023-III2-01"", ""중기부-2023-III2-02"", ""중기부-2023-III2-03""]",102,EXACT_NAME,True,산업·중소기업및에너지,창업및벤처,5200,벤처기업활성화지원,벤처기업활성화지원,FUND,284851000000,284851000000,284850982584,0.9999999388592632,COMPLETE,HIGH,2,2,0,"[""code:2023:102:584:5200:5263:301"", ""code:2023:102:584:5200:5264:301""]",JOINT_ANALYSIS,FULLY_REPORTED,FULLY_COMPARABLE,False,False,2,284851000000,1.0047428304622417,0,0.0,0,0.0,0,0.0,0,0.0,0,0.0,0,0.0,2,1,1,0.004742830462241663,0,0.0,LOW,MULTIPLE_FINANCIAL_SIGNALS;PROGRAM_BUDGET_CONCENTRATION,both,2,,284851000000,,450701000000,,0.5822342206978385,,벤처기업활성화지원,341150000000,341150000000,3,"[""FUND"", ""GENERAL_ACCOUNT"", ""SPECIAL_ACCOUNT""]",464547000000,464547000000,3,"[""FUND"", ""GENERAL_ACCOUNT"", ""SPECIAL_ACCOUNT""]",False,False,,1.0,UNAVAILABLE_MIXED_OR_UNLINKED,False,341150000000,341150000000,3,"[""FUND"", ""GENERAL_ACCOUNT"", ""SPECIAL_ACCOUNT""]",,833257000000,2,"[""FUND"", ""GENERAL_ACCOUNT""]",False,False,,1.0,UNAVAILABLE_MIXED_OR_UNLINKED,False,False,0.0,True,0.0,0.0,0.0,0.0,0.6884057971014492,0.6818181818181818,False,False,False,False,False,True,False,False,True,2,284851000000,450701000000,0.5822342206978385,True,False,False,False,,,,,False,False,False,False,0,False,False,0,LIMITED,0,1,True,False,True,CONTEXT_REVIEW,CONTEXT_REVIEW,4,DETAILED_PROJECT_REVIEW,회계조정·예산구조·사업변경 맥락을 확인,PROGRAM_STRUCTURE_CONTEXT,102:2023:산업·중소기업및에너지:창업및벤처:5200:FUND,4,0.0,equal_mean_of_three_signal_components,tiebreak_only,False,,,,,,,,CONTEXT_REVIEW,READY_FOR_REVIEW,5,CONTEXT_SIGNAL_ONLY,NOT_ASSESSED,REVIEW_WORKFLOW_ORDER_NOT_POLICY_EFFECTIVENESS_RANK,45,9,264,46
중소벤처기업부,2023,Ⅱ-2,중소기업수출촉진지원,,,,,중소기업수출촉진지원,2,2,2,2,0,0,2,ALL_COMPARABLE_AT_OR_ABOVE_TARGET,"[""중기부-2023-II2-01"", ""중기부-2023-II2-02""]",102,EXACT_NAME,True,산업·중소기업및에너지,무역및투자유치,3100,중소기업수출촉진지원,중소기업수출촉진지원,GENERAL_ACCOUNT,216842000000,216842000000,216831292760,0.9999506219274864,COMPLETE,HIGH,3,3,0,"[""code:2023:102:110:3100:3131:301"", ""code:2023:102:110:3100:3133:301"", ""code:2023:102:110:3100:3133:305""]",JOINT_ANALYSIS,FULLY_REPORTED,FULLY_COMPARABLE,False,False,3,216842000000,0.02558544931332491,0,0.0,0,0.0,0,0.0,0,0.0,1,0.02558544931332491,0,0.0,0,0,0,0.0,0,0.0,MEDIUM,BUDGET_RAPID_INCREASE,both,3,,216842000000,,213586000000,,-0.015015541269680228,,중소기업수출촉진지원,267594000000,267594000000,2,"[""FUND"", ""GENERAL_ACCOUNT""]",259143000000,259143000000,2,"[""FUND"", ""GENERAL_ACCOUNT""]",False,False,,1.0,UNAVAILABLE_MIXED_OR_UNLINKED,False,267594000000,267594000000,2,"[""FUND"", ""GENERAL_ACCOUNT""]",,368218000000,2,"[""FUND"", ""GENERAL_ACCOUNT""]",False,False,,1.0,UNAVAILABLE_MIXED_OR_UNLINKED,False,False,0.0,True,0.0,0.0,0.0,0.0,0.644927536231884,0.5909090909090909,False,False,False,False,False,False,True,False,True,3,216842000000,213586000000,-0.015015541269680228,True,False,False,False,,,,,False,False,False,False,0,False,False,0,LIMITED,0,0,True,False,False,INFORMATION,CONTEXT_REVIEW,4,DETAILED_PROJECT_REVIEW,회계조정·예산구조·사업변경 맥락을 확인,NO_REVIEW_SIGNAL,102:2023:산업·중소기업및에너지:무역및투자유치:3100:GENERAL_ACCOUNT,5,0.0,equal_mean_of_three_signal_components,tiebreak_only,False,,,,,,,,CONTEXT_REVIEW,READY_FOR_REVIEW,5,CONTEXT_SIGNAL_ONLY,NOT_ASSESSED,REVIEW_WORKFLOW_ORDER_NOT_POLICY_EFFECTIVENESS_RANK,46,10,265,47
보건복지부,2022,Ⅳ-5,노인의료보장,,,,,노인의료보장,3,3,3,3,0,0,3,ALL_COMPARABLE_AT_OR_ABOVE_TARGET,"[""MOHW-2022-IV5-01"", ""MOHW-2022-IV5-02"", ""MOHW-2022-IV5-03""]",075,EXACT_NAME,True,사회복지,노인,2200,노인의료보장,노인의료보장,FUND,214016000000,214016000000,213777674290,0.998886411716881,COMPLETE,HIGH,2,2,0,"[""code:2022:075:542:2200:2234:300"", ""code:2022:075:542:2200:2235:304""]",JOINT_ANALYSIS,FULLY_REPORTED,FULLY_COMPARABLE,False,False,2,214016000000,1.0,0,0.0,0,0.0,0,0.0,0,0.0,0,0.0,0,0.0,2,1,0,0.0,0,0.0,MEDIUM,PROGRAM_BUDGET_CONCENTRATION,both,2,2,214016000000,214016000000,196461000000,200322000000,-0.08202657745215311,-0.063985870215311,노인의료보장,2385432000000,2385432000000,2,"[""FUND"", ""GENERAL_ACCOUNT""]",2496350000000,2496350000000,3,"[""FUND"", ""GENERAL_ACCOUNT"", ""SPECIAL_ACCOUNT""]",False,False,,1.0,UNAVAILABLE_MIXED_OR_UNLINKED,False,2385432000000,2385432000000,2,"[""FUND"", ""GENERAL_ACCOUNT""]",2720165000000,2720165000000,3,"[""FUND"", ""GENERAL_ACCOUNT"", ""SPECIAL_ACCOUNT""]",False,False,,1.0,UNAVAILABLE_MIXED_OR_UNLINKED,False,False,0.0,True,0.0,0.0,0.0,0.0,0.627906976744186,0.5142857142857142,False,False,False,False,False,True,False,False,True,2,214016000000,196461000000,-0.08202657745215311,True,False,False,True,2,214016000000,200322000000,-0.063985870215311,True,False,False,False,0,False,False,0,LIMITED,0,1,True,False,True,CONTEXT_REVIEW,CONTEXT_REVIEW,4,DETAILED_PROJECT_REVIEW,회계조정·예산구조·사업변경 맥락을 확인,PROGRAM_STRUCTURE_CONTEXT,075:2022:사회복지:노인:2200:FUND,4,0.0,equal_mean_of_three_signal_components,tiebreak_only,False,,,,,,,,CONTEXT_REVIEW,READY_FOR_REVIEW,5,CONTEXT_SIGNAL_ONLY,NOT_ASSESSED,REVIEW_WORKFLOW_ORDER_NOT_POLICY_EFFECTIVENESS_RANK,47,10,266,95
보건복지부,2024,Ⅰ-5,사회복지기반조성,,,,,사회복지기반조성,1,1,1,1,0,0,1,ALL_COMPARABLE_AT_OR_ABOVE_TARGET,"[""MOHW-2024-I5-01""]",075,EXACT_NAME_UNIQUE_FINANCIAL,True,사회복지,사회복지일반,2600,사회복지기반조성,사회복지기반조성,SPECIAL_ACCOUNT,208295000000,208346400000,203008001210,0.9743772928641916,COMPLETE,HIGH,3,3,0,"[""code:2024:075:236:2600:2635:305"", ""code:2024:075:236:2600:2635:306"", ""code:2024:075:236:2600:2639:300"", ""code:2024:075:236:2600:2639:301"", ""code:2024:075:236:2600:2639:306""]",JOINT_ANALYSIS,FULLY_REPORTED,FULLY_COMPARABLE,False,False,3,208295000000,0.6231450586907991,0,0.0,0,0.0,0,0.0,0,0.0,1,0.2077150195635997,0,0.0,0,0,1,0.2077150195635997,0,0.0,MEDIUM,BUDGET_RAPID_INCREASE;MULTIPLE_FINANCIAL_SIGNALS,both,,,,,,,,,사회복지기반조성,407833000000,407833000000,2,"[""GENERAL_ACCOUNT"", ""SPECIAL_ACCOUNT""]",,416074000000,2,"[""GENERAL_ACCOUNT"", ""SPECIAL_ACCOUNT""]",False,False,,1.0,UNAVAILABLE_MIXED_OR_UNLINKED,False,407833000000,407833000000,2,"[""GENERAL_ACCOUNT"", ""SPECIAL_ACCOUNT""]",,,,,False,False,,1.0,UNAVAILABLE_MIXED_OR_UNLINKED,False,False,0.0,True,0.0,0.0,0.0,0.0,0.6423357664233577,0.5641025641025641,False,False,False,False,False,False,True,False,False,,,,,False,False,False,False,,,,,False,False,False,False,0,False,False,0,LIMITED,0,0,True,False,False,INFORMATION,CONTEXT_REVIEW,4,DETAILED_PROJECT_REVIEW,회계조정·예산구조·사업변경 맥락을 확인,NO_REVIEW_SIGNAL,075:2024:사회복지:사회복지일반:2600:SPECIAL_ACCOUNT,5,0.0,equal_mean_of_three_signal_components,tiebreak_only,False,,,,,,,,CONTEXT_REVIEW,READY_FOR_REVIEW,5,CONTEXT_SIGNAL_ONLY,NOT_ASSESSED,REVIEW_WORKFLOW_ORDER_NOT_POLICY_EFFECTIVENESS_RANK,48,11,267,96
과학기술정보통신부,2023,Ⅳ-10,인공지능데이터진흥,,,,,인공지능데이터진흥,2,2,2,2,0,0,2,ALL_COMPARABLE_AT_OR_ABOVE_TARGET,"[""MSIT-2023-IV10-01"", ""MSIT-2023-IV10-02""]",162,EXACT_NAME_UNIQUE_FINANCIAL,True,통신,정보통신,2600,인공지능데이터진흥,인공지능데이터진흥,GENERAL_ACCOUNT,208046000000,208046000000,206933000000,0.9946502215856108,COMPLETE,HIGH,17,17,0,"[""code:2023:162:110:2600:2601:307"", ""code:2023:162:110:2600:2601:312"", ""code:2023:162:110:2600:2601:313"", ""code:2023:162:110:2600:2601:315"", ""code:2023:162:110:2600:2601:340"", ""code:2023:162:110:2600:2601:341"", ""code:2023:162:110:2600:2601:347"", ""code:2023:162:110:2600:2601:359"", ""code:2023:162:110:2600:2603:305"", ""code:2023:162:110:2600:2603:306"", ""code:2023:162:110:2600:2603:308"", ""code:2023:162:110:2600:2603:310"", ""code:2023:162:110:2600:2603:311"", ""code:2023:162:110:2600:2603:314"", ""code:2023:162:110:2600:2603:315"", ""code:2023:162:110:2600:2603:316"", ""code:2023:162:110:2600:2603:317""]",JOINT_ANALYSIS,FULLY_REPORTED,FULLY_COMPARABLE,False,False,17,208046000000,0.22893494707901138,0,0.0,0,0.0,0,0.0,0,0.0,2,0.10816838583774742,0,0.0,0,0,1,0.04325966372821395,0,0.0,MEDIUM,BUDGET_RAPID_INCREASE;MULTIPLE_FINANCIAL_SIGNALS,both,11,,160240000000,,169665000000,,0.05881802296555167,,인공지능데이터진흥,882061000000,882061000000,3,"[""FUND"", ""GENERAL_ACCOUNT"", ""SPECIAL_ACCOUNT""]",584781000000,584781000000,3,"[""FUND"", ""GENERAL_ACCOUNT"", ""SPECIAL_ACCOUNT""]",False,False,,1.0,UNAVAILABLE_MIXED_OR_UNLINKED,False,882061000000,882061000000,3,"[""FUND"", ""GENERAL_ACCOUNT"", ""SPECIAL_ACCOUNT""]",,2547583000000,3,"[""FUND"", ""GENERAL_ACCOUNT"", ""SPECIAL_ACCOUNT""]",False,False,,1.0,UNAVAILABLE_MIXED_OR_UNLINKED,False,False,0.0,True,0.0,0.0,0.0,0.0,0.6376811594202898,0.8275862068965517,False,False,False,False,False,False,True,False,False,11,160240000000,169665000000,0.05881802296555167,False,False,False,False,,,,,False,False,False,False,0,False,False,0,LIMITED,0,0,True,False,False,INFORMATION,CONTEXT_REVIEW,4,DETAILED_PROJECT_REVIEW,회계조정·예산구조·사업변경 맥락을 확인,NO_REVIEW_SIGNAL,162:2023:통신:정보통신:2600:GENERAL_ACCOUNT,5,0.0,equal_mean_of_three_signal_components,tiebreak_only,False,,,,,,,,CONTEXT_REVIEW,READY_FOR_REVIEW,5,CONTEXT_SIGNAL_ONLY,NOT_ASSESSED,REVIEW_WORKFLOW_ORDER_NOT_POLICY_EFFECTIVENESS_RANK,49,24,268,81
과학기술정보통신부,2022,Ⅱ-7,과학기술인력 양성,2200,,,CONFIRMED,과학기술인력양성,2,2,2,2,0,0,2,ALL_COMPARABLE_AT_OR_ABOVE_TARGET,"[""MSIT-2022-II7-01"", ""MSIT-2022-II7-02""]",162,EXACT_CODE,True,교육,고등교육,2200,과학기술인력양성,과학기술인력양성,GENERAL_ACCOUNT,188472000000,188472000000,188210693730,0.9986135538966,COMPLETE,HIGH,3,3,0,"[""code:2022:162:110:2200:2231:403"", ""code:2022:162:110:2200:2231:751"", ""code:2022:162:110:2200:2240:300""]",JOINT_ANALYSIS,FULLY_REPORTED,FULLY_COMPARABLE,False,False,3,188472000000,0.0,0,0.0,0,0.0,0,0.0,0,0.0,0,0.0,0,0.0,0,0,0,0.0,0,0.0,MEDIUM,NONE,both,3,3,188472000000,188472000000,189908000000,185427000000,0.007619168895114394,-0.01615624602062906,과학기술인력양성,188472000000,188472000000,1,"[""GENERAL_ACCOUNT""]",191049000000,191049000000,1,"[""GENERAL_ACCOUNT""]",False,True,0.013673118553419076,1.0,PROGRAM_TOTAL_SINGLE_ACCOUNT,True,188472000000,188472000000,1,"[""GENERAL_ACCOUNT""]",188107000000,188107000000,1,"[""GENERAL_ACCOUNT""]",False,True,-0.0019366271913069315,1.0,PROGRAM_TOTAL_SINGLE_ACCOUNT,True,True,0.0,True,0.0,0.0,0.0,0.0,0.5891472868217055,0.7857142857142857,False,False,False,False,False,False,False,False,True,3,188472000000,189908000000,0.007619168895114394,True,False,False,True,3,188472000000,185427000000,-0.01615624602062906,True,False,True,False,0,False,False,0,LIMITED,0,0,True,False,False,INFORMATION,CONTEXT_REVIEW,4,DETAILED_PROJECT_REVIEW,회계조정·예산구조·사업변경 맥락을 확인,GOOD_PERFORMANCE_BUDGET_DECREASE_T2_CONTEXT,162:2022:교육:고등교육:2200:GENERAL_ACCOUNT,5,0.0,equal_mean_of_three_signal_components,tiebreak_only,False,,,,,,,,CONTEXT_REVIEW,READY_FOR_REVIEW,5,CONTEXT_SIGNAL_ONLY,NOT_ASSESSED,REVIEW_WORKFLOW_ORDER_NOT_POLICY_EFFECTIVENESS_RANK,50,25,269,82
보건복지부,2024,Ⅱ-2,공공보건의료확충,,,,,공공보건의료확충,1,1,1,1,0,0,1,ALL_COMPARABLE_AT_OR_ABOVE_TARGET,"[""MOHW-2024-II2-01""]",075,EXACT_NAME_UNIQUE_FINANCIAL,True,보건,보건의료,2700,공공보건의료확충,공공보건의료확충,FUND,145690000000,145690000000,145379182670,0.9978665843228772,COMPLETE,HIGH,6,6,0,"[""code:2024:075:542:2700:2701:300"", ""code:2024:075:542:2700:2701:301"", ""code:2024:075:542:2700:2731:300"", ""code:2024:075:542:2700:2734:302"", ""code:2024:075:542:2700:2735:300"", ""code:2024:075:542:2700:2756:301""]",JOINT_ANALYSIS,FULLY_REPORTED,FULLY_COMPARABLE,False,False,6,145690000000,0.4769304688036241,0,0.0,0,0.0,0,0.0,1,0.4769304688036241,0,0.0,0,0.0,0,0,0,0.0,0,0.0,MEDIUM,ACCOUNTING_ADJUSTMENT_PATTERN,both,,,,,,,,,공공보건의료확충,580763000000,580763000000,3,"[""FUND"", ""GENERAL_ACCOUNT"", ""SPECIAL_ACCOUNT""]",,693067000000,3,"[""FUND"", ""GENERAL_ACCOUNT"", ""SPECIAL_ACCOUNT""]",False,False,,1.0,UNAVAILABLE_MIXED_OR_UNLINKED,False,580763000000,580763000000,3,"[""FUND"", ""GENERAL_ACCOUNT"", ""SPECIAL_ACCOUNT""]",,,,,False,False,,1.0,UNAVAILABLE_MIXED_OR_UNLINKED,False,False,0.0,True,0.0,0.0,0.0,0.0,0.5912408759124088,0.46153846153846156,False,False,False,False,True,False,False,False,False,,,,,False,False,False,False,,,,,False,False,False,False,0,False,False,0,LIMITED,0,1,True,False,True,CONTEXT_REVIEW,CONTEXT_REVIEW,4,DETAILED_PROJECT_REVIEW,회계조정·예산구조·사업변경 맥락을 확인,ACCOUNTING_ADJUSTMENT_CONTEXT,075:2024:보건:보건의료:2700:FUND,4,0.0,equal_mean_of_three_signal_components,tiebreak_only,False,,,,,,,,CONTEXT_REVIEW,READY_FOR_REVIEW,5,CONTEXT_SIGNAL_ONLY,NOT_ASSESSED,REVIEW_WORKFLOW_ORDER_NOT_POLICY_EFFECTIVENESS_RANK,51,12,270,97
중소벤처기업부,2022,Ⅴ-2,동반성장지원,,,,,동반성장지원,2,2,2,2,0,0,2,ALL_COMPARABLE_AT_OR_ABOVE_TARGET,"[""중기부-2022-IIIII2-01"", ""중기부-2022-IIIII2-02""]",102,EXACT_NAME,True,산업·중소기업및에너지,중소기업및소상공인육성,4200,동반성장지원,동반성장지원,GENERAL_ACCOUNT,143052000000,1443052000000,1443031746800,0.9999859650241294,COMPLETE,HIGH,6,6,0,"[""code:2022:102:110:4200:4231:301"", ""code:2022:102:110:4200:4234:301"", ""code:2022:102:110:4200:4234:302"", ""code:2022:102:110:4200:4234:303"", ""code:2022:102:110:4200:4234:304"", ""code:2022:102:110:4200:4234:305""]",JOINT_ANALYSIS,FULLY_REPORTED,FULLY_COMPARABLE,False,False,6,143052000000,1.0,0,0.0,0,0.0,0,0.0,0,0.0,0,0.0,0,0.0,6,1,0,0.0,0,0.0,MEDIUM,PROGRAM_BUDGET_CONCENTRATION,both,3,3,37662000000,37662000000,36858000000,35672000000,-0.021347777600764697,-0.05283840475811163,동반성장지원,143052000000,143052000000,1,"[""GENERAL_ACCOUNT""]",39426000000,39426000000,1,"[""GENERAL_ACCOUNT""]",False,True,-0.724393926684003,1.0,PROGRAM_TOTAL_SINGLE_ACCOUNT,False,143052000000,143052000000,1,"[""GENERAL_ACCOUNT""]",35672000000,35672000000,1,"[""GENERAL_ACCOUNT""]",False,True,-0.7506361323155216,1.0,PROGRAM_TOTAL_SINGLE_ACCOUNT,False,False,0.0,True,0.0,0.0,0.0,0.0,0.5271317829457365,0.45454545454545453,False,False,False,False,False,True,False,False,False,3,37662000000,36858000000,-0.021347777600764697,False,False,True,False,3,37662000000,35672000000,-0.05283840475811163,False,False,True,False,0,False,False,0,LIMITED,0,1,True,False,True,CONTEXT_REVIEW,CONTEXT_REVIEW,4,DETAILED_PROJECT_REVIEW,회계조정·예산구조·사업변경 맥락을 확인,PROGRAM_STRUCTURE_CONTEXT;GOOD_PERFORMANCE_BUDGET_DECREASE_T1_CONTEXT;GOOD_PERFORMANCE_BUDGET_DECREASE_T2_CONTEXT,102:2022:산업·중소기업및에너지:중소기업및소상공인육성:4200:GENERAL_ACCOUNT,4,0.0,equal_mean_of_three_signal_components,tiebreak_only,False,,,,,,,,CONTEXT_REVIEW,READY_FOR_REVIEW,5,CONTEXT_SIGNAL_ONLY,NOT_ASSESSED,REVIEW_WORKFLOW_ORDER_NOT_POLICY_EFFECTIVENESS_RANK,52,11,271,48
과학기술정보통신부,2024,Ⅳ-1,콘텐츠방송산업육성,,,,,콘텐츠방송산업육성,1,1,1,1,0,0,1,ALL_COMPARABLE_AT_OR_ABOVE_TARGET,"[""MSIT-2024-IV1-01""]",162,EXACT_NAME_UNIQUE_FINANCIAL,True,문화및관광,문화예술,1100,콘텐츠방송산업육성,콘텐츠방송산업육성,FUND,142835000000,142835000000,142832264080,0.9999808455910666,COMPLETE,HIGH,10,10,0,"[""code:2024:162:564:1100:1131:301"", ""code:2024:162:564:1100:1131:308"", ""code:2024:162:564:1100:1131:319"", ""code:2024:162:564:1100:1131:320"", ""code:2024:162:564:1100:1131:321"", ""code:2024:162:564:1100:1139:303"", ""code:2024:162:564:1100:1140:301"", ""code:2024:162:564:1100:1141:305"", ""code:2024:162:564:1100:1141:308"", ""code:2024:162:564:1100:1141:500""]",JOINT_ANALYSIS,FULLY_REPORTED,FULLY_COMPARABLE,False,False,10,142835000000,1.468519620541184,0,0.0,0,0.0,0,0.0,1,0.06202961459026149,0,0.0,0,0.0,0,0,2,0.5807260125319424,0,0.0,MEDIUM,ACCOUNTING_ADJUSTMENT_PATTERN;MULTIPLE_FINANCIAL_SIGNALS,both,,,,,,,,,콘텐츠방송산업육성,195220000000,195220000000,2,"[""FUND"", ""GENERAL_ACCOUNT""]",,119815000000,2,"[""FUND"", ""GENERAL_ACCOUNT""]",False,False,,1.0,UNAVAILABLE_MIXED_OR_UNLINKED,False,195220000000,195220000000,2,"[""FUND"", ""GENERAL_ACCOUNT""]",,,,,False,False,,1.0,UNAVAILABLE_MIXED_OR_UNLINKED,False,False,0.0,True,0.0,0.0,0.0,0.0,0.583941605839416,0.7796610169491526,False,False,False,False,True,False,False,False,False,,,,,False,False,False,False,,,,,False,False,False,False,0,False,False,0,LIMITED,0,1,True,False,True,CONTEXT_REVIEW,CONTEXT_REVIEW,4,DETAILED_PROJECT_REVIEW,회계조정·예산구조·사업변경 맥락을 확인,ACCOUNTING_ADJUSTMENT_CONTEXT,162:2024:문화및관광:문화예술:1100:FUND,4,0.0,equal_mean_of_three_signal_components,tiebreak_only,False,,,,,,,,CONTEXT_REVIEW,READY_FOR_REVIEW,5,CONTEXT_SIGNAL_ONLY,NOT_ASSESSED,REVIEW_WORKFLOW_ORDER_NOT_POLICY_EFFECTIVENESS_RANK,53,26,272,83
과학기술정보통신부,2023,Ⅴ-1,정보보호및활용,,,,,정보보호및활용,2,2,2,2,0,0,2,ALL_COMPARABLE_AT_OR_ABOVE_TARGET,"[""MSIT-2023-V1-01"", ""MSIT-2023-V1-02""]",162,EXACT_NAME,True,통신,정보통신,2300,정보보호및활용,정보보호및활용,GENERAL_ACCOUNT,137172000000,137172000000,137142000000,0.9997812964744992,COMPLETE,HIGH,9,9,0,"[""code:2023:162:110:2300:2332:301"", ""code:2023:162:110:2300:2332:302"", ""code:2023:162:110:2300:2332:303"", ""code:2023:162:110:2300:2332:312"", ""code:2023:162:110:2300:2332:313"", ""code:2023:162:110:2300:2332:315"", ""code:2023:162:110:2300:2332:316"", ""code:2023:162:110:2300:2332:317"", ""code:2023:162:110:2300:2333:307""]",JOINT_ANALYSIS,FULLY_REPORTED,FULLY_COMPARABLE,False,False,9,137172000000,0.9169801417198845,0,0.0,0,0.0,0,0.0,1,0.005904995188522439,0,0.0,0,0.0,0,0,2,0.027775347738605547,0,0.0,MEDIUM,ACCOUNTING_ADJUSTMENT_PATTERN;MULTIPLE_FINANCIAL_SIGNALS,both,8,1,131572000000,2000000000,126598000000,,-0.037804396072112605,,정보보호및활용,230605000000,230605000000,2,"[""FUND"", ""GENERAL_ACCOUNT""]",296969000000,296969000000,2,"[""FUND"", ""GENERAL_ACCOUNT""]",False,False,,1.0,UNAVAILABLE_MIXED_OR_UNLINKED,False,230605000000,230605000000,2,"[""FUND"", ""GENERAL_ACCOUNT""]",,299192000000,2,"[""FUND"", ""GENERAL_ACCOUNT""]",False,False,,1.0,UNAVAILABLE_MIXED_OR_UNLINKED,False,False,0.0,True,0.0,0.0,0.0,0.0,0.5289855072463768,0.6724137931034483,False,False,False,False,True,False,False,False,False,8,131572000000,126598000000,-0.037804396072112605,False,False,False,False,1,2000000000,,,False,False,False,False,0,False,False,0,LIMITED,0,1,True,False,True,CONTEXT_REVIEW,CONTEXT_REVIEW,4,DETAILED_PROJECT_REVIEW,회계조정·예산구조·사업변경 맥락을 확인,ACCOUNTING_ADJUSTMENT_CONTEXT,162:2023:통신:정보통신:2300:GENERAL_ACCOUNT,4,0.0,equal_mean_of_three_signal_components,tiebreak_only,False,,,,,,,,CONTEXT_REVIEW,READY_FOR_REVIEW,5,CONTEXT_SIGNAL_ONLY,NOT_ASSESSED,REVIEW_WORKFLOW_ORDER_NOT_POLICY_EFFECTIVENESS_RANK,54,27,273,84
보건복지부,2024,Ⅱ-1,보건의료서비스지원,,,,,보건의료서비스지원,1,1,1,1,0,0,1,ALL_COMPARABLE_AT_OR_ABOVE_TARGET,"[""MOHW-2024-II1-01""]",075,EXACT_NAME_UNIQUE_FINANCIAL,True,보건,보건의료,4300,보건의료서비스지원,보건의료서비스지원,GENERAL_ACCOUNT,122779000000,122900880000,120793326650,0.9828516008184808,COMPLETE,HIGH,13,13,0,"[""code:2024:075:110:4300:4331:300"", ""code:2024:075:110:4300:4331:301"", ""code:2024:075:110:4300:4331:302"", ""code:2024:075:110:4300:4333:300"", ""code:2024:075:110:4300:4333:301"", ""code:2024:075:110:4300:4333:319"", ""code:2024:075:110:4300:4333:322"", ""code:2024:075:110:4300:4333:324"", ""code:2024:075:110:4300:4334:500"", ""code:2024:075:110:4300:4337:300"", ""code:2024:075:110:4300:4339:301"", ""code:2024:075:110:4300:4339:303"", ""code:2024:075:110:4300:4348:300""]",JOINT_ANALYSIS,FULLY_REPORTED,FULLY_COMPARABLE,False,False,13,122779000000,0.2584562506617581,0,0.0,0,0.0,0,0.0,0,0.0,1,0.1074450842570798,0,0.0,0,0,0,0.0,0,0.0,MEDIUM,BUDGET_RAPID_INCREASE,both,,,,,,,,,보건의료서비스지원,122779000000,122779000000,1,"[""GENERAL_ACCOUNT""]",,328054000000,1,"[""GENERAL_ACCOUNT""]",False,False,,1.0,PROGRAM_TOTAL_SINGLE_ACCOUNT,False,122779000000,122779000000,1,"[""GENERAL_ACCOUNT""]",,,,,False,False,,1.0,UNAVAILABLE_MIXED_OR_UNLINKED,False,False,0.0,True,0.0,0.0,0.0,0.0,0.5474452554744526,0.4358974358974359,False,False,False,False,False,False,True,False,False,,,,,False,False,False,False,,,,,False,False,False,False,0,False,False,0,LIMITED,0,0,True,False,False,INFORMATION,CONTEXT_REVIEW,4,DETAILED_PROJECT_REVIEW,회계조정·예산구조·사업변경 맥락을 확인,NO_REVIEW_SIGNAL,075:2024:보건:보건의료:4300:GENERAL_ACCOUNT,5,0.0,equal_mean_of_three_signal_components,tiebreak_only,False,,,,,,,,CONTEXT_REVIEW,READY_FOR_REVIEW,5,CONTEXT_SIGNAL_ONLY,NOT_ASSESSED,REVIEW_WORKFLOW_ORDER_NOT_POLICY_EFFECTIVENESS_RANK,55,13,274,98
과학기술정보통신부,2023,Ⅲ-3,공공연구성과활성화,4600,과학기술,과학기술연구지원,CONFIRMED,공공연구성과활성화,2,2,2,2,0,0,2,ALL_COMPARABLE_AT_OR_ABOVE_TARGET,"[""MSIT-2023-III3-01"", ""MSIT-2023-III3-02""]",162,EXACT_CONFIRMED_HIERARCHY,True,과학기술,과학기술연구지원,4600,공공연구성과활성화,공공연구성과활성화,GENERAL_ACCOUNT,119346000000,119346000000,119345957760,0.9999996460710874,COMPLETE,HIGH,13,13,0,"[""code:2023:162:110:4600:4602:307"", ""code:2023:162:110:4600:4602:308"", ""code:2023:162:110:4600:4602:312"", ""code:2023:162:110:4600:4602:404"", ""code:2023:162:110:4600:4602:407"", ""code:2023:162:110:4600:4602:409"", ""code:2023:162:110:4600:4602:411"", ""code:2023:162:110:4600:4602:414"", ""code:2023:162:110:4600:4602:416"", ""code:2023:162:110:4600:4631:321"", ""code:2023:162:110:4600:4631:401"", ""code:2023:162:110:4600:4631:403"", ""code:2023:162:110:4600:4631:405""]",JOINT_ANALYSIS,FULLY_REPORTED,FULLY_COMPARABLE,False,False,13,119346000000,0.09064400985370268,0,0.0,0,0.0,0,0.0,0,0.0,2,0.07137231243611013,0,0.0,0,0,0,0.0,0,0.0,MEDIUM,BUDGET_RAPID_INCREASE,both,10,,90189000000,,55665000000,,-0.38279612813092506,,공공연구성과활성화,289485000000,289485000000,2,"[""GENERAL_ACCOUNT"", ""SPECIAL_ACCOUNT""]",190020000000,190020000000,2,"[""GENERAL_ACCOUNT"", ""SPECIAL_ACCOUNT""]",False,False,,1.0,UNAVAILABLE_MIXED_OR_UNLINKED,False,289485000000,289485000000,2,"[""GENERAL_ACCOUNT"", ""SPECIAL_ACCOUNT""]",,257119000000,2,"[""GENERAL_ACCOUNT"", ""SPECIAL_ACCOUNT""]",False,False,,1.0,UNAVAILABLE_MIXED_OR_UNLINKED,False,False,0.0,True,0.0,0.0,0.0,0.0,0.5217391304347826,0.6551724137931034,False,False,False,False,False,False,True,False,False,10,90189000000,55665000000,-0.38279612813092506,False,False,False,False,,,,,False,False,False,False,0,False,False,0,LIMITED,0,0,True,False,False,INFORMATION,CONTEXT_REVIEW,4,DETAILED_PROJECT_REVIEW,회계조정·예산구조·사업변경 맥락을 확인,NO_REVIEW_SIGNAL,162:2023:과학기술:과학기술연구지원:4600:GENERAL_ACCOUNT,5,0.0,equal_mean_of_three_signal_components,tiebreak_only,False,,,,,,,,CONTEXT_REVIEW,READY_FOR_REVIEW,5,CONTEXT_SIGNAL_ONLY,NOT_ASSESSED,REVIEW_WORKFLOW_ORDER_NOT_POLICY_EFFECTIVENESS_RANK,56,28,275,85
과학기술정보통신부,2023,Ⅳ-7,SW산업진흥,,,,,SW산업진흥,2,2,2,2,0,0,2,ALL_COMPARABLE_AT_OR_ABOVE_TARGET,"[""MSIT-2023-IV7-01"", ""MSIT-2023-IV7-02""]",162,EXACT_NAME_UNIQUE_FINANCIAL,True,통신,정보통신,2200,SW산업진흥,SW산업진흥,GENERAL_ACCOUNT,102735000000,102735000000,102735000000,1.0,COMPLETE,HIGH,11,11,0,"[""code:2023:162:110:2200:2232:302"", ""code:2023:162:110:2200:2232:303"", ""code:2023:162:110:2200:2232:304"", ""code:2023:162:110:2200:2232:306"", ""code:2023:162:110:2200:2232:307"", ""code:2023:162:110:2200:2233:304"", ""code:2023:162:110:2200:2233:308"", ""code:2023:162:110:2200:2233:328"", ""code:2023:162:110:2200:2233:329"", ""code:2023:162:110:2200:2233:336"", ""code:2023:162:110:2200:2233:339""]",JOINT_ANALYSIS,FULLY_REPORTED,FULLY_COMPARABLE,False,False,11,102735000000,0.10220470141626514,0,0.0,0,0.0,0,0.0,0,0.0,1,0.10220470141626514,0,0.0,0,0,0,0.0,0,0.0,MEDIUM,BUDGET_RAPID_INCREASE,both,3,,29034000000,,35202000000,,0.21244058689811945,,SW산업진흥,550937000000,550937000000,3,"[""FUND"", ""GENERAL_ACCOUNT"", ""SPECIAL_ACCOUNT""]",480147000000,480147000000,3,"[""FUND"", ""GENERAL_ACCOUNT"", ""SPECIAL_ACCOUNT""]",False,False,,1.0,UNAVAILABLE_MIXED_OR_UNLINKED,False,550937000000,550937000000,3,"[""FUND"", ""GENERAL_ACCOUNT"", ""SPECIAL_ACCOUNT""]",,443871000000,3,"[""FUND"", ""GENERAL_ACCOUNT"", ""SPECIAL_ACCOUNT""]",False,False,,1.0,UNAVAILABLE_MIXED_OR_UNLINKED,False,False,0.0,True,0.0,0.0,0.0,0.0,0.5,0.6379310344827587,False,False,False,False,False,False,True,False,False,3,29034000000,35202000000,0.21244058689811945,False,False,False,False,,,,,False,False,False,False,0,False,False,0,LIMITED,0,0,True,False,False,INFORMATION,CONTEXT_REVIEW,4,DETAILED_PROJECT_REVIEW,회계조정·예산구조·사업변경 맥락을 확인,NO_REVIEW_SIGNAL,162:2023:통신:정보통신:2200:GENERAL_ACCOUNT,5,0.0,equal_mean_of_three_signal_components,tiebreak_only,False,,,,,,,,CONTEXT_REVIEW,READY_FOR_REVIEW,5,CONTEXT_SIGNAL_ONLY,NOT_ASSESSED,REVIEW_WORKFLOW_ORDER_NOT_POLICY_EFFECTIVENESS_RANK,57,29,276,86
고용노동부,2024,Ⅳ-2,산업재해예방,,,,,산업재해예방,1,1,1,1,0,0,1,ALL_COMPARABLE_AT_OR_ABOVE_TARGET,"[""MOEL-2024-IV2-01""]",019,EXACT_NAME_UNIQUE_FINANCIAL,True,사회복지,노동,4100,산업재해예방,산업재해예방,SPECIAL_ACCOUNT,89566000000,89566000000,89565435360,0.9999936958220752,COMPLETE,HIGH,3,3,0,"[""code:2024:019:216:4100:4131:300"", ""code:2024:019:216:4100:4131:301"", ""code:2024:019:216:4100:4131:304""]",JOINT_ANALYSIS,FULLY_REPORTED,FULLY_COMPARABLE,False,False,3,89566000000,0.01371055981064243,0,0.0,0,0.0,0,0.0,1,0.01371055981064243,0,0.0,0,0.0,0,0,0,0.0,0,0.0,MEDIUM,ACCOUNTING_ADJUSTMENT_PATTERN,both,,,,,,,,,산업재해예방,1377392000000,1377392000000,3,"[""FUND"", ""GENERAL_ACCOUNT"", ""SPECIAL_ACCOUNT""]",,1443755000000,3,"[""FUND"", ""GENERAL_ACCOUNT"", ""SPECIAL_ACCOUNT""]",False,False,,1.0,UNAVAILABLE_MIXED_OR_UNLINKED,False,1377392000000,1377392000000,3,"[""FUND"", ""GENERAL_ACCOUNT"", ""SPECIAL_ACCOUNT""]",,,,,False,False,,1.0,UNAVAILABLE_MIXED_OR_UNLINKED,False,False,0.0,True,0.0,0.0,0.0,0.0,0.48905109489051096,0.3157894736842105,False,False,False,False,True,False,False,False,False,,,,,False,False,False,False,,,,,False,False,False,False,0,False,False,0,LIMITED,0,1,True,False,True,CONTEXT_REVIEW,CONTEXT_REVIEW,4,DETAILED_PROJECT_REVIEW,회계조정·예산구조·사업변경 맥락을 확인,ACCOUNTING_ADJUSTMENT_CONTEXT,019:2024:사회복지:노동:4100:SPECIAL_ACCOUNT,4,0.0,equal_mean_of_three_signal_components,tiebreak_only,False,,,,,,,,CONTEXT_REVIEW,READY_FOR_REVIEW,5,CONTEXT_SIGNAL_ONLY,NOT_ASSESSED,REVIEW_WORKFLOW_ORDER_NOT_POLICY_EFFECTIVENESS_RANK,58,5,277,45
고용노동부,2024,Ⅲ-2,고용평등증진,,,,,고용평등증진,1,1,1,1,0,0,1,ALL_COMPARABLE_AT_OR_ABOVE_TARGET,"[""MOEL-2024-III2-01""]",019,EXACT_NAME_UNIQUE_FINANCIAL,True,사회복지,고용,1300,고용평등증진,고용평등증진,GENERAL_ACCOUNT,83502000000,83516850000,83294120720,0.9973331216395256,COMPLETE,HIGH,4,4,0,"[""code:2024:019:110:1300:1331:300"", ""code:2024:019:110:1300:1339:301"", ""code:2024:019:110:1300:1340:300"", ""code:2024:019:110:1300:1342:350""]",JOINT_ANALYSIS,FULLY_REPORTED,FULLY_COMPARABLE,False,False,4,83502000000,1.0214366122967116,0,0.0,0,0.0,0,0.0,0,0.0,0,0.0,0,0.0,4,1,1,0.021436612296711455,0,0.0,MEDIUM,MULTIPLE_FINANCIAL_SIGNALS;PROGRAM_BUDGET_CONCENTRATION,both,,,,,,,,,고용평등증진,3202824000000,3202824000000,3,"[""FUND"", ""GENERAL_ACCOUNT"", ""SPECIAL_ACCOUNT""]",,4945899000000,2,"[""FUND"", ""GENERAL_ACCOUNT""]",False,False,,1.0,UNAVAILABLE_MIXED_OR_UNLINKED,False,3202824000000,3202824000000,3,"[""FUND"", ""GENERAL_ACCOUNT"", ""SPECIAL_ACCOUNT""]",,,,,False,False,,1.0,UNAVAILABLE_MIXED_OR_UNLINKED,False,False,0.0,True,0.0,0.0,0.0,0.0,0.46715328467153283,0.2631578947368421,False,False,False,False,False,True,False,False,False,,,,,False,False,False,False,,,,,False,False,False,False,0,False,False,0,LIMITED,0,1,True,False,True,CONTEXT_REVIEW,CONTEXT_REVIEW,4,DETAILED_PROJECT_REVIEW,회계조정·예산구조·사업변경 맥락을 확인,PROGRAM_STRUCTURE_CONTEXT,019:2024:사회복지:고용:1300:GENERAL_ACCOUNT,4,0.0,equal_mean_of_three_signal_components,tiebreak_only,False,,,,,,,,CONTEXT_REVIEW,READY_FOR_REVIEW,5,CONTEXT_SIGNAL_ONLY,NOT_ASSESSED,REVIEW_WORKFLOW_ORDER_NOT_POLICY_EFFECTIVENESS_RANK,59,6,278,46
과학기술정보통신부,2023,Ⅰ-5,사회문제해결,,,,,사회문제해결,2,2,2,2,0,0,2,ALL_COMPARABLE_AT_OR_ABOVE_TARGET,"[""MSIT-2023-I5-01"", ""MSIT-2023-I5-02""]",162,EXACT_NAME_UNIQUE_FINANCIAL,True,과학기술,과학기술연구개발,1500,사회문제해결,사회문제해결,GENERAL_ACCOUNT,62929000000,62929000000,62929000000,1.0,COMPLETE,HIGH,15,15,0,"[""code:2023:162:110:1500:1531:305"", ""code:2023:162:110:1500:1531:306"", ""code:2023:162:110:1500:1531:307"", ""code:2023:162:110:1500:1531:400"", ""code:2023:162:110:1500:1531:405"", ""code:2023:162:110:1500:1531:407"", ""code:2023:162:110:1500:1531:410"", ""code:2023:162:110:1500:1531:411"", ""code:2023:162:110:1500:1531:415"", ""code:2023:162:110:1500:1531:416"", ""code:2023:162:110:1500:1531:417"", ""code:2023:162:110:1500:1532:401"", ""code:2023:162:110:1500:1532:402"", ""code:2023:162:110:1500:1532:404"", ""code:2023:162:110:1500:1532:407""]",JOINT_ANALYSIS,FULLY_REPORTED,FULLY_COMPARABLE,False,False,15,62929000000,0.06356369877163152,0,0.0,0,0.0,0,0.0,0,0.0,0,0.0,0,0.0,0,0,1,0.03178184938581576,0,0.0,MEDIUM,MULTIPLE_FINANCIAL_SIGNALS,both,8,,29020000000,,11137000000,,-0.6162301860785665,,사회문제해결,62929000000,62929000000,1,"[""GENERAL_ACCOUNT""]",19084000000,19084000000,1,"[""GENERAL_ACCOUNT""]",False,True,-0.6967375931605461,1.0,PROGRAM_TOTAL_SINGLE_ACCOUNT,False,62929000000,62929000000,1,"[""GENERAL_ACCOUNT""]",,20289000000,1,"[""GENERAL_ACCOUNT""]",False,False,,1.0,PROGRAM_TOTAL_SINGLE_ACCOUNT,False,False,0.0,True,0.0,0.0,0.0,0.0,0.4057971014492754,0.4827586206896552,False,False,False,False,False,False,False,False,False,8,29020000000,11137000000,-0.6162301860785665,False,False,True,False,,,,,False,False,False,False,0,False,False,0,LIMITED,0,0,True,False,False,INFORMATION,CONTEXT_REVIEW,4,DETAILED_PROJECT_REVIEW,회계조정·예산구조·사업변경 맥락을 확인,GOOD_PERFORMANCE_BUDGET_DECREASE_T1_CONTEXT,162:2023:과학기술:과학기술연구개발:1500:GENERAL_ACCOUNT,5,0.0,equal_mean_of_three_signal_components,tiebreak_only,False,,,,,,,,CONTEXT_REVIEW,READY_FOR_REVIEW,5,CONTEXT_SIGNAL_ONLY,NOT_ASSESSED,REVIEW_WORKFLOW_ORDER_NOT_POLICY_EFFECTIVENESS_RANK,60,30,279,87
과학기술정보통신부,2023,Ⅲ-1,공공연구성과활성화,4600,교육,평생·직업교육,CONFIRMED,공공연구성과활성화,3,3,3,3,0,0,3,ALL_COMPARABLE_AT_OR_ABOVE_TARGET,"[""MSIT-2023-III1-01"", ""MSIT-2023-III1-02"", ""MSIT-2023-III1-03""]",162,EXACT_CONFIRMED_HIERARCHY,True,교육,평생·직업교육,4600,공공연구성과활성화,공공연구성과활성화,SPECIAL_ACCOUNT,62520000000,62520000000,62520000000,1.0,COMPLETE,HIGH,4,4,0,"[""code:2023:162:236:4600:4601:300"", ""code:2023:162:236:4600:4601:302"", ""code:2023:162:236:4600:4601:311"", ""code:2023:162:236:4600:4601:313""]",JOINT_ANALYSIS,FULLY_REPORTED,FULLY_COMPARABLE,False,False,4,62520000000,0.0,0,0.0,0,0.0,0,0.0,0,0.0,0,0.0,0,0.0,0,0,0,0.0,0,0.0,MEDIUM,NONE,both,4,,62520000000,,44077000000,,-0.29499360204734487,,공공연구성과활성화,62520000000,62520000000,1,"[""SPECIAL_ACCOUNT""]",47354000000,47354000000,1,"[""SPECIAL_ACCOUNT""]",False,True,-0.2425783749200256,1.0,PROGRAM_TOTAL_SINGLE_ACCOUNT,True,62520000000,62520000000,1,"[""SPECIAL_ACCOUNT""]",,56542000000,1,"[""SPECIAL_ACCOUNT""]",False,False,,1.0,PROGRAM_TOTAL_SINGLE_ACCOUNT,False,True,0.0,True,0.0,0.0,0.0,0.0,0.391304347826087,0.4482758620689655,False,False,False,False,False,False,False,False,True,4,62520000000,44077000000,-0.29499360204734487,True,False,True,False,,,,,False,False,False,False,0,False,False,0,LIMITED,0,0,True,False,False,INFORMATION,CONTEXT_REVIEW,4,DETAILED_PROJECT_REVIEW,회계조정·예산구조·사업변경 맥락을 확인,GOOD_PERFORMANCE_BUDGET_DECREASE_T1_CONTEXT,162:2023:교육:평생·직업교육:4600:SPECIAL_ACCOUNT,5,0.0,equal_mean_of_three_signal_components,tiebreak_only,False,,,,,,,,CONTEXT_REVIEW,READY_FOR_REVIEW,5,CONTEXT_SIGNAL_ONLY,NOT_ASSESSED,REVIEW_WORKFLOW_ORDER_NOT_POLICY_EFFECTIVENESS_RANK,61,31,280,88
과학기술정보통신부,2022,Ⅰ-5,사회문제해결,,,,,사회문제해결,2,2,2,2,0,0,2,ALL_COMPARABLE_AT_OR_ABOVE_TARGET,"[""MSIT-2022-I5-01"", ""MSIT-2022-I5-02""]",162,EXACT_NAME_UNIQUE_FINANCIAL,True,과학기술,과학기술연구개발,1500,사회문제해결,사회문제해결,GENERAL_ACCOUNT,59117000000,59117000000,59117000000,1.0,COMPLETE,HIGH,11,11,0,"[""code:2022:162:110:1500:1531:305"", ""code:2022:162:110:1500:1531:306"", ""code:2022:162:110:1500:1531:307"", ""code:2022:162:110:1500:1531:400"", ""code:2022:162:110:1500:1531:405"", ""code:2022:162:110:1500:1531:407"", ""code:2022:162:110:1500:1531:410"", ""code:2022:162:110:1500:1531:411"", ""code:2022:162:110:1500:1532:401"", ""code:2022:162:110:1500:1532:402"", ""code:2022:162:110:1500:1532:404""]",JOINT_ANALYSIS,FULLY_REPORTED,FULLY_COMPARABLE,False,False,11,59117000000,0.0,0,0.0,0,0.0,0,0.0,0,0.0,0,0.0,0,0.0,0,0,0,0.0,0,0.0,MEDIUM,NONE,both,9,4,51117000000,21700000000,50029000000,8143000000,-0.021284504176692684,-0.6247465437788018,사회문제해결,59117000000,59117000000,1,"[""GENERAL_ACCOUNT""]",62929000000,62929000000,1,"[""GENERAL_ACCOUNT""]",False,True,0.06448229781619501,1.0,PROGRAM_TOTAL_SINGLE_ACCOUNT,False,59117000000,59117000000,1,"[""GENERAL_ACCOUNT""]",19084000000,19084000000,1,"[""GENERAL_ACCOUNT""]",False,True,-0.6771825363262682,1.0,PROGRAM_TOTAL_SINGLE_ACCOUNT,False,False,0.0,True,0.0,0.0,0.0,0.0,0.3488372093023256,0.42857142857142855,False,False,False,False,False,False,False,False,False,9,51117000000,50029000000,-0.021284504176692684,False,False,False,False,4,21700000000,8143000000,-0.6247465437788018,False,False,True,False,0,False,False,0,LIMITED,0,0,True,False,False,INFORMATION,CONTEXT_REVIEW,4,DETAILED_PROJECT_REVIEW,회계조정·예산구조·사업변경 맥락을 확인,GOOD_PERFORMANCE_BUDGET_DECREASE_T2_CONTEXT,162:2022:과학기술:과학기술연구개발:1500:GENERAL_ACCOUNT,5,0.0,equal_mean_of_three_signal_components,tiebreak_only,False,,,,,,,,CONTEXT_REVIEW,READY_FOR_REVIEW,5,CONTEXT_SIGNAL_ONLY,NOT_ASSESSED,REVIEW_WORKFLOW_ORDER_NOT_POLICY_EFFECTIVENESS_RANK,62,32,281,89
과학기술정보통신부,2024,Ⅲ-2,과학기술국제협력,,,,,과학기술국제협력,1,1,1,1,0,0,1,ALL_COMPARABLE_AT_OR_ABOVE_TARGET,"[""MSIT-2024-III2-01""]",162,EXACT_NAME_UNIQUE_FINANCIAL,True,과학기술,과학기술연구지원,4700,과학기술국제협력,과학기술국제협력,GENERAL_ACCOUNT,55438000000,55438000000,54431908620,0.9818519538944408,COMPLETE,HIGH,6,6,0,"[""code:2024:162:110:4700:4731:402"", ""code:2024:162:110:4700:4731:403"", ""code:2024:162:110:4700:4733:301"", ""code:2024:162:110:4700:4733:404"", ""code:2024:162:110:4700:4734:305"", ""code:2024:162:110:4700:4734:308""]",JOINT_ANALYSIS,FULLY_REPORTED,FULLY_COMPARABLE,False,False,6,55438000000,0.9036401024567986,0,0.0,0,0.0,0,0.0,0,0.0,1,0.3535481077960965,0,0.0,0,0,2,0.41799848479382373,0,0.0,MEDIUM,BUDGET_RAPID_INCREASE;MULTIPLE_FINANCIAL_SIGNALS,both,,,,,,,,,과학기술국제협력,55438000000,55438000000,1,"[""GENERAL_ACCOUNT""]",,81466000000,1,"[""GENERAL_ACCOUNT""]",False,False,,1.0,PROGRAM_TOTAL_SINGLE_ACCOUNT,False,55438000000,55438000000,1,"[""GENERAL_ACCOUNT""]",,,,,False,False,,1.0,UNAVAILABLE_MIXED_OR_UNLINKED,False,False,0.0,True,0.0,0.0,0.0,0.0,0.40875912408759124,0.5254237288135594,False,False,False,False,False,False,True,False,False,,,,,False,False,False,False,,,,,False,False,False,False,0,False,False,0,LIMITED,0,0,True,False,False,INFORMATION,CONTEXT_REVIEW,4,DETAILED_PROJECT_REVIEW,회계조정·예산구조·사업변경 맥락을 확인,NO_REVIEW_SIGNAL,162:2024:과학기술:과학기술연구지원:4700:GENERAL_ACCOUNT,5,0.0,equal_mean_of_three_signal_components,tiebreak_only,False,,,,,,,,CONTEXT_REVIEW,READY_FOR_REVIEW,5,CONTEXT_SIGNAL_ONLY,NOT_ASSESSED,REVIEW_WORKFLOW_ORDER_NOT_POLICY_EFFECTIVENESS_RANK,63,33,282,90
과학기술정보통신부,2024,Ⅳ-6,SW산업진흥,,,,,SW산업진흥,1,1,1,1,0,0,1,ALL_COMPARABLE_AT_OR_ABOVE_TARGET,"[""MSIT-2024-IV6-01""]",162,EXACT_NAME_UNIQUE_FINANCIAL,True,통신,정보통신,2200,SW산업진흥,SW산업진흥,GENERAL_ACCOUNT,54744000000,54744000000,54744000000,1.0,COMPLETE,HIGH,8,8,0,"[""code:2024:162:110:2200:2232:302"", ""code:2024:162:110:2200:2232:314"", ""code:2024:162:110:2200:2233:304"", ""code:2024:162:110:2200:2233:308"", ""code:2024:162:110:2200:2233:328"", ""code:2024:162:110:2200:2233:329"", ""code:2024:162:110:2200:2233:336"", ""code:2024:162:110:2200:2233:339""]",JOINT_ANALYSIS,FULLY_REPORTED,FULLY_COMPARABLE,False,False,8,54744000000,0.45122753178430514,0,0.0,0,0.0,0,0.0,0,0.0,1,0.08884991962589507,0,0.0,0,0,0,0.0,0,0.0,MEDIUM,BUDGET_RAPID_INCREASE,both,,,,,,,,,SW산업진흥,480147000000,480147000000,3,"[""FUND"", ""GENERAL_ACCOUNT"", ""SPECIAL_ACCOUNT""]",,443871000000,3,"[""FUND"", ""GENERAL_ACCOUNT"", ""SPECIAL_ACCOUNT""]",False,False,,1.0,UNAVAILABLE_MIXED_OR_UNLINKED,False,480147000000,480147000000,3,"[""FUND"", ""GENERAL_ACCOUNT"", ""SPECIAL_ACCOUNT""]",,,,,False,False,,1.0,UNAVAILABLE_MIXED_OR_UNLINKED,False,False,0.0,True,0.0,0.0,0.0,0.0,0.39416058394160586,0.4915254237288136,False,False,False,False,False,False,True,False,False,,,,,False,False,False,False,,,,,False,False,False,False,0,False,False,0,LIMITED,0,0,True,False,False,INFORMATION,CONTEXT_REVIEW,4,DETAILED_PROJECT_REVIEW,회계조정·예산구조·사업변경 맥락을 확인,NO_REVIEW_SIGNAL,162:2024:통신:정보통신:2200:GENERAL_ACCOUNT,5,0.0,equal_mean_of_three_signal_components,tiebreak_only,False,,,,,,,,CONTEXT_REVIEW,READY_FOR_REVIEW,5,CONTEXT_SIGNAL_ONLY,NOT_ASSESSED,REVIEW_WORKFLOW_ORDER_NOT_POLICY_EFFECTIVENESS_RANK,64,34,283,91
과학기술정보통신부,2022,Ⅲ-2,과학기술국제 협력,,,,,과학기술국제협력,1,1,1,1,0,0,1,ALL_COMPARABLE_AT_OR_ABOVE_TARGET,"[""MSIT-2022-III2-01""]",162,EXACT_NAME_UNIQUE_FINANCIAL,True,과학기술,과학기술연구지원,4700,과학기술국제협력,과학기술국제협력,GENERAL_ACCOUNT,54651000000,54651000000,54638175550,0.999765339152074,COMPLETE,HIGH,10,10,0,"[""code:2022:162:110:4700:4731:402"", ""code:2022:162:110:4700:4731:403"", ""code:2022:162:110:4700:4733:301"", ""code:2022:162:110:4700:4733:402"", ""code:2022:162:110:4700:4733:403"", ""code:2022:162:110:4700:4733:404"", ""code:2022:162:110:4700:4734:305"", ""code:2022:162:110:4700:4734:308"", ""code:2022:162:110:4700:4734:401"", ""code:2022:162:110:4700:4735:401""]",JOINT_ANALYSIS,FULLY_REPORTED,FULLY_COMPARABLE,False,False,10,54651000000,0.0,0,0.0,0,0.0,0,0.0,0,0.0,0,0.0,0,0.0,0,0,0,0.0,0,0.0,MEDIUM,NONE,both,6,6,39173000000,39173000000,41303000000,55438000000,0.0543741863017895,0.41520945549230337,과학기술국제협력,54651000000,54651000000,1,"[""GENERAL_ACCOUNT""]",50253000000,50253000000,1,"[""GENERAL_ACCOUNT""]",False,True,-0.08047428226381952,1.0,PROGRAM_TOTAL_SINGLE_ACCOUNT,False,54651000000,54651000000,1,"[""GENERAL_ACCOUNT""]",55438000000,55438000000,1,"[""GENERAL_ACCOUNT""]",False,True,0.01440046842692723,1.0,PROGRAM_TOTAL_SINGLE_ACCOUNT,False,False,0.0,True,0.0,0.0,0.0,0.0,0.3178294573643411,0.4107142857142857,False,False,False,False,False,False,False,False,False,6,39173000000,41303000000,0.0543741863017895,False,False,True,False,6,39173000000,55438000000,0.41520945549230337,False,False,False,False,0,False,False,0,LIMITED,0,0,True,False,False,INFORMATION,CONTEXT_REVIEW,4,DETAILED_PROJECT_REVIEW,회계조정·예산구조·사업변경 맥락을 확인,GOOD_PERFORMANCE_BUDGET_DECREASE_T1_CONTEXT,162:2022:과학기술:과학기술연구지원:4700:GENERAL_ACCOUNT,5,0.0,equal_mean_of_three_signal_components,tiebreak_only,False,,,,,,,,CONTEXT_REVIEW,READY_FOR_REVIEW,5,CONTEXT_SIGNAL_ONLY,NOT_ASSESSED,REVIEW_WORKFLOW_ORDER_NOT_POLICY_EFFECTIVENESS_RANK,65,35,284,92
과학기술정보통신부,2023,Ⅲ-2,과학기술국제협력,,,,,과학기술국제협력,1,1,1,1,0,0,1,ALL_COMPARABLE_AT_OR_ABOVE_TARGET,"[""MSIT-2023-III2-01""]",162,EXACT_NAME_UNIQUE_FINANCIAL,True,과학기술,과학기술연구지원,4700,과학기술국제협력,과학기술국제협력,GENERAL_ACCOUNT,50253000000,50253000000,49704000000,0.9890752790878156,COMPLETE,HIGH,10,10,0,"[""code:2023:162:110:4700:4731:402"", ""code:2023:162:110:4700:4731:403"", ""code:2023:162:110:4700:4733:301"", ""code:2023:162:110:4700:4733:402"", ""code:2023:162:110:4700:4733:403"", ""code:2023:162:110:4700:4733:404"", ""code:2023:162:110:4700:4734:305"", ""code:2023:162:110:4700:4734:308"", ""code:2023:162:110:4700:4734:401"", ""code:2023:162:110:4700:4735:401""]",JOINT_ANALYSIS,FULLY_REPORTED,FULLY_COMPARABLE,False,False,10,50253000000,0.2165044872942909,0,0.0,0,0.0,0,0.0,0,0.0,1,0.04477344636141126,0,0.0,0,0,1,0.08586552046643982,0,0.0,MEDIUM,BUDGET_RAPID_INCREASE;MULTIPLE_FINANCIAL_SIGNALS,both,6,,41303000000,,55438000000,,0.34222695687964555,,과학기술국제협력,50253000000,50253000000,1,"[""GENERAL_ACCOUNT""]",55438000000,55438000000,1,"[""GENERAL_ACCOUNT""]",False,True,0.10317791972618551,1.0,PROGRAM_TOTAL_SINGLE_ACCOUNT,False,50253000000,50253000000,1,"[""GENERAL_ACCOUNT""]",,81466000000,1,"[""GENERAL_ACCOUNT""]",False,False,,1.0,PROGRAM_TOTAL_SINGLE_ACCOUNT,False,False,0.0,True,0.0,0.0,0.0,0.0,0.30434782608695654,0.3448275862068966,False,False,False,False,False,False,True,False,False,6,41303000000,55438000000,0.34222695687964555,False,False,False,False,,,,,False,False,False,False,0,False,False,0,LIMITED,0,0,True,False,False,INFORMATION,CONTEXT_REVIEW,4,DETAILED_PROJECT_REVIEW,회계조정·예산구조·사업변경 맥락을 확인,NO_REVIEW_SIGNAL,162:2023:과학기술:과학기술연구지원:4700:GENERAL_ACCOUNT,5,0.0,equal_mean_of_three_signal_components,tiebreak_only,False,,,,,,,,CONTEXT_REVIEW,READY_FOR_REVIEW,5,CONTEXT_SIGNAL_ONLY,NOT_ASSESSED,REVIEW_WORKFLOW_ORDER_NOT_POLICY_EFFECTIVENESS_RANK,66,36,285,93
과학기술정보통신부,2024,Ⅳ-5,지역경제활성화,,,,,지역경제활성화,1,1,1,1,0,0,1,ALL_COMPARABLE_AT_OR_ABOVE_TARGET,"[""MSIT-2024-IV5-01""]",162,EXACT_NAME_UNIQUE_FINANCIAL,True,산업·중소기업및에너지,산업혁신지원,4200,지역경제활성화,지역경제활성화,SPECIAL_ACCOUNT,45907000000,45907000000,45907000000,1.0,COMPLETE,HIGH,10,10,0,"[""code:2024:162:236:4200:4201:301"", ""code:2024:162:236:4200:4202:302"", ""code:2024:162:236:4200:4231:306"", ""code:2024:162:236:4200:4231:307"", ""code:2024:162:236:4200:4231:308"", ""code:2024:162:236:4200:4234:316"", ""code:2024:162:236:4200:4234:323"", ""code:2024:162:236:4200:4234:324"", ""code:2024:162:236:4200:4234:325"", ""code:2024:162:236:4200:4234:336""]",JOINT_ANALYSIS,FULLY_REPORTED,FULLY_COMPARABLE,False,False,10,45907000000,0.22436665432287015,0,0.0,0,0.0,0,0.0,0,0.0,1,0.22436665432287015,0,0.0,0,0,0,0.0,0,0.0,MEDIUM,BUDGET_RAPID_INCREASE,both,,,,,,,,,지역경제활성화,45907000000,45907000000,1,"[""SPECIAL_ACCOUNT""]",,44208000000,1,"[""SPECIAL_ACCOUNT""]",False,False,,1.0,PROGRAM_TOTAL_SINGLE_ACCOUNT,False,45907000000,45907000000,1,"[""SPECIAL_ACCOUNT""]",,,,,False,False,,1.0,UNAVAILABLE_MIXED_OR_UNLINKED,False,False,0.0,True,0.0,0.0,0.0,0.0,0.34306569343065696,0.3898305084745763,False,False,False,False,False,False,True,False,False,,,,,False,False,False,False,,,,,False,False,False,False,0,False,False,0,LIMITED,0,0,True,False,False,INFORMATION,CONTEXT_REVIEW,4,DETAILED_PROJECT_REVIEW,회계조정·예산구조·사업변경 맥락을 확인,NO_REVIEW_SIGNAL,162:2024:산업·중소기업및에너지:산업혁신지원:4200:SPECIAL_ACCOUNT,5,0.0,equal_mean_of_three_signal_components,tiebreak_only,False,,,,,,,,CONTEXT_REVIEW,READY_FOR_REVIEW,5,CONTEXT_SIGNAL_ONLY,NOT_ASSESSED,REVIEW_WORKFLOW_ORDER_NOT_POLICY_EFFECTIVENESS_RANK,67,37,286,94
과학기술정보통신부,2022,Ⅰ-2,기초연구진흥,,,,,기초연구진흥,2,2,2,2,0,0,2,ALL_COMPARABLE_AT_OR_ABOVE_TARGET,"[""MSIT-2022-I2-01"", ""MSIT-2022-I2-02""]",162,EXACT_NAME_UNIQUE_FINANCIAL,True,과학기술,과학기술연구개발,1200,기초연구진흥,기초연구진흥,SPECIAL_ACCOUNT,41000000000,41000000000,41000000000,1.0,COMPLETE,HIGH,1,1,0,"[""code:2022:162:236:1200:1235:301""]",JOINT_ANALYSIS,FULLY_REPORTED,FULLY_COMPARABLE,False,False,1,41000000000,1.0,0,0.0,0,0.0,0,0.0,0,0.0,0,0.0,0,0.0,1,1,0,0.0,0,0.0,MEDIUM,PROGRAM_BUDGET_CONCENTRATION,both,1,1,41000000000,41000000000,60000000000,53000000000,0.4634146341463415,0.2926829268292683,기초연구진흥,2121809000000,2121809000000,3,"[""FUND"", ""GENERAL_ACCOUNT"", ""SPECIAL_ACCOUNT""]",2190209000000,2190209000000,3,"[""FUND"", ""GENERAL_ACCOUNT"", ""SPECIAL_ACCOUNT""]",False,False,,1.0,UNAVAILABLE_MIXED_OR_UNLINKED,False,2121809000000,2121809000000,3,"[""FUND"", ""GENERAL_ACCOUNT"", ""SPECIAL_ACCOUNT""]",2253290000000,2253290000000,3,"[""FUND"", ""GENERAL_ACCOUNT"", ""SPECIAL_ACCOUNT""]",False,False,,1.0,UNAVAILABLE_MIXED_OR_UNLINKED,False,False,0.0,True,0.0,0.0,0.0,0.0,0.2558139534883721,0.32142857142857145,False,False,False,False,False,True,False,False,True,1,41000000000,60000000000,0.4634146341463415,True,False,False,True,1,41000000000,53000000000,0.2926829268292683,True,False,False,False,0,False,False,0,LIMITED,0,1,True,False,True,CONTEXT_REVIEW,CONTEXT_REVIEW,4,DETAILED_PROJECT_REVIEW,회계조정·예산구조·사업변경 맥락을 확인,PROGRAM_STRUCTURE_CONTEXT,162:2022:과학기술:과학기술연구개발:1200:SPECIAL_ACCOUNT,4,0.0,equal_mean_of_three_signal_components,tiebreak_only,False,,,,,,,,CONTEXT_REVIEW,READY_FOR_REVIEW,5,CONTEXT_SIGNAL_ONLY,NOT_ASSESSED,REVIEW_WORKFLOW_ORDER_NOT_POLICY_EFFECTIVENESS_RANK,68,38,287,95
중소벤처기업부,2023,Ⅴ-2,동반성장지원,,,,,동반성장지원,2,2,2,2,0,0,2,ALL_COMPARABLE_AT_OR_ABOVE_TARGET,"[""중기부-2023-IIIII2-01"", ""중기부-2023-IIIII2-02""]",102,EXACT_NAME_UNIQUE_FINANCIAL,True,산업·중소기업및에너지,중소기업및소상공인육성,4200,동반성장지원,동반성장지원,GENERAL_ACCOUNT,39426000000,39426000000,39417875780,0.9997939375031704,COMPLETE,HIGH,4,4,0,"[""code:2023:102:110:4200:4231:301"", ""code:2023:102:110:4200:4234:302"", ""code:2023:102:110:4200:4234:303"", ""code:2023:102:110:4200:4234:304""]",JOINT_ANALYSIS,FULLY_REPORTED,FULLY_COMPARABLE,False,False,4,39426000000,0.5187439760564094,0,0.0,0,0.0,0,0.0,0,0.0,0,0.0,0,0.0,0,0,0,0.0,0,0.0,MEDIUM,NONE,both,3,,36858000000,,35672000000,,-0.03217754625861414,,동반성장지원,39426000000,39426000000,1,"[""GENERAL_ACCOUNT""]",35672000000,35672000000,1,"[""GENERAL_ACCOUNT""]",False,True,-0.09521635468979861,1.0,PROGRAM_TOTAL_SINGLE_ACCOUNT,False,39426000000,39426000000,1,"[""GENERAL_ACCOUNT""]",,38926000000,1,"[""GENERAL_ACCOUNT""]",False,False,,1.0,PROGRAM_TOTAL_SINGLE_ACCOUNT,False,False,0.0,True,0.0,0.0,0.0,0.0,0.2753623188405797,0.2727272727272727,False,False,False,False,False,False,False,False,False,3,36858000000,35672000000,-0.03217754625861414,False,False,True,False,,,,,False,False,False,False,0,False,False,0,LIMITED,0,0,True,False,False,INFORMATION,CONTEXT_REVIEW,4,DETAILED_PROJECT_REVIEW,회계조정·예산구조·사업변경 맥락을 확인,GOOD_PERFORMANCE_BUDGET_DECREASE_T1_CONTEXT,102:2023:산업·중소기업및에너지:중소기업및소상공인육성:4200:GENERAL_ACCOUNT,5,0.0,equal_mean_of_three_signal_components,tiebreak_only,False,,,,,,,,CONTEXT_REVIEW,READY_FOR_REVIEW,5,CONTEXT_SIGNAL_ONLY,NOT_ASSESSED,REVIEW_WORKFLOW_ORDER_NOT_POLICY_EFFECTIVENESS_RANK,69,12,288,49
과학기술정보통신부,2022,Ⅳ-6,지역경제활성화,,,,,지역경제활성화,2,2,2,2,0,0,2,ALL_COMPARABLE_AT_OR_ABOVE_TARGET,"[""MSIT-2022-IV6-01"", ""MSIT-2022-IV6-02""]",162,EXACT_NAME_UNIQUE_FINANCIAL,True,산업·중소기업및에너지,산업혁신지원,4200,지역경제활성화,지역경제활성화,SPECIAL_ACCOUNT,35544000000,35544000000,35544000000,1.0,COMPLETE,HIGH,6,6,0,"[""code:2022:162:236:4200:4201:301"", ""code:2022:162:236:4200:4202:302"", ""code:2022:162:236:4200:4231:306"", ""code:2022:162:236:4200:4234:316"", ""code:2022:162:236:4200:4234:318"", ""code:2022:162:236:4200:4234:320""]",JOINT_ANALYSIS,FULLY_REPORTED,FULLY_COMPARABLE,False,False,6,35544000000,0.0,0,0.0,0,0.0,0,0.0,0,0.0,0,0.0,0,0.0,0,0,0,0.0,0,0.0,MEDIUM,NONE,both,4,3,22064000000,16564000000,22018000000,21712000000,-0.002084844089920232,0.3107944940835547,지역경제활성화,35544000000,35544000000,1,"[""SPECIAL_ACCOUNT""]",29018000000,29018000000,1,"[""SPECIAL_ACCOUNT""]",False,True,-0.18360342111186134,1.0,PROGRAM_TOTAL_SINGLE_ACCOUNT,False,35544000000,35544000000,1,"[""SPECIAL_ACCOUNT""]",45907000000,45907000000,1,"[""SPECIAL_ACCOUNT""]",False,True,0.29155413009228,1.0,PROGRAM_TOTAL_SINGLE_ACCOUNT,False,False,0.0,True,0.0,0.0,0.0,0.0,0.24031007751937986,0.30357142857142855,False,False,False,False,False,False,False,False,False,4,22064000000,22018000000,-0.002084844089920232,False,False,True,False,3,16564000000,21712000000,0.3107944940835547,False,False,False,False,0,False,False,0,LIMITED,0,0,True,False,False,INFORMATION,CONTEXT_REVIEW,4,DETAILED_PROJECT_REVIEW,회계조정·예산구조·사업변경 맥락을 확인,GOOD_PERFORMANCE_BUDGET_DECREASE_T1_CONTEXT,162:2022:산업·중소기업및에너지:산업혁신지원:4200:SPECIAL_ACCOUNT,5,0.0,equal_mean_of_three_signal_components,tiebreak_only,False,,,,,,,,CONTEXT_REVIEW,READY_FOR_REVIEW,5,CONTEXT_SIGNAL_ONLY,NOT_ASSESSED,REVIEW_WORKFLOW_ORDER_NOT_POLICY_EFFECTIVENESS_RANK,70,39,289,96
보건복지부,2024,Ⅳ-2,저출산대응및인구정책지원,,,,,저출산대응및인구정책지원,1,1,1,1,0,0,1,ALL_COMPARABLE_AT_OR_ABOVE_TARGET,"[""MOHW-2024-IV2-01""]",075,EXACT_NAME_UNIQUE_FINANCIAL,True,사회복지,아동·보육,2500,저출산대응및인구정책지원,저출산대응및인구정책지원,FUND,32206000000,32232850000,30841290390,0.956827906623212,COMPLETE,HIGH,2,2,0,"[""code:2024:075:542:2500:2535:302"", ""code:2024:075:542:2500:2535:307""]",JOINT_ANALYSIS,FULLY_REPORTED,FULLY_COMPARABLE,False,False,2,32206000000,1.0,0,0.0,0,0.0,0,0.0,0,0.0,0,0.0,0,0.0,2,1,0,0.0,0,0.0,MEDIUM,PROGRAM_BUDGET_CONCENTRATION,both,,,,,,,,,저출산대응및인구정책지원,2592070000000,2592070000000,2,"[""FUND"", ""GENERAL_ACCOUNT""]",,2421526000000,2,"[""FUND"", ""GENERAL_ACCOUNT""]",False,False,,1.0,UNAVAILABLE_MIXED_OR_UNLINKED,False,2592070000000,2592070000000,2,"[""FUND"", ""GENERAL_ACCOUNT""]",,,,,False,False,,1.0,UNAVAILABLE_MIXED_OR_UNLINKED,False,False,0.0,True,0.0,0.0,0.0,0.0,0.27007299270072993,0.358974358974359,False,False,False,False,False,True,False,False,False,,,,,False,False,False,False,,,,,False,False,False,False,0,False,False,0,LIMITED,0,1,True,False,True,CONTEXT_REVIEW,CONTEXT_REVIEW,4,DETAILED_PROJECT_REVIEW,회계조정·예산구조·사업변경 맥락을 확인,PROGRAM_STRUCTURE_CONTEXT,075:2024:사회복지:아동·보육:2500:FUND,4,0.0,equal_mean_of_three_signal_components,tiebreak_only,False,,,,,,,,CONTEXT_REVIEW,READY_FOR_REVIEW,5,CONTEXT_SIGNAL_ONLY,NOT_ASSESSED,REVIEW_WORKFLOW_ORDER_NOT_POLICY_EFFECTIVENESS_RANK,71,14,290,99
중소벤처기업부,2023,Ⅲ-2,벤처기업활성화지원,,,,,벤처기업활성화지원,3,3,3,3,0,0,3,ALL_COMPARABLE_AT_OR_ABOVE_TARGET,"[""중기부-2023-III2-01"", ""중기부-2023-III2-02"", ""중기부-2023-III2-03""]",102,EXACT_NAME,True,산업·중소기업및에너지,창업및벤처,5200,벤처기업활성화지원,벤처기업활성화지원,SPECIAL_ACCOUNT,30000000000,30000000000,30000000000,1.0,COMPLETE,HIGH,1,1,0,"[""code:2023:102:238:5200:5264:301""]",JOINT_ANALYSIS,FULLY_REPORTED,FULLY_COMPARABLE,False,False,1,30000000000,1.0,0,0.0,0,0.0,0,0.0,0,0.0,0,0.0,0,0.0,1,1,0,0.0,0,0.0,LOW,PROGRAM_BUDGET_CONCENTRATION,both,,,,,,,,,벤처기업활성화지원,341150000000,341150000000,3,"[""FUND"", ""GENERAL_ACCOUNT"", ""SPECIAL_ACCOUNT""]",464547000000,464547000000,3,"[""FUND"", ""GENERAL_ACCOUNT"", ""SPECIAL_ACCOUNT""]",False,False,,1.0,UNAVAILABLE_MIXED_OR_UNLINKED,False,341150000000,341150000000,3,"[""FUND"", ""GENERAL_ACCOUNT"", ""SPECIAL_ACCOUNT""]",,833257000000,2,"[""FUND"", ""GENERAL_ACCOUNT""]",False,False,,1.0,UNAVAILABLE_MIXED_OR_UNLINKED,False,False,0.0,True,0.0,0.0,0.0,0.0,0.2536231884057971,0.22727272727272727,False,False,False,False,False,True,False,False,False,,,,,False,False,False,False,,,,,False,False,False,False,0,False,False,0,LIMITED,0,1,True,False,True,CONTEXT_REVIEW,CONTEXT_REVIEW,4,DETAILED_PROJECT_REVIEW,회계조정·예산구조·사업변경 맥락을 확인,PROGRAM_STRUCTURE_CONTEXT,102:2023:산업·중소기업및에너지:창업및벤처:5200:SPECIAL_ACCOUNT,4,0.0,equal_mean_of_three_signal_components,tiebreak_only,False,,,,,,,,CONTEXT_REVIEW,READY_FOR_REVIEW,5,CONTEXT_SIGNAL_ONLY,NOT_ASSESSED,REVIEW_WORKFLOW_ORDER_NOT_POLICY_EFFECTIVENESS_RANK,72,13,291,50
과학기술정보통신부,2023,Ⅳ-4,정보통신방송기반조성,,,,,정보통신방송기반조성,3,3,3,3,0,0,3,ALL_COMPARABLE_AT_OR_ABOVE_TARGET,"[""MSIT-2023-IV4-01"", ""MSIT-2023-IV4-02"", ""MSIT-2023-IV4-03""]",162,EXACT_NAME,True,문화및관광,문화예술,1600,정보통신방송기반조성,정보통신방송기반조성,FUND,25152000000,25152000000,25151297000,0.9999720499363868,COMPLETE,HIGH,6,6,0,"[""code:2023:162:543:1600:1631:305"", ""code:2023:162:543:1600:1631:306"", ""code:2023:162:543:1600:1631:307"", ""code:2023:162:564:1600:1631:310"", ""code:2023:162:564:1600:1632:308"", ""code:2023:162:564:1600:1632:314""]",JOINT_ANALYSIS,FULLY_REPORTED,FULLY_COMPARABLE,False,False,6,25152000000,1.0599952290076335,0,0.0,0,0.0,0,0.0,0,0.0,1,0.5044926844783715,0,0.0,0,0,1,0.5044926844783715,0,0.0,MEDIUM,BUDGET_RAPID_INCREASE;MULTIPLE_FINANCIAL_SIGNALS,both,5,,20804000000,,10274000000,,-0.5061526629494328,,정보통신방송기반조성,27152000000,27152000000,2,"[""FUND"", ""GENERAL_ACCOUNT""]",16763000000,16763000000,2,"[""FUND"", ""GENERAL_ACCOUNT""]",False,False,,1.0,UNAVAILABLE_MIXED_OR_UNLINKED,False,27152000000,27152000000,2,"[""FUND"", ""GENERAL_ACCOUNT""]",,17594000000,2,"[""FUND"", ""GENERAL_ACCOUNT""]",False,False,,1.0,UNAVAILABLE_MIXED_OR_UNLINKED,False,False,0.0,True,0.0,0.0,0.0,0.0,0.21014492753623187,0.25862068965517243,False,False,False,False,False,False,True,False,False,5,20804000000,10274000000,-0.5061526629494328,False,False,False,False,,,,,False,False,False,False,0,False,False,0,LIMITED,0,0,True,False,False,INFORMATION,CONTEXT_REVIEW,4,DETAILED_PROJECT_REVIEW,회계조정·예산구조·사업변경 맥락을 확인,NO_REVIEW_SIGNAL,162:2023:문화및관광:문화예술:1600:FUND,5,0.0,equal_mean_of_three_signal_components,tiebreak_only,False,,,,,,,,CONTEXT_REVIEW,READY_FOR_REVIEW,5,CONTEXT_SIGNAL_ONLY,NOT_ASSESSED,REVIEW_WORKFLOW_ORDER_NOT_POLICY_EFFECTIVENESS_RANK,73,40,292,97
과학기술정보통신부,2022,Ⅴ-4,과학기술정보 통신부운영지원,7000,통신,방송통신,CONFIRMED,과학기술정보통신부운영지원,3,3,3,3,0,0,3,ALL_COMPARABLE_AT_OR_ABOVE_TARGET,"[""MSIT-2022-V4-01"", ""MSIT-2022-V4-02"", ""MSIT-2022-V4-03""]",162,EXACT_CONFIRMED_HIERARCHY,True,통신,방송통신,7000,과학기술정보통신부운영지원,과학기술정보통신부운영지원,GENERAL_ACCOUNT,20633000000,22354590000,21938107610,0.9813692673406222,COMPLETE,HIGH,7,7,0,"[""code:2022:162:110:7000:7002:101"", ""code:2022:162:110:7000:7002:102"", ""code:2022:162:110:7000:7018:201"", ""code:2022:162:110:7000:7018:202"", ""code:2022:162:110:7000:7018:251"", ""code:2022:162:110:7000:7018:252"", ""code:2022:162:110:7000:7032:302"", ""code:2022:162:110:7000:7032:305"", ""code:2022:162:110:7000:7035:301"", ""code:2022:162:110:7000:7036:501"", ""code:2022:162:110:7000:7036:502"", ""code:2022:162:110:7000:7036:503"", ""code:2022:162:110:7000:7036:505""]",JOINT_ANALYSIS,FULLY_REPORTED,FULLY_COMPARABLE,False,False,7,20633000000,0.0,0,0.0,0,0.0,0,0.0,0,0.0,0,0.0,0,0.0,0,0,0,0.0,0,0.0,MEDIUM,NONE,both,7,7,20633000000,20633000000,18942000000,22184000000,-0.08195608975912373,0.07517084282460136,과학기술정보통신부운영지원,103523000000,20633000000,1,"[""GENERAL_ACCOUNT""]",102154000000,18942000000,1,"[""GENERAL_ACCOUNT""]",False,True,-0.013224114447997063,0.19930836625677387,PROGRAM_TOTAL_SINGLE_ACCOUNT,True,103523000000,20633000000,1,"[""GENERAL_ACCOUNT""]",109358000000,22184000000,1,"[""GENERAL_ACCOUNT""]",False,True,0.05636428619727017,0.19930836625677387,PROGRAM_TOTAL_SINGLE_ACCOUNT,True,True,0.0,True,0.0,0.0,0.0,0.0,0.18604651162790697,0.25,False,False,False,False,False,False,False,False,True,7,20633000000,18942000000,-0.08195608975912373,True,False,True,True,7,20633000000,22184000000,0.07517084282460136,True,False,False,False,0,False,False,0,LIMITED,0,0,True,False,False,INFORMATION,CONTEXT_REVIEW,4,DETAILED_PROJECT_REVIEW,회계조정·예산구조·사업변경 맥락을 확인,GOOD_PERFORMANCE_BUDGET_DECREASE_T1_CONTEXT,162:2022:통신:방송통신:7000:GENERAL_ACCOUNT,5,0.0,equal_mean_of_three_signal_components,tiebreak_only,False,,,,,,,,CONTEXT_REVIEW,READY_FOR_REVIEW,5,CONTEXT_SIGNAL_ONLY,NOT_ASSESSED,REVIEW_WORKFLOW_ORDER_NOT_POLICY_EFFECTIVENESS_RANK,74,41,293,98
과학기술정보통신부,2022,Ⅳ-2,정보통신방송 국제협력,,,,,정보통신방송국제협력,2,2,2,2,0,0,2,ALL_COMPARABLE_AT_OR_ABOVE_TARGET,"[""MSIT-2022-IV2-01"", ""MSIT-2022-IV2-02""]",162,EXACT_NAME_UNIQUE_FINANCIAL,True,문화및관광,문화예술,1200,정보통신방송국제협력,정보통신방송국제협력,FUND,14947000000,14947000000,14945199950,0.9998795711514016,COMPLETE,HIGH,4,4,0,"[""code:2022:162:564:1200:1232:301"", ""code:2022:162:564:1200:1232:303"", ""code:2022:162:564:1200:1233:301"", ""code:2022:162:564:1200:1233:302""]",JOINT_ANALYSIS,FULLY_REPORTED,FULLY_COMPARABLE,False,False,4,14947000000,0.0,0,0.0,0,0.0,0,0.0,0,0.0,0,0.0,0,0.0,0,0,0,0.0,0,0.0,MEDIUM,NONE,both,4,4,14947000000,14947000000,11954000000,15304000000,-0.200240851006891,0.023884391516692312,정보통신방송국제협력,14947000000,14947000000,1,"[""FUND""]",11954000000,11954000000,1,"[""FUND""]",False,True,-0.200240851006891,1.0,PROGRAM_TOTAL_SINGLE_ACCOUNT,True,14947000000,14947000000,1,"[""FUND""]",15304000000,15304000000,1,"[""FUND""]",False,True,0.023884391516692312,1.0,PROGRAM_TOTAL_SINGLE_ACCOUNT,True,True,0.0,True,0.0,0.0,0.0,0.0,0.14728682170542637,0.19642857142857142,False,False,False,False,False,False,False,False,True,4,14947000000,11954000000,-0.200240851006891,True,False,True,True,4,14947000000,15304000000,0.023884391516692312,True,False,False,False,0,False,False,0,LIMITED,0,0,True,False,False,INFORMATION,CONTEXT_REVIEW,4,DETAILED_PROJECT_REVIEW,회계조정·예산구조·사업변경 맥락을 확인,GOOD_PERFORMANCE_BUDGET_DECREASE_T1_CONTEXT,162:2022:문화및관광:문화예술:1200:FUND,5,0.0,equal_mean_of_three_signal_components,tiebreak_only,False,,,,,,,,CONTEXT_REVIEW,READY_FOR_REVIEW,5,CONTEXT_SIGNAL_ONLY,NOT_ASSESSED,REVIEW_WORKFLOW_ORDER_NOT_POLICY_EFFECTIVENESS_RANK,75,42,294,99
고용노동부,2024,Ⅲ-2,고용평등증진,,,,,고용평등증진,1,1,1,1,0,0,1,ALL_COMPARABLE_AT_OR_ABOVE_TARGET,"[""MOEL-2024-III2-01""]",019,EXACT_NAME_UNIQUE_FINANCIAL,True,사회복지,고용,1300,고용평등증진,고용평등증진,SPECIAL_ACCOUNT,12654000000,12654000000,11680276310,0.9230501272324956,COMPLETE,HIGH,1,1,0,"[""code:2024:019:236:1300:1336:302""]",JOINT_ANALYSIS,FULLY_REPORTED,FULLY_COMPARABLE,False,False,1,12654000000,2.0,0,0.0,0,0.0,0,0.0,0,0.0,0,0.0,0,0.0,1,1,1,1.0,0,0.0,MEDIUM,MULTIPLE_FINANCIAL_SIGNALS;PROGRAM_BUDGET_CONCENTRATION,both,,,,,,,,,고용평등증진,3202824000000,3202824000000,3,"[""FUND"", ""GENERAL_ACCOUNT"", ""SPECIAL_ACCOUNT""]",,4945899000000,2,"[""FUND"", ""GENERAL_ACCOUNT""]",False,False,,1.0,UNAVAILABLE_MIXED_OR_UNLINKED,False,3202824000000,3202824000000,3,"[""FUND"", ""GENERAL_ACCOUNT"", ""SPECIAL_ACCOUNT""]",,,,,False,False,,1.0,UNAVAILABLE_MIXED_OR_UNLINKED,False,False,0.0,True,0.0,0.0,0.0,0.0,0.17518248175182483,0.10526315789473684,False,False,False,False,False,True,False,False,False,,,,,False,False,False,False,,,,,False,False,False,False,0,False,False,0,LIMITED,0,1,True,False,True,CONTEXT_REVIEW,CONTEXT_REVIEW,4,DETAILED_PROJECT_REVIEW,회계조정·예산구조·사업변경 맥락을 확인,PROGRAM_STRUCTURE_CONTEXT,019:2024:사회복지:고용:1300:SPECIAL_ACCOUNT,4,0.0,equal_mean_of_three_signal_components,tiebreak_only,False,,,,,,,,CONTEXT_REVIEW,READY_FOR_REVIEW,5,CONTEXT_SIGNAL_ONLY,NOT_ASSESSED,REVIEW_WORKFLOW_ORDER_NOT_POLICY_EFFECTIVENESS_RANK,76,7,295,47
보건복지부,2023,Ⅰ-2,노숙인의사상자지원,,,,,노숙인의사상자지원,1,1,1,1,0,0,1,ALL_COMPARABLE_AT_OR_ABOVE_TARGET,"[""MOHW-2023-I2-01""]",075,EXACT_NAME,True,사회복지,취약계층지원,1900,노숙인의사상자지원,노숙인의사상자지원,GENERAL_ACCOUNT,7748000000,7748000000,7287349510,0.9405458840991224,COMPLETE,HIGH,3,3,0,"[""code:2023:075:110:1900:1931:304"", ""code:2023:075:110:1900:1932:300"", ""code:2023:075:110:1900:1932:301""]",JOINT_ANALYSIS,FULLY_REPORTED,FULLY_COMPARABLE,False,False,3,7748000000,1.320469798657718,0,0.0,0,0.0,0,0.0,1,0.6663655136809499,0,0.0,0,0.0,0,0,1,0.3270521424883841,0,0.0,MEDIUM,ACCOUNTING_ADJUSTMENT_PATTERN;MULTIPLE_FINANCIAL_SIGNALS,both,3,,7748000000,,7136000000,,-0.07898812596799173,,노숙인의사상자지원,7748000000,7748000000,1,"[""GENERAL_ACCOUNT""]",7136000000,7136000000,1,"[""GENERAL_ACCOUNT""]",False,True,-0.07898812596799173,1.0,PROGRAM_TOTAL_SINGLE_ACCOUNT,True,7748000000,7748000000,1,"[""GENERAL_ACCOUNT""]",,6678000000,1,"[""GENERAL_ACCOUNT""]",False,False,,1.0,PROGRAM_TOTAL_SINGLE_ACCOUNT,False,True,0.0,True,0.0,0.0,0.0,0.0,0.12318840579710146,0.1794871794871795,False,False,False,False,True,False,False,False,True,3,7748000000,7136000000,-0.07898812596799173,True,False,True,False,,,,,False,False,False,False,0,False,False,0,LIMITED,0,1,True,False,True,CONTEXT_REVIEW,CONTEXT_REVIEW,4,DETAILED_PROJECT_REVIEW,회계조정·예산구조·사업변경 맥락을 확인,ACCOUNTING_ADJUSTMENT_CONTEXT;GOOD_PERFORMANCE_BUDGET_DECREASE_T1_CONTEXT,075:2023:사회복지:취약계층지원:1900:GENERAL_ACCOUNT,4,0.0,equal_mean_of_three_signal_components,tiebreak_only,False,,,,,,,,CONTEXT_REVIEW,READY_FOR_REVIEW,5,CONTEXT_SIGNAL_ONLY,NOT_ASSESSED,REVIEW_WORKFLOW_ORDER_NOT_POLICY_EFFECTIVENESS_RANK,77,15,296,100
과학기술정보통신부,2022,Ⅰ-2,기초연구진흥,,,,,기초연구진흥,2,2,2,2,0,0,2,ALL_COMPARABLE_AT_OR_ABOVE_TARGET,"[""MSIT-2022-I2-01"", ""MSIT-2022-I2-02""]",162,EXACT_NAME_UNIQUE_FINANCIAL,True,과학기술,과학기술연구개발,1200,기초연구진흥,기초연구진흥,FUND,4681000000,4681000000,4681000000,1.0,COMPLETE,HIGH,1,1,0,"[""code:2022:162:538:1200:1235:404""]",JOINT_ANALYSIS,FULLY_REPORTED,FULLY_COMPARABLE,False,False,1,4681000000,1.0,0,0.0,0,0.0,0,0.0,0,0.0,0,0.0,0,0.0,1,1,0,0.0,0,0.0,MEDIUM,PROGRAM_BUDGET_CONCENTRATION,both,1,1,4681000000,4681000000,4781000000,4222000000,0.021362956633198035,-0.09805597094637898,기초연구진흥,2121809000000,2121809000000,3,"[""FUND"", ""GENERAL_ACCOUNT"", ""SPECIAL_ACCOUNT""]",2190209000000,2190209000000,3,"[""FUND"", ""GENERAL_ACCOUNT"", ""SPECIAL_ACCOUNT""]",False,False,,1.0,UNAVAILABLE_MIXED_OR_UNLINKED,False,2121809000000,2121809000000,3,"[""FUND"", ""GENERAL_ACCOUNT"", ""SPECIAL_ACCOUNT""]",2253290000000,2253290000000,3,"[""FUND"", ""GENERAL_ACCOUNT"", ""SPECIAL_ACCOUNT""]",False,False,,1.0,UNAVAILABLE_MIXED_OR_UNLINKED,False,False,0.0,True,0.0,0.0,0.0,0.0,0.06201550387596899,0.125,False,False,False,False,False,True,False,False,True,1,4681000000,4781000000,0.021362956633198035,True,False,False,True,1,4681000000,4222000000,-0.09805597094637898,True,False,False,False,0,False,False,0,LIMITED,0,1,True,False,True,CONTEXT_REVIEW,CONTEXT_REVIEW,4,DETAILED_PROJECT_REVIEW,회계조정·예산구조·사업변경 맥락을 확인,PROGRAM_STRUCTURE_CONTEXT,162:2022:과학기술:과학기술연구개발:1200:FUND,4,0.0,equal_mean_of_three_signal_components,tiebreak_only,False,,,,,,,,CONTEXT_REVIEW,READY_FOR_REVIEW,5,CONTEXT_SIGNAL_ONLY,NOT_ASSESSED,REVIEW_WORKFLOW_ORDER_NOT_POLICY_EFFECTIVENESS_RANK,78,43,297,100
중소벤처기업부,2024,Ⅲ-2,벤처기업활성화지원,,,,,벤처기업활성화지원,1,1,1,1,0,0,1,ALL_COMPARABLE_AT_OR_ABOVE_TARGET,"[""중기부-2024-III1-02""]",102,EXACT_NAME_UNIQUE_FINANCIAL,True,산업·중소기업및에너지,창업및벤처,5200,벤처기업활성화지원,벤처기업활성화지원,SPECIAL_ACCOUNT,4000000000,4000000000,4000000000,1.0,COMPLETE,HIGH,1,1,0,"[""code:2024:102:238:5200:5264:301""]",JOINT_ANALYSIS,FULLY_REPORTED,FULLY_COMPARABLE,False,False,1,4000000000,1.0,0,0.0,0,0.0,0,0.0,0,0.0,0,0.0,0,0.0,1,1,0,0.0,0,0.0,LOW,PROGRAM_BUDGET_CONCENTRATION,both,,,,,,,,,벤처기업활성화지원,464547000000,464547000000,3,"[""FUND"", ""GENERAL_ACCOUNT"", ""SPECIAL_ACCOUNT""]",,833257000000,2,"[""FUND"", ""GENERAL_ACCOUNT""]",False,False,,1.0,UNAVAILABLE_MIXED_OR_UNLINKED,False,464547000000,464547000000,3,"[""FUND"", ""GENERAL_ACCOUNT"", ""SPECIAL_ACCOUNT""]",,,,,False,False,,1.0,UNAVAILABLE_MIXED_OR_UNLINKED,False,False,0.0,True,0.0,0.0,0.0,0.0,0.058394160583941604,0.05,False,False,False,False,False,True,False,False,False,,,,,False,False,False,False,,,,,False,False,False,False,0,False,False,0,LIMITED,0,1,True,False,True,CONTEXT_REVIEW,CONTEXT_REVIEW,4,DETAILED_PROJECT_REVIEW,회계조정·예산구조·사업변경 맥락을 확인,PROGRAM_STRUCTURE_CONTEXT,102:2024:산업·중소기업및에너지:창업및벤처:5200:SPECIAL_ACCOUNT,4,0.0,equal_mean_of_three_signal_components,tiebreak_only,False,,,,,,,,CONTEXT_REVIEW,READY_FOR_REVIEW,5,CONTEXT_SIGNAL_ONLY,NOT_ASSESSED,REVIEW_WORKFLOW_ORDER_NOT_POLICY_EFFECTIVENESS_RANK,79,14,298,51
과학기술정보통신부,2023,Ⅴ-5,과학기술정보통신부운영지원,7000,교육,교육일반,CONFIRMED,과학기술정보통신부운영지원,2,2,2,2,0,0,2,ALL_COMPARABLE_AT_OR_ABOVE_TARGET,"[""MSIT-2023-V5-01"", ""MSIT-2023-V5-02""]",162,EXACT_CONFIRMED_HIERARCHY,True,교육,교육일반,7000,과학기술정보통신부운영지원,과학기술정보통신부운영지원,GENERAL_ACCOUNT,3675000000,3675000000,3675000000,1.0,COMPLETE,HIGH,1,1,0,"[""code:2023:162:110:7000:7038:305""]",JOINT_ANALYSIS,FULLY_REPORTED,FULLY_COMPARABLE,False,False,1,3675000000,0.0,0,0.0,0,0.0,0,0.0,0,0.0,0,0.0,0,0.0,0,0,0,0.0,0,0.0,MEDIUM,NONE,both,1,,3675000000,,3492000000,,-0.04979591836734694,,과학기술정보통신부운영지원,3675000000,3675000000,1,"[""GENERAL_ACCOUNT""]",3492000000,3492000000,1,"[""GENERAL_ACCOUNT""]",False,True,-0.04979591836734694,1.0,PROGRAM_TOTAL_SINGLE_ACCOUNT,True,3675000000,3675000000,1,"[""GENERAL_ACCOUNT""]",,3307000000,1,"[""GENERAL_ACCOUNT""]",False,False,,1.0,PROGRAM_TOTAL_SINGLE_ACCOUNT,False,True,0.0,True,0.0,0.0,0.0,0.0,0.057971014492753624,0.1206896551724138,False,False,False,False,False,False,False,False,True,1,3675000000,3492000000,-0.04979591836734694,True,False,True,False,,,,,False,False,False,False,0,False,False,0,LIMITED,0,0,True,False,False,INFORMATION,CONTEXT_REVIEW,4,DETAILED_PROJECT_REVIEW,회계조정·예산구조·사업변경 맥락을 확인,GOOD_PERFORMANCE_BUDGET_DECREASE_T1_CONTEXT,162:2023:교육:교육일반:7000:GENERAL_ACCOUNT,5,0.0,equal_mean_of_three_signal_components,tiebreak_only,False,,,,,,,,CONTEXT_REVIEW,READY_FOR_REVIEW,5,CONTEXT_SIGNAL_ONLY,NOT_ASSESSED,REVIEW_WORKFLOW_ORDER_NOT_POLICY_EFFECTIVENESS_RANK,80,44,299,101
과학기술정보통신부,2022,Ⅴ-5,과학기술정보 통신부운영지원,7000,교육,교육일반,CONFIRMED,과학기술정보통신부운영지원,2,2,2,2,0,0,2,ALL_COMPARABLE_AT_OR_ABOVE_TARGET,"[""MSIT-2022-V5-01"", ""MSIT-2022-V5-02""]",162,EXACT_CONFIRMED_HIERARCHY,True,교육,교육일반,7000,과학기술정보통신부운영지원,과학기술정보통신부운영지원,GENERAL_ACCOUNT,3512000000,3512000000,3512000000,1.0,COMPLETE,HIGH,1,1,0,"[""code:2022:162:110:7000:7038:305""]",JOINT_ANALYSIS,FULLY_REPORTED,FULLY_COMPARABLE,False,False,1,3512000000,0.0,0,0.0,0,0.0,0,0.0,0,0.0,0,0.0,0,0.0,0,0,0,0.0,0,0.0,MEDIUM,NONE,both,1,1,3512000000,3512000000,3675000000,3492000000,0.0464123006833713,-0.0056947608200455585,과학기술정보통신부운영지원,3512000000,3512000000,1,"[""GENERAL_ACCOUNT""]",3675000000,3675000000,1,"[""GENERAL_ACCOUNT""]",False,True,0.0464123006833713,1.0,PROGRAM_TOTAL_SINGLE_ACCOUNT,True,3512000000,3512000000,1,"[""GENERAL_ACCOUNT""]",3492000000,3492000000,1,"[""GENERAL_ACCOUNT""]",False,True,-0.0056947608200455585,1.0,PROGRAM_TOTAL_SINGLE_ACCOUNT,True,True,0.0,True,0.0,0.0,0.0,0.0,0.046511627906976744,0.08928571428571429,False,False,False,False,False,False,False,False,True,1,3512000000,3675000000,0.0464123006833713,True,False,False,True,1,3512000000,3492000000,-0.0056947608200455585,True,False,True,False,0,False,False,0,LIMITED,0,0,True,False,False,INFORMATION,CONTEXT_REVIEW,4,DETAILED_PROJECT_REVIEW,회계조정·예산구조·사업변경 맥락을 확인,GOOD_PERFORMANCE_BUDGET_DECREASE_T2_CONTEXT,162:2022:교육:교육일반:7000:GENERAL_ACCOUNT,5,0.0,equal_mean_of_three_signal_components,tiebreak_only,False,,,,,,,,CONTEXT_REVIEW,READY_FOR_REVIEW,5,CONTEXT_SIGNAL_ONLY,NOT_ASSESSED,REVIEW_WORKFLOW_ORDER_NOT_POLICY_EFFECTIVENESS_RANK,81,45,300,102
과학기술정보통신부,2024,Ⅴ-3,이용자보호및공정경쟁,,,,,이용자보호및공정경쟁,1,1,1,1,0,0,1,ALL_COMPARABLE_AT_OR_ABOVE_TARGET,"[""MSIT-2024-V3-01""]",162,EXACT_NAME,True,문화및관광,문화예술,3200,이용자보호및공정경쟁,이용자보호및공정경쟁,FUND,3213000000,3213000000,3168000000,0.9859943977591036,COMPLETE,HIGH,1,1,0,"[""code:2024:162:564:3200:3231:305""]",JOINT_ANALYSIS,FULLY_REPORTED,FULLY_COMPARABLE,False,False,1,3213000000,2.0,0,0.0,0,0.0,0,0.0,0,0.0,1,1.0,0,0.0,0,0,1,1.0,0,0.0,MEDIUM,BUDGET_RAPID_INCREASE;MULTIPLE_FINANCIAL_SIGNALS,both,,,,,,,,,이용자보호및공정경쟁,3213000000,3213000000,1,"[""FUND""]",,3201000000,1,"[""FUND""]",False,False,,1.0,PROGRAM_TOTAL_SINGLE_ACCOUNT,False,3213000000,3213000000,1,"[""FUND""]",,,,,False,False,,1.0,UNAVAILABLE_MIXED_OR_UNLINKED,False,False,0.0,True,0.0,0.0,0.0,0.0,0.0364963503649635,0.06779661016949153,False,False,False,False,False,False,True,False,False,,,,,False,False,False,False,,,,,False,False,False,False,0,False,False,0,LIMITED,0,0,True,False,False,INFORMATION,CONTEXT_REVIEW,4,DETAILED_PROJECT_REVIEW,회계조정·예산구조·사업변경 맥락을 확인,NO_REVIEW_SIGNAL,162:2024:문화및관광:문화예술:3200:FUND,5,0.0,equal_mean_of_three_signal_components,tiebreak_only,False,,,,,,,,CONTEXT_REVIEW,READY_FOR_REVIEW,5,CONTEXT_SIGNAL_ONLY,NOT_ASSESSED,REVIEW_WORKFLOW_ORDER_NOT_POLICY_EFFECTIVENESS_RANK,82,46,301,103
과학기술정보통신부,2022,Ⅱ-5,국립과천과학관 운영,,,,,국립과천과학관운영,3,3,3,3,0,0,3,ALL_COMPARABLE_AT_OR_ABOVE_TARGET,"[""MSIT-2022-II5-01"", ""MSIT-2022-II5-02"", ""MSIT-2022-II5-03""]",162,EXACT_NAME_UNIQUE_FINANCIAL,True,과학기술,과학기술인력및문화,2300,국립과천과학관운영,국립과천과학관운영,RESPONSIBLE_OPERATION_ACCOUNT,2940000000,2940000000,2782226930,0.9463356904761904,COMPLETE,HIGH,3,3,0,"[""code:2022:162:443:2300:2308:100"", ""code:2022:162:443:2300:2316:200"", ""code:2022:162:443:2300:2316:201"", ""code:2022:162:443:2300:2316:250"", ""code:2022:162:443:2300:2331:400"", ""code:2022:162:443:2300:2334:400"", ""code:2022:162:443:2300:2337:401"", ""code:2022:162:443:2300:2338:400"", ""code:2022:162:443:2300:2341:402"", ""code:2022:162:443:2300:2341:403""]",JOINT_ANALYSIS,FULLY_REPORTED,FULLY_COMPARABLE,False,False,3,2940000000,1.0,0,0.0,0,0.0,0,0.0,0,0.0,0,0.0,0,0.0,3,1,0,0.0,0,0.0,MEDIUM,PROGRAM_BUDGET_CONCENTRATION,both,3,3,2940000000,2940000000,2994000000,3344000000,0.018367346938775512,0.13741496598639455,국립과천과학관운영,13814000000,2940000000,1,"[""RESPONSIBLE_OPERATION_ACCOUNT""]",13254000000,2994000000,1,"[""RESPONSIBLE_OPERATION_ACCOUNT""]",False,True,-0.04053858404517156,0.2128275662371507,PROGRAM_TOTAL_SINGLE_ACCOUNT,False,13814000000,2940000000,1,"[""RESPONSIBLE_OPERATION_ACCOUNT""]",13476000000,3344000000,1,"[""RESPONSIBLE_OPERATION_ACCOUNT""]",False,True,-0.024467931084407122,0.2128275662371507,PROGRAM_TOTAL_SINGLE_ACCOUNT,False,False,0.0,True,0.0,0.0,0.0,0.0,0.03875968992248062,0.07142857142857142,False,False,False,False,False,True,False,False,True,3,2940000000,2994000000,0.018367346938775512,True,False,True,True,3,2940000000,3344000000,0.13741496598639455,True,False,True,False,0,False,False,0,LIMITED,0,1,True,False,True,CONTEXT_REVIEW,CONTEXT_REVIEW,4,DETAILED_PROJECT_REVIEW,회계조정·예산구조·사업변경 맥락을 확인,PROGRAM_STRUCTURE_CONTEXT;GOOD_PERFORMANCE_BUDGET_DECREASE_T1_CONTEXT;GOOD_PERFORMANCE_BUDGET_DECREASE_T2_CONTEXT,162:2022:과학기술:과학기술인력및문화:2300:RESPONSIBLE_OPERATION_ACCOUNT,4,0.0,equal_mean_of_three_signal_components,tiebreak_only,False,,,,,,,,CONTEXT_REVIEW,READY_FOR_REVIEW,5,CONTEXT_SIGNAL_ONLY,NOT_ASSESSED,REVIEW_WORKFLOW_ORDER_NOT_POLICY_EFFECTIVENESS_RANK,83,47,302,104
과학기술정보통신부,2023,Ⅳ-9,전파활용방송서비스산업,,,,,전파활용방송서비스산업,2,2,2,2,0,0,2,ALL_COMPARABLE_AT_OR_ABOVE_TARGET,"[""MSIT-2023-IV9-01"", ""MSIT-2023-IV9-03""]",162,EXACT_NAME_UNIQUE_FINANCIAL,True,통신,방송통신,2500,전파활용방송서비스산업,전파활용방송서비스산업,SPECIAL_ACCOUNT,1450000000,1450000000,1449914160,0.9999408,COMPLETE,HIGH,1,1,0,"[""code:2023:162:236:2500:2535:301""]",JOINT_ANALYSIS,FULLY_REPORTED,FULLY_COMPARABLE,False,False,1,1450000000,1.0,0,0.0,0,0.0,0,0.0,1,1.0,0,0.0,0,0.0,0,0,0,0.0,0,0.0,MEDIUM,ACCOUNTING_ADJUSTMENT_PATTERN,both,1,,1450000000,,530000000,,-0.6344827586206897,,전파활용방송서비스산업,106842000000,106842000000,3,"[""FUND"", ""GENERAL_ACCOUNT"", ""SPECIAL_ACCOUNT""]",74349000000,74349000000,3,"[""FUND"", ""GENERAL_ACCOUNT"", ""SPECIAL_ACCOUNT""]",False,False,,1.0,UNAVAILABLE_MIXED_OR_UNLINKED,False,106842000000,106842000000,3,"[""FUND"", ""GENERAL_ACCOUNT"", ""SPECIAL_ACCOUNT""]",,82642000000,3,"[""FUND"", ""GENERAL_ACCOUNT"", ""SPECIAL_ACCOUNT""]",False,False,,1.0,UNAVAILABLE_MIXED_OR_UNLINKED,False,False,0.0,True,0.0,0.0,0.0,0.0,0.014492753623188406,0.034482758620689655,False,False,False,False,True,False,False,False,True,1,1450000000,530000000,-0.6344827586206897,True,False,False,False,,,,,False,False,False,False,0,False,False,0,LIMITED,0,1,True,False,True,CONTEXT_REVIEW,CONTEXT_REVIEW,4,DETAILED_PROJECT_REVIEW,회계조정·예산구조·사업변경 맥락을 확인,ACCOUNTING_ADJUSTMENT_CONTEXT,162:2023:통신:방송통신:2500:SPECIAL_ACCOUNT,4,0.0,equal_mean_of_three_signal_components,tiebreak_only,False,,,,,,,,CONTEXT_REVIEW,READY_FOR_REVIEW,5,CONTEXT_SIGNAL_ONLY,NOT_ASSESSED,REVIEW_WORKFLOW_ORDER_NOT_POLICY_EFFECTIVENESS_RANK,84,48,303,105
보건복지부,2024,Ⅳ-7,국민연금운영(급여지급),,,,,국민연금운영(급여지급),1,1,1,1,0,0,1,ALL_COMPARABLE_AT_OR_ABOVE_TARGET,"[""MOHW-2024-IV7-01""]",075,EXACT_NAME,True,사회복지,공적연금,7600,국민연금운영(급여지급),국민연금운영(급여지급),FUND,43833885000000,43833885000000,43704824715450,0.997055695963294,COMPLETE,HIGH,1,1,0,"[""code:2024:075:532:7600:7631:401""]",JOINT_ANALYSIS,FULLY_REPORTED,FULLY_COMPARABLE,False,False,1,43833885000000,0.0,0,0.0,0,0.0,0,0.0,0,0.0,0,0.0,0,0.0,0,0,0,0.0,0,0.0,HIGH,NONE,both,,,,,,,,,국민연금운영(급여지급),43833885000000,43833885000000,1,"[""FUND""]",,49660490000000,1,"[""FUND""]",False,False,,1.0,PROGRAM_TOTAL_SINGLE_ACCOUNT,False,43833885000000,43833885000000,1,"[""FUND""]",,,,,False,False,,1.0,UNAVAILABLE_MIXED_OR_UNLINKED,False,False,0.0,True,0.0,0.0,0.0,0.0,1.0,1.0,False,False,False,False,False,False,False,False,False,,,,,False,False,False,False,,,,,False,False,False,False,0,False,False,0,CONFIRMED,0,0,False,False,False,INFORMATION,MONITOR,5,DETAILED_PROJECT_REVIEW,"현재 신호 미검출, 신규 자료 유입 시 재점검",NO_REVIEW_SIGNAL,075:2024:사회복지:공적연금:7600:FUND,5,0.0,equal_mean_of_three_signal_components,tiebreak_only,False,,,,,,,,MONITOR,MONITOR,6,NO_CURRENT_TRIGGER_DETECTED_NOT_SAFE_CONCLUSION,NOT_ASSESSED,REVIEW_WORKFLOW_ORDER_NOT_POLICY_EFFECTIVENESS_RANK,1,1,304,101
과학기술정보통신부,2023,Ⅰ-4,원자력 진흥,1400,,,CONFIRMED,원자력진흥,1,1,1,1,0,0,1,ALL_COMPARABLE_AT_OR_ABOVE_TARGET,"[""MSIT-2023-I4-01""]",162,EXACT_CODE,True,과학기술,과학기술연구개발,1400,원자력 진흥,원자력 진흥,SPECIAL_ACCOUNT,99448000000,99448000000,99448000000,1.0,COMPLETE,HIGH,3,3,0,"[""code:2023:162:236:1400:1435:305"", ""code:2023:162:236:1400:1440:402"", ""code:2023:162:236:1400:1442:403""]",JOINT_ANALYSIS,FULLY_REPORTED,FULLY_COMPARABLE,False,False,3,99448000000,0.0,0,0.0,0,0.0,0,0.0,0,0.0,0,0.0,0,0.0,0,0,0,0.0,0,0.0,HIGH,NONE,both,3,,99448000000,,108287000000,,0.08888062102807498,,원자력 진흥,308402000000,308402000000,3,"[""FUND"", ""GENERAL_ACCOUNT"", ""SPECIAL_ACCOUNT""]",285678000000,285678000000,3,"[""FUND"", ""GENERAL_ACCOUNT"", ""SPECIAL_ACCOUNT""]",False,False,,1.0,UNAVAILABLE_MIXED_OR_UNLINKED,False,308402000000,308402000000,3,"[""FUND"", ""GENERAL_ACCOUNT"", ""SPECIAL_ACCOUNT""]",,460318000000,3,"[""FUND"", ""GENERAL_ACCOUNT"", ""SPECIAL_ACCOUNT""]",False,False,,1.0,UNAVAILABLE_MIXED_OR_UNLINKED,False,False,0.0,True,0.0,0.0,0.0,0.0,0.4855072463768116,0.603448275862069,False,False,False,False,False,False,False,False,True,3,99448000000,108287000000,0.08888062102807498,True,False,False,False,,,,,False,False,False,False,0,False,False,0,CONFIRMED,0,0,False,False,False,INFORMATION,MONITOR,5,DETAILED_PROJECT_REVIEW,"현재 신호 미검출, 신규 자료 유입 시 재점검",NO_REVIEW_SIGNAL,162:2023:과학기술:과학기술연구개발:1400:SPECIAL_ACCOUNT,5,0.0,equal_mean_of_three_signal_components,tiebreak_only,False,,,,,,,,MONITOR,MONITOR,6,NO_CURRENT_TRIGGER_DETECTED_NOT_SAFE_CONCLUSION,NOT_ASSESSED,REVIEW_WORKFLOW_ORDER_NOT_POLICY_EFFECTIVENESS_RANK,2,1,305,106
과학기술정보통신부,2023,Ⅰ-1,미래유망원천기술개발,1100,,,CONFIRMED,미래유망원천기술개발,2,2,2,2,0,0,2,ALL_COMPARABLE_AT_OR_ABOVE_TARGET,"[""MSIT-2023-I1-01"", ""MSIT-2023-I1-02""]",162,EXACT_CODE,True,과학기술,과학기술연구개발,1100,미래유망원천기술개발,미래유망원천기술개발,FUND,56980000000,56980000000,56980000000,1.0,COMPLETE,HIGH,1,1,0,"[""code:2023:162:546:1100:1139:402""]",JOINT_ANALYSIS,FULLY_REPORTED,FULLY_COMPARABLE,False,False,1,56980000000,0.0,0,0.0,0,0.0,0,0.0,0,0.0,0,0.0,0,0.0,0,0,0,0.0,0,0.0,HIGH,NONE,both,1,,56980000000,,40933000000,,-0.28162513162513164,,미래유망원천기술개발,1272867000000,1272867000000,3,"[""FUND"", ""GENERAL_ACCOUNT"", ""SPECIAL_ACCOUNT""]",1187465000000,1187465000000,3,"[""FUND"", ""GENERAL_ACCOUNT"", ""SPECIAL_ACCOUNT""]",False,False,,1.0,UNAVAILABLE_MIXED_OR_UNLINKED,False,1272867000000,1272867000000,3,"[""FUND"", ""GENERAL_ACCOUNT"", ""SPECIAL_ACCOUNT""]",,1386417000000,3,"[""FUND"", ""GENERAL_ACCOUNT"", ""SPECIAL_ACCOUNT""]",False,False,,1.0,UNAVAILABLE_MIXED_OR_UNLINKED,False,False,0.0,True,0.0,0.0,0.0,0.0,0.37681159420289856,0.41379310344827586,False,False,False,False,False,False,False,False,True,1,56980000000,40933000000,-0.28162513162513164,True,False,False,False,,,,,False,False,False,False,0,False,False,0,CONFIRMED,0,0,False,False,False,INFORMATION,MONITOR,5,DETAILED_PROJECT_REVIEW,"현재 신호 미검출, 신규 자료 유입 시 재점검",NO_REVIEW_SIGNAL,162:2023:과학기술:과학기술연구개발:1100:FUND,5,0.0,equal_mean_of_three_signal_components,tiebreak_only,False,,,,,,,,MONITOR,MONITOR,6,NO_CURRENT_TRIGGER_DETECTED_NOT_SAFE_CONCLUSION,NOT_ASSESSED,REVIEW_WORKFLOW_ORDER_NOT_POLICY_EFFECTIVENESS_RANK,3,2,306,107
과학기술정보통신부,2024,Ⅰ-1,미래유망원천기술개발,1100,,,CONFIRMED,미래유망원천기술개발,1,1,1,1,0,0,1,ALL_COMPARABLE_AT_OR_ABOVE_TARGET,"[""MSIT-2024-I1-01""]",162,EXACT_CODE,True,과학기술,과학기술연구개발,1100,미래유망원천기술개발,미래유망원천기술개발,FUND,40933000000,40933000000,40933000000,1.0,COMPLETE,HIGH,1,1,0,"[""code:2024:162:546:1100:1139:402""]",JOINT_ANALYSIS,FULLY_REPORTED,FULLY_COMPARABLE,False,False,1,40933000000,0.0,0,0.0,0,0.0,0,0.0,0,0.0,0,0.0,0,0.0,0,0,0,0.0,0,0.0,HIGH,NONE,both,,,,,,,,,미래유망원천기술개발,1187465000000,1187465000000,3,"[""FUND"", ""GENERAL_ACCOUNT"", ""SPECIAL_ACCOUNT""]",,1386417000000,3,"[""FUND"", ""GENERAL_ACCOUNT"", ""SPECIAL_ACCOUNT""]",False,False,,1.0,UNAVAILABLE_MIXED_OR_UNLINKED,False,1187465000000,1187465000000,3,"[""FUND"", ""GENERAL_ACCOUNT"", ""SPECIAL_ACCOUNT""]",,,,,False,False,,1.0,UNAVAILABLE_MIXED_OR_UNLINKED,False,False,0.0,True,0.0,0.0,0.0,0.0,0.31386861313868614,0.3389830508474576,False,False,False,False,False,False,False,False,False,,,,,False,False,False,False,,,,,False,False,False,False,0,False,False,0,CONFIRMED,0,0,False,False,False,INFORMATION,MONITOR,5,DETAILED_PROJECT_REVIEW,"현재 신호 미검출, 신규 자료 유입 시 재점검",NO_REVIEW_SIGNAL,162:2024:과학기술:과학기술연구개발:1100:FUND,5,0.0,equal_mean_of_three_signal_components,tiebreak_only,False,,,,,,,,MONITOR,MONITOR,6,NO_CURRENT_TRIGGER_DETECTED_NOT_SAFE_CONCLUSION,NOT_ASSESSED,REVIEW_WORKFLOW_ORDER_NOT_POLICY_EFFECTIVENESS_RANK,4,3,307,108
보건복지부,2024,Ⅱ-3,응급의료체계운영지원,,,,,응급의료체계운영지원,1,1,1,1,0,0,1,ALL_COMPARABLE_AT_OR_ABOVE_TARGET,"[""MOHW-2024-II3-01""]",075,EXACT_NAME_UNIQUE_FINANCIAL,True,보건,보건의료,2800,응급의료체계운영지원,응급의료체계운영지원,SPECIAL_ACCOUNT,29267000000,29267000000,28905966460,0.9876641425496292,COMPLETE,HIGH,1,1,0,"[""code:2024:075:236:2800:2831:300""]",JOINT_ANALYSIS,FULLY_REPORTED,FULLY_COMPARABLE,False,False,1,29267000000,0.0,0,0.0,0,0.0,0,0.0,0,0.0,0,0.0,0,0.0,0,0,0,0.0,0,0.0,HIGH,NONE,both,,,,,,,,,응급의료체계운영지원,308076000000,308076000000,2,"[""FUND"", ""SPECIAL_ACCOUNT""]",,343146000000,2,"[""FUND"", ""SPECIAL_ACCOUNT""]",False,False,,1.0,UNAVAILABLE_MIXED_OR_UNLINKED,False,308076000000,308076000000,2,"[""FUND"", ""SPECIAL_ACCOUNT""]",,,,,False,False,,1.0,UNAVAILABLE_MIXED_OR_UNLINKED,False,False,0.0,True,0.0,0.0,0.0,0.0,0.25547445255474455,0.3076923076923077,False,False,False,False,False,False,False,False,False,,,,,False,False,False,False,,,,,False,False,False,False,0,False,False,0,CONFIRMED,0,0,False,False,False,INFORMATION,MONITOR,5,DETAILED_PROJECT_REVIEW,"현재 신호 미검출, 신규 자료 유입 시 재점검",NO_REVIEW_SIGNAL,075:2024:보건:보건의료:2800:SPECIAL_ACCOUNT,5,0.0,equal_mean_of_three_signal_components,tiebreak_only,False,,,,,,,,MONITOR,MONITOR,6,NO_CURRENT_TRIGGER_DETECTED_NOT_SAFE_CONCLUSION,NOT_ASSESSED,REVIEW_WORKFLOW_ORDER_NOT_POLICY_EFFECTIVENESS_RANK,5,2,308,102
과학기술정보통신부,2024,Ⅱ-2,과학기술인력양성,1700,,,CONFIRMED,과학기술인력양성,1,1,1,1,0,0,1,ALL_COMPARABLE_AT_OR_ABOVE_TARGET,"[""MSIT-2024-II2-01""]",162,EXACT_CODE,True,과학기술,과학기술인력및문화,1700,과학기술인력양성,과학기술인력양성,SPECIAL_ACCOUNT,4320000000,4320000000,4320000000,1.0,COMPLETE,HIGH,1,1,0,"[""code:2024:162:238:1700:1744:401""]",JOINT_ANALYSIS,FULLY_REPORTED,FULLY_COMPARABLE,False,False,1,4320000000,0.0,0,0.0,0,0.0,0,0.0,0,0.0,0,0.0,0,0.0,0,0,0,0.0,0,0.0,HIGH,NONE,both,,,,,,,,,과학기술인력양성,156517000000,156517000000,3,"[""FUND"", ""GENERAL_ACCOUNT"", ""SPECIAL_ACCOUNT""]",,222463000000,3,"[""FUND"", ""GENERAL_ACCOUNT"", ""SPECIAL_ACCOUNT""]",False,False,,1.0,UNAVAILABLE_MIXED_OR_UNLINKED,False,156517000000,156517000000,3,"[""FUND"", ""GENERAL_ACCOUNT"", ""SPECIAL_ACCOUNT""]",,,,,False,False,,1.0,UNAVAILABLE_MIXED_OR_UNLINKED,False,False,0.0,True,0.0,0.0,0.0,0.0,0.072992700729927,0.13559322033898305,False,False,False,False,False,False,False,False,False,,,,,False,False,False,False,,,,,False,False,False,False,0,False,False,0,CONFIRMED,0,0,False,False,False,INFORMATION,MONITOR,5,DETAILED_PROJECT_REVIEW,"현재 신호 미검출, 신규 자료 유입 시 재점검",NO_REVIEW_SIGNAL,162:2024:과학기술:과학기술인력및문화:1700:SPECIAL_ACCOUNT,5,0.0,equal_mean_of_three_signal_components,tiebreak_only,False,,,,,,,,MONITOR,MONITOR,6,NO_CURRENT_TRIGGER_DETECTED_NOT_SAFE_CONCLUSION,NOT_ASSESSED,REVIEW_WORKFLOW_ORDER_NOT_POLICY_EFFECTIVENESS_RANK,6,4,309,109
과학기술정보통신부,2024,Ⅳ-3,정보통신방송기반조성,,,,,정보통신방송기반조성,1,1,1,1,0,0,1,ALL_COMPARABLE_AT_OR_ABOVE_TARGET,"[""MSIT-2024-IV3-01""]",162,EXACT_NAME,True,문화및관광,문화예술,1600,정보통신방송기반조성,정보통신방송기반조성,GENERAL_ACCOUNT,2000000000,2000000000,2000000000,1.0,COMPLETE,HIGH,1,1,0,"[""code:2024:162:110:1600:1632:302""]",JOINT_ANALYSIS,FULLY_REPORTED,FULLY_COMPARABLE,False,False,1,2000000000,0.0,0,0.0,0,0.0,0,0.0,0,0.0,0,0.0,0,0.0,0,0,0,0.0,0,0.0,HIGH,NONE,both,,,,,,,,,정보통신방송기반조성,16763000000,16763000000,2,"[""FUND"", ""GENERAL_ACCOUNT""]",,17594000000,2,"[""FUND"", ""GENERAL_ACCOUNT""]",False,False,,1.0,UNAVAILABLE_MIXED_OR_UNLINKED,False,16763000000,16763000000,2,"[""FUND"", ""GENERAL_ACCOUNT""]",,,,,False,False,,1.0,UNAVAILABLE_MIXED_OR_UNLINKED,False,False,0.0,True,0.0,0.0,0.0,0.0,0.014598540145985401,0.03389830508474576,False,False,False,False,False,False,False,False,False,,,,,False,False,False,False,,,,,False,False,False,False,0,False,False,0,CONFIRMED,0,0,False,False,False,INFORMATION,MONITOR,5,DETAILED_PROJECT_REVIEW,"현재 신호 미검출, 신규 자료 유입 시 재점검",NO_REVIEW_SIGNAL,162:2024:문화및관광:문화예술:1600:GENERAL_ACCOUNT,5,0.0,equal_mean_of_three_signal_components,tiebreak_only,False,,,,,,,,MONITOR,MONITOR,6,NO_CURRENT_TRIGGER_DETECTED_NOT_SAFE_CONCLUSION,NOT_ASSESSED,REVIEW_WORKFLOW_ORDER_NOT_POLICY_EFFECTIVENESS_RANK,7,5,310,110
보건복지부,2023,Ⅳ-7,국민연금운영(급여지급),,,,,국민연금운영(급여지급),1,1,1,1,0,0,1,ALL_COMPARABLE_AT_OR_ABOVE_TARGET,"[""MOHW-2023-IV7-01""]",075,EXACT_NAME,True,사회복지,공적연금,7600,국민연금운영(급여지급),국민연금운영(급여지급),FUND,39085909000000,39085909000000,39040227402860,0.9988312515095914,COMPLETE,HIGH,1,1,0,"[""code:2023:075:532:7600:7631:401""]",JOINT_ANALYSIS,FULLY_REPORTED,FULLY_COMPARABLE,False,False,1,39085909000000,0.0,0,0.0,0,0.0,0,0.0,0,0.0,0,0.0,0,0.0,0,0,0,0.0,0,0.0,MEDIUM,NONE,both,1,,39085909000000,,43833885000000,,0.12147538899504678,,국민연금운영(급여지급),39085909000000,39085909000000,1,"[""FUND""]",43833885000000,43833885000000,1,"[""FUND""]",False,True,0.12147538899504678,1.0,PROGRAM_TOTAL_SINGLE_ACCOUNT,True,39085909000000,39085909000000,1,"[""FUND""]",,49660490000000,1,"[""FUND""]",False,False,,1.0,PROGRAM_TOTAL_SINGLE_ACCOUNT,False,True,0.0,True,0.0,0.0,0.0,0.0,1.0,1.0,False,False,False,False,False,False,False,False,True,1,39085909000000,43833885000000,0.12147538899504678,True,False,False,False,,,,,False,False,False,False,0,False,False,0,LIMITED,0,0,False,False,False,INFORMATION,MONITOR,5,DETAILED_PROJECT_REVIEW,"현재 신호 미검출, 신규 자료 유입 시 재점검",NO_REVIEW_SIGNAL,075:2023:사회복지:공적연금:7600:FUND,5,0.0,equal_mean_of_three_signal_components,tiebreak_only,False,,,,,,,,MONITOR,MONITOR,6,NO_CURRENT_TRIGGER_DETECTED_NOT_SAFE_CONCLUSION,NOT_ASSESSED,REVIEW_WORKFLOW_ORDER_NOT_POLICY_EFFECTIVENESS_RANK,8,3,311,103
중소벤처기업부,2022,Ⅱ-1,중소기업성장안정지원,,,,,중소기업성장안정지원,3,3,3,2,1,0,2,ALL_COMPARABLE_AT_OR_ABOVE_TARGET,"[""중기부-2022-II1-01"", ""중기부-2022-II1-02"", ""중기부-2022-II1-03""]",102,EXACT_NAME,True,산업·중소기업및에너지,중소기업및소상공인육성,1200,중소기업성장안정지원,중소기업성장안정지원,FUND,3510388000000,3510388000000,3510366123026,0.9999937679327756,COMPLETE,HIGH,8,8,0,"[""code:2022:102:503:1200:1234:303"", ""code:2022:102:503:1200:1235:301"", ""code:2022:102:584:1200:1253:301"", ""code:2022:102:584:1200:1254:301"", ""code:2022:102:584:1200:1261:301"", ""code:2022:102:584:1200:1261:302"", ""code:2022:102:584:1200:1261:303"", ""code:2022:102:584:1200:1271:302"", ""code:2022:102:584:1200:1272:301""]",JOINT_ANALYSIS,FULLY_REPORTED,PARTIALLY_COMPARABLE,False,False,8,3510388000000,0.0,0,0.0,0,0.0,0,0.0,0,0.0,0,0.0,0,0.0,0,0,0,0.0,0,0.0,MEDIUM,NONE,both,5,5,2781688000000,2781688000000,1964632000000,2125376000000,-0.29372668681750075,-0.23594019171093236,중소기업성장안정지원,5181942000000,4762388000000,3,"[""FUND"", ""GENERAL_ACCOUNT"", ""SPECIAL_ACCOUNT""]",2718898000000,2152532000000,2,"[""FUND"", ""GENERAL_ACCOUNT""]",False,False,,0.9190353732249416,UNAVAILABLE_MIXED_OR_UNLINKED,False,5181942000000,4762388000000,3,"[""FUND"", ""GENERAL_ACCOUNT"", ""SPECIAL_ACCOUNT""]",3430813000000,2693576000000,2,"[""FUND"", ""GENERAL_ACCOUNT""]",False,False,,0.9190353732249416,UNAVAILABLE_MIXED_OR_UNLINKED,False,False,0.0,True,0.0,0.0,0.0,0.0,0.9147286821705426,0.9545454545454546,False,False,False,False,False,False,False,False,False,5,2781688000000,1964632000000,-0.29372668681750075,False,False,False,False,5,2781688000000,2125376000000,-0.23594019171093236,False,False,False,False,0,False,False,0,LIMITED,0,0,False,False,False,INFORMATION,MONITOR,5,DETAILED_PROJECT_REVIEW,"현재 신호 미검출, 신규 자료 유입 시 재점검",NO_REVIEW_SIGNAL,102:2022:산업·중소기업및에너지:중소기업및소상공인육성:1200:FUND,5,0.0,equal_mean_of_three_signal_components,tiebreak_only,False,,,,,,,,MONITOR,MONITOR,6,NO_CURRENT_TRIGGER_DETECTED_NOT_SAFE_CONCLUSION,NOT_ASSESSED,REVIEW_WORKFLOW_ORDER_NOT_POLICY_EFFECTIVENESS_RANK,9,1,312,52
중소벤처기업부,2024,Ⅰ-1;Ⅱ-1,중소기업성장안정지원,,,,,중소기업성장안정지원,3,3,3,3,0,0,3,ALL_COMPARABLE_AT_OR_ABOVE_TARGET,"[""중기부-2024-I1-01"", ""중기부-2024-II1-01"", ""중기부-2024-II1-02""]",102,EXACT_NAME_UNIQUE_FINANCIAL,True,산업·중소기업및에너지,중소기업및소상공인육성,1200,중소기업성장안정지원,중소기업성장안정지원,FUND,2593576000000,2593576000000,2512827427308,0.9688659315585894,COMPLETE,HIGH,7,7,0,"[""code:2024:102:503:1200:1234:303"", ""code:2024:102:584:1200:1253:301"", ""code:2024:102:584:1200:1261:301"", ""code:2024:102:584:1200:1261:302"", ""code:2024:102:584:1200:1261:303"", ""code:2024:102:584:1200:1261:307"", ""code:2024:102:584:1200:1261:308"", ""code:2024:102:584:1200:1271:302""]",JOINT_ANALYSIS,FULLY_REPORTED,FULLY_COMPARABLE,False,False,7,2593576000000,0.4626816411009355,0,0.0,0,0.0,0,0.0,0,0.0,0,0.0,0,0.0,0,0,1,0.11567041027523388,0,0.0,MEDIUM,MULTIPLE_FINANCIAL_SIGNALS,both,,,,,,,,,중소기업성장안정지원,3430813000000,2693576000000,2,"[""FUND"", ""GENERAL_ACCOUNT""]",,3674794000000,2,"[""FUND"", ""GENERAL_ACCOUNT""]",False,False,,0.7851130329749829,UNAVAILABLE_MIXED_OR_UNLINKED,False,3430813000000,2693576000000,2,"[""FUND"", ""GENERAL_ACCOUNT""]",,,,,False,False,,0.7851130329749829,UNAVAILABLE_MIXED_OR_UNLINKED,False,False,0.0,True,0.0,0.0,0.0,0.0,0.9197080291970803,0.9,False,False,False,False,False,False,False,False,False,,,,,False,False,False,False,,,,,False,False,False,False,0,False,False,0,LIMITED,0,0,False,False,False,INFORMATION,MONITOR,5,DETAILED_PROJECT_REVIEW,"현재 신호 미검출, 신규 자료 유입 시 재점검",NO_REVIEW_SIGNAL,102:2024:산업·중소기업및에너지:중소기업및소상공인육성:1200:FUND,5,0.0,equal_mean_of_three_signal_components,tiebreak_only,False,,,,,,,,MONITOR,MONITOR,6,NO_CURRENT_TRIGGER_DETECTED_NOT_SAFE_CONCLUSION,NOT_ASSESSED,REVIEW_WORKFLOW_ORDER_NOT_POLICY_EFFECTIVENESS_RANK,10,2,313,53
중소벤처기업부,2023,Ⅱ-1,중소기업성장안정지원,,,,,중소기업성장안정지원,3,3,3,2,1,0,2,ALL_COMPARABLE_AT_OR_ABOVE_TARGET,"[""중기부-2023-II1-01"", ""중기부-2023-II1-02"", ""중기부-2023-II1-03""]",102,EXACT_NAME_UNIQUE_FINANCIAL,True,산업·중소기업및에너지,중소기업및소상공인육성,1200,중소기업성장안정지원,중소기업성장안정지원,FUND,2033832000000,2033832000000,2032215889389,0.999205386378521,COMPLETE,HIGH,7,7,0,"[""code:2023:102:503:1200:1234:303"", ""code:2023:102:584:1200:1253:301"", ""code:2023:102:584:1200:1261:301"", ""code:2023:102:584:1200:1261:302"", ""code:2023:102:584:1200:1261:303"", ""code:2023:102:584:1200:1261:304"", ""code:2023:102:584:1200:1271:302"", ""code:2023:102:584:1200:1272:301""]",JOINT_ANALYSIS,FULLY_REPORTED,PARTIALLY_COMPARABLE,False,False,7,2033832000000,0.2545932997415716,0,0.0,0,0.0,0,0.0,0,0.0,0,0.0,0,0.0,0,0,1,0.1272966498707858,0,0.0,LOW,MULTIPLE_FINANCIAL_SIGNALS,both,5,,1964632000000,,2125376000000,,0.0818188851652625,,중소기업성장안정지원,2718898000000,2152532000000,2,"[""FUND"", ""GENERAL_ACCOUNT""]",3430813000000,2693576000000,2,"[""FUND"", ""GENERAL_ACCOUNT""]",False,False,,0.7916928108373319,UNAVAILABLE_MIXED_OR_UNLINKED,False,2718898000000,2152532000000,2,"[""FUND"", ""GENERAL_ACCOUNT""]",,3674794000000,2,"[""FUND"", ""GENERAL_ACCOUNT""]",False,False,,0.7916928108373319,UNAVAILABLE_MIXED_OR_UNLINKED,False,False,0.0,True,0.0,0.0,0.0,0.0,0.8913043478260869,0.9090909090909091,False,False,False,False,False,False,False,False,False,5,1964632000000,2125376000000,0.0818188851652625,False,False,False,False,,,,,False,False,False,False,0,False,False,0,LIMITED,0,0,False,False,False,INFORMATION,MONITOR,5,DETAILED_PROJECT_REVIEW,"현재 신호 미검출, 신규 자료 유입 시 재점검",NO_REVIEW_SIGNAL,102:2023:산업·중소기업및에너지:중소기업및소상공인육성:1200:FUND,5,0.0,equal_mean_of_three_signal_components,tiebreak_only,False,,,,,,,,MONITOR,MONITOR,6,NO_CURRENT_TRIGGER_DETECTED_NOT_SAFE_CONCLUSION,NOT_ASSESSED,REVIEW_WORKFLOW_ORDER_NOT_POLICY_EFFECTIVENESS_RANK,11,3,314,54
과학기술정보통신부,2022,Ⅵ-1,우정서비스,,,,,우정서비스,2,2,2,2,0,0,2,ALL_COMPARABLE_AT_OR_ABOVE_TARGET,"[""MSIT-2022-VI1-01"", ""MSIT-2022-VI1-02""]",162,EXACT_NAME_UNIQUE_FINANCIAL,True,통신,우정,5100,우정서비스,우정서비스,SPECIAL_ACCOUNT,1890567000000,1964435362090,1928228254580,0.981568694898936,COMPLETE,HIGH,33,33,0,"[""code:2022:162:314:5100:5130:305"", ""code:2022:162:314:5100:5131:302"", ""code:2022:162:314:5100:5131:303"", ""code:2022:162:314:5100:5131:305"", ""code:2022:162:314:5100:5131:321"", ""code:2022:162:314:5100:5132:311"", ""code:2022:162:314:5100:5132:313"", ""code:2022:162:314:5100:5132:352"", ""code:2022:162:314:5100:5133:312"", ""code:2022:162:314:5100:5133:314"", ""code:2022:162:314:5100:5133:315"", ""code:2022:162:314:5100:5134:305"", ""code:2022:162:314:5100:5134:331"", ""code:2022:162:314:5100:5134:332"", ""code:2022:162:314:5100:5134:333"", ""code:2022:162:314:5100:5135:500"", ""code:2022:162:314:5100:5136:520"", ""code:2022:162:314:5100:5137:420"", ""code:2022:162:314:5100:5138:301"", ""code:2022:162:314:5100:5139:410"", ""code:2022:162:314:5100:5140:392"", ""code:2022:162:314:5100:5140:393"", ""code:2022:162:314:5100:5140:402"", ""code:2022:162:314:5100:5141:398"", ""code:2022:162:314:5100:5141:399"", ""code:2022:162:314:5100:5142:407"", ""code:2022:162:314:5100:5142:409"", ""code:2022:162:314:5100:5143:341"", ""code:2022:162:314:5100:5143:342"", ""code:2022:162:314:5100:5143:411"", ""code:2022:162:314:5100:5143:417"", ""code:2022:162:314:5100:5143:418"", ""code:2022:162:314:5100:5143:522""]",JOINT_ANALYSIS,FULLY_REPORTED,FULLY_COMPARABLE,False,False,33,1890567000000,0.0594334927035117,0,0.0,0,0.0,0,0.0,0,0.0,0,0.0,0,0.0,0,0,4,0.0071581700093146655,0,0.0,MEDIUM,MULTIPLE_FINANCIAL_SIGNALS,both,31,31,1886075000000,1886075000000,1980561000000,1955660000000,0.050096629243269755,0.036894078973529684,우정서비스,1890567000000,1890567000000,1,"[""SPECIAL_ACCOUNT""]",1982736000000,1982736000000,1,"[""SPECIAL_ACCOUNT""]",False,True,0.04875204105435036,1.0,PROGRAM_TOTAL_SINGLE_ACCOUNT,False,1890567000000,1890567000000,1,"[""SPECIAL_ACCOUNT""]",1957179000000,1957179000000,1,"[""SPECIAL_ACCOUNT""]",False,True,0.035233874282159794,1.0,PROGRAM_TOTAL_SINGLE_ACCOUNT,False,False,0.0,True,0.0,0.0,0.0,0.0,0.8527131782945736,0.9821428571428571,False,False,False,False,False,False,False,False,False,31,1886075000000,1980561000000,0.050096629243269755,False,False,False,False,31,1886075000000,1955660000000,0.036894078973529684,False,False,False,False,0,False,False,0,LIMITED,0,0,False,False,False,INFORMATION,MONITOR,5,DETAILED_PROJECT_REVIEW,"현재 신호 미검출, 신규 자료 유입 시 재점검",NO_REVIEW_SIGNAL,162:2022:통신:우정:5100:SPECIAL_ACCOUNT,5,0.0,equal_mean_of_three_signal_components,tiebreak_only,False,,,,,,,,MONITOR,MONITOR,6,NO_CURRENT_TRIGGER_DETECTED_NOT_SAFE_CONCLUSION,NOT_ASSESSED,REVIEW_WORKFLOW_ORDER_NOT_POLICY_EFFECTIVENESS_RANK,12,6,315,111
고용노동부,2022,Ⅱ-1,직업능력개발,,,,,직업능력개발,3,3,3,3,0,0,3,ALL_COMPARABLE_AT_OR_ABOVE_TARGET,"[""MOEL-2022-II1-01"", ""MOEL-2022-II1-02"", ""MOEL-2022-II1-03""]",019,EXACT_NAME,True,사회복지,고용,1100,직업능력개발,직업능력개발,FUND,1699281000000,1699410800000,1608088273310,0.9462622417781504,COMPLETE,HIGH,8,8,0,"[""code:2022:019:541:1100:1151:352"", ""code:2022:019:541:1100:1152:350"", ""code:2022:019:541:1100:1153:350"", ""code:2022:019:541:1100:1154:350"", ""code:2022:019:541:1100:1154:355"", ""code:2022:019:541:1100:1154:356"", ""code:2022:019:541:1100:1155:350"", ""code:2022:019:541:1100:1160:352""]",JOINT_ANALYSIS,FULLY_REPORTED,FULLY_COMPARABLE,False,False,8,1699281000000,0.06689123223292676,0,0.0,0,0.0,0,0.0,0,0.0,0,0.0,0,0.0,0,0,0,0.0,0,0.0,MEDIUM,NONE,both,6,6,1685563000000,1685563000000,1881161000000,1628382000000,0.11604312624327895,-0.03392397673655627,직업능력개발,2734542000000,2734542000000,2,"[""FUND"", ""GENERAL_ACCOUNT""]",3102251000000,3102251000000,3,"[""FUND"", ""GENERAL_ACCOUNT"", ""SPECIAL_ACCOUNT""]",False,False,,1.0,UNAVAILABLE_MIXED_OR_UNLINKED,False,2734542000000,2734542000000,2,"[""FUND"", ""GENERAL_ACCOUNT""]",2971875000000,2971875000000,3,"[""FUND"", ""GENERAL_ACCOUNT"", ""SPECIAL_ACCOUNT""]",False,False,,1.0,UNAVAILABLE_MIXED_OR_UNLINKED,False,False,0.0,True,0.0,0.0,0.0,0.0,0.8372093023255814,0.625,False,False,False,False,False,False,False,False,False,6,1685563000000,1881161000000,0.11604312624327895,False,False,False,False,6,1685563000000,1628382000000,-0.03392397673655627,False,False,False,False,0,False,False,0,LIMITED,0,0,False,False,False,INFORMATION,MONITOR,5,DETAILED_PROJECT_REVIEW,"현재 신호 미검출, 신규 자료 유입 시 재점검",NO_REVIEW_SIGNAL,019:2022:사회복지:고용:1100:FUND,5,0.0,equal_mean_of_three_signal_components,tiebreak_only,False,,,,,,,,MONITOR,MONITOR,6,NO_CURRENT_TRIGGER_DETECTED_NOT_SAFE_CONCLUSION,NOT_ASSESSED,REVIEW_WORKFLOW_ORDER_NOT_POLICY_EFFECTIVENESS_RANK,13,1,316,48
중소벤처기업부,2022,Ⅱ-1,중소기업성장안정지원,,,,,중소기업성장안정지원,3,3,3,2,1,0,2,ALL_COMPARABLE_AT_OR_ABOVE_TARGET,"[""중기부-2022-II1-01"", ""중기부-2022-II1-02"", ""중기부-2022-II1-03""]",102,EXACT_NAME,True,산업·중소기업및에너지,중소기업및소상공인육성,1200,중소기업성장안정지원,중소기업성장안정지원,GENERAL_ACCOUNT,1172000000000,1172000000000,1172000000000,1.0,COMPLETE,HIGH,3,3,0,"[""code:2022:102:110:1200:1231:881"", ""code:2022:102:110:1200:1231:882"", ""code:2022:102:110:1200:1232:301""]",JOINT_ANALYSIS,FULLY_REPORTED,PARTIALLY_COMPARABLE,False,False,3,1172000000000,0.0,0,0.0,0,0.0,0,0.0,0,0.0,0,0.0,0,0.0,0,0,0,0.0,0,0.0,MEDIUM,NONE,both,1,1,1005000000000,1005000000000,83700000000,80000000000,-0.9167164179104478,-0.9203980099502488,중소기업성장안정지원,5181942000000,4762388000000,3,"[""FUND"", ""GENERAL_ACCOUNT"", ""SPECIAL_ACCOUNT""]",2718898000000,2152532000000,2,"[""FUND"", ""GENERAL_ACCOUNT""]",False,False,,0.9190353732249416,UNAVAILABLE_MIXED_OR_UNLINKED,False,5181942000000,4762388000000,3,"[""FUND"", ""GENERAL_ACCOUNT"", ""SPECIAL_ACCOUNT""]",3430813000000,2693576000000,2,"[""FUND"", ""GENERAL_ACCOUNT""]",False,False,,0.9190353732249416,UNAVAILABLE_MIXED_OR_UNLINKED,False,False,0.0,True,0.0,0.0,0.0,0.0,0.8217054263565892,0.8181818181818182,False,False,False,False,False,False,False,False,False,1,1005000000000,83700000000,-0.9167164179104478,False,False,False,False,1,1005000000000,80000000000,-0.9203980099502488,False,False,False,False,0,False,False,0,LIMITED,0,0,False,False,False,INFORMATION,MONITOR,5,DETAILED_PROJECT_REVIEW,"현재 신호 미검출, 신규 자료 유입 시 재점검",NO_REVIEW_SIGNAL,102:2022:산업·중소기업및에너지:중소기업및소상공인육성:1200:GENERAL_ACCOUNT,5,0.0,equal_mean_of_three_signal_components,tiebreak_only,False,,,,,,,,MONITOR,MONITOR,6,NO_CURRENT_TRIGGER_DETECTED_NOT_SAFE_CONCLUSION,NOT_ASSESSED,REVIEW_WORKFLOW_ORDER_NOT_POLICY_EFFECTIVENESS_RANK,14,4,317,55
과학기술정보통신부,2022,Ⅳ-10,인공지능데이터 진흥,,,,,인공지능데이터진흥,2,2,2,2,0,0,2,ALL_COMPARABLE_AT_OR_ABOVE_TARGET,"[""MSIT-2022-IV10-01"", ""MSIT-2022-IV10-02""]",162,EXACT_NAME_UNIQUE_FINANCIAL,True,통신,정보통신,2600,인공지능데이터진흥,인공지능데이터진흥,FUND,961404000000,961404000000,961404000000,1.0,COMPLETE,HIGH,17,17,0,"[""code:2022:162:543:2600:2601:301"", ""code:2022:162:543:2600:2601:325"", ""code:2022:162:543:2600:2602:303"", ""code:2022:162:543:2600:2602:305"", ""code:2022:162:543:2600:2602:315"", ""code:2022:162:543:2600:2602:322"", ""code:2022:162:543:2600:2602:323"", ""code:2022:162:543:2600:2602:324"", ""code:2022:162:543:2600:2602:325"", ""code:2022:162:543:2600:2602:326"", ""code:2022:162:543:2600:2602:327"", ""code:2022:162:543:2600:2602:328"", ""code:2022:162:543:2600:2602:329"", ""code:2022:162:543:2600:2604:421"", ""code:2022:162:564:2600:2602:311"", ""code:2022:162:564:2600:2602:312"", ""code:2022:162:564:2600:2604:301""]",JOINT_ANALYSIS,FULLY_REPORTED,FULLY_COMPARABLE,False,False,17,961404000000,0.0,0,0.0,0,0.0,0,0.0,0,0.0,0,0.0,0,0.0,0,0,0,0.0,0,0.0,MEDIUM,NONE,both,7,3,315640000000,224132000000,255778000000,150756000000,-0.18965276897731592,-0.327378509092856,인공지능데이터진흥,1200511000000,1200511000000,3,"[""FUND"", ""GENERAL_ACCOUNT"", ""SPECIAL_ACCOUNT""]",882061000000,882061000000,3,"[""FUND"", ""GENERAL_ACCOUNT"", ""SPECIAL_ACCOUNT""]",False,False,,1.0,UNAVAILABLE_MIXED_OR_UNLINKED,False,1200511000000,1200511000000,3,"[""FUND"", ""GENERAL_ACCOUNT"", ""SPECIAL_ACCOUNT""]",584781000000,584781000000,3,"[""FUND"", ""GENERAL_ACCOUNT"", ""SPECIAL_ACCOUNT""]",False,False,,1.0,UNAVAILABLE_MIXED_OR_UNLINKED,False,False,0.0,True,0.0,0.0,0.0,0.0,0.7829457364341085,0.9464285714285714,False,False,False,False,False,False,False,False,False,7,315640000000,255778000000,-0.18965276897731592,False,False,False,False,3,224132000000,150756000000,-0.327378509092856,False,False,False,False,0,False,False,0,LIMITED,0,0,False,False,False,INFORMATION,MONITOR,5,DETAILED_PROJECT_REVIEW,"현재 신호 미검출, 신규 자료 유입 시 재점검",NO_REVIEW_SIGNAL,162:2022:통신:정보통신:2600:FUND,5,0.0,equal_mean_of_three_signal_components,tiebreak_only,False,,,,,,,,MONITOR,MONITOR,6,NO_CURRENT_TRIGGER_DETECTED_NOT_SAFE_CONCLUSION,NOT_ASSESSED,REVIEW_WORKFLOW_ORDER_NOT_POLICY_EFFECTIVENESS_RANK,15,7,318,112
고용노동부,2024,Ⅰ-2,장애인고용증진,,,,,장애인고용증진,1,1,1,1,0,0,1,ALL_COMPARABLE_AT_OR_ABOVE_TARGET,"[""MOEL-2024-I2-01""]",019,EXACT_NAME_UNIQUE_FINANCIAL,True,사회복지,고용,1400,장애인고용증진,장애인고용증진,FUND,853918000000,853918000000,851734290590,0.9974427176731256,COMPLETE,HIGH,14,14,0,"[""code:2024:019:535:1400:1452:303"", ""code:2024:019:535:1400:1452:306"", ""code:2024:019:535:1400:1452:311"", ""code:2024:019:535:1400:1452:315"", ""code:2024:019:535:1400:1452:317"", ""code:2024:019:535:1400:1452:318"", ""code:2024:019:535:1400:1453:304"", ""code:2024:019:535:1400:1453:305"", ""code:2024:019:535:1400:1457:314"", ""code:2024:019:535:1400:1457:319"", ""code:2024:019:535:1400:1459:324"", ""code:2024:019:535:1400:1459:327"", ""code:2024:019:535:1400:1462:330"", ""code:2024:019:535:1400:1466:240""]",JOINT_ANALYSIS,FULLY_REPORTED,FULLY_COMPARABLE,False,False,14,853918000000,0.11241945947971585,0,0.0,0,0.0,0,0.0,0,0.0,0,0.0,0,0.0,0,0,0,0.0,0,0.0,LOW,NONE,both,,,,,,,,,장애인고용증진,853918000000,853918000000,1,"[""FUND""]",,861370000000,1,"[""FUND""]",False,False,,1.0,PROGRAM_TOTAL_SINGLE_ACCOUNT,False,853918000000,853918000000,1,"[""FUND""]",,,,,False,False,,1.0,UNAVAILABLE_MIXED_OR_UNLINKED,False,False,0.0,True,0.0,0.0,0.0,0.0,0.7956204379562044,0.5263157894736842,False,False,False,False,False,False,False,False,False,,,,,False,False,False,False,,,,,False,False,False,False,0,False,False,0,LIMITED,0,0,False,False,False,INFORMATION,MONITOR,5,DETAILED_PROJECT_REVIEW,"현재 신호 미검출, 신규 자료 유입 시 재점검",NO_REVIEW_SIGNAL,019:2024:사회복지:고용:1400:FUND,5,0.0,equal_mean_of_three_signal_components,tiebreak_only,False,,,,,,,,MONITOR,MONITOR,6,NO_CURRENT_TRIGGER_DETECTED_NOT_SAFE_CONCLUSION,NOT_ASSESSED,REVIEW_WORKFLOW_ORDER_NOT_POLICY_EFFECTIVENESS_RANK,16,2,319,49
보건복지부,2023,Ⅱ-2,공공보건의료확충,,,,,공공보건의료확충,2,2,2,2,0,0,2,ALL_COMPARABLE_AT_OR_ABOVE_TARGET,"[""MOHW-2023-II2-01"", ""MOHW-2023-II2-02""]",075,EXACT_NAME_UNIQUE_FINANCIAL,True,보건,보건의료,2700,공공보건의료확충,공공보건의료확충,FUND,657592000000,657708000000,656432096830,0.998060076553729,COMPLETE,HIGH,6,6,0,"[""code:2023:075:542:2700:2701:300"", ""code:2023:075:542:2700:2701:301"", ""code:2023:075:542:2700:2731:300"", ""code:2023:075:542:2700:2734:302"", ""code:2023:075:542:2700:2735:300"", ""code:2023:075:542:2700:2756:301""]",JOINT_ANALYSIS,FULLY_REPORTED,FULLY_COMPARABLE,False,False,6,657592000000,0.0,0,0.0,0,0.0,0,0.0,0,0.0,0,0.0,0,0.0,0,0,0,0.0,0,0.0,MEDIUM,NONE,both,6,,657592000000,,145690000000,,-0.7784492512074356,,공공보건의료확충,1963361000000,1963361000000,3,"[""FUND"", ""GENERAL_ACCOUNT"", ""SPECIAL_ACCOUNT""]",580763000000,580763000000,3,"[""FUND"", ""GENERAL_ACCOUNT"", ""SPECIAL_ACCOUNT""]",False,False,,1.0,UNAVAILABLE_MIXED_OR_UNLINKED,False,1963361000000,1963361000000,3,"[""FUND"", ""GENERAL_ACCOUNT"", ""SPECIAL_ACCOUNT""]",,693067000000,3,"[""FUND"", ""GENERAL_ACCOUNT"", ""SPECIAL_ACCOUNT""]",False,False,,1.0,UNAVAILABLE_MIXED_OR_UNLINKED,False,False,0.0,True,0.0,0.0,0.0,0.0,0.7681159420289855,0.717948717948718,False,False,False,False,False,False,False,False,True,6,657592000000,145690000000,-0.7784492512074356,True,False,False,False,,,,,False,False,False,False,0,False,False,0,LIMITED,0,0,False,False,False,INFORMATION,MONITOR,5,DETAILED_PROJECT_REVIEW,"현재 신호 미검출, 신규 자료 유입 시 재점검",NO_REVIEW_SIGNAL,075:2023:보건:보건의료:2700:FUND,5,0.0,equal_mean_of_three_signal_components,tiebreak_only,False,,,,,,,,MONITOR,MONITOR,6,NO_CURRENT_TRIGGER_DETECTED_NOT_SAFE_CONCLUSION,NOT_ASSESSED,REVIEW_WORKFLOW_ORDER_NOT_POLICY_EFFECTIVENESS_RANK,17,4,320,104
과학기술정보통신부,2022,Ⅳ-7,SW산업진흥,,,,,SW산업진흥,2,2,2,2,0,0,2,ALL_COMPARABLE_AT_OR_ABOVE_TARGET,"[""MSIT-2022-IV7-01"", ""MSIT-2022-IV7-02""]",162,EXACT_NAME_UNIQUE_FINANCIAL,True,통신,정보통신,2200,SW산업진흥,SW산업진흥,FUND,435719000000,435719000000,435719000000,1.0,COMPLETE,HIGH,9,9,0,"[""code:2022:162:543:2200:2231:302"", ""code:2022:162:543:2200:2231:303"", ""code:2022:162:543:2200:2231:323"", ""code:2022:162:543:2200:2232:310"", ""code:2022:162:543:2200:2232:320"", ""code:2022:162:543:2200:2232:420"", ""code:2022:162:543:2200:2233:302"", ""code:2022:162:543:2200:2233:305"", ""code:2022:162:543:2200:2233:306""]",JOINT_ANALYSIS,FULLY_REPORTED,FULLY_COMPARABLE,False,False,9,435719000000,0.0,0,0.0,0,0.0,0,0.0,0,0.0,0,0.0,0,0.0,0,0,0,0.0,0,0.0,MEDIUM,NONE,both,3,3,214203000000,214203000000,215642000000,147753000000,0.00671792645294417,-0.3102197448215011,SW산업진흥,518398000000,518398000000,2,"[""FUND"", ""GENERAL_ACCOUNT""]",550937000000,550937000000,3,"[""FUND"", ""GENERAL_ACCOUNT"", ""SPECIAL_ACCOUNT""]",False,False,,1.0,UNAVAILABLE_MIXED_OR_UNLINKED,False,518398000000,518398000000,2,"[""FUND"", ""GENERAL_ACCOUNT""]",480147000000,480147000000,3,"[""FUND"", ""GENERAL_ACCOUNT"", ""SPECIAL_ACCOUNT""]",False,False,,1.0,UNAVAILABLE_MIXED_OR_UNLINKED,False,False,0.0,True,0.0,0.0,0.0,0.0,0.7209302325581395,0.8928571428571429,False,False,False,False,False,False,False,False,False,3,214203000000,215642000000,0.00671792645294417,False,False,False,False,3,214203000000,147753000000,-0.3102197448215011,False,False,False,False,0,False,False,0,LIMITED,0,0,False,False,False,INFORMATION,MONITOR,5,DETAILED_PROJECT_REVIEW,"현재 신호 미검출, 신규 자료 유입 시 재점검",NO_REVIEW_SIGNAL,162:2022:통신:정보통신:2200:FUND,5,0.0,equal_mean_of_three_signal_components,tiebreak_only,False,,,,,,,,MONITOR,MONITOR,6,NO_CURRENT_TRIGGER_DETECTED_NOT_SAFE_CONCLUSION,NOT_ASSESSED,REVIEW_WORKFLOW_ORDER_NOT_POLICY_EFFECTIVENESS_RANK,18,8,321,113
과학기술정보통신부,2022,Ⅰ-3,우주개발진흥,,,,,우주개발진흥,2,2,2,2,0,0,2,ALL_COMPARABLE_AT_OR_ABOVE_TARGET,"[""MSIT-2022-I3-01"", ""MSIT-2022-I3-02""]",162,EXACT_NAME_UNIQUE_FINANCIAL,True,과학기술,과학기술연구개발,1300,우주개발진흥,우주개발진흥,GENERAL_ACCOUNT,391890000000,391890000000,391890000000,1.0,COMPLETE,HIGH,19,19,0,"[""code:2022:162:110:1300:1331:301"", ""code:2022:162:110:1300:1331:302"", ""code:2022:162:110:1300:1331:305"", ""code:2022:162:110:1300:1331:311"", ""code:2022:162:110:1300:1331:401"", ""code:2022:162:110:1300:1331:402"", ""code:2022:162:110:1300:1331:407"", ""code:2022:162:110:1300:1331:410"", ""code:2022:162:110:1300:1331:413"", ""code:2022:162:110:1300:1331:415"", ""code:2022:162:110:1300:1331:416"", ""code:2022:162:110:1300:1331:418"", ""code:2022:162:110:1300:1331:419"", ""code:2022:162:110:1300:1332:402"", ""code:2022:162:110:1300:1332:405"", ""code:2022:162:110:1300:1332:406"", ""code:2022:162:110:1300:1333:403"", ""code:2022:162:110:1300:1334:401"", ""code:2022:162:110:1300:1341:401""]",JOINT_ANALYSIS,FULLY_REPORTED,FULLY_COMPARABLE,False,False,19,391890000000,0.0,0,0.0,0,0.0,0,0.0,0,0.0,0,0.0,0,0.0,0,0,0,0.0,0,0.0,MEDIUM,NONE,both,14,,343984000000,,338967000000,,-0.014584980696776594,,우주개발진흥,395890000000,395890000000,2,"[""FUND"", ""GENERAL_ACCOUNT""]",433860000000,433860000000,2,"[""FUND"", ""GENERAL_ACCOUNT""]",False,False,,1.0,UNAVAILABLE_MIXED_OR_UNLINKED,False,395890000000,395890000000,2,"[""FUND"", ""GENERAL_ACCOUNT""]",434787000000,434787000000,2,"[""FUND"", ""GENERAL_ACCOUNT""]",False,False,,1.0,UNAVAILABLE_MIXED_OR_UNLINKED,False,False,0.0,True,0.0,0.0,0.0,0.0,0.7054263565891473,0.875,False,False,False,False,False,False,False,False,False,14,343984000000,338967000000,-0.014584980696776594,False,False,False,False,,,,,False,False,False,False,0,False,False,0,LIMITED,0,0,False,False,False,INFORMATION,MONITOR,5,DETAILED_PROJECT_REVIEW,"현재 신호 미검출, 신규 자료 유입 시 재점검",NO_REVIEW_SIGNAL,162:2022:과학기술:과학기술연구개발:1300:GENERAL_ACCOUNT,5,0.0,equal_mean_of_three_signal_components,tiebreak_only,False,,,,,,,,MONITOR,MONITOR,6,NO_CURRENT_TRIGGER_DETECTED_NOT_SAFE_CONCLUSION,NOT_ASSESSED,REVIEW_WORKFLOW_ORDER_NOT_POLICY_EFFECTIVENESS_RANK,19,9,322,114
과학기술정보통신부,2023,Ⅳ-7,SW산업진흥,,,,,SW산업진흥,2,2,2,2,0,0,2,ALL_COMPARABLE_AT_OR_ABOVE_TARGET,"[""MSIT-2023-IV7-01"", ""MSIT-2023-IV7-02""]",162,EXACT_NAME_UNIQUE_FINANCIAL,True,통신,정보통신,2200,SW산업진흥,SW산업진흥,FUND,391274000000,391274000000,391274000000,1.0,COMPLETE,HIGH,7,7,0,"[""code:2023:162:543:2200:2231:302"", ""code:2023:162:543:2200:2231:323"", ""code:2023:162:543:2200:2232:320"", ""code:2023:162:543:2200:2232:420"", ""code:2023:162:543:2200:2233:302"", ""code:2023:162:543:2200:2233:305"", ""code:2023:162:543:2200:2233:313""]",JOINT_ANALYSIS,FULLY_REPORTED,FULLY_COMPARABLE,False,False,7,391274000000,1.1089492273956358,0,0.0,0,0.0,0,0.0,0,0.0,0,0.0,0,0.0,0,0,2,0.38197529097256655,0,0.0,MEDIUM,MULTIPLE_FINANCIAL_SIGNALS,both,4,,222137000000,,148313000000,,-0.3323354506453225,,SW산업진흥,550937000000,550937000000,3,"[""FUND"", ""GENERAL_ACCOUNT"", ""SPECIAL_ACCOUNT""]",480147000000,480147000000,3,"[""FUND"", ""GENERAL_ACCOUNT"", ""SPECIAL_ACCOUNT""]",False,False,,1.0,UNAVAILABLE_MIXED_OR_UNLINKED,False,550937000000,550937000000,3,"[""FUND"", ""GENERAL_ACCOUNT"", ""SPECIAL_ACCOUNT""]",,443871000000,3,"[""FUND"", ""GENERAL_ACCOUNT"", ""SPECIAL_ACCOUNT""]",False,False,,1.0,UNAVAILABLE_MIXED_OR_UNLINKED,False,False,0.0,True,0.0,0.0,0.0,0.0,0.7246376811594203,0.8793103448275862,False,False,False,False,False,False,False,False,False,4,222137000000,148313000000,-0.3323354506453225,False,False,False,False,,,,,False,False,False,False,0,False,False,0,LIMITED,0,0,False,False,False,INFORMATION,MONITOR,5,DETAILED_PROJECT_REVIEW,"현재 신호 미검출, 신규 자료 유입 시 재점검",NO_REVIEW_SIGNAL,162:2023:통신:정보통신:2200:FUND,5,0.0,equal_mean_of_three_signal_components,tiebreak_only,False,,,,,,,,MONITOR,MONITOR,6,NO_CURRENT_TRIGGER_DETECTED_NOT_SAFE_CONCLUSION,NOT_ASSESSED,REVIEW_WORKFLOW_ORDER_NOT_POLICY_EFFECTIVENESS_RANK,20,10,323,115
과학기술정보통신부,2023,Ⅰ-1,미래유망원천기술개발,1100,,,CONFIRMED,미래유망원천기술개발,2,2,2,2,0,0,2,ALL_COMPARABLE_AT_OR_ABOVE_TARGET,"[""MSIT-2023-I1-01"", ""MSIT-2023-I1-02""]",162,EXACT_CODE,True,과학기술,과학기술연구개발,1100,미래유망원천기술개발,미래유망원천기술개발,SPECIAL_ACCOUNT,284525000000,284525000000,284525000000,1.0,COMPLETE,HIGH,4,4,0,"[""code:2023:162:236:1100:1158:425"", ""code:2023:162:238:1100:1139:301"", ""code:2023:162:238:1100:1139:304"", ""code:2023:162:238:1100:1139:314""]",JOINT_ANALYSIS,FULLY_REPORTED,FULLY_COMPARABLE,False,False,4,284525000000,0.0,0,0.0,0,0.0,0,0.0,0,0.0,0,0.0,0,0.0,0,0,0,0.0,0,0.0,MEDIUM,NONE,both,3,,279325000000,,234200000000,,-0.16155016557773202,,미래유망원천기술개발,1272867000000,1272867000000,3,"[""FUND"", ""GENERAL_ACCOUNT"", ""SPECIAL_ACCOUNT""]",1187465000000,1187465000000,3,"[""FUND"", ""GENERAL_ACCOUNT"", ""SPECIAL_ACCOUNT""]",False,False,,1.0,UNAVAILABLE_MIXED_OR_UNLINKED,False,1272867000000,1272867000000,3,"[""FUND"", ""GENERAL_ACCOUNT"", ""SPECIAL_ACCOUNT""]",,1386417000000,3,"[""FUND"", ""GENERAL_ACCOUNT"", ""SPECIAL_ACCOUNT""]",False,False,,1.0,UNAVAILABLE_MIXED_OR_UNLINKED,False,False,0.0,True,0.0,0.0,0.0,0.0,0.6811594202898551,0.8448275862068966,False,False,False,False,False,False,False,False,False,3,279325000000,234200000000,-0.16155016557773202,False,False,False,False,,,,,False,False,False,False,0,False,False,0,LIMITED,0,0,False,False,False,INFORMATION,MONITOR,5,DETAILED_PROJECT_REVIEW,"현재 신호 미검출, 신규 자료 유입 시 재점검",NO_REVIEW_SIGNAL,162:2023:과학기술:과학기술연구개발:1100:SPECIAL_ACCOUNT,5,0.0,equal_mean_of_three_signal_components,tiebreak_only,False,,,,,,,,MONITOR,MONITOR,6,NO_CURRENT_TRIGGER_DETECTED_NOT_SAFE_CONCLUSION,NOT_ASSESSED,REVIEW_WORKFLOW_ORDER_NOT_POLICY_EFFECTIVENESS_RANK,21,11,324,116
보건복지부,2024,Ⅱ-2,공공보건의료확충,,,,,공공보건의료확충,1,1,1,1,0,0,1,ALL_COMPARABLE_AT_OR_ABOVE_TARGET,"[""MOHW-2024-II2-01""]",075,EXACT_NAME_UNIQUE_FINANCIAL,True,보건,보건의료,2700,공공보건의료확충,공공보건의료확충,SPECIAL_ACCOUNT,257843000000,257984700000,256135396310,0.9928317311452964,COMPLETE,HIGH,3,3,0,"[""code:2024:075:236:2700:2732:300"", ""code:2024:075:236:2700:2743:300"", ""code:2024:075:236:2700:2750:301""]",JOINT_ANALYSIS,FULLY_REPORTED,FULLY_COMPARABLE,False,False,3,257843000000,0.0,0,0.0,0,0.0,0,0.0,0,0.0,0,0.0,0,0.0,0,0,0,0.0,0,0.0,MEDIUM,NONE,both,,,,,,,,,공공보건의료확충,580763000000,580763000000,3,"[""FUND"", ""GENERAL_ACCOUNT"", ""SPECIAL_ACCOUNT""]",,693067000000,3,"[""FUND"", ""GENERAL_ACCOUNT"", ""SPECIAL_ACCOUNT""]",False,False,,1.0,UNAVAILABLE_MIXED_OR_UNLINKED,False,580763000000,580763000000,3,"[""FUND"", ""GENERAL_ACCOUNT"", ""SPECIAL_ACCOUNT""]",,,,,False,False,,1.0,UNAVAILABLE_MIXED_OR_UNLINKED,False,False,0.0,True,0.0,0.0,0.0,0.0,0.6861313868613139,0.6153846153846154,False,False,False,False,False,False,False,False,False,,,,,False,False,False,False,,,,,False,False,False,False,0,False,False,0,LIMITED,0,0,False,False,False,INFORMATION,MONITOR,5,DETAILED_PROJECT_REVIEW,"현재 신호 미검출, 신규 자료 유입 시 재점검",NO_REVIEW_SIGNAL,075:2024:보건:보건의료:2700:SPECIAL_ACCOUNT,5,0.0,equal_mean_of_three_signal_components,tiebreak_only,False,,,,,,,,MONITOR,MONITOR,6,NO_CURRENT_TRIGGER_DETECTED_NOT_SAFE_CONCLUSION,NOT_ASSESSED,REVIEW_WORKFLOW_ORDER_NOT_POLICY_EFFECTIVENESS_RANK,22,5,325,105
고용노동부,2022,Ⅰ-1,고용창출,,,,,고용창출,4,4,4,4,0,0,4,ALL_COMPARABLE_AT_OR_ABOVE_TARGET,"[""MOEL-2022-I1-01"", ""MOEL-2022-I1-02"", ""MOEL-2022-I1-03"", ""MOEL-2022-I1-04""]",019,EXACT_NAME_UNIQUE_FINANCIAL,True,사회복지,고용,1000,고용창출,고용창출,SPECIAL_ACCOUNT,237072000000,237072000000,233036999570,0.9829798524077074,COMPLETE,HIGH,3,3,0,"[""code:2022:019:236:1000:1037:312"", ""code:2022:019:236:1000:1037:313"", ""code:2022:019:236:1000:1056:317""]",JOINT_ANALYSIS,FULLY_REPORTED,FULLY_COMPARABLE,False,False,3,237072000000,0.9783483498683944,0,0.0,0,0.0,0,0.0,0,0.0,0,0.0,0,0.0,0,0,0,0.0,0,0.0,MEDIUM,NONE,both,3,1,237072000000,132667000000,255818000000,106292000000,0.07907302422892623,-0.19880603315067047,고용창출,5334792000000,5334792000000,3,"[""FUND"", ""GENERAL_ACCOUNT"", ""SPECIAL_ACCOUNT""]",3121643000000,3121643000000,3,"[""FUND"", ""GENERAL_ACCOUNT"", ""SPECIAL_ACCOUNT""]",False,False,,1.0,UNAVAILABLE_MIXED_OR_UNLINKED,False,5334792000000,5334792000000,3,"[""FUND"", ""GENERAL_ACCOUNT"", ""SPECIAL_ACCOUNT""]",2026734000000,2026734000000,3,"[""FUND"", ""GENERAL_ACCOUNT"", ""SPECIAL_ACCOUNT""]",False,False,,1.0,UNAVAILABLE_MIXED_OR_UNLINKED,False,False,0.0,True,0.0,0.0,0.0,0.0,0.6356589147286822,0.3125,False,False,False,False,False,False,False,False,True,3,237072000000,255818000000,0.07907302422892623,True,False,False,False,1,132667000000,106292000000,-0.19880603315067047,False,False,False,False,0,False,False,0,LIMITED,0,0,False,False,False,INFORMATION,MONITOR,5,DETAILED_PROJECT_REVIEW,"현재 신호 미검출, 신규 자료 유입 시 재점검",NO_REVIEW_SIGNAL,019:2022:사회복지:고용:1000:SPECIAL_ACCOUNT,5,0.0,equal_mean_of_three_signal_components,tiebreak_only,False,,,,,,,,MONITOR,MONITOR,6,NO_CURRENT_TRIGGER_DETECTED_NOT_SAFE_CONCLUSION,NOT_ASSESSED,REVIEW_WORKFLOW_ORDER_NOT_POLICY_EFFECTIVENESS_RANK,23,3,326,50
중소벤처기업부,2024,Ⅱ-2,중소기업수출촉진지원,,,,,중소기업수출촉진지원,1,1,1,1,0,0,1,ALL_COMPARABLE_AT_OR_ABOVE_TARGET,"[""중기부-2024-II2-01""]",102,EXACT_NAME,True,산업·중소기업및에너지,무역및투자유치,3100,중소기업수출촉진지원,중소기업수출촉진지원,GENERAL_ACCOUNT,213586000000,213586000000,213530612850,0.999740679866658,COMPLETE,HIGH,3,3,0,"[""code:2024:102:110:3100:3131:301"", ""code:2024:102:110:3100:3133:301"", ""code:2024:102:110:3100:3133:305""]",JOINT_ANALYSIS,FULLY_REPORTED,FULLY_COMPARABLE,False,False,3,213586000000,0.047882351839540045,0,0.0,0,0.0,0,0.0,0,0.0,0,0.0,0,0.0,0,0,0,0.0,0,0.0,MEDIUM,NONE,both,,,,,,,,,중소기업수출촉진지원,259143000000,259143000000,2,"[""FUND"", ""GENERAL_ACCOUNT""]",,368218000000,2,"[""FUND"", ""GENERAL_ACCOUNT""]",False,False,,1.0,UNAVAILABLE_MIXED_OR_UNLINKED,False,259143000000,259143000000,2,"[""FUND"", ""GENERAL_ACCOUNT""]",,,,,False,False,,1.0,UNAVAILABLE_MIXED_OR_UNLINKED,False,False,0.0,True,0.0,0.0,0.0,0.0,0.6496350364963503,0.6,False,False,False,False,False,False,False,False,False,,,,,False,False,False,False,,,,,False,False,False,False,0,False,False,0,LIMITED,0,0,False,False,False,INFORMATION,MONITOR,5,DETAILED_PROJECT_REVIEW,"현재 신호 미검출, 신규 자료 유입 시 재점검",NO_REVIEW_SIGNAL,102:2024:산업·중소기업및에너지:무역및투자유치:3100:GENERAL_ACCOUNT,5,0.0,equal_mean_of_three_signal_components,tiebreak_only,False,,,,,,,,MONITOR,MONITOR,6,NO_CURRENT_TRIGGER_DETECTED_NOT_SAFE_CONCLUSION,NOT_ASSESSED,REVIEW_WORKFLOW_ORDER_NOT_POLICY_EFFECTIVENESS_RANK,24,5,327,56
보건복지부,2022,Ⅰ-5,사회복지기반조성,,,,,사회복지기반조성,2,2,2,2,0,0,2,ALL_COMPARABLE_AT_OR_ABOVE_TARGET,"[""MOHW-2022-I5-01"", ""MOHW-2022-I5-02""]",075,EXACT_NAME_UNIQUE_FINANCIAL,True,사회복지,사회복지일반,2600,사회복지기반조성,사회복지기반조성,SPECIAL_ACCOUNT,210028000000,210028000000,210028000000,1.0,COMPLETE,HIGH,1,1,0,"[""code:2022:075:236:2600:2635:305""]",JOINT_ANALYSIS,FULLY_REPORTED,FULLY_COMPARABLE,False,False,1,210028000000,0.0,0,0.0,0,0.0,0,0.0,0,0.0,0,0.0,0,0.0,0,0,0,0.0,0,0.0,MEDIUM,NONE,both,1,1,210028000000,210028000000,26875000000,43266000000,-0.8720408707410441,-0.7939988953853772,사회복지기반조성,576831000000,576831000000,2,"[""GENERAL_ACCOUNT"", ""SPECIAL_ACCOUNT""]",600826000000,600826000000,2,"[""GENERAL_ACCOUNT"", ""SPECIAL_ACCOUNT""]",False,False,,1.0,UNAVAILABLE_MIXED_OR_UNLINKED,False,576831000000,576831000000,2,"[""GENERAL_ACCOUNT"", ""SPECIAL_ACCOUNT""]",407833000000,407833000000,2,"[""GENERAL_ACCOUNT"", ""SPECIAL_ACCOUNT""]",False,False,,1.0,UNAVAILABLE_MIXED_OR_UNLINKED,False,False,0.0,True,0.0,0.0,0.0,0.0,0.6201550387596899,0.4857142857142857,False,False,False,False,False,False,False,False,True,1,210028000000,26875000000,-0.8720408707410441,True,False,False,True,1,210028000000,43266000000,-0.7939988953853772,True,False,False,False,0,False,False,0,LIMITED,0,0,False,False,False,INFORMATION,MONITOR,5,DETAILED_PROJECT_REVIEW,"현재 신호 미검출, 신규 자료 유입 시 재점검",NO_REVIEW_SIGNAL,075:2022:사회복지:사회복지일반:2600:SPECIAL_ACCOUNT,5,0.0,equal_mean_of_three_signal_components,tiebreak_only,False,,,,,,,,MONITOR,MONITOR,6,NO_CURRENT_TRIGGER_DETECTED_NOT_SAFE_CONCLUSION,NOT_ASSESSED,REVIEW_WORKFLOW_ORDER_NOT_POLICY_EFFECTIVENESS_RANK,25,6,328,106
보건복지부,2023,Ⅱ-2,공공보건의료확충,,,,,공공보건의료확충,2,2,2,2,0,0,2,ALL_COMPARABLE_AT_OR_ABOVE_TARGET,"[""MOHW-2023-II2-01"", ""MOHW-2023-II2-02""]",075,EXACT_NAME_UNIQUE_FINANCIAL,True,보건,보건의료,2700,공공보건의료확충,공공보건의료확충,SPECIAL_ACCOUNT,197595000000,197595000000,196548469170,0.9947036573293858,COMPLETE,HIGH,3,3,0,"[""code:2023:075:236:2700:2732:300"", ""code:2023:075:236:2700:2743:300"", ""code:2023:075:236:2700:2750:301""]",JOINT_ANALYSIS,FULLY_REPORTED,FULLY_COMPARABLE,False,False,3,197595000000,0.1500240390698145,0,0.0,0,0.0,0,0.0,0,0.0,0,0.0,0,0.0,0,0,0,0.0,0,0.0,MEDIUM,NONE,both,3,,197595000000,,257843000000,,0.3049065006705635,,공공보건의료확충,1963361000000,1963361000000,3,"[""FUND"", ""GENERAL_ACCOUNT"", ""SPECIAL_ACCOUNT""]",580763000000,580763000000,3,"[""FUND"", ""GENERAL_ACCOUNT"", ""SPECIAL_ACCOUNT""]",False,False,,1.0,UNAVAILABLE_MIXED_OR_UNLINKED,False,1963361000000,1963361000000,3,"[""FUND"", ""GENERAL_ACCOUNT"", ""SPECIAL_ACCOUNT""]",,693067000000,3,"[""FUND"", ""GENERAL_ACCOUNT"", ""SPECIAL_ACCOUNT""]",False,False,,1.0,UNAVAILABLE_MIXED_OR_UNLINKED,False,False,0.0,True,0.0,0.0,0.0,0.0,0.6159420289855072,0.5128205128205128,False,False,False,False,False,False,False,False,True,3,197595000000,257843000000,0.3049065006705635,True,False,False,False,,,,,False,False,False,False,0,False,False,0,LIMITED,0,0,False,False,False,INFORMATION,MONITOR,5,DETAILED_PROJECT_REVIEW,"현재 신호 미검출, 신규 자료 유입 시 재점검",NO_REVIEW_SIGNAL,075:2023:보건:보건의료:2700:SPECIAL_ACCOUNT,5,0.0,equal_mean_of_three_signal_components,tiebreak_only,False,,,,,,,,MONITOR,MONITOR,6,NO_CURRENT_TRIGGER_DETECTED_NOT_SAFE_CONCLUSION,NOT_ASSESSED,REVIEW_WORKFLOW_ORDER_NOT_POLICY_EFFECTIVENESS_RANK,26,7,329,107
과학기술정보통신부,2022,Ⅴ-6,국가사회정보화,,,,,국가사회정보화,2,2,2,2,0,0,2,ALL_COMPARABLE_AT_OR_ABOVE_TARGET,"[""MSIT-2022-V6-01"", ""MSIT-2022-V6-02""]",162,EXACT_NAME_UNIQUE_FINANCIAL,True,일반·지방행정,정부자원관리,1900,국가사회정보화,국가사회정보화,GENERAL_ACCOUNT,193957000000,193957000000,192480732210,0.9923886851724868,COMPLETE,HIGH,11,11,0,"[""code:2022:162:110:1900:1935:500"", ""code:2022:162:110:1900:1935:503"", ""code:2022:162:110:1900:1935:504"", ""code:2022:162:110:1900:1943:506"", ""code:2022:162:110:1900:1945:501"", ""code:2022:162:110:1900:1945:504"", ""code:2022:162:110:1900:1946:501"", ""code:2022:162:110:1900:1946:502"", ""code:2022:162:110:1900:1946:505"", ""code:2022:162:110:1900:1946:507"", ""code:2022:162:110:1900:1948:500""]",JOINT_ANALYSIS,FULLY_REPORTED,FULLY_COMPARABLE,False,False,11,193957000000,0.040457420974752134,0,0.0,0,0.0,0,0.0,0,0.0,0,0.0,0,0.0,0,0,0,0.0,0,0.0,MEDIUM,NONE,both,10,10,165061000000,165061000000,181070000000,91634000000,0.09698838611180109,-0.4448476623793628,국가사회정보화,193957000000,193957000000,1,"[""GENERAL_ACCOUNT""]",202573000000,202573000000,1,"[""GENERAL_ACCOUNT""]",False,True,0.04442221729558613,1.0,PROGRAM_TOTAL_SINGLE_ACCOUNT,False,193957000000,193957000000,1,"[""GENERAL_ACCOUNT""]",127319000000,127319000000,2,"[""GENERAL_ACCOUNT"", ""SPECIAL_ACCOUNT""]",False,False,,1.0,UNAVAILABLE_MIXED_OR_UNLINKED,False,False,0.0,True,0.0,0.0,0.0,0.0,0.6046511627906976,0.8214285714285714,False,False,False,False,False,False,False,False,False,10,165061000000,181070000000,0.09698838611180109,False,False,False,False,10,165061000000,91634000000,-0.4448476623793628,False,False,False,False,0,False,False,0,LIMITED,0,0,False,False,False,INFORMATION,MONITOR,5,DETAILED_PROJECT_REVIEW,"현재 신호 미검출, 신규 자료 유입 시 재점검",NO_REVIEW_SIGNAL,162:2022:일반·지방행정:정부자원관리:1900:GENERAL_ACCOUNT,5,0.0,equal_mean_of_three_signal_components,tiebreak_only,False,,,,,,,,MONITOR,MONITOR,6,NO_CURRENT_TRIGGER_DETECTED_NOT_SAFE_CONCLUSION,NOT_ASSESSED,REVIEW_WORKFLOW_ORDER_NOT_POLICY_EFFECTIVENESS_RANK,27,12,330,117
과학기술정보통신부,2023,Ⅳ-1,콘텐츠방송산업육성,,,,,콘텐츠방송산업육성,2,2,2,2,0,0,2,ALL_COMPARABLE_AT_OR_ABOVE_TARGET,"[""MSIT-2023-IV1-01"", ""MSIT-2023-IV1-02""]",162,EXACT_NAME_UNIQUE_FINANCIAL,True,문화및관광,문화예술,1100,콘텐츠방송산업육성,콘텐츠방송산업육성,FUND,192161000000,192161000000,191957208220,0.9989394737745952,COMPLETE,HIGH,7,7,0,"[""code:2023:162:564:1100:1131:301"", ""code:2023:162:564:1100:1131:308"", ""code:2023:162:564:1100:1139:303"", ""code:2023:162:564:1100:1140:301"", ""code:2023:162:564:1100:1141:305"", ""code:2023:162:564:1100:1141:308"", ""code:2023:162:564:1100:1141:500""]",JOINT_ANALYSIS,FULLY_REPORTED,FULLY_COMPARABLE,False,False,7,192161000000,0.0,0,0.0,0,0.0,0,0.0,0,0.0,0,0.0,0,0.0,0,0,0,0.0,0,0.0,MEDIUM,NONE,both,7,,192161000000,,131935000000,,-0.31341427240699204,,콘텐츠방송산업육성,275251000000,275251000000,2,"[""FUND"", ""GENERAL_ACCOUNT""]",195220000000,195220000000,2,"[""FUND"", ""GENERAL_ACCOUNT""]",False,False,,1.0,UNAVAILABLE_MIXED_OR_UNLINKED,False,275251000000,275251000000,2,"[""FUND"", ""GENERAL_ACCOUNT""]",,119815000000,2,"[""FUND"", ""GENERAL_ACCOUNT""]",False,False,,1.0,UNAVAILABLE_MIXED_OR_UNLINKED,False,False,0.0,True,0.0,0.0,0.0,0.0,0.6014492753623188,0.7931034482758621,False,False,False,False,False,False,False,False,True,7,192161000000,131935000000,-0.31341427240699204,True,False,False,False,,,,,False,False,False,False,0,False,False,0,LIMITED,0,0,False,False,False,INFORMATION,MONITOR,5,DETAILED_PROJECT_REVIEW,"현재 신호 미검출, 신규 자료 유입 시 재점검",NO_REVIEW_SIGNAL,162:2023:문화및관광:문화예술:1100:FUND,5,0.0,equal_mean_of_three_signal_components,tiebreak_only,False,,,,,,,,MONITOR,MONITOR,6,NO_CURRENT_TRIGGER_DETECTED_NOT_SAFE_CONCLUSION,NOT_ASSESSED,REVIEW_WORKFLOW_ORDER_NOT_POLICY_EFFECTIVENESS_RANK,28,13,331,118
과학기술정보통신부,2022,Ⅳ-8,인터넷융합산업,2000,통신,정보통신,CONFIRMED,인터넷융합산업,2,2,2,2,0,0,2,ALL_COMPARABLE_AT_OR_ABOVE_TARGET,"[""MSIT-2022-IV8-01"", ""MSIT-2022-IV8-02""]",162,EXACT_CONFIRMED_HIERARCHY,True,통신,정보통신,2000,인터넷융합산업,인터넷융합산업,FUND,185066000000,185066000000,185066000000,1.0,COMPLETE,HIGH,14,14,0,"[""code:2022:162:543:2000:2031:307"", ""code:2022:162:543:2000:2031:309"", ""code:2022:162:543:2000:2031:327"", ""code:2022:162:543:2000:2032:302"", ""code:2022:162:543:2000:2033:310"", ""code:2022:162:543:2000:2033:320"", ""code:2022:162:543:2000:2033:402"", ""code:2022:162:543:2000:2033:501"", ""code:2022:162:543:2000:2033:502"", ""code:2022:162:564:2000:2032:302"", ""code:2022:162:564:2000:2032:304"", ""code:2022:162:564:2000:2032:305"", ""code:2022:162:564:2000:2032:310"", ""code:2022:162:564:2000:2032:401""]",JOINT_ANALYSIS,FULLY_REPORTED,FULLY_COMPARABLE,False,False,14,185066000000,0.0,0,0.0,0,0.0,0,0.0,0,0.0,0,0.0,0,0.0,0,0,0,0.0,0,0.0,MEDIUM,NONE,both,9,8,143164000000,140897000000,127697000000,87062000000,-0.1080369366600542,-0.3820876242929232,인터넷융합산업,273603000000,273603000000,3,"[""FUND"", ""GENERAL_ACCOUNT"", ""SPECIAL_ACCOUNT""]",334994000000,334994000000,3,"[""FUND"", ""GENERAL_ACCOUNT"", ""SPECIAL_ACCOUNT""]",False,False,,1.0,UNAVAILABLE_MIXED_OR_UNLINKED,False,273603000000,273603000000,3,"[""FUND"", ""GENERAL_ACCOUNT"", ""SPECIAL_ACCOUNT""]",301955000000,301955000000,3,"[""FUND"", ""GENERAL_ACCOUNT"", ""SPECIAL_ACCOUNT""]",False,False,,1.0,UNAVAILABLE_MIXED_OR_UNLINKED,False,False,0.0,True,0.0,0.0,0.0,0.0,0.5813953488372093,0.7678571428571429,False,False,False,False,False,False,False,False,False,9,143164000000,127697000000,-0.1080369366600542,False,False,False,False,8,140897000000,87062000000,-0.3820876242929232,False,False,False,False,0,False,False,0,LIMITED,0,0,False,False,False,INFORMATION,MONITOR,5,DETAILED_PROJECT_REVIEW,"현재 신호 미검출, 신규 자료 유입 시 재점검",NO_REVIEW_SIGNAL,162:2022:통신:정보통신:2000:FUND,5,0.0,equal_mean_of_three_signal_components,tiebreak_only,False,,,,,,,,MONITOR,MONITOR,6,NO_CURRENT_TRIGGER_DETECTED_NOT_SAFE_CONCLUSION,NOT_ASSESSED,REVIEW_WORKFLOW_ORDER_NOT_POLICY_EFFECTIVENESS_RANK,29,14,332,119
과학기술정보통신부,2022,Ⅲ-3,공공연구성과 활성화,4600,과학기술,과학기술연구지원,CONFIRMED,공공연구성과활성화,2,2,2,2,0,0,2,ALL_COMPARABLE_AT_OR_ABOVE_TARGET,"[""MSIT-2022-III3-01"", ""MSIT-2022-III3-02""]",162,EXACT_CONFIRMED_HIERARCHY,True,과학기술,과학기술연구지원,4600,공공연구성과활성화,공공연구성과활성화,SPECIAL_ACCOUNT,181319000000,182319000000,182319000000,1.0,COMPLETE,HIGH,4,4,0,"[""code:2022:162:236:4600:4632:401"", ""code:2022:162:236:4600:4632:402"", ""code:2022:162:238:4600:4602:301"", ""code:2022:162:238:4600:4602:302""]",JOINT_ANALYSIS,FULLY_REPORTED,FULLY_COMPARABLE,False,False,4,181319000000,0.0,0,0.0,0,0.0,0,0.0,0,0.0,0,0.0,0,0.0,0,0,0,0.0,0,0.0,MEDIUM,NONE,both,4,3,181319000000,170703000000,170139000000,125757000000,-0.06165928556852839,-0.2632994147730268,공공연구성과활성화,288846000000,288846000000,2,"[""GENERAL_ACCOUNT"", ""SPECIAL_ACCOUNT""]",289485000000,289485000000,2,"[""GENERAL_ACCOUNT"", ""SPECIAL_ACCOUNT""]",False,False,,1.0,UNAVAILABLE_MIXED_OR_UNLINKED,False,288846000000,288846000000,2,"[""GENERAL_ACCOUNT"", ""SPECIAL_ACCOUNT""]",190020000000,190020000000,2,"[""GENERAL_ACCOUNT"", ""SPECIAL_ACCOUNT""]",False,False,,1.0,UNAVAILABLE_MIXED_OR_UNLINKED,False,False,0.0,True,0.0,0.0,0.0,0.0,0.5736434108527132,0.75,False,False,False,False,False,False,False,False,True,4,181319000000,170139000000,-0.06165928556852839,True,False,False,False,3,170703000000,125757000000,-0.2632994147730268,False,False,False,False,0,False,False,0,LIMITED,0,0,False,False,False,INFORMATION,MONITOR,5,DETAILED_PROJECT_REVIEW,"현재 신호 미검출, 신규 자료 유입 시 재점검",NO_REVIEW_SIGNAL,162:2022:과학기술:과학기술연구지원:4600:SPECIAL_ACCOUNT,5,0.0,equal_mean_of_three_signal_components,tiebreak_only,False,,,,,,,,MONITOR,MONITOR,6,NO_CURRENT_TRIGGER_DETECTED_NOT_SAFE_CONCLUSION,NOT_ASSESSED,REVIEW_WORKFLOW_ORDER_NOT_POLICY_EFFECTIVENESS_RANK,30,15,333,120
과학기술정보통신부,2023,Ⅲ-3,공공연구성과활성화,4600,과학기술,과학기술연구지원,CONFIRMED,공공연구성과활성화,2,2,2,2,0,0,2,ALL_COMPARABLE_AT_OR_ABOVE_TARGET,"[""MSIT-2023-III3-01"", ""MSIT-2023-III3-02""]",162,EXACT_CONFIRMED_HIERARCHY,True,과학기술,과학기술연구지원,4600,공공연구성과활성화,공공연구성과활성화,SPECIAL_ACCOUNT,170139000000,170139000000,170139000000,1.0,COMPLETE,HIGH,4,4,0,"[""code:2023:162:236:4600:4632:401"", ""code:2023:162:236:4600:4632:402"", ""code:2023:162:238:4600:4602:301"", ""code:2023:162:238:4600:4602:302""]",JOINT_ANALYSIS,FULLY_REPORTED,FULLY_COMPARABLE,False,False,4,170139000000,0.0,0,0.0,0,0.0,0,0.0,0,0.0,0,0.0,0,0.0,0,0,0,0.0,0,0.0,MEDIUM,NONE,both,3,,163678000000,,125757000000,,-0.23168049462969978,,공공연구성과활성화,289485000000,289485000000,2,"[""GENERAL_ACCOUNT"", ""SPECIAL_ACCOUNT""]",190020000000,190020000000,2,"[""GENERAL_ACCOUNT"", ""SPECIAL_ACCOUNT""]",False,False,,1.0,UNAVAILABLE_MIXED_OR_UNLINKED,False,289485000000,289485000000,2,"[""GENERAL_ACCOUNT"", ""SPECIAL_ACCOUNT""]",,257119000000,2,"[""GENERAL_ACCOUNT"", ""SPECIAL_ACCOUNT""]",False,False,,1.0,UNAVAILABLE_MIXED_OR_UNLINKED,False,False,0.0,True,0.0,0.0,0.0,0.0,0.5797101449275363,0.7586206896551724,False,False,False,False,False,False,False,False,False,3,163678000000,125757000000,-0.23168049462969978,False,False,False,False,,,,,False,False,False,False,0,False,False,0,LIMITED,0,0,False,False,False,INFORMATION,MONITOR,5,DETAILED_PROJECT_REVIEW,"현재 신호 미검출, 신규 자료 유입 시 재점검",NO_REVIEW_SIGNAL,162:2023:과학기술:과학기술연구지원:4600:SPECIAL_ACCOUNT,5,0.0,equal_mean_of_three_signal_components,tiebreak_only,False,,,,,,,,MONITOR,MONITOR,6,NO_CURRENT_TRIGGER_DETECTED_NOT_SAFE_CONCLUSION,NOT_ASSESSED,REVIEW_WORKFLOW_ORDER_NOT_POLICY_EFFECTIVENESS_RANK,31,16,334,121
과학기술정보통신부,2024,Ⅴ-1,정보보호및활용,,,,,정보보호및활용,1,1,1,1,0,0,1,ALL_COMPARABLE_AT_OR_ABOVE_TARGET,"[""MSIT-2024-V1-01""]",162,EXACT_NAME,True,통신,정보통신,2300,정보보호및활용,정보보호및활용,FUND,169251000000,169251000000,169251000000,1.0,COMPLETE,HIGH,6,6,0,"[""code:2024:162:543:2300:2331:304"", ""code:2024:162:543:2300:2331:305"", ""code:2024:162:543:2300:2333:304"", ""code:2024:162:543:2300:2333:306"", ""code:2024:162:543:2300:2333:307"", ""code:2024:162:543:2300:2333:308""]",JOINT_ANALYSIS,FULLY_REPORTED,FULLY_COMPARABLE,False,False,6,169251000000,0.11816769177139279,0,0.0,0,0.0,0,0.0,0,0.0,0,0.0,0,0.0,0,0,0,0.0,0,0.0,MEDIUM,NONE,both,,,,,,,,,정보보호및활용,296969000000,296969000000,2,"[""FUND"", ""GENERAL_ACCOUNT""]",,299192000000,2,"[""FUND"", ""GENERAL_ACCOUNT""]",False,False,,1.0,UNAVAILABLE_MIXED_OR_UNLINKED,False,296969000000,296969000000,2,"[""FUND"", ""GENERAL_ACCOUNT""]",,,,,False,False,,1.0,UNAVAILABLE_MIXED_OR_UNLINKED,False,False,0.0,True,0.0,0.0,0.0,0.0,0.6058394160583942,0.7966101694915254,False,False,False,False,False,False,False,False,False,,,,,False,False,False,False,,,,,False,False,False,False,0,False,False,0,LIMITED,0,0,False,False,False,INFORMATION,MONITOR,5,DETAILED_PROJECT_REVIEW,"현재 신호 미검출, 신규 자료 유입 시 재점검",NO_REVIEW_SIGNAL,162:2024:통신:정보통신:2300:FUND,5,0.0,equal_mean_of_three_signal_components,tiebreak_only,False,,,,,,,,MONITOR,MONITOR,6,NO_CURRENT_TRIGGER_DETECTED_NOT_SAFE_CONCLUSION,NOT_ASSESSED,REVIEW_WORKFLOW_ORDER_NOT_POLICY_EFFECTIVENESS_RANK,32,17,335,122
과학기술정보통신부,2022,Ⅳ-10,인공지능데이터 진흥,,,,,인공지능데이터진흥,2,2,2,2,0,0,2,ALL_COMPARABLE_AT_OR_ABOVE_TARGET,"[""MSIT-2022-IV10-01"", ""MSIT-2022-IV10-02""]",162,EXACT_NAME_UNIQUE_FINANCIAL,True,통신,정보통신,2600,인공지능데이터진흥,인공지능데이터진흥,GENERAL_ACCOUNT,160211000000,160211000000,160211000000,1.0,COMPLETE,HIGH,12,12,0,"[""code:2022:162:110:2600:2601:302"", ""code:2022:162:110:2600:2601:307"", ""code:2022:162:110:2600:2601:312"", ""code:2022:162:110:2600:2601:313"", ""code:2022:162:110:2600:2601:315"", ""code:2022:162:110:2600:2603:305"", ""code:2022:162:110:2600:2603:306"", ""code:2022:162:110:2600:2603:308"", ""code:2022:162:110:2600:2603:310"", ""code:2022:162:110:2600:2603:311"", ""code:2022:162:110:2600:2603:314"", ""code:2022:162:110:2600:2603:315""]",JOINT_ANALYSIS,FULLY_REPORTED,FULLY_COMPARABLE,False,False,12,160211000000,0.0,0,0.0,0,0.0,0,0.0,0,0.0,0,0.0,0,0.0,0,0,0,0.0,0,0.0,MEDIUM,NONE,both,10,6,139311000000,101879000000,176021000000,129422000000,0.2635111369525737,0.27035012122223423,인공지능데이터진흥,1200511000000,1200511000000,3,"[""FUND"", ""GENERAL_ACCOUNT"", ""SPECIAL_ACCOUNT""]",882061000000,882061000000,3,"[""FUND"", ""GENERAL_ACCOUNT"", ""SPECIAL_ACCOUNT""]",False,False,,1.0,UNAVAILABLE_MIXED_OR_UNLINKED,False,1200511000000,1200511000000,3,"[""FUND"", ""GENERAL_ACCOUNT"", ""SPECIAL_ACCOUNT""]",584781000000,584781000000,3,"[""FUND"", ""GENERAL_ACCOUNT"", ""SPECIAL_ACCOUNT""]",False,False,,1.0,UNAVAILABLE_MIXED_OR_UNLINKED,False,False,0.0,True,0.0,0.0,0.0,0.0,0.5581395348837209,0.7321428571428571,False,False,False,False,False,False,False,False,False,10,139311000000,176021000000,0.2635111369525737,False,False,False,False,6,101879000000,129422000000,0.27035012122223423,False,False,False,False,0,False,False,0,LIMITED,0,0,False,False,False,INFORMATION,MONITOR,5,DETAILED_PROJECT_REVIEW,"현재 신호 미검출, 신규 자료 유입 시 재점검",NO_REVIEW_SIGNAL,162:2022:통신:정보통신:2600:GENERAL_ACCOUNT,5,0.0,equal_mean_of_three_signal_components,tiebreak_only,False,,,,,,,,MONITOR,MONITOR,6,NO_CURRENT_TRIGGER_DETECTED_NOT_SAFE_CONCLUSION,NOT_ASSESSED,REVIEW_WORKFLOW_ORDER_NOT_POLICY_EFFECTIVENESS_RANK,33,18,336,123
고용노동부,2024,Ⅰ-1,고용창출,,,,,고용창출,1,1,1,1,0,0,1,ALL_COMPARABLE_AT_OR_ABOVE_TARGET,"[""MOEL-2024-I1-01""]",019,EXACT_NAME_UNIQUE_FINANCIAL,True,사회복지,고용,1000,고용창출,고용창출,SPECIAL_ACCOUNT,156327000000,156327000000,152551379560,0.9758479313234438,COMPLETE,HIGH,3,3,0,"[""code:2024:019:236:1000:1037:312"", ""code:2024:019:236:1000:1037:313"", ""code:2024:019:236:1000:1056:317""]",JOINT_ANALYSIS,FULLY_REPORTED,FULLY_COMPARABLE,False,False,3,156327000000,0.0,0,0.0,0,0.0,0,0.0,0,0.0,0,0.0,0,0.0,0,0,0,0.0,0,0.0,MEDIUM,NONE,both,,,,,,,,,고용창출,2026734000000,2026734000000,3,"[""FUND"", ""GENERAL_ACCOUNT"", ""SPECIAL_ACCOUNT""]",,1974011000000,3,"[""FUND"", ""GENERAL_ACCOUNT"", ""SPECIAL_ACCOUNT""]",False,False,,1.0,UNAVAILABLE_MIXED_OR_UNLINKED,False,2026734000000,2026734000000,3,"[""FUND"", ""GENERAL_ACCOUNT"", ""SPECIAL_ACCOUNT""]",,,,,False,False,,1.0,UNAVAILABLE_MIXED_OR_UNLINKED,False,False,0.0,True,0.0,0.0,0.0,0.0,0.5985401459854015,0.3684210526315789,False,False,False,False,False,False,False,False,False,,,,,False,False,False,False,,,,,False,False,False,False,0,False,False,0,LIMITED,0,0,False,False,False,INFORMATION,MONITOR,5,DETAILED_PROJECT_REVIEW,"현재 신호 미검출, 신규 자료 유입 시 재점검",NO_REVIEW_SIGNAL,019:2024:사회복지:고용:1000:SPECIAL_ACCOUNT,5,0.0,equal_mean_of_three_signal_components,tiebreak_only,False,,,,,,,,MONITOR,MONITOR,6,NO_CURRENT_TRIGGER_DETECTED_NOT_SAFE_CONCLUSION,NOT_ASSESSED,REVIEW_WORKFLOW_ORDER_NOT_POLICY_EFFECTIVENESS_RANK,34,4,337,51
중소벤처기업부,2022,I-1,중소기업육성지원,,,,,중소기업육성지원,3,3,3,3,0,0,3,ALL_COMPARABLE_AT_OR_ABOVE_TARGET,"[""중기부-2022-I1-01"", ""중기부-2022-I1-02"", ""중기부-2022-I1-03""]",102,EXACT_NAME,True,산업·중소기업및에너지,중소기업및소상공인육성,4800,중소기업육성지원,중소기업육성지원,GENERAL_ACCOUNT,144895000000,144895000000,144599201170,0.9979585297629318,COMPLETE,HIGH,8,8,0,"[""code:2022:102:110:4800:4834:305"", ""code:2022:102:110:4800:4835:301"", ""code:2022:102:110:4800:4835:305"", ""code:2022:102:110:4800:4835:307"", ""code:2022:102:110:4800:4837:301"", ""code:2022:102:110:4800:4838:301"", ""code:2022:102:110:4800:4838:471"", ""code:2022:102:110:4800:4839:472""]",JOINT_ANALYSIS,FULLY_REPORTED,FULLY_COMPARABLE,False,False,8,144895000000,0.0,0,0.0,0,0.0,0,0.0,0,0.0,0,0.0,0,0.0,0,0,0,0.0,0,0.0,MEDIUM,NONE,both,8,8,144895000000,144895000000,138899000000,136564000000,-0.04138169018944753,-0.0574968080334035,중소기업육성지원,146862000000,146862000000,2,"[""FUND"", ""GENERAL_ACCOUNT""]",140847000000,140847000000,2,"[""FUND"", ""GENERAL_ACCOUNT""]",False,False,,1.0,UNAVAILABLE_MIXED_OR_UNLINKED,False,146862000000,146862000000,2,"[""FUND"", ""GENERAL_ACCOUNT""]",136564000000,136564000000,1,"[""GENERAL_ACCOUNT""]",False,False,,1.0,UNAVAILABLE_MIXED_OR_UNLINKED,False,False,0.0,True,0.0,0.0,0.0,0.0,0.5426356589147286,0.5454545454545454,False,False,False,False,False,False,False,False,True,8,144895000000,138899000000,-0.04138169018944753,True,False,False,True,8,144895000000,136564000000,-0.0574968080334035,True,False,False,False,0,False,False,0,LIMITED,0,0,False,False,False,INFORMATION,MONITOR,5,DETAILED_PROJECT_REVIEW,"현재 신호 미검출, 신규 자료 유입 시 재점검",NO_REVIEW_SIGNAL,102:2022:산업·중소기업및에너지:중소기업및소상공인육성:4800:GENERAL_ACCOUNT,5,0.0,equal_mean_of_three_signal_components,tiebreak_only,False,,,,,,,,MONITOR,MONITOR,6,NO_CURRENT_TRIGGER_DETECTED_NOT_SAFE_CONCLUSION,NOT_ASSESSED,REVIEW_WORKFLOW_ORDER_NOT_POLICY_EFFECTIVENESS_RANK,35,6,338,57
과학기술정보통신부,2022,Ⅰ-4,원자력 진흥,1400,,,CONFIRMED,원자력진흥,1,1,1,1,0,0,1,ALL_COMPARABLE_AT_OR_ABOVE_TARGET,"[""MSIT-2022-I4-01""]",162,EXACT_CODE,True,과학기술,과학기술연구개발,1400,원자력 진흥,원자력 진흥,FUND,141122000000,141122000000,141122000000,1.0,COMPLETE,HIGH,18,18,0,"[""code:2022:162:546:1400:1434:301"", ""code:2022:162:546:1400:1434:302"", ""code:2022:162:546:1400:1434:303"", ""code:2022:162:546:1400:1434:304"", ""code:2022:162:546:1400:1434:305"", ""code:2022:162:546:1400:1434:401"", ""code:2022:162:546:1400:1434:402"", ""code:2022:162:546:1400:1434:408"", ""code:2022:162:546:1400:1434:409"", ""code:2022:162:546:1400:1434:411"", ""code:2022:162:546:1400:1434:412"", ""code:2022:162:546:1400:1434:419"", ""code:2022:162:546:1400:1434:420"", ""code:2022:162:546:1400:1434:421"", ""code:2022:162:546:1400:1434:422"", ""code:2022:162:546:1400:1434:423"", ""code:2022:162:546:1400:1434:424"", ""code:2022:162:546:1400:1434:426""]",JOINT_ANALYSIS,FULLY_REPORTED,FULLY_COMPARABLE,False,False,18,141122000000,0.0,0,0.0,0,0.0,0,0.0,0,0.0,0,0.0,0,0.0,0,0,0,0.0,0,0.0,MEDIUM,NONE,both,14,8,120738000000,91929000000,134005000000,75903000000,0.10988255561629313,-0.1743301896028457,원자력 진흥,297379000000,297379000000,3,"[""FUND"", ""GENERAL_ACCOUNT"", ""SPECIAL_ACCOUNT""]",308402000000,308402000000,3,"[""FUND"", ""GENERAL_ACCOUNT"", ""SPECIAL_ACCOUNT""]",False,False,,1.0,UNAVAILABLE_MIXED_OR_UNLINKED,False,297379000000,297379000000,3,"[""FUND"", ""GENERAL_ACCOUNT"", ""SPECIAL_ACCOUNT""]",285678000000,285678000000,3,"[""FUND"", ""GENERAL_ACCOUNT"", ""SPECIAL_ACCOUNT""]",False,False,,1.0,UNAVAILABLE_MIXED_OR_UNLINKED,False,False,0.0,True,0.0,0.0,0.0,0.0,0.5193798449612403,0.6964285714285714,False,False,False,False,False,False,False,False,False,14,120738000000,134005000000,0.10988255561629313,False,False,False,False,8,91929000000,75903000000,-0.1743301896028457,False,False,False,False,0,False,False,0,LIMITED,0,0,False,False,False,INFORMATION,MONITOR,5,DETAILED_PROJECT_REVIEW,"현재 신호 미검출, 신규 자료 유입 시 재점검",NO_REVIEW_SIGNAL,162:2022:과학기술:과학기술연구개발:1400:FUND,5,0.0,equal_mean_of_three_signal_components,tiebreak_only,False,,,,,,,,MONITOR,MONITOR,6,NO_CURRENT_TRIGGER_DETECTED_NOT_SAFE_CONCLUSION,NOT_ASSESSED,REVIEW_WORKFLOW_ORDER_NOT_POLICY_EFFECTIVENESS_RANK,36,19,339,124
과학기술정보통신부,2022,Ⅱ-2,과학기술인력 양성,1700,,,CONFIRMED,과학기술인력양성,2,2,2,2,0,0,2,ALL_COMPARABLE_AT_OR_ABOVE_TARGET,"[""MSIT-2022-II2-01"", ""MSIT-2022-II2-02""]",162,EXACT_CODE,True,과학기술,과학기술인력및문화,1700,과학기술인력양성,과학기술인력양성,GENERAL_ACCOUNT,128574000000,128574000000,128574000000,1.0,COMPLETE,HIGH,5,5,0,"[""code:2022:162:110:1700:1738:402"", ""code:2022:162:110:1700:1744:404"", ""code:2022:162:110:1700:1744:411"", ""code:2022:162:110:1700:1744:412"", ""code:2022:162:110:1700:1752:401""]",JOINT_ANALYSIS,FULLY_REPORTED,FULLY_COMPARABLE,False,False,5,128574000000,0.0,0,0.0,0,0.0,0,0.0,0,0.0,0,0.0,0,0.0,0,0,0,0.0,0,0.0,MEDIUM,NONE,both,5,5,128574000000,128574000000,139397000000,114048000000,0.084177205344782,-0.1129777404451911,과학기술인력양성,161120000000,161120000000,3,"[""FUND"", ""GENERAL_ACCOUNT"", ""SPECIAL_ACCOUNT""]",189858000000,189858000000,3,"[""FUND"", ""GENERAL_ACCOUNT"", ""SPECIAL_ACCOUNT""]",False,False,,1.0,UNAVAILABLE_MIXED_OR_UNLINKED,False,161120000000,161120000000,3,"[""FUND"", ""GENERAL_ACCOUNT"", ""SPECIAL_ACCOUNT""]",156517000000,156517000000,3,"[""FUND"", ""GENERAL_ACCOUNT"", ""SPECIAL_ACCOUNT""]",False,False,,1.0,UNAVAILABLE_MIXED_OR_UNLINKED,False,False,0.0,True,0.0,0.0,0.0,0.0,0.5116279069767442,0.6785714285714286,False,False,False,False,False,False,False,False,True,5,128574000000,139397000000,0.084177205344782,True,False,False,True,5,128574000000,114048000000,-0.1129777404451911,True,False,False,False,0,False,False,0,LIMITED,0,0,False,False,False,INFORMATION,MONITOR,5,DETAILED_PROJECT_REVIEW,"현재 신호 미검출, 신규 자료 유입 시 재점검",NO_REVIEW_SIGNAL,162:2022:과학기술:과학기술인력및문화:1700:GENERAL_ACCOUNT,5,0.0,equal_mean_of_three_signal_components,tiebreak_only,False,,,,,,,,MONITOR,MONITOR,6,NO_CURRENT_TRIGGER_DETECTED_NOT_SAFE_CONCLUSION,NOT_ASSESSED,REVIEW_WORKFLOW_ORDER_NOT_POLICY_EFFECTIVENESS_RANK,37,20,340,125
과학기술정보통신부,2024,Ⅲ-3,공공연구성과활성화,4600,과학기술,과학기술연구지원,CONFIRMED,공공연구성과활성화,1,1,1,1,0,0,1,ALL_COMPARABLE_AT_OR_ABOVE_TARGET,"[""MSIT-2024-III3-01""]",162,EXACT_CONFIRMED_HIERARCHY,True,과학기술,과학기술연구지원,4600,공공연구성과활성화,공공연구성과활성화,SPECIAL_ACCOUNT,126390000000,126390000000,126390000000,1.0,COMPLETE,HIGH,4,4,0,"[""code:2024:162:236:4600:4632:401"", ""code:2024:162:236:4600:4632:402"", ""code:2024:162:238:4600:4602:301"", ""code:2024:162:238:4600:4602:302""]",JOINT_ANALYSIS,FULLY_REPORTED,FULLY_COMPARABLE,False,False,4,126390000000,0.0,0,0.0,0,0.0,0,0.0,0,0.0,0,0.0,0,0.0,0,0,0,0.0,0,0.0,MEDIUM,NONE,both,,,,,,,,,공공연구성과활성화,190020000000,190020000000,2,"[""GENERAL_ACCOUNT"", ""SPECIAL_ACCOUNT""]",,257119000000,2,"[""GENERAL_ACCOUNT"", ""SPECIAL_ACCOUNT""]",False,False,,1.0,UNAVAILABLE_MIXED_OR_UNLINKED,False,190020000000,190020000000,2,"[""GENERAL_ACCOUNT"", ""SPECIAL_ACCOUNT""]",,,,,False,False,,1.0,UNAVAILABLE_MIXED_OR_UNLINKED,False,False,0.0,True,0.0,0.0,0.0,0.0,0.5620437956204379,0.7288135593220338,False,False,False,False,False,False,False,False,False,,,,,False,False,False,False,,,,,False,False,False,False,0,False,False,0,LIMITED,0,0,False,False,False,INFORMATION,MONITOR,5,DETAILED_PROJECT_REVIEW,"현재 신호 미검출, 신규 자료 유입 시 재점검",NO_REVIEW_SIGNAL,162:2024:과학기술:과학기술연구지원:4600:SPECIAL_ACCOUNT,5,0.0,equal_mean_of_three_signal_components,tiebreak_only,False,,,,,,,,MONITOR,MONITOR,6,NO_CURRENT_TRIGGER_DETECTED_NOT_SAFE_CONCLUSION,NOT_ASSESSED,REVIEW_WORKFLOW_ORDER_NOT_POLICY_EFFECTIVENESS_RANK,38,21,341,126
과학기술정보통신부,2022,Ⅴ-1,정보보호및활용,,,,,정보보호및활용,2,2,2,2,0,0,2,ALL_COMPARABLE_AT_OR_ABOVE_TARGET,"[""MSIT-2022-V1-01"", ""MSIT-2022-V1-02""]",162,EXACT_NAME_UNIQUE_FINANCIAL,True,통신,정보통신,2300,정보보호및활용,정보보호및활용,GENERAL_ACCOUNT,123260000000,123260000000,123260000000,1.0,COMPLETE,HIGH,7,7,0,"[""code:2022:162:110:2300:2332:301"", ""code:2022:162:110:2300:2332:302"", ""code:2022:162:110:2300:2332:303"", ""code:2022:162:110:2300:2332:312"", ""code:2022:162:110:2300:2332:313"", ""code:2022:162:110:2300:2332:315"", ""code:2022:162:110:2300:2333:307""]",JOINT_ANALYSIS,FULLY_REPORTED,FULLY_COMPARABLE,False,False,7,123260000000,0.0,0,0.0,0,0.0,0,0.0,0,0.0,0,0.0,0,0.0,0,0,0,0.0,0,0.0,MEDIUM,NONE,both,7,6,123260000000,118960000000,132397000000,122743000000,0.0741278598085348,0.03180060524546066,정보보호및활용,219360000000,219360000000,2,"[""FUND"", ""GENERAL_ACCOUNT""]",230605000000,230605000000,2,"[""FUND"", ""GENERAL_ACCOUNT""]",False,False,,1.0,UNAVAILABLE_MIXED_OR_UNLINKED,False,219360000000,219360000000,2,"[""FUND"", ""GENERAL_ACCOUNT""]",296969000000,296969000000,2,"[""FUND"", ""GENERAL_ACCOUNT""]",False,False,,1.0,UNAVAILABLE_MIXED_OR_UNLINKED,False,False,0.0,True,0.0,0.0,0.0,0.0,0.5038759689922481,0.6607142857142857,False,False,False,False,False,False,False,False,True,7,123260000000,132397000000,0.0741278598085348,True,False,False,False,6,118960000000,122743000000,0.03180060524546066,False,False,False,False,0,False,False,0,LIMITED,0,0,False,False,False,INFORMATION,MONITOR,5,DETAILED_PROJECT_REVIEW,"현재 신호 미검출, 신규 자료 유입 시 재점검",NO_REVIEW_SIGNAL,162:2022:통신:정보통신:2300:GENERAL_ACCOUNT,5,0.0,equal_mean_of_three_signal_components,tiebreak_only,False,,,,,,,,MONITOR,MONITOR,6,NO_CURRENT_TRIGGER_DETECTED_NOT_SAFE_CONCLUSION,NOT_ASSESSED,REVIEW_WORKFLOW_ORDER_NOT_POLICY_EFFECTIVENESS_RANK,39,22,342,127
과학기술정보통신부,2024,Ⅱ-2,과학기술인력양성,1700,,,CONFIRMED,과학기술인력양성,1,1,1,1,0,0,1,ALL_COMPARABLE_AT_OR_ABOVE_TARGET,"[""MSIT-2024-II2-01""]",162,EXACT_CODE,True,과학기술,과학기술인력및문화,1700,과학기술인력양성,과학기술인력양성,GENERAL_ACCOUNT,114048000000,114048000000,114011000000,0.9996755751964084,COMPLETE,HIGH,5,5,0,"[""code:2024:162:110:1700:1738:402"", ""code:2024:162:110:1700:1744:404"", ""code:2024:162:110:1700:1744:411"", ""code:2024:162:110:1700:1744:412"", ""code:2024:162:110:1700:1752:401""]",JOINT_ANALYSIS,FULLY_REPORTED,FULLY_COMPARABLE,False,False,5,114048000000,0.026155653759820426,0,0.0,0,0.0,0,0.0,0,0.0,0,0.0,0,0.0,0,0,0,0.0,0,0.0,MEDIUM,NONE,both,,,,,,,,,과학기술인력양성,156517000000,156517000000,3,"[""FUND"", ""GENERAL_ACCOUNT"", ""SPECIAL_ACCOUNT""]",,222463000000,3,"[""FUND"", ""GENERAL_ACCOUNT"", ""SPECIAL_ACCOUNT""]",False,False,,1.0,UNAVAILABLE_MIXED_OR_UNLINKED,False,156517000000,156517000000,3,"[""FUND"", ""GENERAL_ACCOUNT"", ""SPECIAL_ACCOUNT""]",,,,,False,False,,1.0,UNAVAILABLE_MIXED_OR_UNLINKED,False,False,0.0,True,0.0,0.0,0.0,0.0,0.5401459854014599,0.6949152542372882,False,False,False,False,False,False,False,False,False,,,,,False,False,False,False,,,,,False,False,False,False,0,False,False,0,LIMITED,0,0,False,False,False,INFORMATION,MONITOR,5,DETAILED_PROJECT_REVIEW,"현재 신호 미검출, 신규 자료 유입 시 재점검",NO_REVIEW_SIGNAL,162:2024:과학기술:과학기술인력및문화:1700:GENERAL_ACCOUNT,5,0.0,equal_mean_of_three_signal_components,tiebreak_only,False,,,,,,,,MONITOR,MONITOR,6,NO_CURRENT_TRIGGER_DETECTED_NOT_SAFE_CONCLUSION,NOT_ASSESSED,REVIEW_WORKFLOW_ORDER_NOT_POLICY_EFFECTIVENESS_RANK,40,23,343,128
과학기술정보통신부,2024,Ⅳ-7,인터넷융합산업,2000,통신,정보통신,CONFIRMED,인터넷융합산업,2,1,1,1,0,0,1,ALL_COMPARABLE_AT_OR_ABOVE_TARGET,"[""MSIT-2024-IV7-01"", ""MSIT-2024-IV7-02""]",162,EXACT_CONFIRMED_HIERARCHY,True,통신,정보통신,2000,인터넷융합산업,인터넷융합산업,SPECIAL_ACCOUNT,110796000000,110796000000,110796000000,1.0,COMPLETE,HIGH,5,5,0,"[""code:2024:162:236:2000:2033:300"", ""code:2024:162:236:2000:2033:301"", ""code:2024:162:236:2000:2033:302"", ""code:2024:162:236:2000:2033:304"", ""code:2024:162:236:2000:2033:305"", ""code:2024:162:238:2000:2032:301""]",JOINT_ANALYSIS,PARTIALLY_REPORTED,PARTIALLY_COMPARABLE,False,False,5,110796000000,0.8982183472327521,0,0.0,0,0.0,0,0.0,0,0.0,0,0.0,0,0.0,0,0,0,0.0,0,0.0,MEDIUM,NONE,both,,,,,,,,,인터넷융합산업,301955000000,301955000000,3,"[""FUND"", ""GENERAL_ACCOUNT"", ""SPECIAL_ACCOUNT""]",,262350000000,3,"[""FUND"", ""GENERAL_ACCOUNT"", ""SPECIAL_ACCOUNT""]",False,False,,1.0,UNAVAILABLE_MIXED_OR_UNLINKED,False,301955000000,301955000000,3,"[""FUND"", ""GENERAL_ACCOUNT"", ""SPECIAL_ACCOUNT""]",,,,,False,False,,1.0,UNAVAILABLE_MIXED_OR_UNLINKED,False,False,0.0,True,0.0,0.0,0.0,0.0,0.5328467153284672,0.6779661016949152,False,False,False,False,False,False,False,False,False,,,,,False,False,False,False,,,,,False,False,False,False,0,False,False,0,LIMITED,0,0,False,False,False,INFORMATION,MONITOR,5,DETAILED_PROJECT_REVIEW,"현재 신호 미검출, 신규 자료 유입 시 재점검",NO_REVIEW_SIGNAL,162:2024:통신:정보통신:2000:SPECIAL_ACCOUNT,5,0.0,equal_mean_of_three_signal_components,tiebreak_only,False,,,,,,,,MONITOR,MONITOR,6,NO_CURRENT_TRIGGER_DETECTED_NOT_SAFE_CONCLUSION,NOT_ASSESSED,REVIEW_WORKFLOW_ORDER_NOT_POLICY_EFFECTIVENESS_RANK,41,24,344,129
중소벤처기업부,2024,Ⅳ-1,중소기업기술개발지원,,,,,중소기업기술개발지원,1,1,1,1,0,0,1,ALL_COMPARABLE_AT_OR_ABOVE_TARGET,"[""중기부-2024-IIII1-01""]",102,EXACT_NAME_UNIQUE_FINANCIAL,True,산업·중소기업및에너지,중소기업및소상공인육성,2100,중소기업기술개발지원,중소기업기술개발지원,SPECIAL_ACCOUNT,110387000000,110387000000,110387000000,1.0,COMPLETE,HIGH,9,9,0,"[""code:2024:102:236:2100:2151:302"", ""code:2024:102:236:2100:2151:309"", ""code:2024:102:236:2100:2151:310"", ""code:2024:102:238:2100:2134:302"", ""code:2024:102:238:2100:2134:303"", ""code:2024:102:238:2100:2134:309"", ""code:2024:102:238:2100:2134:352"", ""code:2024:102:238:2100:2134:353"", ""code:2024:102:238:2100:2134:354""]",JOINT_ANALYSIS,FULLY_REPORTED,FULLY_COMPARABLE,False,False,9,110387000000,0.1361392192921268,0,0.0,0,0.0,0,0.0,0,0.0,0,0.0,0,0.0,0,0,1,0.0680696096460634,0,0.0,MEDIUM,MULTIPLE_FINANCIAL_SIGNALS,both,,,,,,,,,중소기업기술개발지원,1536459000000,1536459000000,2,"[""GENERAL_ACCOUNT"", ""SPECIAL_ACCOUNT""]",,1747465000000,2,"[""GENERAL_ACCOUNT"", ""SPECIAL_ACCOUNT""]",False,False,,1.0,UNAVAILABLE_MIXED_OR_UNLINKED,False,1536459000000,1536459000000,2,"[""GENERAL_ACCOUNT"", ""SPECIAL_ACCOUNT""]",,,,,False,False,,1.0,UNAVAILABLE_MIXED_OR_UNLINKED,False,False,0.0,True,0.0,0.0,0.0,0.0,0.5255474452554745,0.55,False,False,False,False,False,False,False,False,False,,,,,False,False,False,False,,,,,False,False,False,False,0,False,False,0,LIMITED,0,0,False,False,False,INFORMATION,MONITOR,5,DETAILED_PROJECT_REVIEW,"현재 신호 미검출, 신규 자료 유입 시 재점검",NO_REVIEW_SIGNAL,102:2024:산업·중소기업및에너지:중소기업및소상공인육성:2100:SPECIAL_ACCOUNT,5,0.0,equal_mean_of_three_signal_components,tiebreak_only,False,,,,,,,,MONITOR,MONITOR,6,NO_CURRENT_TRIGGER_DETECTED_NOT_SAFE_CONCLUSION,NOT_ASSESSED,REVIEW_WORKFLOW_ORDER_NOT_POLICY_EFFECTIVENESS_RANK,42,7,345,58
보건복지부,2023,Ⅱ-1,보건의료서비스지원,,,,,보건의료서비스지원,2,2,2,2,0,0,2,ALL_COMPARABLE_AT_OR_ABOVE_TARGET,"[""MOHW-2023-II1-01"", ""MOHW-2023-II1-02""]",075,EXACT_NAME_UNIQUE_FINANCIAL,True,보건,보건의료,4300,보건의료서비스지원,보건의료서비스지원,GENERAL_ACCOUNT,108544000000,109121896790,108264299420,0.9921409231764876,COMPLETE,HIGH,12,12,0,"[""code:2023:075:110:4300:4331:300"", ""code:2023:075:110:4300:4331:301"", ""code:2023:075:110:4300:4331:302"", ""code:2023:075:110:4300:4333:300"", ""code:2023:075:110:4300:4333:301"", ""code:2023:075:110:4300:4333:322"", ""code:2023:075:110:4300:4333:323"", ""code:2023:075:110:4300:4334:500"", ""code:2023:075:110:4300:4335:300"", ""code:2023:075:110:4300:4337:300"", ""code:2023:075:110:4300:4339:301"", ""code:2023:075:110:4300:4348:300""]",JOINT_ANALYSIS,FULLY_REPORTED,FULLY_COMPARABLE,False,False,12,108544000000,0.20033350530660377,0,0.0,0,0.0,0,0.0,0,0.0,0,0.0,0,0.0,0,0,0,0.0,0,0.0,MEDIUM,NONE,both,10,,104809000000,,109042000000,,0.04038775296014655,,보건의료서비스지원,108544000000,108544000000,1,"[""GENERAL_ACCOUNT""]",122779000000,122779000000,1,"[""GENERAL_ACCOUNT""]",False,True,0.13114497346698112,1.0,PROGRAM_TOTAL_SINGLE_ACCOUNT,False,108544000000,108544000000,1,"[""GENERAL_ACCOUNT""]",,328054000000,1,"[""GENERAL_ACCOUNT""]",False,False,,1.0,PROGRAM_TOTAL_SINGLE_ACCOUNT,False,False,0.0,True,0.0,0.0,0.0,0.0,0.5072463768115942,0.4358974358974359,False,False,False,False,False,False,False,False,False,10,104809000000,109042000000,0.04038775296014655,False,False,False,False,,,,,False,False,False,False,0,False,False,0,LIMITED,0,0,False,False,False,INFORMATION,MONITOR,5,DETAILED_PROJECT_REVIEW,"현재 신호 미검출, 신규 자료 유입 시 재점검",NO_REVIEW_SIGNAL,075:2023:보건:보건의료:4300:GENERAL_ACCOUNT,5,0.0,equal_mean_of_three_signal_components,tiebreak_only,False,,,,,,,,MONITOR,MONITOR,6,NO_CURRENT_TRIGGER_DETECTED_NOT_SAFE_CONCLUSION,NOT_ASSESSED,REVIEW_WORKFLOW_ORDER_NOT_POLICY_EFFECTIVENESS_RANK,43,8,346,108
과학기술정보통신부,2022,Ⅲ-3,공공연구성과 활성화,4600,과학기술,과학기술연구지원,CONFIRMED,공공연구성과활성화,2,2,2,2,0,0,2,ALL_COMPARABLE_AT_OR_ABOVE_TARGET,"[""MSIT-2022-III3-01"", ""MSIT-2022-III3-02""]",162,EXACT_CONFIRMED_HIERARCHY,True,과학기술,과학기술연구지원,4600,공공연구성과활성화,공공연구성과활성화,GENERAL_ACCOUNT,107527000000,107552000000,107551987100,0.9999998800580184,COMPLETE,HIGH,11,11,0,"[""code:2022:162:110:4600:4602:307"", ""code:2022:162:110:4600:4602:308"", ""code:2022:162:110:4600:4602:312"", ""code:2022:162:110:4600:4602:404"", ""code:2022:162:110:4600:4602:407"", ""code:2022:162:110:4600:4602:409"", ""code:2022:162:110:4600:4602:411"", ""code:2022:162:110:4600:4631:321"", ""code:2022:162:110:4600:4631:401"", ""code:2022:162:110:4600:4631:403"", ""code:2022:162:110:4600:4631:405""]",JOINT_ANALYSIS,FULLY_REPORTED,FULLY_COMPARABLE,False,False,11,107527000000,0.0,0,0.0,0,0.0,0,0.0,0,0.0,0,0.0,0,0.0,0,0,0,0.0,0,0.0,MEDIUM,NONE,both,10,8,95696000000,75166000000,97519000000,40090000000,0.019049908042133423,-0.466647154298486,공공연구성과활성화,288846000000,288846000000,2,"[""GENERAL_ACCOUNT"", ""SPECIAL_ACCOUNT""]",289485000000,289485000000,2,"[""GENERAL_ACCOUNT"", ""SPECIAL_ACCOUNT""]",False,False,,1.0,UNAVAILABLE_MIXED_OR_UNLINKED,False,288846000000,288846000000,2,"[""GENERAL_ACCOUNT"", ""SPECIAL_ACCOUNT""]",190020000000,190020000000,2,"[""GENERAL_ACCOUNT"", ""SPECIAL_ACCOUNT""]",False,False,,1.0,UNAVAILABLE_MIXED_OR_UNLINKED,False,False,0.0,True,0.0,0.0,0.0,0.0,0.49612403100775193,0.6428571428571429,False,False,False,False,False,False,False,False,False,10,95696000000,97519000000,0.019049908042133423,False,False,False,False,8,75166000000,40090000000,-0.466647154298486,False,False,False,False,0,False,False,0,LIMITED,0,0,False,False,False,INFORMATION,MONITOR,5,DETAILED_PROJECT_REVIEW,"현재 신호 미검출, 신규 자료 유입 시 재점검",NO_REVIEW_SIGNAL,162:2022:과학기술:과학기술연구지원:4600:GENERAL_ACCOUNT,5,0.0,equal_mean_of_three_signal_components,tiebreak_only,False,,,,,,,,MONITOR,MONITOR,6,NO_CURRENT_TRIGGER_DETECTED_NOT_SAFE_CONCLUSION,NOT_ASSESSED,REVIEW_WORKFLOW_ORDER_NOT_POLICY_EFFECTIVENESS_RANK,44,25,347,130
과학기술정보통신부,2024,Ⅳ-7,인터넷융합산업,2000,통신,정보통신,CONFIRMED,인터넷융합산업,2,1,1,1,0,0,1,ALL_COMPARABLE_AT_OR_ABOVE_TARGET,"[""MSIT-2024-IV7-01"", ""MSIT-2024-IV7-02""]",162,EXACT_CONFIRMED_HIERARCHY,True,통신,정보통신,2000,인터넷융합산업,인터넷융합산업,FUND,103588000000,103588000000,103588000000,1.0,COMPLETE,HIGH,11,11,0,"[""code:2024:162:543:2000:2031:309"", ""code:2024:162:543:2000:2031:327"", ""code:2024:162:543:2000:2033:304"", ""code:2024:162:543:2000:2033:310"", ""code:2024:162:543:2000:2033:320"", ""code:2024:162:543:2000:2033:402"", ""code:2024:162:543:2000:2033:501"", ""code:2024:162:543:2000:2033:503"", ""code:2024:162:564:2000:2032:302"", ""code:2024:162:564:2000:2032:304"", ""code:2024:162:564:2000:2032:310""]",JOINT_ANALYSIS,PARTIALLY_REPORTED,PARTIALLY_COMPARABLE,False,False,11,103588000000,0.0412402981040275,0,0.0,0,0.0,0,0.0,0,0.0,0,0.0,0,0.0,0,0,0,0.0,0,0.0,MEDIUM,NONE,both,,,,,,,,,인터넷융합산업,301955000000,301955000000,3,"[""FUND"", ""GENERAL_ACCOUNT"", ""SPECIAL_ACCOUNT""]",,262350000000,3,"[""FUND"", ""GENERAL_ACCOUNT"", ""SPECIAL_ACCOUNT""]",False,False,,1.0,UNAVAILABLE_MIXED_OR_UNLINKED,False,301955000000,301955000000,3,"[""FUND"", ""GENERAL_ACCOUNT"", ""SPECIAL_ACCOUNT""]",,,,,False,False,,1.0,UNAVAILABLE_MIXED_OR_UNLINKED,False,False,0.0,True,0.0,0.0,0.0,0.0,0.5109489051094891,0.6440677966101694,False,False,False,False,False,False,False,False,False,,,,,False,False,False,False,,,,,False,False,False,False,0,False,False,0,LIMITED,0,0,False,False,False,INFORMATION,MONITOR,5,DETAILED_PROJECT_REVIEW,"현재 신호 미검출, 신규 자료 유입 시 재점검",NO_REVIEW_SIGNAL,162:2024:통신:정보통신:2000:FUND,5,0.0,equal_mean_of_three_signal_components,tiebreak_only,False,,,,,,,,MONITOR,MONITOR,6,NO_CURRENT_TRIGGER_DETECTED_NOT_SAFE_CONCLUSION,NOT_ASSESSED,REVIEW_WORKFLOW_ORDER_NOT_POLICY_EFFECTIVENESS_RANK,45,26,348,131
보건복지부,2022,Ⅱ-1,보건의료서비스지원,,,,,보건의료서비스지원,2,2,2,2,0,0,2,ALL_COMPARABLE_AT_OR_ABOVE_TARGET,"[""MOHW-2022-II1-01"", ""MOHW-2022-II1-02""]",075,EXACT_NAME_UNIQUE_FINANCIAL,True,보건,보건의료,4300,보건의료서비스지원,보건의료서비스지원,GENERAL_ACCOUNT,102947000000,103046775560,95848450330,0.9301450706159292,COMPLETE,HIGH,11,11,0,"[""code:2022:075:110:4300:4331:300"", ""code:2022:075:110:4300:4331:301"", ""code:2022:075:110:4300:4331:302"", ""code:2022:075:110:4300:4333:300"", ""code:2022:075:110:4300:4333:301"", ""code:2022:075:110:4300:4333:320"", ""code:2022:075:110:4300:4334:500"", ""code:2022:075:110:4300:4335:300"", ""code:2022:075:110:4300:4337:300"", ""code:2022:075:110:4300:4339:301"", ""code:2022:075:110:4300:4348:300""]",JOINT_ANALYSIS,FULLY_REPORTED,FULLY_COMPARABLE,False,False,11,102947000000,0.1875528184405568,0,0.0,0,0.0,0,0.0,0,0.0,0,0.0,0,0.0,0,0,2,0.08564601202560541,0,0.0,MEDIUM,MULTIPLE_FINANCIAL_SIGNALS,both,9,9,98047000000,98047000000,98758000000,103852000000,0.007251624221036849,0.05920629901985782,보건의료서비스지원,102947000000,102947000000,1,"[""GENERAL_ACCOUNT""]",108544000000,108544000000,1,"[""GENERAL_ACCOUNT""]",False,True,0.05436778147979057,1.0,PROGRAM_TOTAL_SINGLE_ACCOUNT,False,102947000000,102947000000,1,"[""GENERAL_ACCOUNT""]",122779000000,122779000000,1,"[""GENERAL_ACCOUNT""]",False,True,0.19264281620639748,1.0,PROGRAM_TOTAL_SINGLE_ACCOUNT,False,False,0.0,True,0.0,0.0,0.0,0.0,0.4883720930232558,0.42857142857142855,False,False,False,False,False,False,False,False,False,9,98047000000,98758000000,0.007251624221036849,False,False,False,False,9,98047000000,103852000000,0.05920629901985782,False,False,False,False,0,False,False,0,LIMITED,0,0,False,False,False,INFORMATION,MONITOR,5,DETAILED_PROJECT_REVIEW,"현재 신호 미검출, 신규 자료 유입 시 재점검",NO_REVIEW_SIGNAL,075:2022:보건:보건의료:4300:GENERAL_ACCOUNT,5,0.0,equal_mean_of_three_signal_components,tiebreak_only,False,,,,,,,,MONITOR,MONITOR,6,NO_CURRENT_TRIGGER_DETECTED_NOT_SAFE_CONCLUSION,NOT_ASSESSED,REVIEW_WORKFLOW_ORDER_NOT_POLICY_EFFECTIVENESS_RANK,46,9,349,109
중소벤처기업부,2024,Ⅰ-1;Ⅱ-1,중소기업성장안정지원,,,,,중소기업성장안정지원,3,3,3,3,0,0,3,ALL_COMPARABLE_AT_OR_ABOVE_TARGET,"[""중기부-2024-I1-01"", ""중기부-2024-II1-01"", ""중기부-2024-II1-02""]",102,EXACT_NAME_UNIQUE_FINANCIAL,True,산업·중소기업및에너지,중소기업및소상공인육성,1200,중소기업성장안정지원,중소기업성장안정지원,GENERAL_ACCOUNT,100000000000,100000000000,100000000000,1.0,COMPLETE,HIGH,2,2,0,"[""code:2024:102:110:1200:1231:881"", ""code:2024:102:110:1200:1231:882""]",JOINT_ANALYSIS,FULLY_REPORTED,FULLY_COMPARABLE,False,False,2,100000000000,0.0,0,0.0,0,0.0,0,0.0,0,0.0,0,0.0,0,0.0,0,0,0,0.0,0,0.0,MEDIUM,NONE,both,,,,,,,,,중소기업성장안정지원,3430813000000,2693576000000,2,"[""FUND"", ""GENERAL_ACCOUNT""]",,3674794000000,2,"[""FUND"", ""GENERAL_ACCOUNT""]",False,False,,0.7851130329749829,UNAVAILABLE_MIXED_OR_UNLINKED,False,3430813000000,2693576000000,2,"[""FUND"", ""GENERAL_ACCOUNT""]",,,,,False,False,,0.7851130329749829,UNAVAILABLE_MIXED_OR_UNLINKED,False,False,0.0,True,0.0,0.0,0.0,0.0,0.5036496350364964,0.5,False,False,False,False,False,False,False,False,False,,,,,False,False,False,False,,,,,False,False,False,False,0,False,False,0,LIMITED,0,0,False,False,False,INFORMATION,MONITOR,5,DETAILED_PROJECT_REVIEW,"현재 신호 미검출, 신규 자료 유입 시 재점검",NO_REVIEW_SIGNAL,102:2024:산업·중소기업및에너지:중소기업및소상공인육성:1200:GENERAL_ACCOUNT,5,0.0,equal_mean_of_three_signal_components,tiebreak_only,False,,,,,,,,MONITOR,MONITOR,6,NO_CURRENT_TRIGGER_DETECTED_NOT_SAFE_CONCLUSION,NOT_ASSESSED,REVIEW_WORKFLOW_ORDER_NOT_POLICY_EFFECTIVENESS_RANK,47,8,350,59
과학기술정보통신부,2022,Ⅴ-1,정보보호및활용,,,,,정보보호및활용,2,2,2,2,0,0,2,ALL_COMPARABLE_AT_OR_ABOVE_TARGET,"[""MSIT-2022-V1-01"", ""MSIT-2022-V1-02""]",162,EXACT_NAME_UNIQUE_FINANCIAL,True,통신,정보통신,2300,정보보호및활용,정보보호및활용,FUND,96100000000,96100000000,96100000000,1.0,COMPLETE,HIGH,3,3,0,"[""code:2022:162:543:2300:2331:304"", ""code:2022:162:543:2300:2331:305"", ""code:2022:162:543:2300:2333:304""]",JOINT_ANALYSIS,FULLY_REPORTED,FULLY_COMPARABLE,False,False,3,96100000000,0.0,0,0.0,0,0.0,0,0.0,0,0.0,0,0.0,0,0.0,0,0,0,0.0,0,0.0,MEDIUM,NONE,both,3,2,96100000000,93774000000,93433000000,117950000000,-0.027752341311134236,0.25781133363192354,정보보호및활용,219360000000,219360000000,2,"[""FUND"", ""GENERAL_ACCOUNT""]",230605000000,230605000000,2,"[""FUND"", ""GENERAL_ACCOUNT""]",False,False,,1.0,UNAVAILABLE_MIXED_OR_UNLINKED,False,219360000000,219360000000,2,"[""FUND"", ""GENERAL_ACCOUNT""]",296969000000,296969000000,2,"[""FUND"", ""GENERAL_ACCOUNT""]",False,False,,1.0,UNAVAILABLE_MIXED_OR_UNLINKED,False,False,0.0,True,0.0,0.0,0.0,0.0,0.4806201550387597,0.625,False,False,False,False,False,False,False,False,True,3,96100000000,93433000000,-0.027752341311134236,True,False,False,False,2,93774000000,117950000000,0.25781133363192354,False,False,False,False,0,False,False,0,LIMITED,0,0,False,False,False,INFORMATION,MONITOR,5,DETAILED_PROJECT_REVIEW,"현재 신호 미검출, 신규 자료 유입 시 재점검",NO_REVIEW_SIGNAL,162:2022:통신:정보통신:2300:FUND,5,0.0,equal_mean_of_three_signal_components,tiebreak_only,False,,,,,,,,MONITOR,MONITOR,6,NO_CURRENT_TRIGGER_DETECTED_NOT_SAFE_CONCLUSION,NOT_ASSESSED,REVIEW_WORKFLOW_ORDER_NOT_POLICY_EFFECTIVENESS_RANK,48,27,351,132
과학기술정보통신부,2022,Ⅰ-4,원자력 진흥,1400,,,CONFIRMED,원자력진흥,1,1,1,1,0,0,1,ALL_COMPARABLE_AT_OR_ABOVE_TARGET,"[""MSIT-2022-I4-01""]",162,EXACT_CODE,True,과학기술,과학기술연구개발,1400,원자력 진흥,원자력 진흥,SPECIAL_ACCOUNT,95772000000,102620800000,102620800000,1.0,COMPLETE,HIGH,4,4,0,"[""code:2022:162:236:1400:1435:305"", ""code:2022:162:236:1400:1440:402"", ""code:2022:162:236:1400:1442:403"", ""code:2022:162:238:1400:1432:301""]",JOINT_ANALYSIS,FULLY_REPORTED,FULLY_COMPARABLE,False,False,4,95772000000,0.0,0,0.0,0,0.0,0,0.0,0,0.0,0,0.0,0,0.0,0,0,0,0.0,0,0.0,MEDIUM,NONE,both,3,3,87501000000,87501000000,99448000000,108287000000,0.13653558245048628,0.2375515708391904,원자력 진흥,297379000000,297379000000,3,"[""FUND"", ""GENERAL_ACCOUNT"", ""SPECIAL_ACCOUNT""]",308402000000,308402000000,3,"[""FUND"", ""GENERAL_ACCOUNT"", ""SPECIAL_ACCOUNT""]",False,False,,1.0,UNAVAILABLE_MIXED_OR_UNLINKED,False,297379000000,297379000000,3,"[""FUND"", ""GENERAL_ACCOUNT"", ""SPECIAL_ACCOUNT""]",285678000000,285678000000,3,"[""FUND"", ""GENERAL_ACCOUNT"", ""SPECIAL_ACCOUNT""]",False,False,,1.0,UNAVAILABLE_MIXED_OR_UNLINKED,False,False,0.0,True,0.0,0.0,0.0,0.0,0.4728682170542636,0.6071428571428571,False,False,False,False,False,False,False,False,False,3,87501000000,99448000000,0.13653558245048628,False,False,False,False,3,87501000000,108287000000,0.2375515708391904,False,False,False,False,0,False,False,0,LIMITED,0,0,False,False,False,INFORMATION,MONITOR,5,DETAILED_PROJECT_REVIEW,"현재 신호 미검출, 신규 자료 유입 시 재점검",NO_REVIEW_SIGNAL,162:2022:과학기술:과학기술연구개발:1400:SPECIAL_ACCOUNT,5,0.0,equal_mean_of_three_signal_components,tiebreak_only,False,,,,,,,,MONITOR,MONITOR,6,NO_CURRENT_TRIGGER_DETECTED_NOT_SAFE_CONCLUSION,NOT_ASSESSED,REVIEW_WORKFLOW_ORDER_NOT_POLICY_EFFECTIVENESS_RANK,49,28,352,133
과학기술정보통신부,2023,Ⅴ-1,정보보호및활용,,,,,정보보호및활용,2,2,2,2,0,0,2,ALL_COMPARABLE_AT_OR_ABOVE_TARGET,"[""MSIT-2023-V1-01"", ""MSIT-2023-V1-02""]",162,EXACT_NAME,True,통신,정보통신,2300,정보보호및활용,정보보호및활용,FUND,93433000000,93433000000,93433000000,1.0,COMPLETE,HIGH,3,3,0,"[""code:2023:162:543:2300:2331:304"", ""code:2023:162:543:2300:2331:305"", ""code:2023:162:543:2300:2333:304""]",JOINT_ANALYSIS,FULLY_REPORTED,FULLY_COMPARABLE,False,False,3,93433000000,1.6159172883242539,0,0.0,0,0.0,0,0.0,0,0.0,0,0.0,0,0.0,0,0,1,0.8079586441621269,0,0.0,MEDIUM,MULTIPLE_FINANCIAL_SIGNALS,both,2,,90133000000,,117950000000,,0.30862170348263124,,정보보호및활용,230605000000,230605000000,2,"[""FUND"", ""GENERAL_ACCOUNT""]",296969000000,296969000000,2,"[""FUND"", ""GENERAL_ACCOUNT""]",False,False,,1.0,UNAVAILABLE_MIXED_OR_UNLINKED,False,230605000000,230605000000,2,"[""FUND"", ""GENERAL_ACCOUNT""]",,299192000000,2,"[""FUND"", ""GENERAL_ACCOUNT""]",False,False,,1.0,UNAVAILABLE_MIXED_OR_UNLINKED,False,False,0.0,True,0.0,0.0,0.0,0.0,0.4782608695652174,0.5862068965517241,False,False,False,False,False,False,False,False,False,2,90133000000,117950000000,0.30862170348263124,False,False,False,False,,,,,False,False,False,False,0,False,False,0,LIMITED,0,0,False,False,False,INFORMATION,MONITOR,5,DETAILED_PROJECT_REVIEW,"현재 신호 미검출, 신규 자료 유입 시 재점검",NO_REVIEW_SIGNAL,162:2023:통신:정보통신:2300:FUND,5,0.0,equal_mean_of_three_signal_components,tiebreak_only,False,,,,,,,,MONITOR,MONITOR,6,NO_CURRENT_TRIGGER_DETECTED_NOT_SAFE_CONCLUSION,NOT_ASSESSED,REVIEW_WORKFLOW_ORDER_NOT_POLICY_EFFECTIVENESS_RANK,50,29,353,134
과학기술정보통신부,2024,Ⅴ-6,국가사회정보화,,,,,국가사회정보화,2,1,1,1,0,0,1,ALL_COMPARABLE_AT_OR_ABOVE_TARGET,"[""MSIT-2024-V6-01"", ""MSIT-2024-V6-02""]",162,EXACT_NAME_UNIQUE_FINANCIAL,True,일반·지방행정,정부자원관리,1900,국가사회정보화,국가사회정보화,GENERAL_ACCOUNT,91634000000,91634000000,91510946510,0.9986571197372156,COMPLETE,HIGH,10,10,0,"[""code:2024:162:110:1900:1935:500"", ""code:2024:162:110:1900:1935:503"", ""code:2024:162:110:1900:1935:504"", ""code:2024:162:110:1900:1945:501"", ""code:2024:162:110:1900:1945:504"", ""code:2024:162:110:1900:1946:501"", ""code:2024:162:110:1900:1946:502"", ""code:2024:162:110:1900:1946:505"", ""code:2024:162:110:1900:1946:507"", ""code:2024:162:110:1900:1948:500""]",JOINT_ANALYSIS,PARTIALLY_REPORTED,PARTIALLY_COMPARABLE,False,False,10,91634000000,0.554412117772879,0,0.0,0,0.0,0,0.0,0,0.0,0,0.0,0,0.0,0,0,1,0.04251696968374184,0,0.0,MEDIUM,MULTIPLE_FINANCIAL_SIGNALS,both,,,,,,,,,국가사회정보화,127319000000,127319000000,2,"[""GENERAL_ACCOUNT"", ""SPECIAL_ACCOUNT""]",,146245000000,2,"[""GENERAL_ACCOUNT"", ""SPECIAL_ACCOUNT""]",False,False,,1.0,UNAVAILABLE_MIXED_OR_UNLINKED,False,127319000000,127319000000,2,"[""GENERAL_ACCOUNT"", ""SPECIAL_ACCOUNT""]",,,,,False,False,,1.0,UNAVAILABLE_MIXED_OR_UNLINKED,False,False,0.0,True,0.0,0.0,0.0,0.0,0.49635036496350365,0.6271186440677966,False,False,False,False,False,False,False,False,False,,,,,False,False,False,False,,,,,False,False,False,False,0,False,False,0,LIMITED,0,0,False,False,False,INFORMATION,MONITOR,5,DETAILED_PROJECT_REVIEW,"현재 신호 미검출, 신규 자료 유입 시 재점검",NO_REVIEW_SIGNAL,162:2024:일반·지방행정:정부자원관리:1900:GENERAL_ACCOUNT,5,0.0,equal_mean_of_three_signal_components,tiebreak_only,False,,,,,,,,MONITOR,MONITOR,6,NO_CURRENT_TRIGGER_DETECTED_NOT_SAFE_CONCLUSION,NOT_ASSESSED,REVIEW_WORKFLOW_ORDER_NOT_POLICY_EFFECTIVENESS_RANK,51,30,354,135
과학기술정보통신부,2024,Ⅳ-9,인공지능데이터진흥,,,,,인공지능데이터진흥,1,1,1,1,0,0,1,ALL_COMPARABLE_AT_OR_ABOVE_TARGET,"[""MSIT-2024-IV9-01""]",162,EXACT_NAME_UNIQUE_FINANCIAL,True,통신,정보통신,2600,인공지능데이터진흥,인공지능데이터진흥,SPECIAL_ACCOUNT,88120000000,88316500000,88316500000,1.0,COMPLETE,HIGH,8,8,0,"[""code:2024:162:236:2600:2601:401"", ""code:2024:162:236:2600:2601:402"", ""code:2024:162:236:2600:2601:403"", ""code:2024:162:236:2600:2601:405"", ""code:2024:162:236:2600:2601:407"", ""code:2024:162:236:2600:2601:408"", ""code:2024:162:236:2600:2601:409"", ""code:2024:162:236:2600:2601:410""]",JOINT_ANALYSIS,FULLY_REPORTED,FULLY_COMPARABLE,False,False,8,88120000000,0.0,0,0.0,0,0.0,0,0.0,0,0.0,0,0.0,0,0.0,0,0,0,0.0,0,0.0,MEDIUM,NONE,both,,,,,,,,,인공지능데이터진흥,584781000000,584781000000,3,"[""FUND"", ""GENERAL_ACCOUNT"", ""SPECIAL_ACCOUNT""]",,2547583000000,3,"[""FUND"", ""GENERAL_ACCOUNT"", ""SPECIAL_ACCOUNT""]",False,False,,1.0,UNAVAILABLE_MIXED_OR_UNLINKED,False,584781000000,584781000000,3,"[""FUND"", ""GENERAL_ACCOUNT"", ""SPECIAL_ACCOUNT""]",,,,,False,False,,1.0,UNAVAILABLE_MIXED_OR_UNLINKED,False,False,0.0,True,0.0,0.0,0.0,0.0,0.48175182481751827,0.6101694915254238,False,False,False,False,False,False,False,False,False,,,,,False,False,False,False,,,,,False,False,False,False,0,False,False,0,LIMITED,0,0,False,False,False,INFORMATION,MONITOR,5,DETAILED_PROJECT_REVIEW,"현재 신호 미검출, 신규 자료 유입 시 재점검",NO_REVIEW_SIGNAL,162:2024:통신:정보통신:2600:SPECIAL_ACCOUNT,5,0.0,equal_mean_of_three_signal_components,tiebreak_only,False,,,,,,,,MONITOR,MONITOR,6,NO_CURRENT_TRIGGER_DETECTED_NOT_SAFE_CONCLUSION,NOT_ASSESSED,REVIEW_WORKFLOW_ORDER_NOT_POLICY_EFFECTIVENESS_RANK,52,31,355,136
과학기술정보통신부,2023,Ⅳ-1,콘텐츠방송산업육성,,,,,콘텐츠방송산업육성,2,2,2,2,0,0,2,ALL_COMPARABLE_AT_OR_ABOVE_TARGET,"[""MSIT-2023-IV1-01"", ""MSIT-2023-IV1-02""]",162,EXACT_NAME_UNIQUE_FINANCIAL,True,문화및관광,문화예술,1100,콘텐츠방송산업육성,콘텐츠방송산업육성,GENERAL_ACCOUNT,83090000000,83090000000,83090000000,1.0,COMPLETE,HIGH,7,7,0,"[""code:2023:162:110:1100:1131:318"", ""code:2023:162:110:1100:1131:319"", ""code:2023:162:110:1100:1131:320"", ""code:2023:162:110:1100:1131:321"", ""code:2023:162:110:1100:1131:501"", ""code:2023:162:110:1100:1131:503"", ""code:2023:162:110:1100:1134:602""]",JOINT_ANALYSIS,FULLY_REPORTED,FULLY_COMPARABLE,False,False,7,83090000000,0.5407509928992659,0,0.0,0,0.0,0,0.0,0,0.0,0,0.0,0,0.0,0,0,0,0.0,0,0.0,MEDIUM,NONE,both,3,,44931000000,,52385000000,,0.1658988226391578,,콘텐츠방송산업육성,275251000000,275251000000,2,"[""FUND"", ""GENERAL_ACCOUNT""]",195220000000,195220000000,2,"[""FUND"", ""GENERAL_ACCOUNT""]",False,False,,1.0,UNAVAILABLE_MIXED_OR_UNLINKED,False,275251000000,275251000000,2,"[""FUND"", ""GENERAL_ACCOUNT""]",,119815000000,2,"[""FUND"", ""GENERAL_ACCOUNT""]",False,False,,1.0,UNAVAILABLE_MIXED_OR_UNLINKED,False,False,0.0,True,0.0,0.0,0.0,0.0,0.45652173913043476,0.5689655172413793,False,False,False,False,False,False,False,False,False,3,44931000000,52385000000,0.1658988226391578,False,False,False,False,,,,,False,False,False,False,0,False,False,0,LIMITED,0,0,False,False,False,INFORMATION,MONITOR,5,DETAILED_PROJECT_REVIEW,"현재 신호 미검출, 신규 자료 유입 시 재점검",NO_REVIEW_SIGNAL,162:2023:문화및관광:문화예술:1100:GENERAL_ACCOUNT,5,0.0,equal_mean_of_three_signal_components,tiebreak_only,False,,,,,,,,MONITOR,MONITOR,6,NO_CURRENT_TRIGGER_DETECTED_NOT_SAFE_CONCLUSION,NOT_ASSESSED,REVIEW_WORKFLOW_ORDER_NOT_POLICY_EFFECTIVENESS_RANK,53,32,356,137
과학기술정보통신부,2022,Ⅳ-7,SW산업진흥,,,,,SW산업진흥,2,2,2,2,0,0,2,ALL_COMPARABLE_AT_OR_ABOVE_TARGET,"[""MSIT-2022-IV7-01"", ""MSIT-2022-IV7-02""]",162,EXACT_NAME_UNIQUE_FINANCIAL,True,통신,정보통신,2200,SW산업진흥,SW산업진흥,GENERAL_ACCOUNT,82679000000,82679000000,82679000000,1.0,COMPLETE,HIGH,11,11,0,"[""code:2022:162:110:2200:2232:302"", ""code:2022:162:110:2200:2232:303"", ""code:2022:162:110:2200:2232:304"", ""code:2022:162:110:2200:2232:306"", ""code:2022:162:110:2200:2232:307"", ""code:2022:162:110:2200:2233:304"", ""code:2022:162:110:2200:2233:307"", ""code:2022:162:110:2200:2233:308"", ""code:2022:162:110:2200:2233:328"", ""code:2022:162:110:2200:2233:329"", ""code:2022:162:110:2200:2233:336""]",JOINT_ANALYSIS,FULLY_REPORTED,FULLY_COMPARABLE,False,False,11,82679000000,0.0,0,0.0,0,0.0,0,0.0,0,0.0,0,0.0,0,0.0,0,0,0,0.0,0,0.0,MEDIUM,NONE,both,6,3,39062000000,16641000000,50680000000,35202000000,0.29742460703497003,1.1153776816297098,SW산업진흥,518398000000,518398000000,2,"[""FUND"", ""GENERAL_ACCOUNT""]",550937000000,550937000000,3,"[""FUND"", ""GENERAL_ACCOUNT"", ""SPECIAL_ACCOUNT""]",False,False,,1.0,UNAVAILABLE_MIXED_OR_UNLINKED,False,518398000000,518398000000,2,"[""FUND"", ""GENERAL_ACCOUNT""]",480147000000,480147000000,3,"[""FUND"", ""GENERAL_ACCOUNT"", ""SPECIAL_ACCOUNT""]",False,False,,1.0,UNAVAILABLE_MIXED_OR_UNLINKED,False,False,0.0,True,0.0,0.0,0.0,0.0,0.4496124031007752,0.5892857142857143,False,False,False,False,False,False,False,False,False,6,39062000000,50680000000,0.29742460703497003,False,False,False,False,3,16641000000,35202000000,1.1153776816297098,False,False,False,False,0,False,False,0,LIMITED,0,0,False,False,False,INFORMATION,MONITOR,5,DETAILED_PROJECT_REVIEW,"현재 신호 미검출, 신규 자료 유입 시 재점검",NO_REVIEW_SIGNAL,162:2022:통신:정보통신:2200:GENERAL_ACCOUNT,5,0.0,equal_mean_of_three_signal_components,tiebreak_only,False,,,,,,,,MONITOR,MONITOR,6,NO_CURRENT_TRIGGER_DETECTED_NOT_SAFE_CONCLUSION,NOT_ASSESSED,REVIEW_WORKFLOW_ORDER_NOT_POLICY_EFFECTIVENESS_RANK,54,33,357,138
과학기술정보통신부,2022,Ⅳ-8,인터넷융합산업,2000,통신,정보통신,CONFIRMED,인터넷융합산업,2,2,2,2,0,0,2,ALL_COMPARABLE_AT_OR_ABOVE_TARGET,"[""MSIT-2022-IV8-01"", ""MSIT-2022-IV8-02""]",162,EXACT_CONFIRMED_HIERARCHY,True,통신,정보통신,2000,인터넷융합산업,인터넷융합산업,GENERAL_ACCOUNT,82544000000,82544000000,82544000000,1.0,COMPLETE,HIGH,12,12,0,"[""code:2022:162:110:2000:2033:302"", ""code:2022:162:110:2000:2033:303"", ""code:2022:162:110:2000:2033:306"", ""code:2022:162:110:2000:2033:311"", ""code:2022:162:110:2000:2033:315"", ""code:2022:162:110:2000:2033:338"", ""code:2022:162:110:2000:2033:341"", ""code:2022:162:110:2000:2033:342"", ""code:2022:162:110:2000:2033:344"", ""code:2022:162:110:2000:2033:346"", ""code:2022:162:110:2000:2033:348"", ""code:2022:162:110:2000:2033:353""]",JOINT_ANALYSIS,FULLY_REPORTED,FULLY_COMPARABLE,False,False,12,82544000000,0.0,0,0.0,0,0.0,0,0.0,0,0.0,0,0.0,0,0.0,0,0,0,0.0,0,0.0,MEDIUM,NONE,both,9,7,76520000000,72620000000,93826000000,63266000000,0.22616309461578674,-0.1288074910492977,인터넷융합산업,273603000000,273603000000,3,"[""FUND"", ""GENERAL_ACCOUNT"", ""SPECIAL_ACCOUNT""]",334994000000,334994000000,3,"[""FUND"", ""GENERAL_ACCOUNT"", ""SPECIAL_ACCOUNT""]",False,False,,1.0,UNAVAILABLE_MIXED_OR_UNLINKED,False,273603000000,273603000000,3,"[""FUND"", ""GENERAL_ACCOUNT"", ""SPECIAL_ACCOUNT""]",301955000000,301955000000,3,"[""FUND"", ""GENERAL_ACCOUNT"", ""SPECIAL_ACCOUNT""]",False,False,,1.0,UNAVAILABLE_MIXED_OR_UNLINKED,False,False,0.0,True,0.0,0.0,0.0,0.0,0.4418604651162791,0.5714285714285714,False,False,False,False,False,False,False,False,False,9,76520000000,93826000000,0.22616309461578674,False,False,False,False,7,72620000000,63266000000,-0.1288074910492977,False,False,False,False,0,False,False,0,LIMITED,0,0,False,False,False,INFORMATION,MONITOR,5,DETAILED_PROJECT_REVIEW,"현재 신호 미검출, 신규 자료 유입 시 재점검",NO_REVIEW_SIGNAL,162:2022:통신:정보통신:2000:GENERAL_ACCOUNT,5,0.0,equal_mean_of_three_signal_components,tiebreak_only,False,,,,,,,,MONITOR,MONITOR,6,NO_CURRENT_TRIGGER_DETECTED_NOT_SAFE_CONCLUSION,NOT_ASSESSED,REVIEW_WORKFLOW_ORDER_NOT_POLICY_EFFECTIVENESS_RANK,55,34,358,139
중소벤처기업부,2022,Ⅱ-1,중소기업성장안정지원,,,,,중소기업성장안정지원,3,3,3,2,1,0,2,ALL_COMPARABLE_AT_OR_ABOVE_TARGET,"[""중기부-2022-II1-01"", ""중기부-2022-II1-02"", ""중기부-2022-II1-03""]",102,EXACT_NAME,True,산업·중소기업및에너지,중소기업및소상공인육성,1200,중소기업성장안정지원,중소기업성장안정지원,SPECIAL_ACCOUNT,80000000000,80000000000,80000000000,1.0,COMPLETE,HIGH,2,2,0,"[""code:2022:102:238:1200:1231:881"", ""code:2022:102:238:1200:1231:882""]",JOINT_ANALYSIS,FULLY_REPORTED,PARTIALLY_COMPARABLE,False,False,2,80000000000,0.0,0,0.0,0,0.0,0,0.0,0,0.0,0,0.0,0,0.0,0,0,0,0.0,0,0.0,MEDIUM,NONE,both,,,,,,,,,중소기업성장안정지원,5181942000000,4762388000000,3,"[""FUND"", ""GENERAL_ACCOUNT"", ""SPECIAL_ACCOUNT""]",2718898000000,2152532000000,2,"[""FUND"", ""GENERAL_ACCOUNT""]",False,False,,0.9190353732249416,UNAVAILABLE_MIXED_OR_UNLINKED,False,5181942000000,4762388000000,3,"[""FUND"", ""GENERAL_ACCOUNT"", ""SPECIAL_ACCOUNT""]",3430813000000,2693576000000,2,"[""FUND"", ""GENERAL_ACCOUNT""]",False,False,,0.9190353732249416,UNAVAILABLE_MIXED_OR_UNLINKED,False,False,0.0,True,0.0,0.0,0.0,0.0,0.4263565891472868,0.4090909090909091,False,False,False,False,False,False,False,False,False,,,,,False,False,False,False,,,,,False,False,False,False,0,False,False,0,LIMITED,0,0,False,False,False,INFORMATION,MONITOR,5,DETAILED_PROJECT_REVIEW,"현재 신호 미검출, 신규 자료 유입 시 재점검",NO_REVIEW_SIGNAL,102:2022:산업·중소기업및에너지:중소기업및소상공인육성:1200:SPECIAL_ACCOUNT,5,0.0,equal_mean_of_three_signal_components,tiebreak_only,False,,,,,,,,MONITOR,MONITOR,6,NO_CURRENT_TRIGGER_DETECTED_NOT_SAFE_CONCLUSION,NOT_ASSESSED,REVIEW_WORKFLOW_ORDER_NOT_POLICY_EFFECTIVENESS_RANK,56,9,359,60
과학기술정보통신부,2022,Ⅳ-10,인공지능데이터 진흥,,,,,인공지능데이터진흥,2,2,2,2,0,0,2,ALL_COMPARABLE_AT_OR_ABOVE_TARGET,"[""MSIT-2022-IV10-01"", ""MSIT-2022-IV10-02""]",162,EXACT_NAME_UNIQUE_FINANCIAL,True,통신,정보통신,2600,인공지능데이터진흥,인공지능데이터진흥,SPECIAL_ACCOUNT,78896000000,89635200000,89635200000,1.0,COMPLETE,HIGH,3,3,0,"[""code:2022:162:236:2600:2601:401"", ""code:2022:162:236:2600:2601:402"", ""code:2022:162:236:2600:2601:403""]",JOINT_ANALYSIS,FULLY_REPORTED,FULLY_COMPARABLE,False,False,3,78896000000,0.0,0,0.0,0,0.0,0,0.0,0,0.0,0,0.0,0,0.0,0,0,0,0.0,0,0.0,MEDIUM,NONE,both,3,1,78896000000,8000000000,75758000000,11000000000,-0.03977387953761914,0.375,인공지능데이터진흥,1200511000000,1200511000000,3,"[""FUND"", ""GENERAL_ACCOUNT"", ""SPECIAL_ACCOUNT""]",882061000000,882061000000,3,"[""FUND"", ""GENERAL_ACCOUNT"", ""SPECIAL_ACCOUNT""]",False,False,,1.0,UNAVAILABLE_MIXED_OR_UNLINKED,False,1200511000000,1200511000000,3,"[""FUND"", ""GENERAL_ACCOUNT"", ""SPECIAL_ACCOUNT""]",584781000000,584781000000,3,"[""FUND"", ""GENERAL_ACCOUNT"", ""SPECIAL_ACCOUNT""]",False,False,,1.0,UNAVAILABLE_MIXED_OR_UNLINKED,False,False,0.0,True,0.0,0.0,0.0,0.0,0.4186046511627907,0.5357142857142857,False,False,False,False,False,False,False,False,True,3,78896000000,75758000000,-0.03977387953761914,True,False,False,False,1,8000000000,11000000000,0.375,False,False,False,False,0,False,False,0,LIMITED,0,0,False,False,False,INFORMATION,MONITOR,5,DETAILED_PROJECT_REVIEW,"현재 신호 미검출, 신규 자료 유입 시 재점검",NO_REVIEW_SIGNAL,162:2022:통신:정보통신:2600:SPECIAL_ACCOUNT,5,0.0,equal_mean_of_three_signal_components,tiebreak_only,False,,,,,,,,MONITOR,MONITOR,6,NO_CURRENT_TRIGGER_DETECTED_NOT_SAFE_CONCLUSION,NOT_ASSESSED,REVIEW_WORKFLOW_ORDER_NOT_POLICY_EFFECTIVENESS_RANK,57,35,360,140
과학기술정보통신부,2023,Ⅳ-10,인공지능데이터진흥,,,,,인공지능데이터진흥,2,2,2,2,0,0,2,ALL_COMPARABLE_AT_OR_ABOVE_TARGET,"[""MSIT-2023-IV10-01"", ""MSIT-2023-IV10-02""]",162,EXACT_NAME_UNIQUE_FINANCIAL,True,통신,정보통신,2600,인공지능데이터진흥,인공지능데이터진흥,SPECIAL_ACCOUNT,75758000000,75758000000,75523773600,0.9969082288339184,COMPLETE,HIGH,3,3,0,"[""code:2023:162:236:2600:2601:401"", ""code:2023:162:236:2600:2601:402"", ""code:2023:162:236:2600:2601:403""]",JOINT_ANALYSIS,FULLY_REPORTED,FULLY_COMPARABLE,False,False,3,75758000000,0.7535573800786716,0,0.0,0,0.0,0,0.0,0,0.0,0,0.0,0,0.0,0,0,0,0.0,0,0.0,MEDIUM,NONE,both,1,,12000000000,,11000000000,,-0.08333333333333333,,인공지능데이터진흥,882061000000,882061000000,3,"[""FUND"", ""GENERAL_ACCOUNT"", ""SPECIAL_ACCOUNT""]",584781000000,584781000000,3,"[""FUND"", ""GENERAL_ACCOUNT"", ""SPECIAL_ACCOUNT""]",False,False,,1.0,UNAVAILABLE_MIXED_OR_UNLINKED,False,882061000000,882061000000,3,"[""FUND"", ""GENERAL_ACCOUNT"", ""SPECIAL_ACCOUNT""]",,2547583000000,3,"[""FUND"", ""GENERAL_ACCOUNT"", ""SPECIAL_ACCOUNT""]",False,False,,1.0,UNAVAILABLE_MIXED_OR_UNLINKED,False,False,0.0,True,0.0,0.0,0.0,0.0,0.4420289855072464,0.5517241379310345,False,False,False,False,False,False,False,False,False,1,12000000000,11000000000,-0.08333333333333333,False,False,False,False,,,,,False,False,False,False,0,False,False,0,LIMITED,0,0,False,False,False,INFORMATION,MONITOR,5,DETAILED_PROJECT_REVIEW,"현재 신호 미검출, 신규 자료 유입 시 재점검",NO_REVIEW_SIGNAL,162:2023:통신:정보통신:2600:SPECIAL_ACCOUNT,5,0.0,equal_mean_of_three_signal_components,tiebreak_only,False,,,,,,,,MONITOR,MONITOR,6,NO_CURRENT_TRIGGER_DETECTED_NOT_SAFE_CONCLUSION,NOT_ASSESSED,REVIEW_WORKFLOW_ORDER_NOT_POLICY_EFFECTIVENESS_RANK,58,36,361,141
과학기술정보통신부,2022,Ⅴ-2,통신정책지원,,,,,통신정책지원,2,2,2,2,0,0,2,ALL_COMPARABLE_AT_OR_ABOVE_TARGET,"[""MSIT-2022-V2-01"", ""MSIT-2022-V2-02""]",162,EXACT_NAME_UNIQUE_FINANCIAL,True,통신,방송통신,2400,통신정책지원,통신정책지원,FUND,73830000000,73830000000,73628656630,0.9972728786401192,COMPLETE,HIGH,8,8,0,"[""code:2022:162:564:2400:2431:302"", ""code:2022:162:564:2400:2431:320"", ""code:2022:162:564:2400:2431:407"", ""code:2022:162:564:2400:2431:408"", ""code:2022:162:564:2400:2431:501"", ""code:2022:162:564:2400:2433:301"", ""code:2022:162:564:2400:2433:313"", ""code:2022:162:564:2400:2433:315""]",JOINT_ANALYSIS,FULLY_REPORTED,FULLY_COMPARABLE,False,False,8,73830000000,0.0,0,0.0,0,0.0,0,0.0,0,0.0,0,0.0,0,0.0,0,0,0,0.0,0,0.0,MEDIUM,NONE,both,4,4,51087000000,51087000000,30367000000,16096000000,-0.4055826335466948,-0.6849296298471236,통신정책지원,76430000000,76430000000,2,"[""FUND"", ""GENERAL_ACCOUNT""]",36347000000,36347000000,2,"[""FUND"", ""GENERAL_ACCOUNT""]",False,False,,1.0,UNAVAILABLE_MIXED_OR_UNLINKED,False,76430000000,76430000000,2,"[""FUND"", ""GENERAL_ACCOUNT""]",18869000000,18869000000,2,"[""FUND"", ""GENERAL_ACCOUNT""]",False,False,,1.0,UNAVAILABLE_MIXED_OR_UNLINKED,False,False,0.0,True,0.0,0.0,0.0,0.0,0.4108527131782946,0.5178571428571429,False,False,False,False,False,False,False,False,False,4,51087000000,30367000000,-0.4055826335466948,False,False,False,False,4,51087000000,16096000000,-0.6849296298471236,False,False,False,False,0,False,False,0,LIMITED,0,0,False,False,False,INFORMATION,MONITOR,5,DETAILED_PROJECT_REVIEW,"현재 신호 미검출, 신규 자료 유입 시 재점검",NO_REVIEW_SIGNAL,162:2022:통신:방송통신:2400:FUND,5,0.0,equal_mean_of_three_signal_components,tiebreak_only,False,,,,,,,,MONITOR,MONITOR,6,NO_CURRENT_TRIGGER_DETECTED_NOT_SAFE_CONCLUSION,NOT_ASSESSED,REVIEW_WORKFLOW_ORDER_NOT_POLICY_EFFECTIVENESS_RANK,59,37,362,142
과학기술정보통신부,2022,Ⅱ-3,과학문화창달,,,,,과학문화창달,2,2,2,2,0,0,2,ALL_COMPARABLE_AT_OR_ABOVE_TARGET,"[""MSIT-2022-II3-01"", ""MSIT-2022-II3-02""]",162,EXACT_NAME_UNIQUE_FINANCIAL,True,과학기술,과학기술인력및문화,1800,과학문화창달,과학문화창달,FUND,71515000000,71515000000,71515000000,1.0,COMPLETE,HIGH,9,9,0,"[""code:2022:162:538:1800:1831:402"", ""code:2022:162:538:1800:1831:409"", ""code:2022:162:538:1800:1831:410"", ""code:2022:162:538:1800:1831:412"", ""code:2022:162:538:1800:1834:301"", ""code:2022:162:538:1800:1836:401"", ""code:2022:162:538:1800:1836:402"", ""code:2022:162:538:1800:1836:403"", ""code:2022:162:538:1800:1836:406""]",JOINT_ANALYSIS,FULLY_REPORTED,FULLY_COMPARABLE,False,False,9,71515000000,0.0,0,0.0,0,0.0,0,0.0,0,0.0,0,0.0,0,0.0,0,0,0,0.0,0,0.0,MEDIUM,NONE,both,5,4,58468000000,38468000000,46212000000,36387000000,-0.20961893685434768,-0.054096911718831235,과학문화창달,137836000000,137836000000,2,"[""FUND"", ""GENERAL_ACCOUNT""]",126644000000,126644000000,2,"[""FUND"", ""GENERAL_ACCOUNT""]",False,False,,1.0,UNAVAILABLE_MIXED_OR_UNLINKED,False,137836000000,137836000000,2,"[""FUND"", ""GENERAL_ACCOUNT""]",110720000000,110720000000,3,"[""FUND"", ""GENERAL_ACCOUNT"", ""SPECIAL_ACCOUNT""]",False,False,,1.0,UNAVAILABLE_MIXED_OR_UNLINKED,False,False,0.0,True,0.0,0.0,0.0,0.0,0.40310077519379844,0.5,False,False,False,False,False,False,False,False,False,5,58468000000,46212000000,-0.20961893685434768,False,False,False,False,4,38468000000,36387000000,-0.054096911718831235,False,False,False,False,0,False,False,0,LIMITED,0,0,False,False,False,INFORMATION,MONITOR,5,DETAILED_PROJECT_REVIEW,"현재 신호 미검출, 신규 자료 유입 시 재점검",NO_REVIEW_SIGNAL,162:2022:과학기술:과학기술인력및문화:1800:FUND,5,0.0,equal_mean_of_three_signal_components,tiebreak_only,False,,,,,,,,MONITOR,MONITOR,6,NO_CURRENT_TRIGGER_DETECTED_NOT_SAFE_CONCLUSION,NOT_ASSESSED,REVIEW_WORKFLOW_ORDER_NOT_POLICY_EFFECTIVENESS_RANK,60,38,363,143
과학기술정보통신부,2024,Ⅳ-6,SW산업진흥,,,,,SW산업진흥,1,1,1,1,0,0,1,ALL_COMPARABLE_AT_OR_ABOVE_TARGET,"[""MSIT-2024-IV6-01""]",162,EXACT_NAME_UNIQUE_FINANCIAL,True,통신,정보통신,2200,SW산업진흥,SW산업진흥,SPECIAL_ACCOUNT,71466000000,71466000000,71466000000,1.0,COMPLETE,HIGH,3,3,0,"[""code:2024:162:236:2200:2232:303"", ""code:2024:162:236:2200:2233:301"", ""code:2024:162:236:2200:2233:302""]",JOINT_ANALYSIS,FULLY_REPORTED,FULLY_COMPARABLE,False,False,3,71466000000,0.0,0,0.0,0,0.0,0,0.0,0,0.0,0,0.0,0,0.0,0,0,0,0.0,0,0.0,MEDIUM,NONE,both,,,,,,,,,SW산업진흥,480147000000,480147000000,3,"[""FUND"", ""GENERAL_ACCOUNT"", ""SPECIAL_ACCOUNT""]",,443871000000,3,"[""FUND"", ""GENERAL_ACCOUNT"", ""SPECIAL_ACCOUNT""]",False,False,,1.0,UNAVAILABLE_MIXED_OR_UNLINKED,False,480147000000,480147000000,3,"[""FUND"", ""GENERAL_ACCOUNT"", ""SPECIAL_ACCOUNT""]",,,,,False,False,,1.0,UNAVAILABLE_MIXED_OR_UNLINKED,False,False,0.0,True,0.0,0.0,0.0,0.0,0.45255474452554745,0.576271186440678,False,False,False,False,False,False,False,False,False,,,,,False,False,False,False,,,,,False,False,False,False,0,False,False,0,LIMITED,0,0,False,False,False,INFORMATION,MONITOR,5,DETAILED_PROJECT_REVIEW,"현재 신호 미검출, 신규 자료 유입 시 재점검",NO_REVIEW_SIGNAL,162:2024:통신:정보통신:2200:SPECIAL_ACCOUNT,5,0.0,equal_mean_of_three_signal_components,tiebreak_only,False,,,,,,,,MONITOR,MONITOR,6,NO_CURRENT_TRIGGER_DETECTED_NOT_SAFE_CONCLUSION,NOT_ASSESSED,REVIEW_WORKFLOW_ORDER_NOT_POLICY_EFFECTIVENESS_RANK,61,39,364,144
과학기술정보통신부,2024,Ⅳ-4,정보통신융합산업,,,,,정보통신융합산업,1,1,1,1,0,0,1,ALL_COMPARABLE_AT_OR_ABOVE_TARGET,"[""MSIT-2024-IV4-01""]",162,EXACT_NAME_UNIQUE_FINANCIAL,True,통신,정보통신,2100,정보통신융합산업,정보통신융합산업,SPECIAL_ACCOUNT,67213000000,67213000000,67213000000,1.0,COMPLETE,HIGH,3,3,0,"[""code:2024:162:236:2100:2137:302"", ""code:2024:162:238:2100:2137:301"", ""code:2024:162:239:2100:2133:301""]",JOINT_ANALYSIS,FULLY_REPORTED,FULLY_COMPARABLE,False,False,3,67213000000,0.044634222546233615,0,0.0,0,0.0,0,0.0,0,0.0,0,0.0,0,0.0,0,0,0,0.0,0,0.0,MEDIUM,NONE,both,1,,47890000000,,,,,,정보통신융합산업,724744000000,724744000000,3,"[""FUND"", ""GENERAL_ACCOUNT"", ""SPECIAL_ACCOUNT""]",,740405000000,3,"[""FUND"", ""GENERAL_ACCOUNT"", ""SPECIAL_ACCOUNT""]",False,False,,1.0,UNAVAILABLE_MIXED_OR_UNLINKED,False,724744000000,724744000000,3,"[""FUND"", ""GENERAL_ACCOUNT"", ""SPECIAL_ACCOUNT""]",,,,,False,False,,1.0,UNAVAILABLE_MIXED_OR_UNLINKED,False,False,0.0,True,0.0,0.0,0.0,0.0,0.44525547445255476,0.559322033898305,False,False,False,False,False,False,False,False,False,1,47890000000,,,False,False,False,False,,,,,False,False,False,False,0,False,False,0,LIMITED,0,0,False,False,False,INFORMATION,MONITOR,5,DETAILED_PROJECT_REVIEW,"현재 신호 미검출, 신규 자료 유입 시 재점검",NO_REVIEW_SIGNAL,162:2024:통신:정보통신:2100:SPECIAL_ACCOUNT,5,0.0,equal_mean_of_three_signal_components,tiebreak_only,False,,,,,,,,MONITOR,MONITOR,6,NO_CURRENT_TRIGGER_DETECTED_NOT_SAFE_CONCLUSION,NOT_ASSESSED,REVIEW_WORKFLOW_ORDER_NOT_POLICY_EFFECTIVENESS_RANK,62,40,365,145
고용노동부,2024,Ⅲ-1,노사정책,,,,,노사정책,1,1,1,1,0,0,1,ALL_COMPARABLE_AT_OR_ABOVE_TARGET,"[""MOEL-2024-III1-01""]",019,EXACT_NAME_UNIQUE_FINANCIAL,True,사회복지,노동,2000,노사정책,노사정책,GENERAL_ACCOUNT,60808000000,60888070000,60292890000,0.9902250145225492,COMPLETE,HIGH,4,4,0,"[""code:2024:019:110:2000:2031:300"", ""code:2024:019:110:2000:2031:301"", ""code:2024:019:110:2000:2031:305"", ""code:2024:019:110:2000:2036:311""]",JOINT_ANALYSIS,FULLY_REPORTED,FULLY_COMPARABLE,False,False,4,60808000000,0.3455137481910275,0,0.0,0,0.0,0,0.0,0,0.0,0,0.0,0,0.0,0,0,0,0.0,0,0.0,MEDIUM,NONE,both,,,,,,,,,노사정책,60808000000,60808000000,1,"[""GENERAL_ACCOUNT""]",,104609000000,1,"[""GENERAL_ACCOUNT""]",False,False,,1.0,PROGRAM_TOTAL_SINGLE_ACCOUNT,False,60808000000,60808000000,1,"[""GENERAL_ACCOUNT""]",,,,,False,False,,1.0,UNAVAILABLE_MIXED_OR_UNLINKED,False,False,0.0,True,0.0,0.0,0.0,0.0,0.4233576642335766,0.15789473684210525,False,False,False,False,False,False,False,False,False,,,,,False,False,False,False,,,,,False,False,False,False,0,False,False,0,LIMITED,0,0,False,False,False,INFORMATION,MONITOR,5,DETAILED_PROJECT_REVIEW,"현재 신호 미검출, 신규 자료 유입 시 재점검",NO_REVIEW_SIGNAL,019:2024:사회복지:노동:2000:GENERAL_ACCOUNT,5,0.0,equal_mean_of_three_signal_components,tiebreak_only,False,,,,,,,,MONITOR,MONITOR,6,NO_CURRENT_TRIGGER_DETECTED_NOT_SAFE_CONCLUSION,NOT_ASSESSED,REVIEW_WORKFLOW_ORDER_NOT_POLICY_EFFECTIVENESS_RANK,63,5,366,52
과학기술정보통신부,2022,Ⅰ-4,원자력 진흥,1400,,,CONFIRMED,원자력진흥,1,1,1,1,0,0,1,ALL_COMPARABLE_AT_OR_ABOVE_TARGET,"[""MSIT-2022-I4-01""]",162,EXACT_CODE,True,과학기술,과학기술연구개발,1400,원자력 진흥,원자력 진흥,GENERAL_ACCOUNT,60485000000,60485000000,60015000000,0.9922294783830702,COMPLETE,HIGH,14,14,0,"[""code:2022:162:110:1400:1432:302"", ""code:2022:162:110:1400:1432:303"", ""code:2022:162:110:1400:1432:305"", ""code:2022:162:110:1400:1432:403"", ""code:2022:162:110:1400:1432:407"", ""code:2022:162:110:1400:1432:410"", ""code:2022:162:110:1400:1432:411"", ""code:2022:162:110:1400:1432:412"", ""code:2022:162:110:1400:1432:414"", ""code:2022:162:110:1400:1432:415"", ""code:2022:162:110:1400:1436:404"", ""code:2022:162:110:1400:1436:408"", ""code:2022:162:110:1400:1436:409"", ""code:2022:162:110:1400:1450:401""]",JOINT_ANALYSIS,FULLY_REPORTED,FULLY_COMPARABLE,False,False,14,60485000000,0.1322641977349756,0,0.0,0,0.0,0,0.0,0,0.0,0,0.0,0,0.0,0,0,1,0.0661320988674878,0,0.0,MEDIUM,MULTIPLE_FINANCIAL_SIGNALS,both,10,7,39193000000,27743000000,42211000000,27975000000,0.07700354655168015,0.00836246981220488,원자력 진흥,297379000000,297379000000,3,"[""FUND"", ""GENERAL_ACCOUNT"", ""SPECIAL_ACCOUNT""]",308402000000,308402000000,3,"[""FUND"", ""GENERAL_ACCOUNT"", ""SPECIAL_ACCOUNT""]",False,False,,1.0,UNAVAILABLE_MIXED_OR_UNLINKED,False,297379000000,297379000000,3,"[""FUND"", ""GENERAL_ACCOUNT"", ""SPECIAL_ACCOUNT""]",285678000000,285678000000,3,"[""FUND"", ""GENERAL_ACCOUNT"", ""SPECIAL_ACCOUNT""]",False,False,,1.0,UNAVAILABLE_MIXED_OR_UNLINKED,False,False,0.0,True,0.0,0.0,0.0,0.0,0.3643410852713178,0.44642857142857145,False,False,False,False,False,False,False,False,False,10,39193000000,42211000000,0.07700354655168015,False,False,False,False,7,27743000000,27975000000,0.00836246981220488,False,False,False,False,0,False,False,0,LIMITED,0,0,False,False,False,INFORMATION,MONITOR,5,DETAILED_PROJECT_REVIEW,"현재 신호 미검출, 신규 자료 유입 시 재점검",NO_REVIEW_SIGNAL,162:2022:과학기술:과학기술연구개발:1400:GENERAL_ACCOUNT,5,0.0,equal_mean_of_three_signal_components,tiebreak_only,False,,,,,,,,MONITOR,MONITOR,6,NO_CURRENT_TRIGGER_DETECTED_NOT_SAFE_CONCLUSION,NOT_ASSESSED,REVIEW_WORKFLOW_ORDER_NOT_POLICY_EFFECTIVENESS_RANK,64,41,367,146
보건복지부,2024,Ⅱ-4,보건산업육성,,,,,보건산업육성,1,1,1,1,0,0,1,ALL_COMPARABLE_AT_OR_ABOVE_TARGET,"[""MOHW-2024-II4-01""]",075,EXACT_NAME_UNIQUE_FINANCIAL,True,보건,보건의료,3000,보건산업육성,보건산업육성,SPECIAL_ACCOUNT,60362000000,60362000000,60013430000,0.994225340445976,COMPLETE,HIGH,1,1,0,"[""code:2024:075:236:3000:3036:301""]",JOINT_ANALYSIS,FULLY_REPORTED,FULLY_COMPARABLE,False,False,1,60362000000,0.0,0,0.0,0,0.0,0,0.0,0,0.0,0,0.0,0,0.0,0,0,0,0.0,0,0.0,MEDIUM,NONE,both,,,,,,,,,보건산업육성,1002246000000,1002246000000,3,"[""FUND"", ""GENERAL_ACCOUNT"", ""SPECIAL_ACCOUNT""]",,1139827000000,3,"[""FUND"", ""GENERAL_ACCOUNT"", ""SPECIAL_ACCOUNT""]",False,False,,1.0,UNAVAILABLE_MIXED_OR_UNLINKED,False,1002246000000,1002246000000,3,"[""FUND"", ""GENERAL_ACCOUNT"", ""SPECIAL_ACCOUNT""]",,,,,False,False,,1.0,UNAVAILABLE_MIXED_OR_UNLINKED,False,False,0.0,True,0.0,0.0,0.0,0.0,0.41605839416058393,0.41025641025641024,False,False,False,False,False,False,False,False,False,,,,,False,False,False,False,,,,,False,False,False,False,0,False,False,0,LIMITED,0,0,False,False,False,INFORMATION,MONITOR,5,DETAILED_PROJECT_REVIEW,"현재 신호 미검출, 신규 자료 유입 시 재점검",NO_REVIEW_SIGNAL,075:2024:보건:보건의료:3000:SPECIAL_ACCOUNT,5,0.0,equal_mean_of_three_signal_components,tiebreak_only,False,,,,,,,,MONITOR,MONITOR,6,NO_CURRENT_TRIGGER_DETECTED_NOT_SAFE_CONCLUSION,NOT_ASSESSED,REVIEW_WORKFLOW_ORDER_NOT_POLICY_EFFECTIVENESS_RANK,65,10,368,110
고용노동부,2022,Ⅲ-3,근로조건보호 및 복지증진,,,,,근로조건보호및복지증진,2,2,2,2,0,0,2,ALL_COMPARABLE_AT_OR_ABOVE_TARGET,"[""MOEL-2022-III3-02"", ""MOEL-2022-III3-03""]",019,EXACT_NAME_UNIQUE_FINANCIAL,True,사회복지,노동,3000,근로조건보호및복지증진,근로조건보호및복지증진,GENERAL_ACCOUNT,58774000000,58920757860,56648735200,0.9614393510450342,COMPLETE,HIGH,10,10,0,"[""code:2022:019:110:3000:3031:302"", ""code:2022:019:110:3000:3031:304"", ""code:2022:019:110:3000:3031:320"", ""code:2022:019:110:3000:3032:306"", ""code:2022:019:110:3000:3034:313"", ""code:2022:019:110:3000:3036:301"", ""code:2022:019:110:3000:3050:300"", ""code:2022:019:110:3000:3050:301"", ""code:2022:019:110:3000:3050:302"", ""code:2022:019:110:3000:3051:308""]",JOINT_ANALYSIS,FULLY_REPORTED,FULLY_COMPARABLE,False,False,10,58774000000,0.07193657059243884,0,0.0,0,0.0,0,0.0,0,0.0,0,0.0,0,0.0,0,0,0,0.0,0,0.0,MEDIUM,NONE,both,10,8,58774000000,53078000000,63169000000,58982000000,0.0747779630448838,0.11123252571686951,근로조건보호및복지증진,1051289000000,1051289000000,2,"[""FUND"", ""GENERAL_ACCOUNT""]",1092209000000,1092209000000,2,"[""FUND"", ""GENERAL_ACCOUNT""]",False,False,,1.0,UNAVAILABLE_MIXED_OR_UNLINKED,False,1051289000000,1051289000000,2,"[""FUND"", ""GENERAL_ACCOUNT""]",1087011000000,1087011000000,2,"[""FUND"", ""GENERAL_ACCOUNT""]",False,False,,1.0,UNAVAILABLE_MIXED_OR_UNLINKED,False,False,0.0,True,0.0,0.0,0.0,0.0,0.34108527131782945,0.125,False,False,False,False,False,False,False,False,True,10,58774000000,63169000000,0.0747779630448838,True,False,False,False,8,53078000000,58982000000,0.11123252571686951,False,False,False,False,0,False,False,0,LIMITED,0,0,False,False,False,INFORMATION,MONITOR,5,DETAILED_PROJECT_REVIEW,"현재 신호 미검출, 신규 자료 유입 시 재점검",NO_REVIEW_SIGNAL,019:2022:사회복지:노동:3000:GENERAL_ACCOUNT,5,0.0,equal_mean_of_three_signal_components,tiebreak_only,False,,,,,,,,MONITOR,MONITOR,6,NO_CURRENT_TRIGGER_DETECTED_NOT_SAFE_CONCLUSION,NOT_ASSESSED,REVIEW_WORKFLOW_ORDER_NOT_POLICY_EFFECTIVENESS_RANK,66,6,369,53
과학기술정보통신부,2023,Ⅳ-7,SW산업진흥,,,,,SW산업진흥,2,2,2,2,0,0,2,ALL_COMPARABLE_AT_OR_ABOVE_TARGET,"[""MSIT-2023-IV7-01"", ""MSIT-2023-IV7-02""]",162,EXACT_NAME_UNIQUE_FINANCIAL,True,통신,정보통신,2200,SW산업진흥,SW산업진흥,SPECIAL_ACCOUNT,56928000000,56928000000,56928000000,1.0,COMPLETE,HIGH,2,2,0,"[""code:2023:162:236:2200:2232:302"", ""code:2023:162:236:2200:2233:301""]",JOINT_ANALYSIS,FULLY_REPORTED,FULLY_COMPARABLE,False,False,2,56928000000,0.0,0,0.0,0,0.0,0,0.0,0,0.0,0,0.0,0,0.0,0,0,0,0.0,0,0.0,MEDIUM,NONE,both,1,,18220000000,,9250000000,,-0.49231613611416025,,SW산업진흥,550937000000,550937000000,3,"[""FUND"", ""GENERAL_ACCOUNT"", ""SPECIAL_ACCOUNT""]",480147000000,480147000000,3,"[""FUND"", ""GENERAL_ACCOUNT"", ""SPECIAL_ACCOUNT""]",False,False,,1.0,UNAVAILABLE_MIXED_OR_UNLINKED,False,550937000000,550937000000,3,"[""FUND"", ""GENERAL_ACCOUNT"", ""SPECIAL_ACCOUNT""]",,443871000000,3,"[""FUND"", ""GENERAL_ACCOUNT"", ""SPECIAL_ACCOUNT""]",False,False,,1.0,UNAVAILABLE_MIXED_OR_UNLINKED,False,False,0.0,True,0.0,0.0,0.0,0.0,0.3695652173913043,0.39655172413793105,False,False,False,False,False,False,False,False,False,1,18220000000,9250000000,-0.49231613611416025,False,False,False,False,,,,,False,False,False,False,0,False,False,0,LIMITED,0,0,False,False,False,INFORMATION,MONITOR,5,DETAILED_PROJECT_REVIEW,"현재 신호 미검출, 신규 자료 유입 시 재점검",NO_REVIEW_SIGNAL,162:2023:통신:정보통신:2200:SPECIAL_ACCOUNT,5,0.0,equal_mean_of_three_signal_components,tiebreak_only,False,,,,,,,,MONITOR,MONITOR,6,NO_CURRENT_TRIGGER_DETECTED_NOT_SAFE_CONCLUSION,NOT_ASSESSED,REVIEW_WORKFLOW_ORDER_NOT_POLICY_EFFECTIVENESS_RANK,67,42,370,147
과학기술정보통신부,2024,Ⅱ-3,과학문화창달,,,,,과학문화창달,1,1,1,1,0,0,1,ALL_COMPARABLE_AT_OR_ABOVE_TARGET,"[""MSIT-2024-II3-01""]",162,EXACT_NAME_UNIQUE_FINANCIAL,True,과학기술,과학기술인력및문화,1800,과학문화창달,과학문화창달,SPECIAL_ACCOUNT,55356000000,55356000000,53482912630,0.9661628844208396,COMPLETE,HIGH,3,3,0,"[""code:2024:162:236:1800:1831:401"", ""code:2024:162:236:1800:1832:401"", ""code:2024:162:236:1800:1834:401""]",JOINT_ANALYSIS,FULLY_REPORTED,FULLY_COMPARABLE,False,False,3,55356000000,1.1745248934171544,0,0.0,0,0.0,0,0.0,0,0.0,0,0.0,0,0.0,0,0,1,0.2702326757713708,0,0.0,MEDIUM,MULTIPLE_FINANCIAL_SIGNALS,both,,,,,,,,,과학문화창달,110720000000,110720000000,3,"[""FUND"", ""GENERAL_ACCOUNT"", ""SPECIAL_ACCOUNT""]",,133091000000,3,"[""FUND"", ""GENERAL_ACCOUNT"", ""SPECIAL_ACCOUNT""]",False,False,,1.0,UNAVAILABLE_MIXED_OR_UNLINKED,False,110720000000,110720000000,3,"[""FUND"", ""GENERAL_ACCOUNT"", ""SPECIAL_ACCOUNT""]",,,,,False,False,,1.0,UNAVAILABLE_MIXED_OR_UNLINKED,False,False,0.0,True,0.0,0.0,0.0,0.0,0.40145985401459855,0.5084745762711864,False,False,False,False,False,False,False,False,False,,,,,False,False,False,False,,,,,False,False,False,False,0,False,False,0,LIMITED,0,0,False,False,False,INFORMATION,MONITOR,5,DETAILED_PROJECT_REVIEW,"현재 신호 미검출, 신규 자료 유입 시 재점검",NO_REVIEW_SIGNAL,162:2024:과학기술:과학기술인력및문화:1800:SPECIAL_ACCOUNT,5,0.0,equal_mean_of_three_signal_components,tiebreak_only,False,,,,,,,,MONITOR,MONITOR,6,NO_CURRENT_TRIGGER_DETECTED_NOT_SAFE_CONCLUSION,NOT_ASSESSED,REVIEW_WORKFLOW_ORDER_NOT_POLICY_EFFECTIVENESS_RANK,68,43,371,148
과학기술정보통신부,2023,Ⅱ-3,과학문화창달,,,,,과학문화창달,2,2,2,2,0,0,2,ALL_COMPARABLE_AT_OR_ABOVE_TARGET,"[""MSIT-2023-II3-01"", ""MSIT-2023-II3-02""]",162,EXACT_NAME_UNIQUE_FINANCIAL,True,과학기술,과학기술인력및문화,1800,과학문화창달,과학문화창달,FUND,55002000000,55002000000,55002000000,1.0,COMPLETE,HIGH,8,8,0,"[""code:2023:162:538:1800:1831:402"", ""code:2023:162:538:1800:1831:409"", ""code:2023:162:538:1800:1831:410"", ""code:2023:162:538:1800:1831:412"", ""code:2023:162:538:1800:1836:401"", ""code:2023:162:538:1800:1836:402"", ""code:2023:162:538:1800:1836:403"", ""code:2023:162:538:1800:1836:406""]",JOINT_ANALYSIS,FULLY_REPORTED,FULLY_COMPARABLE,False,False,8,55002000000,0.04545289262208647,0,0.0,0,0.0,0,0.0,0,0.0,0,0.0,0,0.0,0,0,0,0.0,0,0.0,MEDIUM,NONE,both,4,,39212000000,,36387000000,,-0.07204427216158318,,과학문화창달,126644000000,126644000000,2,"[""FUND"", ""GENERAL_ACCOUNT""]",110720000000,110720000000,3,"[""FUND"", ""GENERAL_ACCOUNT"", ""SPECIAL_ACCOUNT""]",False,False,,1.0,UNAVAILABLE_MIXED_OR_UNLINKED,False,126644000000,126644000000,2,"[""FUND"", ""GENERAL_ACCOUNT""]",,133091000000,3,"[""FUND"", ""GENERAL_ACCOUNT"", ""SPECIAL_ACCOUNT""]",False,False,,1.0,UNAVAILABLE_MIXED_OR_UNLINKED,False,False,0.0,True,0.0,0.0,0.0,0.0,0.35507246376811596,0.3620689655172414,False,False,False,False,False,False,False,False,False,4,39212000000,36387000000,-0.07204427216158318,False,False,False,False,,,,,False,False,False,False,0,False,False,0,LIMITED,0,0,False,False,False,INFORMATION,MONITOR,5,DETAILED_PROJECT_REVIEW,"현재 신호 미검출, 신규 자료 유입 시 재점검",NO_REVIEW_SIGNAL,162:2023:과학기술:과학기술인력및문화:1800:FUND,5,0.0,equal_mean_of_three_signal_components,tiebreak_only,False,,,,,,,,MONITOR,MONITOR,6,NO_CURRENT_TRIGGER_DETECTED_NOT_SAFE_CONCLUSION,NOT_ASSESSED,REVIEW_WORKFLOW_ORDER_NOT_POLICY_EFFECTIVENESS_RANK,69,44,372,149
과학기술정보통신부,2024,Ⅲ-1,공공연구성과활성화,4600,교육,평생·직업교육,CONFIRMED,공공연구성과활성화,1,1,1,1,0,0,1,ALL_COMPARABLE_AT_OR_ABOVE_TARGET,"[""MSIT-2024-III1-01""]",162,EXACT_CONFIRMED_HIERARCHY,True,교육,평생·직업교육,4600,공공연구성과활성화,공공연구성과활성화,SPECIAL_ACCOUNT,47354000000,47354000000,47354000000,1.0,COMPLETE,HIGH,5,5,0,"[""code:2024:162:236:4600:4601:300"", ""code:2024:162:236:4600:4601:302"", ""code:2024:162:236:4600:4601:311"", ""code:2024:162:236:4600:4601:313"", ""code:2024:162:236:4600:4601:314""]",JOINT_ANALYSIS,FULLY_REPORTED,FULLY_COMPARABLE,False,False,5,47354000000,0.0,0,0.0,0,0.0,0,0.0,0,0.0,0,0.0,0,0.0,0,0,0,0.0,0,0.0,MEDIUM,NONE,both,,,,,,,,,공공연구성과활성화,47354000000,47354000000,1,"[""SPECIAL_ACCOUNT""]",,56542000000,1,"[""SPECIAL_ACCOUNT""]",False,False,,1.0,PROGRAM_TOTAL_SINGLE_ACCOUNT,False,47354000000,47354000000,1,"[""SPECIAL_ACCOUNT""]",,,,,False,False,,1.0,UNAVAILABLE_MIXED_OR_UNLINKED,False,False,0.0,True,0.0,0.0,0.0,0.0,0.35036496350364965,0.4067796610169492,False,False,False,False,False,False,False,False,False,,,,,False,False,False,False,,,,,False,False,False,False,0,False,False,0,LIMITED,0,0,False,False,False,INFORMATION,MONITOR,5,DETAILED_PROJECT_REVIEW,"현재 신호 미검출, 신규 자료 유입 시 재점검",NO_REVIEW_SIGNAL,162:2024:교육:평생·직업교육:4600:SPECIAL_ACCOUNT,5,0.0,equal_mean_of_three_signal_components,tiebreak_only,False,,,,,,,,MONITOR,MONITOR,6,NO_CURRENT_TRIGGER_DETECTED_NOT_SAFE_CONCLUSION,NOT_ASSESSED,REVIEW_WORKFLOW_ORDER_NOT_POLICY_EFFECTIVENESS_RANK,70,45,373,150
과학기술정보통신부,2022,Ⅲ-1,공공연구성과 활성화,4600,교육,평생·직업교육,CONFIRMED,공공연구성과활성화,3,3,3,3,0,0,3,ALL_COMPARABLE_AT_OR_ABOVE_TARGET,"[""MSIT-2022-III1-01"", ""MSIT-2022-III1-02"", ""MSIT-2022-III1-03""]",162,EXACT_CONFIRMED_HIERARCHY,True,교육,평생·직업교육,4600,공공연구성과활성화,공공연구성과활성화,SPECIAL_ACCOUNT,47351000000,47351000000,47351000000,1.0,COMPLETE,HIGH,2,2,0,"[""code:2022:162:236:4600:4601:300"", ""code:2022:162:236:4600:4601:302""]",JOINT_ANALYSIS,FULLY_REPORTED,FULLY_COMPARABLE,False,False,2,47351000000,0.0,0,0.0,0,0.0,0,0.0,0,0.0,0,0.0,0,0.0,0,0,0,0.0,0,0.0,MEDIUM,NONE,both,2,2,47351000000,47351000000,50064000000,32937000000,0.05729551646216553,-0.3044075098730755,공공연구성과활성화,47351000000,47351000000,1,"[""SPECIAL_ACCOUNT""]",62520000000,62520000000,1,"[""SPECIAL_ACCOUNT""]",False,True,0.3203522628877954,1.0,PROGRAM_TOTAL_SINGLE_ACCOUNT,True,47351000000,47351000000,1,"[""SPECIAL_ACCOUNT""]",47354000000,47354000000,1,"[""SPECIAL_ACCOUNT""]",False,True,6.33566344955756e-05,1.0,PROGRAM_TOTAL_SINGLE_ACCOUNT,False,True,0.0,True,0.0,0.0,0.0,0.0,0.2868217054263566,0.375,False,False,False,False,False,False,False,False,True,2,47351000000,50064000000,0.05729551646216553,True,False,False,True,2,47351000000,32937000000,-0.3044075098730755,True,False,False,False,0,False,False,0,LIMITED,0,0,False,False,False,INFORMATION,MONITOR,5,DETAILED_PROJECT_REVIEW,"현재 신호 미검출, 신규 자료 유입 시 재점검",NO_REVIEW_SIGNAL,162:2022:교육:평생·직업교육:4600:SPECIAL_ACCOUNT,5,0.0,equal_mean_of_three_signal_components,tiebreak_only,False,,,,,,,,MONITOR,MONITOR,6,NO_CURRENT_TRIGGER_DETECTED_NOT_SAFE_CONCLUSION,NOT_ASSESSED,REVIEW_WORKFLOW_ORDER_NOT_POLICY_EFFECTIVENESS_RANK,71,46,374,151
과학기술정보통신부,2022,Ⅳ-9,전파활용방송 서비스산업,,,,,전파활용방송서비스산업,2,2,2,2,0,0,2,ALL_COMPARABLE_AT_OR_ABOVE_TARGET,"[""MSIT-2022-IV9-01"", ""MSIT-2022-IV9-03""]",162,EXACT_NAME_UNIQUE_FINANCIAL,True,통신,방송통신,2500,전파활용방송서비스산업,전파활용방송서비스산업,FUND,47055000000,47055000000,46853755560,0.9957232081606632,COMPLETE,HIGH,13,13,0,"[""code:2022:162:543:2500:2531:303"", ""code:2022:162:543:2500:2531:305"", ""code:2022:162:564:2500:2531:301"", ""code:2022:162:564:2500:2531:302"", ""code:2022:162:564:2500:2531:303"", ""code:2022:162:564:2500:2531:308"", ""code:2022:162:564:2500:2532:301"", ""code:2022:162:564:2500:2532:302"", ""code:2022:162:564:2500:2533:411"", ""code:2022:162:564:2500:2534:301"", ""code:2022:162:564:2500:2534:302"", ""code:2022:162:564:2500:2534:305"", ""code:2022:162:564:2500:2534:402""]",JOINT_ANALYSIS,FULLY_REPORTED,FULLY_COMPARABLE,False,False,13,47055000000,0.0,0,0.0,0,0.0,0,0.0,0,0.0,0,0.0,0,0.0,0,0,0,0.0,0,0.0,MEDIUM,NONE,both,8,7,36482000000,34660000000,37860000000,19339000000,0.037772051970834934,-0.44203693017888057,전파활용방송서비스산업,88258000000,88258000000,2,"[""FUND"", ""GENERAL_ACCOUNT""]",106842000000,106842000000,3,"[""FUND"", ""GENERAL_ACCOUNT"", ""SPECIAL_ACCOUNT""]",False,False,,1.0,UNAVAILABLE_MIXED_OR_UNLINKED,False,88258000000,88258000000,2,"[""FUND"", ""GENERAL_ACCOUNT""]",74349000000,74349000000,3,"[""FUND"", ""GENERAL_ACCOUNT"", ""SPECIAL_ACCOUNT""]",False,False,,1.0,UNAVAILABLE_MIXED_OR_UNLINKED,False,False,0.0,True,0.0,0.0,0.0,0.0,0.27906976744186046,0.35714285714285715,False,False,False,False,False,False,False,False,False,8,36482000000,37860000000,0.037772051970834934,False,False,False,False,7,34660000000,19339000000,-0.44203693017888057,False,False,False,False,0,False,False,0,LIMITED,0,0,False,False,False,INFORMATION,MONITOR,5,DETAILED_PROJECT_REVIEW,"현재 신호 미검출, 신규 자료 유입 시 재점검",NO_REVIEW_SIGNAL,162:2022:통신:방송통신:2500:FUND,5,0.0,equal_mean_of_three_signal_components,tiebreak_only,False,,,,,,,,MONITOR,MONITOR,6,NO_CURRENT_TRIGGER_DETECTED_NOT_SAFE_CONCLUSION,NOT_ASSESSED,REVIEW_WORKFLOW_ORDER_NOT_POLICY_EFFECTIVENESS_RANK,72,47,375,152
과학기술정보통신부,2024,Ⅱ-3,과학문화창달,,,,,과학문화창달,1,1,1,1,0,0,1,ALL_COMPARABLE_AT_OR_ABOVE_TARGET,"[""MSIT-2024-II3-01""]",162,EXACT_NAME_UNIQUE_FINANCIAL,True,과학기술,과학기술인력및문화,1800,과학문화창달,과학문화창달,FUND,44387000000,44387000000,44387000000,1.0,COMPLETE,HIGH,6,6,0,"[""code:2024:162:538:1800:1831:402"", ""code:2024:162:538:1800:1831:416"", ""code:2024:162:538:1800:1836:401"", ""code:2024:162:538:1800:1836:402"", ""code:2024:162:538:1800:1836:403"", ""code:2024:162:538:1800:1836:406""]",JOINT_ANALYSIS,FULLY_REPORTED,FULLY_COMPARABLE,False,False,6,44387000000,0.23376213756279993,0,0.0,0,0.0,0,0.0,0,0.0,0,0.0,0,0.0,0,0,0,0.0,0,0.0,MEDIUM,NONE,both,,,,,,,,,과학문화창달,110720000000,110720000000,3,"[""FUND"", ""GENERAL_ACCOUNT"", ""SPECIAL_ACCOUNT""]",,133091000000,3,"[""FUND"", ""GENERAL_ACCOUNT"", ""SPECIAL_ACCOUNT""]",False,False,,1.0,UNAVAILABLE_MIXED_OR_UNLINKED,False,110720000000,110720000000,3,"[""FUND"", ""GENERAL_ACCOUNT"", ""SPECIAL_ACCOUNT""]",,,,,False,False,,1.0,UNAVAILABLE_MIXED_OR_UNLINKED,False,False,0.0,True,0.0,0.0,0.0,0.0,0.3284671532846715,0.3728813559322034,False,False,False,False,False,False,False,False,False,,,,,False,False,False,False,,,,,False,False,False,False,0,False,False,0,LIMITED,0,0,False,False,False,INFORMATION,MONITOR,5,DETAILED_PROJECT_REVIEW,"현재 신호 미검출, 신규 자료 유입 시 재점검",NO_REVIEW_SIGNAL,162:2024:과학기술:과학기술인력및문화:1800:FUND,5,0.0,equal_mean_of_three_signal_components,tiebreak_only,False,,,,,,,,MONITOR,MONITOR,6,NO_CURRENT_TRIGGER_DETECTED_NOT_SAFE_CONCLUSION,NOT_ASSESSED,REVIEW_WORKFLOW_ORDER_NOT_POLICY_EFFECTIVENESS_RANK,73,48,376,153
보건복지부,2022,Ⅱ-5,한의학연구및정책개발,,,,,한의학연구및정책개발,3,3,3,3,0,0,3,ALL_COMPARABLE_AT_OR_ABOVE_TARGET,"[""MOHW-2022-II5-01"", ""MOHW-2022-II5-02"", ""MOHW-2022-II5-03""]",075,EXACT_NAME_UNIQUE_FINANCIAL,True,보건,보건의료,3200,한의학연구및정책개발,한의학연구및정책개발,GENERAL_ACCOUNT,44161000000,43829531540,43733329540,0.9978050871953262,COMPLETE,HIGH,9,9,0,"[""code:2022:075:110:3200:3233:302"", ""code:2022:075:110:3200:3233:308"", ""code:2022:075:110:3200:3233:311"", ""code:2022:075:110:3200:3234:301"", ""code:2022:075:110:3200:3234:302"", ""code:2022:075:110:3200:3234:310"", ""code:2022:075:110:3200:3234:313"", ""code:2022:075:110:3200:3237:302"", ""code:2022:075:110:3200:3237:303""]",JOINT_ANALYSIS,FULLY_REPORTED,FULLY_COMPARABLE,False,False,9,44161000000,0.011095763229999321,0,0.0,0,0.0,0,0.0,0,0.0,0,0.0,0,0.0,0,0,0,0.0,0,0.0,MEDIUM,NONE,both,8,7,43031000000,36201000000,47002000000,42382000000,0.09228230810346029,0.17074113974752078,한의학연구및정책개발,44161000000,44161000000,1,"[""GENERAL_ACCOUNT""]",51805000000,51805000000,1,"[""GENERAL_ACCOUNT""]",False,True,0.1730939063879894,1.0,PROGRAM_TOTAL_SINGLE_ACCOUNT,False,44161000000,44161000000,1,"[""GENERAL_ACCOUNT""]",48507000000,48507000000,1,"[""GENERAL_ACCOUNT""]",False,True,0.09841262652566744,1.0,PROGRAM_TOTAL_SINGLE_ACCOUNT,False,False,0.0,True,0.0,0.0,0.0,0.0,0.2713178294573643,0.3142857142857143,False,False,False,False,False,False,False,False,False,8,43031000000,47002000000,0.09228230810346029,False,False,False,False,7,36201000000,42382000000,0.17074113974752078,False,False,False,False,0,False,False,0,LIMITED,0,0,False,False,False,INFORMATION,MONITOR,5,DETAILED_PROJECT_REVIEW,"현재 신호 미검출, 신규 자료 유입 시 재점검",NO_REVIEW_SIGNAL,075:2022:보건:보건의료:3200:GENERAL_ACCOUNT,5,0.0,equal_mean_of_three_signal_components,tiebreak_only,False,,,,,,,,MONITOR,MONITOR,6,NO_CURRENT_TRIGGER_DETECTED_NOT_SAFE_CONCLUSION,NOT_ASSESSED,REVIEW_WORKFLOW_ORDER_NOT_POLICY_EFFECTIVENESS_RANK,74,11,377,111
과학기술정보통신부,2022,Ⅳ-9,전파활용방송 서비스산업,,,,,전파활용방송서비스산업,2,2,2,2,0,0,2,ALL_COMPARABLE_AT_OR_ABOVE_TARGET,"[""MSIT-2022-IV9-01"", ""MSIT-2022-IV9-03""]",162,EXACT_NAME_UNIQUE_FINANCIAL,True,통신,방송통신,2500,전파활용방송서비스산업,전파활용방송서비스산업,GENERAL_ACCOUNT,41203000000,41203000000,40751732070,0.9890476924010388,COMPLETE,HIGH,16,16,0,"[""code:2022:162:110:2500:2531:301"", ""code:2022:162:110:2500:2531:305"", ""code:2022:162:110:2500:2531:319"", ""code:2022:162:110:2500:2531:321"", ""code:2022:162:110:2500:2531:324"", ""code:2022:162:110:2500:2531:326"", ""code:2022:162:110:2500:2531:327"", ""code:2022:162:110:2500:2533:301"", ""code:2022:162:110:2500:2533:302"", ""code:2022:162:110:2500:2533:304"", ""code:2022:162:110:2500:2535:301"", ""code:2022:162:110:2500:2535:302"", ""code:2022:162:110:2500:2535:304"", ""code:2022:162:110:2500:2535:305"", ""code:2022:162:110:2500:2535:309"", ""code:2022:162:110:2500:2535:318""]",JOINT_ANALYSIS,FULLY_REPORTED,FULLY_COMPARABLE,False,False,16,41203000000,0.0268669757056525,0,0.0,0,0.0,0,0.0,0,0.0,0,0.0,0,0.0,0,0,0,0.0,0,0.0,MEDIUM,NONE,both,11,10,35501000000,34001000000,45904000000,35464000000,0.2930339990422805,0.04302814623099321,전파활용방송서비스산업,88258000000,88258000000,2,"[""FUND"", ""GENERAL_ACCOUNT""]",106842000000,106842000000,3,"[""FUND"", ""GENERAL_ACCOUNT"", ""SPECIAL_ACCOUNT""]",False,False,,1.0,UNAVAILABLE_MIXED_OR_UNLINKED,False,88258000000,88258000000,2,"[""FUND"", ""GENERAL_ACCOUNT""]",74349000000,74349000000,3,"[""FUND"", ""GENERAL_ACCOUNT"", ""SPECIAL_ACCOUNT""]",False,False,,1.0,UNAVAILABLE_MIXED_OR_UNLINKED,False,False,0.0,True,0.0,0.0,0.0,0.0,0.26356589147286824,0.3392857142857143,False,False,False,False,False,False,False,False,False,11,35501000000,45904000000,0.2930339990422805,False,False,False,False,10,34001000000,35464000000,0.04302814623099321,False,False,False,False,0,False,False,0,LIMITED,0,0,False,False,False,INFORMATION,MONITOR,5,DETAILED_PROJECT_REVIEW,"현재 신호 미검출, 신규 자료 유입 시 재점검",NO_REVIEW_SIGNAL,162:2022:통신:방송통신:2500:GENERAL_ACCOUNT,5,0.0,equal_mean_of_three_signal_components,tiebreak_only,False,,,,,,,,MONITOR,MONITOR,6,NO_CURRENT_TRIGGER_DETECTED_NOT_SAFE_CONCLUSION,NOT_ASSESSED,REVIEW_WORKFLOW_ORDER_NOT_POLICY_EFFECTIVENESS_RANK,75,49,378,154
중소벤처기업부,2024,Ⅰ-2,지역중소기업육성,,,,,지역중소기업육성,2,2,2,2,0,0,2,ALL_COMPARABLE_AT_OR_ABOVE_TARGET,"[""중기부-2024-I2-01"", ""중기부-2024-I2-02""]",102,EXACT_NAME_UNIQUE_FINANCIAL,True,산업·중소기업및에너지,중소기업및소상공인육성,3300,지역중소기업육성,지역중소기업육성,SPECIAL_ACCOUNT,40829000000,40829000000,40829000000,1.0,COMPLETE,HIGH,6,6,0,"[""code:2024:102:236:3300:3336:302"", ""code:2024:102:236:3300:3336:304"", ""code:2024:102:236:3300:3336:320"", ""code:2024:102:236:3300:3336:334"", ""code:2024:102:236:3300:3337:306"", ""code:2024:102:236:3300:3339:305"", ""code:2024:102:236:3300:3339:306"", ""code:2024:102:236:3300:3339:310""]",JOINT_ANALYSIS,FULLY_REPORTED,FULLY_COMPARABLE,False,False,6,40829000000,0.24291557471405129,0,0.0,0,0.0,0,0.0,0,0.0,0,0.0,0,0.0,0,0,0,0.0,0,0.0,MEDIUM,NONE,both,,,,,,,,,지역중소기업육성,56509000000,56509000000,2,"[""GENERAL_ACCOUNT"", ""SPECIAL_ACCOUNT""]",,94695000000,2,"[""GENERAL_ACCOUNT"", ""SPECIAL_ACCOUNT""]",False,False,,1.0,UNAVAILABLE_MIXED_OR_UNLINKED,False,56509000000,56509000000,2,"[""GENERAL_ACCOUNT"", ""SPECIAL_ACCOUNT""]",,,,,False,False,,1.0,UNAVAILABLE_MIXED_OR_UNLINKED,False,False,0.0,True,0.0,0.0,0.0,0.0,0.30656934306569344,0.35,False,False,False,False,False,False,False,False,False,,,,,False,False,False,False,,,,,False,False,False,False,0,False,False,0,LIMITED,0,0,False,False,False,INFORMATION,MONITOR,5,DETAILED_PROJECT_REVIEW,"현재 신호 미검출, 신규 자료 유입 시 재점검",NO_REVIEW_SIGNAL,102:2024:산업·중소기업및에너지:중소기업및소상공인육성:3300:SPECIAL_ACCOUNT,5,0.0,equal_mean_of_three_signal_components,tiebreak_only,False,,,,,,,,MONITOR,MONITOR,6,NO_CURRENT_TRIGGER_DETECTED_NOT_SAFE_CONCLUSION,NOT_ASSESSED,REVIEW_WORKFLOW_ORDER_NOT_POLICY_EFFECTIVENESS_RANK,76,10,379,61
과학기술정보통신부,2024,Ⅴ-6,국가사회정보화,,,,,국가사회정보화,2,1,1,1,0,0,1,ALL_COMPARABLE_AT_OR_ABOVE_TARGET,"[""MSIT-2024-V6-01"", ""MSIT-2024-V6-02""]",162,EXACT_NAME_UNIQUE_FINANCIAL,True,일반·지방행정,정부자원관리,1900,국가사회정보화,국가사회정보화,SPECIAL_ACCOUNT,35685000000,35685000000,35685000000,1.0,COMPLETE,HIGH,1,1,0,"[""code:2024:162:236:1900:1945:301""]",JOINT_ANALYSIS,PARTIALLY_REPORTED,PARTIALLY_COMPARABLE,False,False,1,35685000000,0.0,0,0.0,0,0.0,0,0.0,0,0.0,0,0.0,0,0.0,0,0,0,0.0,0,0.0,MEDIUM,NONE,both,,,,,,,,,국가사회정보화,127319000000,127319000000,2,"[""GENERAL_ACCOUNT"", ""SPECIAL_ACCOUNT""]",,146245000000,2,"[""GENERAL_ACCOUNT"", ""SPECIAL_ACCOUNT""]",False,False,,1.0,UNAVAILABLE_MIXED_OR_UNLINKED,False,127319000000,127319000000,2,"[""GENERAL_ACCOUNT"", ""SPECIAL_ACCOUNT""]",,,,,False,False,,1.0,UNAVAILABLE_MIXED_OR_UNLINKED,False,False,0.0,True,0.0,0.0,0.0,0.0,0.291970802919708,0.3050847457627119,False,False,False,False,False,False,False,False,False,,,,,False,False,False,False,,,,,False,False,False,False,0,False,False,0,LIMITED,0,0,False,False,False,INFORMATION,MONITOR,5,DETAILED_PROJECT_REVIEW,"현재 신호 미검출, 신규 자료 유입 시 재점검",NO_REVIEW_SIGNAL,162:2024:일반·지방행정:정부자원관리:1900:SPECIAL_ACCOUNT,5,0.0,equal_mean_of_three_signal_components,tiebreak_only,False,,,,,,,,MONITOR,MONITOR,6,NO_CURRENT_TRIGGER_DETECTED_NOT_SAFE_CONCLUSION,NOT_ASSESSED,REVIEW_WORKFLOW_ORDER_NOT_POLICY_EFFECTIVENESS_RANK,77,50,380,155
중소벤처기업부,2024,Ⅴ-2,동반성장지원,,,,,동반성장지원,1,1,1,1,0,0,1,ALL_COMPARABLE_AT_OR_ABOVE_TARGET,"[""중기부-2024-IIIII1-02""]",102,EXACT_NAME_UNIQUE_FINANCIAL,True,산업·중소기업및에너지,중소기업및소상공인육성,4200,동반성장지원,동반성장지원,GENERAL_ACCOUNT,35672000000,35672000000,35659990540,0.9996633365104284,COMPLETE,HIGH,3,3,0,"[""code:2024:102:110:4200:4231:301"", ""code:2024:102:110:4200:4234:302"", ""code:2024:102:110:4200:4234:303""]",JOINT_ANALYSIS,FULLY_REPORTED,FULLY_COMPARABLE,False,False,3,35672000000,0.0,0,0.0,0,0.0,0,0.0,0,0.0,0,0.0,0,0.0,0,0,0,0.0,0,0.0,MEDIUM,NONE,both,,,,,,,,,동반성장지원,35672000000,35672000000,1,"[""GENERAL_ACCOUNT""]",,38926000000,1,"[""GENERAL_ACCOUNT""]",False,False,,1.0,PROGRAM_TOTAL_SINGLE_ACCOUNT,False,35672000000,35672000000,1,"[""GENERAL_ACCOUNT""]",,,,,False,False,,1.0,UNAVAILABLE_MIXED_OR_UNLINKED,False,False,0.0,True,0.0,0.0,0.0,0.0,0.2846715328467153,0.3,False,False,False,False,False,False,False,False,False,,,,,False,False,False,False,,,,,False,False,False,False,0,False,False,0,LIMITED,0,0,False,False,False,INFORMATION,MONITOR,5,DETAILED_PROJECT_REVIEW,"현재 신호 미검출, 신규 자료 유입 시 재점검",NO_REVIEW_SIGNAL,102:2024:산업·중소기업및에너지:중소기업및소상공인육성:4200:GENERAL_ACCOUNT,5,0.0,equal_mean_of_three_signal_components,tiebreak_only,False,,,,,,,,MONITOR,MONITOR,6,NO_CURRENT_TRIGGER_DETECTED_NOT_SAFE_CONCLUSION,NOT_ASSESSED,REVIEW_WORKFLOW_ORDER_NOT_POLICY_EFFECTIVENESS_RANK,78,11,381,62
과학기술정보통신부,2023,Ⅳ-6,지역경제활성화,,,,,지역경제활성화,2,2,2,2,0,0,2,ALL_COMPARABLE_AT_OR_ABOVE_TARGET,"[""MSIT-2023-IV6-01"", ""MSIT-2023-IV6-02""]",162,EXACT_NAME_UNIQUE_FINANCIAL,True,산업·중소기업및에너지,산업혁신지원,4200,지역경제활성화,지역경제활성화,SPECIAL_ACCOUNT,29018000000,29018000000,29018000000,1.0,COMPLETE,HIGH,6,6,0,"[""code:2023:162:236:4200:4201:301"", ""code:2023:162:236:4200:4202:302"", ""code:2023:162:236:4200:4231:306"", ""code:2023:162:236:4200:4234:316"", ""code:2023:162:236:4200:4234:320"", ""code:2023:162:236:4200:4234:323""]",JOINT_ANALYSIS,FULLY_REPORTED,FULLY_COMPARABLE,False,False,6,29018000000,0.0,0,0.0,0,0.0,0,0.0,0,0.0,0,0.0,0,0.0,0,0,0,0.0,0,0.0,MEDIUM,NONE,both,4,,18228000000,,32012000000,,0.7561992538951064,,지역경제활성화,29018000000,29018000000,1,"[""SPECIAL_ACCOUNT""]",45907000000,45907000000,1,"[""SPECIAL_ACCOUNT""]",False,True,0.5820180577572541,1.0,PROGRAM_TOTAL_SINGLE_ACCOUNT,False,29018000000,29018000000,1,"[""SPECIAL_ACCOUNT""]",,44208000000,1,"[""SPECIAL_ACCOUNT""]",False,False,,1.0,PROGRAM_TOTAL_SINGLE_ACCOUNT,False,False,0.0,True,0.0,0.0,0.0,0.0,0.2463768115942029,0.27586206896551724,False,False,False,False,False,False,False,False,False,4,18228000000,32012000000,0.7561992538951064,False,False,False,False,,,,,False,False,False,False,0,False,False,0,LIMITED,0,0,False,False,False,INFORMATION,MONITOR,5,DETAILED_PROJECT_REVIEW,"현재 신호 미검출, 신규 자료 유입 시 재점검",NO_REVIEW_SIGNAL,162:2023:산업·중소기업및에너지:산업혁신지원:4200:SPECIAL_ACCOUNT,5,0.0,equal_mean_of_three_signal_components,tiebreak_only,False,,,,,,,,MONITOR,MONITOR,6,NO_CURRENT_TRIGGER_DETECTED_NOT_SAFE_CONCLUSION,NOT_ASSESSED,REVIEW_WORKFLOW_ORDER_NOT_POLICY_EFFECTIVENESS_RANK,79,51,382,156
보건복지부,2023,Ⅱ-3,응급의료체계운영지원,,,,,응급의료체계운영지원,2,2,2,2,0,0,2,ALL_COMPARABLE_AT_OR_ABOVE_TARGET,"[""MOHW-2023-II3-01"", ""MOHW-2023-II3-02""]",075,EXACT_NAME_UNIQUE_FINANCIAL,True,보건,보건의료,2800,응급의료체계운영지원,응급의료체계운영지원,SPECIAL_ACCOUNT,28514000000,28514000000,28513720930,0.9999902128778846,COMPLETE,HIGH,1,1,0,"[""code:2023:075:236:2800:2831:300""]",JOINT_ANALYSIS,FULLY_REPORTED,FULLY_COMPARABLE,False,False,1,28514000000,0.0,0,0.0,0,0.0,0,0.0,0,0.0,0,0.0,0,0.0,0,0,0,0.0,0,0.0,MEDIUM,NONE,both,1,,28514000000,,29267000000,,0.026408080241284982,,응급의료체계운영지원,277455000000,277455000000,2,"[""FUND"", ""SPECIAL_ACCOUNT""]",308076000000,308076000000,2,"[""FUND"", ""SPECIAL_ACCOUNT""]",False,False,,1.0,UNAVAILABLE_MIXED_OR_UNLINKED,False,277455000000,277455000000,2,"[""FUND"", ""SPECIAL_ACCOUNT""]",,343146000000,2,"[""FUND"", ""SPECIAL_ACCOUNT""]",False,False,,1.0,UNAVAILABLE_MIXED_OR_UNLINKED,False,False,0.0,True,0.0,0.0,0.0,0.0,0.2391304347826087,0.3076923076923077,False,False,False,False,False,False,False,False,True,1,28514000000,29267000000,0.026408080241284982,True,False,False,False,,,,,False,False,False,False,0,False,False,0,LIMITED,0,0,False,False,False,INFORMATION,MONITOR,5,DETAILED_PROJECT_REVIEW,"현재 신호 미검출, 신규 자료 유입 시 재점검",NO_REVIEW_SIGNAL,075:2023:보건:보건의료:2800:SPECIAL_ACCOUNT,5,0.0,equal_mean_of_three_signal_components,tiebreak_only,False,,,,,,,,MONITOR,MONITOR,6,NO_CURRENT_TRIGGER_DETECTED_NOT_SAFE_CONCLUSION,NOT_ASSESSED,REVIEW_WORKFLOW_ORDER_NOT_POLICY_EFFECTIVENESS_RANK,80,12,383,112
과학기술정보통신부,2022,Ⅱ-2,과학기술인력 양성,1700,,,CONFIRMED,과학기술인력양성,2,2,2,2,0,0,2,ALL_COMPARABLE_AT_OR_ABOVE_TARGET,"[""MSIT-2022-II2-01"", ""MSIT-2022-II2-02""]",162,EXACT_CODE,True,과학기술,과학기술인력및문화,1700,과학기술인력양성,과학기술인력양성,FUND,23366000000,23366000000,23366000000,1.0,COMPLETE,HIGH,7,7,0,"[""code:2022:162:538:1700:1731:401"", ""code:2022:162:538:1700:1731:408"", ""code:2022:162:538:1700:1731:410"", ""code:2022:162:538:1700:1733:401"", ""code:2022:162:538:1700:1734:406"", ""code:2022:162:538:1700:1736:403"", ""code:2022:162:538:1700:1744:401""]",JOINT_ANALYSIS,FULLY_REPORTED,FULLY_COMPARABLE,False,False,7,23366000000,0.0,0,0.0,0,0.0,0,0.0,0,0.0,0,0.0,0,0.0,0,0,0,0.0,0,0.0,LOW,NONE,both,5,5,20446000000,20446000000,19666000000,19305000000,-0.03814927125110046,-0.05580553653526362,과학기술인력양성,161120000000,161120000000,3,"[""FUND"", ""GENERAL_ACCOUNT"", ""SPECIAL_ACCOUNT""]",189858000000,189858000000,3,"[""FUND"", ""GENERAL_ACCOUNT"", ""SPECIAL_ACCOUNT""]",False,False,,1.0,UNAVAILABLE_MIXED_OR_UNLINKED,False,161120000000,161120000000,3,"[""FUND"", ""GENERAL_ACCOUNT"", ""SPECIAL_ACCOUNT""]",156517000000,156517000000,3,"[""FUND"", ""GENERAL_ACCOUNT"", ""SPECIAL_ACCOUNT""]",False,False,,1.0,UNAVAILABLE_MIXED_OR_UNLINKED,False,False,0.0,True,0.0,0.0,0.0,0.0,0.20930232558139536,0.26785714285714285,False,False,False,False,False,False,False,False,False,5,20446000000,19666000000,-0.03814927125110046,False,False,False,False,5,20446000000,19305000000,-0.05580553653526362,False,False,False,False,0,False,False,0,LIMITED,0,0,False,False,False,INFORMATION,MONITOR,5,DETAILED_PROJECT_REVIEW,"현재 신호 미검출, 신규 자료 유입 시 재점검",NO_REVIEW_SIGNAL,162:2022:과학기술:과학기술인력및문화:1700:FUND,5,0.0,equal_mean_of_three_signal_components,tiebreak_only,False,,,,,,,,MONITOR,MONITOR,6,NO_CURRENT_TRIGGER_DETECTED_NOT_SAFE_CONCLUSION,NOT_ASSESSED,REVIEW_WORKFLOW_ORDER_NOT_POLICY_EFFECTIVENESS_RANK,81,52,384,157
보건복지부,2022,Ⅰ-3,장애인생활안정 및 재활 지원,,,,,장애인생활안정및재활지원,2,2,2,2,0,0,2,ALL_COMPARABLE_AT_OR_ABOVE_TARGET,"[""MOHW-2022-I3-01"", ""MOHW-2022-I3-02""]",075,EXACT_NAME,True,사회복지,취약계층지원,1500,장애인생활안정 및 재활 지원,장애인생활안정 및 재활 지원,FUND,23172000000,23172000000,22992000000,0.9922320041429312,COMPLETE,HIGH,3,3,0,"[""code:2022:075:542:1500:1563:301"", ""code:2022:075:542:1500:1563:304"", ""code:2022:075:542:1500:1563:309""]",JOINT_ANALYSIS,FULLY_REPORTED,FULLY_COMPARABLE,False,False,3,23172000000,0.0,0,0.0,0,0.0,0,0.0,0,0.0,0,0.0,0,0.0,0,0,0,0.0,0,0.0,MEDIUM,NONE,both,3,3,23172000000,23172000000,7224000000,10144000000,-0.6882444329363024,-0.5622302779216296,장애인생활안정 및 재활 지원,4087240000000,4087240000000,2,"[""FUND"", ""GENERAL_ACCOUNT""]",4544508000000,4544508000000,3,"[""FUND"", ""GENERAL_ACCOUNT"", ""SPECIAL_ACCOUNT""]",False,False,,1.0,UNAVAILABLE_MIXED_OR_UNLINKED,False,4087240000000,4087240000000,2,"[""FUND"", ""GENERAL_ACCOUNT""]",5041192000000,5041192000000,3,"[""FUND"", ""GENERAL_ACCOUNT"", ""SPECIAL_ACCOUNT""]",False,False,,1.0,UNAVAILABLE_MIXED_OR_UNLINKED,False,False,0.0,True,0.0,0.0,0.0,0.0,0.20155038759689922,0.2571428571428571,False,False,False,False,False,False,False,False,True,3,23172000000,7224000000,-0.6882444329363024,True,False,False,True,3,23172000000,10144000000,-0.5622302779216296,True,False,False,False,0,False,False,0,LIMITED,0,0,False,False,False,INFORMATION,MONITOR,5,DETAILED_PROJECT_REVIEW,"현재 신호 미검출, 신규 자료 유입 시 재점검",NO_REVIEW_SIGNAL,075:2022:사회복지:취약계층지원:1500:FUND,5,0.0,equal_mean_of_three_signal_components,tiebreak_only,False,,,,,,,,MONITOR,MONITOR,6,NO_CURRENT_TRIGGER_DETECTED_NOT_SAFE_CONCLUSION,NOT_ASSESSED,REVIEW_WORKFLOW_ORDER_NOT_POLICY_EFFECTIVENESS_RANK,82,13,385,113
중소벤처기업부,2023,Ⅰ-2,지역중소기업육성,,,,,지역중소기업육성,2,2,2,2,0,0,2,ALL_COMPARABLE_AT_OR_ABOVE_TARGET,"[""중기부-2023-I2-01"", ""중기부-2023-I2-02""]",102,EXACT_NAME_UNIQUE_FINANCIAL,True,산업·중소기업및에너지,중소기업및소상공인육성,3300,지역중소기업육성,지역중소기업육성,GENERAL_ACCOUNT,18187000000,18187000000,18153030750,0.9981322235662836,COMPLETE,HIGH,5,5,0,"[""code:2023:102:110:3300:3335:302"", ""code:2023:102:110:3300:3335:304"", ""code:2023:102:110:3300:3337:306"", ""code:2023:102:110:3300:3337:307"", ""code:2023:102:110:3300:3337:308""]",JOINT_ANALYSIS,FULLY_REPORTED,FULLY_COMPARABLE,False,False,5,18187000000,0.5918513223731237,0,0.0,0,0.0,0,0.0,0,0.0,0,0.0,0,0.0,0,0,2,0.29592566118656183,0,0.0,MEDIUM,MULTIPLE_FINANCIAL_SIGNALS,both,1,,4779000000,,12385000000,,1.5915463486084955,,지역중소기업육성,96166000000,96166000000,2,"[""GENERAL_ACCOUNT"", ""SPECIAL_ACCOUNT""]",56509000000,56509000000,2,"[""GENERAL_ACCOUNT"", ""SPECIAL_ACCOUNT""]",False,False,,1.0,UNAVAILABLE_MIXED_OR_UNLINKED,False,96166000000,96166000000,2,"[""GENERAL_ACCOUNT"", ""SPECIAL_ACCOUNT""]",,94695000000,2,"[""GENERAL_ACCOUNT"", ""SPECIAL_ACCOUNT""]",False,False,,1.0,UNAVAILABLE_MIXED_OR_UNLINKED,False,False,0.0,True,0.0,0.0,0.0,0.0,0.18840579710144928,0.13636363636363635,False,False,False,False,False,False,False,False,False,1,4779000000,12385000000,1.5915463486084955,False,False,False,False,,,,,False,False,False,False,0,False,False,0,LIMITED,0,0,False,False,False,INFORMATION,MONITOR,5,DETAILED_PROJECT_REVIEW,"현재 신호 미검출, 신규 자료 유입 시 재점검",NO_REVIEW_SIGNAL,102:2023:산업·중소기업및에너지:중소기업및소상공인육성:3300:GENERAL_ACCOUNT,5,0.0,equal_mean_of_three_signal_components,tiebreak_only,False,,,,,,,,MONITOR,MONITOR,6,NO_CURRENT_TRIGGER_DETECTED_NOT_SAFE_CONCLUSION,NOT_ASSESSED,REVIEW_WORKFLOW_ORDER_NOT_POLICY_EFFECTIVENESS_RANK,83,12,386,63
과학기술정보통신부,2022,Ⅳ-4,정보통신방송 기반조성,,,,,정보통신방송기반조성,3,3,3,3,0,0,3,ALL_COMPARABLE_AT_OR_ABOVE_TARGET,"[""MSIT-2022-IV4-01"", ""MSIT-2022-IV4-02"", ""MSIT-2022-IV4-03""]",162,NORMALIZED_NAME,True,문화및관광,문화예술,1600,정보통신방송기반조성,정보통신방송기반조성,FUND,17420000000,17420000000,17418771970,0.9999295045924224,COMPLETE,HIGH,6,6,0,"[""code:2022:162:543:1600:1631:305"", ""code:2022:162:543:1600:1631:306"", ""code:2022:162:543:1600:1631:307"", ""code:2022:162:564:1600:1631:310"", ""code:2022:162:564:1600:1632:308"", ""code:2022:162:564:1600:1632:314""]",JOINT_ANALYSIS,FULLY_REPORTED,FULLY_COMPARABLE,False,False,6,17420000000,0.0,0,0.0,0,0.0,0,0.0,0,0.0,0,0.0,0,0.0,0,0,0,0.0,0,0.0,MEDIUM,NONE,both,6,5,17420000000,12903000000,25152000000,10274000000,0.44385763490241104,-0.20375106564364875,정보통신방송기반조성,17420000000,17420000000,1,"[""FUND""]",27152000000,27152000000,2,"[""FUND"", ""GENERAL_ACCOUNT""]",False,False,,1.0,UNAVAILABLE_MIXED_OR_UNLINKED,False,17420000000,17420000000,1,"[""FUND""]",16763000000,16763000000,2,"[""FUND"", ""GENERAL_ACCOUNT""]",False,False,,1.0,UNAVAILABLE_MIXED_OR_UNLINKED,False,False,0.0,True,0.0,0.0,0.0,0.0,0.16279069767441862,0.21428571428571427,False,False,False,False,False,False,False,False,True,6,17420000000,25152000000,0.44385763490241104,True,False,False,False,5,12903000000,10274000000,-0.20375106564364875,False,False,False,False,0,False,False,0,LIMITED,0,0,False,False,False,INFORMATION,MONITOR,5,DETAILED_PROJECT_REVIEW,"현재 신호 미검출, 신규 자료 유입 시 재점검",NO_REVIEW_SIGNAL,162:2022:문화및관광:문화예술:1600:FUND,5,0.0,equal_mean_of_three_signal_components,tiebreak_only,False,,,,,,,,MONITOR,MONITOR,6,NO_CURRENT_TRIGGER_DETECTED_NOT_SAFE_CONCLUSION,NOT_ASSESSED,REVIEW_WORKFLOW_ORDER_NOT_POLICY_EFFECTIVENESS_RANK,84,53,387,158
과학기술정보통신부,2023,Ⅳ-5,정보통신융합산업,,,,,정보통신융합산업,2,2,2,2,0,0,2,ALL_COMPARABLE_AT_OR_ABOVE_TARGET,"[""MSIT-2023-IV5-01"", ""MSIT-2023-IV5-02""]",162,EXACT_NAME_UNIQUE_FINANCIAL,True,통신,정보통신,2100,정보통신융합산업,정보통신융합산업,SPECIAL_ACCOUNT,17095000000,17095000000,17095000000,1.0,COMPLETE,HIGH,3,3,0,"[""code:2023:162:236:2100:2136:301"", ""code:2023:162:238:2100:2132:301"", ""code:2023:162:238:2100:2137:301""]",JOINT_ANALYSIS,FULLY_REPORTED,FULLY_COMPARABLE,False,False,3,17095000000,0.0,0,0.0,0,0.0,0,0.0,0,0.0,0,0.0,0,0.0,0,0,0,0.0,0,0.0,MEDIUM,NONE,both,1,,14695000000,,16323000000,,0.11078598162640353,,정보통신융합산업,780900000000,780900000000,3,"[""FUND"", ""GENERAL_ACCOUNT"", ""SPECIAL_ACCOUNT""]",724744000000,724744000000,3,"[""FUND"", ""GENERAL_ACCOUNT"", ""SPECIAL_ACCOUNT""]",False,False,,1.0,UNAVAILABLE_MIXED_OR_UNLINKED,False,780900000000,780900000000,3,"[""FUND"", ""GENERAL_ACCOUNT"", ""SPECIAL_ACCOUNT""]",,740405000000,3,"[""FUND"", ""GENERAL_ACCOUNT"", ""SPECIAL_ACCOUNT""]",False,False,,1.0,UNAVAILABLE_MIXED_OR_UNLINKED,False,False,0.0,True,0.0,0.0,0.0,0.0,0.17391304347826086,0.22413793103448276,False,False,False,False,False,False,False,False,False,1,14695000000,16323000000,0.11078598162640353,False,False,False,False,,,,,False,False,False,False,0,False,False,0,LIMITED,0,0,False,False,False,INFORMATION,MONITOR,5,DETAILED_PROJECT_REVIEW,"현재 신호 미검출, 신규 자료 유입 시 재점검",NO_REVIEW_SIGNAL,162:2023:통신:정보통신:2100:SPECIAL_ACCOUNT,5,0.0,equal_mean_of_three_signal_components,tiebreak_only,False,,,,,,,,MONITOR,MONITOR,6,NO_CURRENT_TRIGGER_DETECTED_NOT_SAFE_CONCLUSION,NOT_ASSESSED,REVIEW_WORKFLOW_ORDER_NOT_POLICY_EFFECTIVENESS_RANK,85,54,388,159
중소벤처기업부,2024,Ⅰ-2,지역중소기업육성,,,,,지역중소기업육성,2,2,2,2,0,0,2,ALL_COMPARABLE_AT_OR_ABOVE_TARGET,"[""중기부-2024-I2-01"", ""중기부-2024-I2-02""]",102,EXACT_NAME_UNIQUE_FINANCIAL,True,산업·중소기업및에너지,중소기업및소상공인육성,3300,지역중소기업육성,지역중소기업육성,GENERAL_ACCOUNT,15680000000,15680000000,15655514710,0.9984384381377552,COMPLETE,HIGH,2,2,0,"[""code:2024:102:110:3300:3335:304"", ""code:2024:102:110:3300:3337:307""]",JOINT_ANALYSIS,FULLY_REPORTED,FULLY_COMPARABLE,False,False,2,15680000000,0.0,0,0.0,0,0.0,0,0.0,0,0.0,0,0.0,0,0.0,0,0,0,0.0,0,0.0,MEDIUM,NONE,both,,,,,,,,,지역중소기업육성,56509000000,56509000000,2,"[""GENERAL_ACCOUNT"", ""SPECIAL_ACCOUNT""]",,94695000000,2,"[""GENERAL_ACCOUNT"", ""SPECIAL_ACCOUNT""]",False,False,,1.0,UNAVAILABLE_MIXED_OR_UNLINKED,False,56509000000,56509000000,2,"[""GENERAL_ACCOUNT"", ""SPECIAL_ACCOUNT""]",,,,,False,False,,1.0,UNAVAILABLE_MIXED_OR_UNLINKED,False,False,0.0,True,0.0,0.0,0.0,0.0,0.19708029197080293,0.15,False,False,False,False,False,False,False,False,False,,,,,False,False,False,False,,,,,False,False,False,False,0,False,False,0,LIMITED,0,0,False,False,False,INFORMATION,MONITOR,5,DETAILED_PROJECT_REVIEW,"현재 신호 미검출, 신규 자료 유입 시 재점검",NO_REVIEW_SIGNAL,102:2024:산업·중소기업및에너지:중소기업및소상공인육성:3300:GENERAL_ACCOUNT,5,0.0,equal_mean_of_three_signal_components,tiebreak_only,False,,,,,,,,MONITOR,MONITOR,6,NO_CURRENT_TRIGGER_DETECTED_NOT_SAFE_CONCLUSION,NOT_ASSESSED,REVIEW_WORKFLOW_ORDER_NOT_POLICY_EFFECTIVENESS_RANK,86,13,389,64
과학기술정보통신부,2024,Ⅱ-3,과학문화창달,,,,,과학문화창달,1,1,1,1,0,0,1,ALL_COMPARABLE_AT_OR_ABOVE_TARGET,"[""MSIT-2024-II3-01""]",162,EXACT_NAME_UNIQUE_FINANCIAL,True,과학기술,과학기술인력및문화,1800,과학문화창달,과학문화창달,GENERAL_ACCOUNT,10977000000,17567000000,17526999870,0.9977229959583308,COMPLETE,HIGH,3,3,0,"[""code:2024:162:110:1800:1831:401"", ""code:2024:162:110:1800:1831:402"", ""code:2024:162:110:1800:1831:406""]",JOINT_ANALYSIS,FULLY_REPORTED,FULLY_COMPARABLE,False,False,3,10977000000,1.8943244966748656,0,0.0,0,0.0,0,0.0,0,0.0,0,0.0,0,0.0,0,0,1,0.9471622483374328,0,0.0,MEDIUM,MULTIPLE_FINANCIAL_SIGNALS,both,,,,,,,,,과학문화창달,110720000000,110720000000,3,"[""FUND"", ""GENERAL_ACCOUNT"", ""SPECIAL_ACCOUNT""]",,133091000000,3,"[""FUND"", ""GENERAL_ACCOUNT"", ""SPECIAL_ACCOUNT""]",False,False,,1.0,UNAVAILABLE_MIXED_OR_UNLINKED,False,110720000000,110720000000,3,"[""FUND"", ""GENERAL_ACCOUNT"", ""SPECIAL_ACCOUNT""]",,,,,False,False,,1.0,UNAVAILABLE_MIXED_OR_UNLINKED,False,False,0.0,True,0.0,0.0,0.0,0.0,0.16058394160583941,0.1694915254237288,False,False,False,False,False,False,False,False,False,,,,,False,False,False,False,,,,,False,False,False,False,0,False,False,0,LIMITED,0,0,False,False,False,INFORMATION,MONITOR,5,DETAILED_PROJECT_REVIEW,"현재 신호 미검출, 신규 자료 유입 시 재점검",NO_REVIEW_SIGNAL,162:2024:과학기술:과학기술인력및문화:1800:GENERAL_ACCOUNT,5,0.0,equal_mean_of_three_signal_components,tiebreak_only,False,,,,,,,,MONITOR,MONITOR,6,NO_CURRENT_TRIGGER_DETECTED_NOT_SAFE_CONCLUSION,NOT_ASSESSED,REVIEW_WORKFLOW_ORDER_NOT_POLICY_EFFECTIVENESS_RANK,87,55,390,160
보건복지부,2024,Ⅰ-3,장애인생활안정 및 재활 지원,,,,,장애인생활안정및재활지원,1,1,1,1,0,0,1,ALL_COMPARABLE_AT_OR_ABOVE_TARGET,"[""MOHW-2024-I3-01""]",075,EXACT_NAME_UNIQUE_FINANCIAL,True,사회복지,취약계층지원,1500,장애인생활안정 및 재활 지원,장애인생활안정 및 재활 지원,FUND,10144000000,10144000000,10144000000,1.0,COMPLETE,HIGH,3,3,0,"[""code:2024:075:542:1500:1563:301"", ""code:2024:075:542:1500:1563:304"", ""code:2024:075:542:1500:1563:309""]",JOINT_ANALYSIS,FULLY_REPORTED,FULLY_COMPARABLE,False,False,3,10144000000,0.0,0,0.0,0,0.0,0,0.0,0,0.0,0,0.0,0,0.0,0,0,0,0.0,0,0.0,MEDIUM,NONE,both,1,,2460000000,,,,,,장애인생활안정 및 재활 지원,5041192000000,5041192000000,3,"[""FUND"", ""GENERAL_ACCOUNT"", ""SPECIAL_ACCOUNT""]",,5439862000000,3,"[""FUND"", ""GENERAL_ACCOUNT"", ""SPECIAL_ACCOUNT""]",False,False,,1.0,UNAVAILABLE_MIXED_OR_UNLINKED,False,5041192000000,5041192000000,3,"[""FUND"", ""GENERAL_ACCOUNT"", ""SPECIAL_ACCOUNT""]",,,,,False,False,,1.0,UNAVAILABLE_MIXED_OR_UNLINKED,False,False,0.0,True,0.0,0.0,0.0,0.0,0.15328467153284672,0.23076923076923078,False,False,False,False,False,False,False,False,False,1,2460000000,,,False,False,False,False,,,,,False,False,False,False,0,False,False,0,LIMITED,0,0,False,False,False,INFORMATION,MONITOR,5,DETAILED_PROJECT_REVIEW,"현재 신호 미검출, 신규 자료 유입 시 재점검",NO_REVIEW_SIGNAL,075:2024:사회복지:취약계층지원:1500:FUND,5,0.0,equal_mean_of_three_signal_components,tiebreak_only,False,,,,,,,,MONITOR,MONITOR,6,NO_CURRENT_TRIGGER_DETECTED_NOT_SAFE_CONCLUSION,NOT_ASSESSED,REVIEW_WORKFLOW_ORDER_NOT_POLICY_EFFECTIVENESS_RANK,88,14,391,114
과학기술정보통신부,2022,Ⅱ-2,과학기술인력 양성,1700,,,CONFIRMED,과학기술인력양성,2,2,2,2,0,0,2,ALL_COMPARABLE_AT_OR_ABOVE_TARGET,"[""MSIT-2022-II2-01"", ""MSIT-2022-II2-02""]",162,EXACT_CODE,True,과학기술,과학기술인력및문화,1700,과학기술인력양성,과학기술인력양성,SPECIAL_ACCOUNT,9180000000,9180000000,9180000000,1.0,COMPLETE,HIGH,1,1,0,"[""code:2022:162:238:1700:1744:401""]",JOINT_ANALYSIS,FULLY_REPORTED,FULLY_COMPARABLE,False,False,1,9180000000,0.0,0,0.0,0,0.0,0,0.0,0,0.0,0,0.0,0,0.0,0,0,0,0.0,0,0.0,MEDIUM,NONE,both,1,1,9180000000,9180000000,8980000000,4320000000,-0.02178649237472767,-0.5294117647058824,과학기술인력양성,161120000000,161120000000,3,"[""FUND"", ""GENERAL_ACCOUNT"", ""SPECIAL_ACCOUNT""]",189858000000,189858000000,3,"[""FUND"", ""GENERAL_ACCOUNT"", ""SPECIAL_ACCOUNT""]",False,False,,1.0,UNAVAILABLE_MIXED_OR_UNLINKED,False,161120000000,161120000000,3,"[""FUND"", ""GENERAL_ACCOUNT"", ""SPECIAL_ACCOUNT""]",156517000000,156517000000,3,"[""FUND"", ""GENERAL_ACCOUNT"", ""SPECIAL_ACCOUNT""]",False,False,,1.0,UNAVAILABLE_MIXED_OR_UNLINKED,False,False,0.0,True,0.0,0.0,0.0,0.0,0.11627906976744186,0.16071428571428573,False,False,False,False,False,False,False,False,True,1,9180000000,8980000000,-0.02178649237472767,True,False,False,True,1,9180000000,4320000000,-0.5294117647058824,True,False,False,False,0,False,False,0,LIMITED,0,0,False,False,False,INFORMATION,MONITOR,5,DETAILED_PROJECT_REVIEW,"현재 신호 미검출, 신규 자료 유입 시 재점검",NO_REVIEW_SIGNAL,162:2022:과학기술:과학기술인력및문화:1700:SPECIAL_ACCOUNT,5,0.0,equal_mean_of_three_signal_components,tiebreak_only,False,,,,,,,,MONITOR,MONITOR,6,NO_CURRENT_TRIGGER_DETECTED_NOT_SAFE_CONCLUSION,NOT_ASSESSED,REVIEW_WORKFLOW_ORDER_NOT_POLICY_EFFECTIVENESS_RANK,89,56,392,161
과학기술정보통신부,2023,Ⅰ-3,우주개발진흥,,,,,우주개발진흥,2,2,2,2,0,0,2,ALL_COMPARABLE_AT_OR_ABOVE_TARGET,"[""MSIT-2023-I3-01"", ""MSIT-2023-I3-02""]",162,EXACT_NAME_UNIQUE_FINANCIAL,True,과학기술,과학기술연구개발,1300,우주개발진흥,우주개발진흥,FUND,9000000000,9000000000,9000000000,1.0,COMPLETE,HIGH,2,2,0,"[""code:2023:162:538:1300:1331:302"", ""code:2023:162:538:1300:1333:301""]",JOINT_ANALYSIS,FULLY_REPORTED,FULLY_COMPARABLE,False,False,2,9000000000,0.0,0,0.0,0,0.0,0,0.0,0,0.0,0,0.0,0,0.0,0,0,0,0.0,0,0.0,MEDIUM,NONE,both,1,,5000000000,,5000000000,,0.0,,우주개발진흥,433860000000,433860000000,2,"[""FUND"", ""GENERAL_ACCOUNT""]",434787000000,434787000000,2,"[""FUND"", ""GENERAL_ACCOUNT""]",False,False,,1.0,UNAVAILABLE_MIXED_OR_UNLINKED,False,433860000000,433860000000,2,"[""FUND"", ""GENERAL_ACCOUNT""]",,3500000000,1,"[""FUND""]",False,False,,1.0,UNAVAILABLE_MIXED_OR_UNLINKED,False,False,0.0,True,0.0,0.0,0.0,0.0,0.13768115942028986,0.1724137931034483,False,False,False,False,False,False,False,False,False,1,5000000000,5000000000,0.0,False,False,False,False,,,,,False,False,False,False,0,False,False,0,LIMITED,0,0,False,False,False,INFORMATION,MONITOR,5,DETAILED_PROJECT_REVIEW,"현재 신호 미검출, 신규 자료 유입 시 재점검",NO_REVIEW_SIGNAL,162:2023:과학기술:과학기술연구개발:1300:FUND,5,0.0,equal_mean_of_three_signal_components,tiebreak_only,False,,,,,,,,MONITOR,MONITOR,6,NO_CURRENT_TRIGGER_DETECTED_NOT_SAFE_CONCLUSION,NOT_ASSESSED,REVIEW_WORKFLOW_ORDER_NOT_POLICY_EFFECTIVENESS_RANK,90,57,393,162
보건복지부,2024,Ⅱ-4,보건산업육성,,,,,보건산업육성,1,1,1,1,0,0,1,ALL_COMPARABLE_AT_OR_ABOVE_TARGET,"[""MOHW-2024-II4-01""]",075,EXACT_NAME_UNIQUE_FINANCIAL,True,보건,보건의료,3000,보건산업육성,보건산업육성,FUND,6667000000,6667000000,6667000000,1.0,COMPLETE,HIGH,2,2,0,"[""code:2024:075:542:3000:3040:309"", ""code:2024:075:542:3000:3040:310""]",JOINT_ANALYSIS,FULLY_REPORTED,FULLY_COMPARABLE,False,False,2,6667000000,0.0,0,0.0,0,0.0,0,0.0,0,0.0,0,0.0,0,0.0,0,0,0,0.0,0,0.0,MEDIUM,NONE,both,,,,,,,,,보건산업육성,1002246000000,1002246000000,3,"[""FUND"", ""GENERAL_ACCOUNT"", ""SPECIAL_ACCOUNT""]",,1139827000000,3,"[""FUND"", ""GENERAL_ACCOUNT"", ""SPECIAL_ACCOUNT""]",False,False,,1.0,UNAVAILABLE_MIXED_OR_UNLINKED,False,1002246000000,1002246000000,3,"[""FUND"", ""GENERAL_ACCOUNT"", ""SPECIAL_ACCOUNT""]",,,,,False,False,,1.0,UNAVAILABLE_MIXED_OR_UNLINKED,False,False,0.0,True,0.0,0.0,0.0,0.0,0.10218978102189781,0.07692307692307693,False,False,False,False,False,False,False,False,False,,,,,False,False,False,False,,,,,False,False,False,False,0,False,False,0,LIMITED,0,0,False,False,False,INFORMATION,MONITOR,5,DETAILED_PROJECT_REVIEW,"현재 신호 미검출, 신규 자료 유입 시 재점검",NO_REVIEW_SIGNAL,075:2024:보건:보건의료:3000:FUND,5,0.0,equal_mean_of_three_signal_components,tiebreak_only,False,,,,,,,,MONITOR,MONITOR,6,NO_CURRENT_TRIGGER_DETECTED_NOT_SAFE_CONCLUSION,NOT_ASSESSED,REVIEW_WORKFLOW_ORDER_NOT_POLICY_EFFECTIVENESS_RANK,91,15,394,115
과학기술정보통신부,2022,Ⅳ-8,인터넷융합산업,2000,통신,정보통신,CONFIRMED,인터넷융합산업,2,2,2,2,0,0,2,ALL_COMPARABLE_AT_OR_ABOVE_TARGET,"[""MSIT-2022-IV8-01"", ""MSIT-2022-IV8-02""]",162,EXACT_CONFIRMED_HIERARCHY,True,통신,정보통신,2000,인터넷융합산업,인터넷융합산업,SPECIAL_ACCOUNT,5993000000,5993000000,5993000000,1.0,COMPLETE,HIGH,2,2,0,"[""code:2022:162:236:2000:2033:301"", ""code:2022:162:238:2000:2032:301""]",JOINT_ANALYSIS,FULLY_REPORTED,FULLY_COMPARABLE,False,False,2,5993000000,0.0,0,0.0,0,0.0,0,0.0,0,0.0,0,0.0,0,0.0,0,0,0,0.0,0,0.0,MEDIUM,NONE,both,2,1,5993000000,2993000000,11853000000,2577000000,0.9778074420156849,-0.13899097895088539,인터넷융합산업,273603000000,273603000000,3,"[""FUND"", ""GENERAL_ACCOUNT"", ""SPECIAL_ACCOUNT""]",334994000000,334994000000,3,"[""FUND"", ""GENERAL_ACCOUNT"", ""SPECIAL_ACCOUNT""]",False,False,,1.0,UNAVAILABLE_MIXED_OR_UNLINKED,False,273603000000,273603000000,3,"[""FUND"", ""GENERAL_ACCOUNT"", ""SPECIAL_ACCOUNT""]",301955000000,301955000000,3,"[""FUND"", ""GENERAL_ACCOUNT"", ""SPECIAL_ACCOUNT""]",False,False,,1.0,UNAVAILABLE_MIXED_OR_UNLINKED,False,False,0.0,True,0.0,0.0,0.0,0.0,0.08527131782945736,0.14285714285714285,False,False,False,False,False,False,False,False,True,2,5993000000,11853000000,0.9778074420156849,True,False,False,False,1,2993000000,2577000000,-0.13899097895088539,False,False,False,False,0,False,False,0,LIMITED,0,0,False,False,False,INFORMATION,MONITOR,5,DETAILED_PROJECT_REVIEW,"현재 신호 미검출, 신규 자료 유입 시 재점검",NO_REVIEW_SIGNAL,162:2022:통신:정보통신:2000:SPECIAL_ACCOUNT,5,0.0,equal_mean_of_three_signal_components,tiebreak_only,False,,,,,,,,MONITOR,MONITOR,6,NO_CURRENT_TRIGGER_DETECTED_NOT_SAFE_CONCLUSION,NOT_ASSESSED,REVIEW_WORKFLOW_ORDER_NOT_POLICY_EFFECTIVENESS_RANK,92,58,395,163
보건복지부,2024,Ⅰ-3,장애인생활안정 및 재활 지원,,,,,장애인생활안정및재활지원,1,1,1,1,0,0,1,ALL_COMPARABLE_AT_OR_ABOVE_TARGET,"[""MOHW-2024-I3-01""]",075,EXACT_NAME_UNIQUE_FINANCIAL,True,사회복지,취약계층지원,1500,장애인생활안정 및 재활 지원,장애인생활안정 및 재활 지원,SPECIAL_ACCOUNT,5982000000,5997900000,5997300000,0.9998999649877456,COMPLETE,HIGH,1,1,0,"[""code:2024:075:236:1500:1542:300""]",JOINT_ANALYSIS,FULLY_REPORTED,FULLY_COMPARABLE,False,False,1,5982000000,0.0,0,0.0,0,0.0,0,0.0,0,0.0,0,0.0,0,0.0,0,0,0,0.0,0,0.0,MEDIUM,NONE,both,,,,,,,,,장애인생활안정 및 재활 지원,5041192000000,5041192000000,3,"[""FUND"", ""GENERAL_ACCOUNT"", ""SPECIAL_ACCOUNT""]",,5439862000000,3,"[""FUND"", ""GENERAL_ACCOUNT"", ""SPECIAL_ACCOUNT""]",False,False,,1.0,UNAVAILABLE_MIXED_OR_UNLINKED,False,5041192000000,5041192000000,3,"[""FUND"", ""GENERAL_ACCOUNT"", ""SPECIAL_ACCOUNT""]",,,,,False,False,,1.0,UNAVAILABLE_MIXED_OR_UNLINKED,False,False,0.0,True,0.0,0.0,0.0,0.0,0.0948905109489051,0.05128205128205128,False,False,False,False,False,False,False,False,False,,,,,False,False,False,False,,,,,False,False,False,False,0,False,False,0,LIMITED,0,0,False,False,False,INFORMATION,MONITOR,5,DETAILED_PROJECT_REVIEW,"현재 신호 미검출, 신규 자료 유입 시 재점검",NO_REVIEW_SIGNAL,075:2024:사회복지:취약계층지원:1500:SPECIAL_ACCOUNT,5,0.0,equal_mean_of_three_signal_components,tiebreak_only,False,,,,,,,,MONITOR,MONITOR,6,NO_CURRENT_TRIGGER_DETECTED_NOT_SAFE_CONCLUSION,NOT_ASSESSED,REVIEW_WORKFLOW_ORDER_NOT_POLICY_EFFECTIVENESS_RANK,93,16,396,116
과학기술정보통신부,2024,Ⅰ-3,우주개발진흥,,,,,우주개발진흥,1,1,1,1,0,0,1,ALL_COMPARABLE_AT_OR_ABOVE_TARGET,"[""MSIT-2024-I3-01""]",162,EXACT_NAME_UNIQUE_FINANCIAL,True,과학기술,과학기술연구개발,1300,우주개발진흥,우주개발진흥,FUND,5776000000,5776000000,5776000000,1.0,COMPLETE,HIGH,2,2,0,"[""code:2024:162:538:1300:1331:302"", ""code:2024:162:538:1300:1333:301""]",JOINT_ANALYSIS,FULLY_REPORTED,FULLY_COMPARABLE,False,False,2,5776000000,0.8656509695290858,0,0.0,0,0.0,0,0.0,0,0.0,0,0.0,0,0.0,0,0,0,0.0,0,0.0,MEDIUM,NONE,both,,,,,,,,,우주개발진흥,434787000000,434787000000,2,"[""FUND"", ""GENERAL_ACCOUNT""]",,3500000000,1,"[""FUND""]",False,False,,1.0,UNAVAILABLE_MIXED_OR_UNLINKED,False,434787000000,434787000000,2,"[""FUND"", ""GENERAL_ACCOUNT""]",,,,,False,False,,1.0,UNAVAILABLE_MIXED_OR_UNLINKED,False,False,0.0,True,0.0,0.0,0.0,0.0,0.08029197080291971,0.15254237288135594,False,False,False,False,False,False,False,False,False,,,,,False,False,False,False,,,,,False,False,False,False,0,False,False,0,LIMITED,0,0,False,False,False,INFORMATION,MONITOR,5,DETAILED_PROJECT_REVIEW,"현재 신호 미검출, 신규 자료 유입 시 재점검",NO_REVIEW_SIGNAL,162:2024:과학기술:과학기술연구개발:1300:FUND,5,0.0,equal_mean_of_three_signal_components,tiebreak_only,False,,,,,,,,MONITOR,MONITOR,6,NO_CURRENT_TRIGGER_DETECTED_NOT_SAFE_CONCLUSION,NOT_ASSESSED,REVIEW_WORKFLOW_ORDER_NOT_POLICY_EFFECTIVENESS_RANK,94,59,397,164
과학기술정보통신부,2022,Ⅰ-3,우주개발진흥,,,,,우주개발진흥,2,2,2,2,0,0,2,ALL_COMPARABLE_AT_OR_ABOVE_TARGET,"[""MSIT-2022-I3-01"", ""MSIT-2022-I3-02""]",162,EXACT_NAME_UNIQUE_FINANCIAL,True,과학기술,과학기술연구개발,1300,우주개발진흥,우주개발진흥,FUND,4000000000,4000000000,4000000000,1.0,COMPLETE,HIGH,1,1,0,"[""code:2022:162:538:1300:1331:302""]",JOINT_ANALYSIS,FULLY_REPORTED,FULLY_COMPARABLE,False,False,1,4000000000,0.0,0,0.0,0,0.0,0,0.0,0,0.0,0,0.0,0,0.0,0,0,0,0.0,0,0.0,MEDIUM,NONE,both,1,,4000000000,,4000000000,,0.0,,우주개발진흥,395890000000,395890000000,2,"[""FUND"", ""GENERAL_ACCOUNT""]",433860000000,433860000000,2,"[""FUND"", ""GENERAL_ACCOUNT""]",False,False,,1.0,UNAVAILABLE_MIXED_OR_UNLINKED,False,395890000000,395890000000,2,"[""FUND"", ""GENERAL_ACCOUNT""]",434787000000,434787000000,2,"[""FUND"", ""GENERAL_ACCOUNT""]",False,False,,1.0,UNAVAILABLE_MIXED_OR_UNLINKED,False,False,0.0,True,0.0,0.0,0.0,0.0,0.05426356589147287,0.10714285714285714,False,False,False,False,False,False,False,False,True,1,4000000000,4000000000,0.0,True,False,False,False,,,,,False,False,False,False,0,False,False,0,LIMITED,0,0,False,False,False,INFORMATION,MONITOR,5,DETAILED_PROJECT_REVIEW,"현재 신호 미검출, 신규 자료 유입 시 재점검",NO_REVIEW_SIGNAL,162:2022:과학기술:과학기술연구개발:1300:FUND,5,0.0,equal_mean_of_three_signal_components,tiebreak_only,False,,,,,,,,MONITOR,MONITOR,6,NO_CURRENT_TRIGGER_DETECTED_NOT_SAFE_CONCLUSION,NOT_ASSESSED,REVIEW_WORKFLOW_ORDER_NOT_POLICY_EFFECTIVENESS_RANK,95,60,398,165
과학기술정보통신부,2024,Ⅴ-5,과학기술정보통신부운영지원,7000,교육,교육일반,CONFIRMED,과학기술정보통신부운영지원,1,1,1,1,0,0,1,ALL_COMPARABLE_AT_OR_ABOVE_TARGET,"[""MSIT-2024-V5-01""]",162,EXACT_CONFIRMED_HIERARCHY,True,교육,교육일반,7000,과학기술정보통신부운영지원,과학기술정보통신부운영지원,GENERAL_ACCOUNT,3492000000,3492000000,3492000000,1.0,COMPLETE,HIGH,1,1,0,"[""code:2024:162:110:7000:7038:305""]",JOINT_ANALYSIS,FULLY_REPORTED,FULLY_COMPARABLE,False,False,1,3492000000,0.0,0,0.0,0,0.0,0,0.0,0,0.0,0,0.0,0,0.0,0,0,0,0.0,0,0.0,MEDIUM,NONE,both,,,,,,,,,과학기술정보통신부운영지원,3492000000,3492000000,1,"[""GENERAL_ACCOUNT""]",,3307000000,1,"[""GENERAL_ACCOUNT""]",False,False,,1.0,PROGRAM_TOTAL_SINGLE_ACCOUNT,False,3492000000,3492000000,1,"[""GENERAL_ACCOUNT""]",,,,,False,False,,1.0,UNAVAILABLE_MIXED_OR_UNLINKED,False,False,0.0,True,0.0,0.0,0.0,0.0,0.051094890510948905,0.1016949152542373,False,False,False,False,False,False,False,False,False,,,,,False,False,False,False,,,,,False,False,False,False,0,False,False,0,LIMITED,0,0,False,False,False,INFORMATION,MONITOR,5,DETAILED_PROJECT_REVIEW,"현재 신호 미검출, 신규 자료 유입 시 재점검",NO_REVIEW_SIGNAL,162:2024:교육:교육일반:7000:GENERAL_ACCOUNT,5,0.0,equal_mean_of_three_signal_components,tiebreak_only,False,,,,,,,,MONITOR,MONITOR,6,NO_CURRENT_TRIGGER_DETECTED_NOT_SAFE_CONCLUSION,NOT_ASSESSED,REVIEW_WORKFLOW_ORDER_NOT_POLICY_EFFECTIVENESS_RANK,96,61,399,166
과학기술정보통신부,2024,Ⅴ-2,통신정책지원,,,,,통신정책지원,1,1,1,1,0,0,1,ALL_COMPARABLE_AT_OR_ABOVE_TARGET,"[""MSIT-2024-V2-01""]",162,EXACT_NAME_UNIQUE_FINANCIAL,True,통신,방송통신,2400,통신정책지원,통신정책지원,GENERAL_ACCOUNT,2773000000,2773000000,2773000000,1.0,COMPLETE,HIGH,1,1,0,"[""code:2024:162:110:2400:2431:321""]",JOINT_ANALYSIS,FULLY_REPORTED,FULLY_COMPARABLE,False,False,1,2773000000,0.0,0,0.0,0,0.0,0,0.0,0,0.0,0,0.0,0,0.0,0,0,0,0.0,0,0.0,MEDIUM,NONE,both,,,,,,,,,통신정책지원,18869000000,18869000000,2,"[""FUND"", ""GENERAL_ACCOUNT""]",,46387000000,2,"[""FUND"", ""GENERAL_ACCOUNT""]",False,False,,1.0,UNAVAILABLE_MIXED_OR_UNLINKED,False,18869000000,18869000000,2,"[""FUND"", ""GENERAL_ACCOUNT""]",,,,,False,False,,1.0,UNAVAILABLE_MIXED_OR_UNLINKED,False,False,0.0,True,0.0,0.0,0.0,0.0,0.029197080291970802,0.05084745762711865,False,False,False,False,False,False,False,False,False,,,,,False,False,False,False,,,,,False,False,False,False,0,False,False,0,LIMITED,0,0,False,False,False,INFORMATION,MONITOR,5,DETAILED_PROJECT_REVIEW,"현재 신호 미검출, 신규 자료 유입 시 재점검",NO_REVIEW_SIGNAL,162:2024:통신:방송통신:2400:GENERAL_ACCOUNT,5,0.0,equal_mean_of_three_signal_components,tiebreak_only,False,,,,,,,,MONITOR,MONITOR,6,NO_CURRENT_TRIGGER_DETECTED_NOT_SAFE_CONCLUSION,NOT_ASSESSED,REVIEW_WORKFLOW_ORDER_NOT_POLICY_EFFECTIVENESS_RANK,97,62,400,167
과학기술정보통신부,2022,Ⅴ-2,통신정책지원,,,,,통신정책지원,2,2,2,2,0,0,2,ALL_COMPARABLE_AT_OR_ABOVE_TARGET,"[""MSIT-2022-V2-01"", ""MSIT-2022-V2-02""]",162,EXACT_NAME_UNIQUE_FINANCIAL,True,통신,방송통신,2400,통신정책지원,통신정책지원,GENERAL_ACCOUNT,2600000000,2600000000,2600000000,1.0,COMPLETE,HIGH,1,1,0,"[""code:2022:162:110:2400:2431:321""]",JOINT_ANALYSIS,FULLY_REPORTED,FULLY_COMPARABLE,False,False,1,2600000000,0.0,0,0.0,0,0.0,0,0.0,0,0.0,0,0.0,0,0.0,0,0,0,0.0,0,0.0,MEDIUM,NONE,both,1,,2600000000,,3466000000,,0.3330769230769231,,통신정책지원,76430000000,76430000000,2,"[""FUND"", ""GENERAL_ACCOUNT""]",36347000000,36347000000,2,"[""FUND"", ""GENERAL_ACCOUNT""]",False,False,,1.0,UNAVAILABLE_MIXED_OR_UNLINKED,False,76430000000,76430000000,2,"[""FUND"", ""GENERAL_ACCOUNT""]",18869000000,18869000000,2,"[""FUND"", ""GENERAL_ACCOUNT""]",False,False,,1.0,UNAVAILABLE_MIXED_OR_UNLINKED,False,False,0.0,True,0.0,0.0,0.0,0.0,0.031007751937984496,0.05357142857142857,False,False,False,False,False,False,False,False,True,1,2600000000,3466000000,0.3330769230769231,True,False,False,False,,,,,False,False,False,False,0,False,False,0,LIMITED,0,0,False,False,False,INFORMATION,MONITOR,5,DETAILED_PROJECT_REVIEW,"현재 신호 미검출, 신규 자료 유입 시 재점검",NO_REVIEW_SIGNAL,162:2022:통신:방송통신:2400:GENERAL_ACCOUNT,5,0.0,equal_mean_of_three_signal_components,tiebreak_only,False,,,,,,,,MONITOR,MONITOR,6,NO_CURRENT_TRIGGER_DETECTED_NOT_SAFE_CONCLUSION,NOT_ASSESSED,REVIEW_WORKFLOW_ORDER_NOT_POLICY_EFFECTIVENESS_RANK,98,63,401,168
고용노동부,2024,Ⅳ-2,산업재해예방,,,,,산업재해예방,1,1,1,1,0,0,1,ALL_COMPARABLE_AT_OR_ABOVE_TARGET,"[""MOEL-2024-IV2-01""]",019,EXACT_NAME_UNIQUE_FINANCIAL,True,사회복지,노동,4100,산업재해예방,산업재해예방,GENERAL_ACCOUNT,2282000000,2307980000,2267386400,0.9824116326831256,COMPLETE,HIGH,1,1,0,"[""code:2024:019:110:4100:4135:300""]",JOINT_ANALYSIS,FULLY_REPORTED,FULLY_COMPARABLE,False,False,1,2282000000,0.0,0,0.0,0,0.0,0,0.0,0,0.0,0,0.0,0,0.0,0,0,0,0.0,0,0.0,MEDIUM,NONE,both,,,,,,,,,산업재해예방,1377392000000,1377392000000,3,"[""FUND"", ""GENERAL_ACCOUNT"", ""SPECIAL_ACCOUNT""]",,1443755000000,3,"[""FUND"", ""GENERAL_ACCOUNT"", ""SPECIAL_ACCOUNT""]",False,False,,1.0,UNAVAILABLE_MIXED_OR_UNLINKED,False,1377392000000,1377392000000,3,"[""FUND"", ""GENERAL_ACCOUNT"", ""SPECIAL_ACCOUNT""]",,,,,False,False,,1.0,UNAVAILABLE_MIXED_OR_UNLINKED,False,False,0.0,True,0.0,0.0,0.0,0.0,0.021897810218978103,0.05263157894736842,False,False,False,False,False,False,False,False,False,,,,,False,False,False,False,,,,,False,False,False,False,0,False,False,0,LIMITED,0,0,False,False,False,INFORMATION,MONITOR,5,DETAILED_PROJECT_REVIEW,"현재 신호 미검출, 신규 자료 유입 시 재점검",NO_REVIEW_SIGNAL,019:2024:사회복지:노동:4100:GENERAL_ACCOUNT,5,0.0,equal_mean_of_three_signal_components,tiebreak_only,False,,,,,,,,MONITOR,MONITOR,6,NO_CURRENT_TRIGGER_DETECTED_NOT_SAFE_CONCLUSION,NOT_ASSESSED,REVIEW_WORKFLOW_ORDER_NOT_POLICY_EFFECTIVENESS_RANK,99,7,402,54
과학기술정보통신부,2023,Ⅳ-4,정보통신방송기반조성,,,,,정보통신방송기반조성,3,3,3,3,0,0,3,ALL_COMPARABLE_AT_OR_ABOVE_TARGET,"[""MSIT-2023-IV4-01"", ""MSIT-2023-IV4-02"", ""MSIT-2023-IV4-03""]",162,EXACT_NAME,True,문화및관광,문화예술,1600,정보통신방송기반조성,정보통신방송기반조성,GENERAL_ACCOUNT,2000000000,2000000000,2000000000,1.0,COMPLETE,HIGH,1,1,0,"[""code:2023:162:110:1600:1632:302""]",JOINT_ANALYSIS,FULLY_REPORTED,FULLY_COMPARABLE,False,False,1,2000000000,0.0,0,0.0,0,0.0,0,0.0,0,0.0,0,0.0,0,0.0,0,0,0,0.0,0,0.0,MEDIUM,NONE,both,1,,2000000000,,2000000000,,0.0,,정보통신방송기반조성,27152000000,27152000000,2,"[""FUND"", ""GENERAL_ACCOUNT""]",16763000000,16763000000,2,"[""FUND"", ""GENERAL_ACCOUNT""]",False,False,,1.0,UNAVAILABLE_MIXED_OR_UNLINKED,False,27152000000,27152000000,2,"[""FUND"", ""GENERAL_ACCOUNT""]",,17594000000,2,"[""FUND"", ""GENERAL_ACCOUNT""]",False,False,,1.0,UNAVAILABLE_MIXED_OR_UNLINKED,False,False,0.0,True,0.0,0.0,0.0,0.0,0.036231884057971016,0.06896551724137931,False,False,False,False,False,False,False,False,True,1,2000000000,2000000000,0.0,True,False,False,False,,,,,False,False,False,False,0,False,False,0,LIMITED,0,0,False,False,False,INFORMATION,MONITOR,5,DETAILED_PROJECT_REVIEW,"현재 신호 미검출, 신규 자료 유입 시 재점검",NO_REVIEW_SIGNAL,162:2023:문화및관광:문화예술:1600:GENERAL_ACCOUNT,5,0.0,equal_mean_of_three_signal_components,tiebreak_only,False,,,,,,,,MONITOR,MONITOR,6,NO_CURRENT_TRIGGER_DETECTED_NOT_SAFE_CONCLUSION,NOT_ASSESSED,REVIEW_WORKFLOW_ORDER_NOT_POLICY_EFFECTIVENESS_RANK,100,64,403,169
중소벤처기업부,2022,I-1,중소기업육성지원,,,,,중소기업육성지원,3,3,3,3,0,0,3,ALL_COMPARABLE_AT_OR_ABOVE_TARGET,"[""중기부-2022-I1-01"", ""중기부-2022-I1-02"", ""중기부-2022-I1-03""]",102,EXACT_NAME,True,산업·중소기업및에너지,중소기업및소상공인육성,4800,중소기업육성지원,중소기업육성지원,FUND,1967000000,1967000000,1911541245,0.9718054117946112,COMPLETE,HIGH,1,1,0,"[""code:2022:102:584:4800:4851:301""]",JOINT_ANALYSIS,FULLY_REPORTED,FULLY_COMPARABLE,False,False,1,1967000000,0.0,0,0.0,0,0.0,0,0.0,0,0.0,0,0.0,0,0.0,0,0,0,0.0,0,0.0,MEDIUM,NONE,both,,,,,,,,,중소기업육성지원,146862000000,146862000000,2,"[""FUND"", ""GENERAL_ACCOUNT""]",140847000000,140847000000,2,"[""FUND"", ""GENERAL_ACCOUNT""]",False,False,,1.0,UNAVAILABLE_MIXED_OR_UNLINKED,False,146862000000,146862000000,2,"[""FUND"", ""GENERAL_ACCOUNT""]",136564000000,136564000000,1,"[""GENERAL_ACCOUNT""]",False,False,,1.0,UNAVAILABLE_MIXED_OR_UNLINKED,False,False,0.0,True,0.0,0.0,0.0,0.0,0.023255813953488372,0.045454545454545456,False,False,False,False,False,False,False,False,False,,,,,False,False,False,False,,,,,False,False,False,False,0,False,False,0,LIMITED,0,0,False,False,False,INFORMATION,MONITOR,5,DETAILED_PROJECT_REVIEW,"현재 신호 미검출, 신규 자료 유입 시 재점검",NO_REVIEW_SIGNAL,102:2022:산업·중소기업및에너지:중소기업및소상공인육성:4800:FUND,5,0.0,equal_mean_of_three_signal_components,tiebreak_only,False,,,,,,,,MONITOR,MONITOR,6,NO_CURRENT_TRIGGER_DETECTED_NOT_SAFE_CONCLUSION,NOT_ASSESSED,REVIEW_WORKFLOW_ORDER_NOT_POLICY_EFFECTIVENESS_RANK,101,14,404,65
과학기술정보통신부,2022,Ⅴ-3,이용자보호 및 공정경쟁,,,,,이용자보호및공정경쟁,2,2,2,2,0,0,2,ALL_COMPARABLE_AT_OR_ABOVE_TARGET,"[""MSIT-2022-V3-01"", ""MSIT-2022-V3-02""]",162,NORMALIZED_NAME,True,문화및관광,문화예술,3200,이용자보호및공정경쟁,이용자보호및공정경쟁,FUND,1828000000,1828000000,1828000000,1.0,COMPLETE,HIGH,1,1,0,"[""code:2022:162:564:3200:3231:305""]",JOINT_ANALYSIS,FULLY_REPORTED,FULLY_COMPARABLE,False,False,1,1828000000,0.0,0,0.0,0,0.0,0,0.0,0,0.0,0,0.0,0,0.0,0,0,0,0.0,0,0.0,MEDIUM,NONE,both,1,1,1828000000,1828000000,1828000000,3213000000,0.0,0.7576586433260394,이용자보호및공정경쟁,1828000000,1828000000,1,"[""FUND""]",1828000000,1828000000,1,"[""FUND""]",False,True,0.0,1.0,PROGRAM_TOTAL_SINGLE_ACCOUNT,True,1828000000,1828000000,1,"[""FUND""]",3213000000,3213000000,1,"[""FUND""]",False,True,0.7576586433260394,1.0,PROGRAM_TOTAL_SINGLE_ACCOUNT,True,True,0.0,True,0.0,0.0,0.0,0.0,0.015503875968992248,0.03571428571428571,False,False,False,False,False,False,False,False,True,1,1828000000,1828000000,0.0,True,False,False,True,1,1828000000,3213000000,0.7576586433260394,True,False,False,False,0,False,False,0,LIMITED,0,0,False,False,False,INFORMATION,MONITOR,5,DETAILED_PROJECT_REVIEW,"현재 신호 미검출, 신규 자료 유입 시 재점검",NO_REVIEW_SIGNAL,162:2022:문화및관광:문화예술:3200:FUND,5,0.0,equal_mean_of_three_signal_components,tiebreak_only,False,,,,,,,,MONITOR,MONITOR,6,NO_CURRENT_TRIGGER_DETECTED_NOT_SAFE_CONCLUSION,NOT_ASSESSED,REVIEW_WORKFLOW_ORDER_NOT_POLICY_EFFECTIVENESS_RANK,102,65,405,170
과학기술정보통신부,2023,Ⅴ-3,이용자보호및공정경쟁,,,,,이용자보호및공정경쟁,2,2,2,2,0,0,2,ALL_COMPARABLE_AT_OR_ABOVE_TARGET,"[""MSIT-2023-V3-01"", ""MSIT-2023-V3-02""]",162,EXACT_NAME,True,문화및관광,문화예술,3200,이용자보호및공정경쟁,이용자보호및공정경쟁,FUND,1828000000,1828000000,1828000000,1.0,COMPLETE,HIGH,1,1,0,"[""code:2023:162:564:3200:3231:305""]",JOINT_ANALYSIS,FULLY_REPORTED,FULLY_COMPARABLE,False,False,1,1828000000,0.0,0,0.0,0,0.0,0,0.0,0,0.0,0,0.0,0,0.0,0,0,0,0.0,0,0.0,MEDIUM,NONE,both,1,,1828000000,,3213000000,,0.7576586433260394,,이용자보호및공정경쟁,1828000000,1828000000,1,"[""FUND""]",3213000000,3213000000,1,"[""FUND""]",False,True,0.7576586433260394,1.0,PROGRAM_TOTAL_SINGLE_ACCOUNT,True,1828000000,1828000000,1,"[""FUND""]",,3201000000,1,"[""FUND""]",False,False,,1.0,PROGRAM_TOTAL_SINGLE_ACCOUNT,False,True,0.0,True,0.0,0.0,0.0,0.0,0.021739130434782608,0.05172413793103448,False,False,False,False,False,False,False,False,True,1,1828000000,3213000000,0.7576586433260394,True,False,False,False,,,,,False,False,False,False,0,False,False,0,LIMITED,0,0,False,False,False,INFORMATION,MONITOR,5,DETAILED_PROJECT_REVIEW,"현재 신호 미검출, 신규 자료 유입 시 재점검",NO_REVIEW_SIGNAL,162:2023:문화및관광:문화예술:3200:FUND,5,0.0,equal_mean_of_three_signal_components,tiebreak_only,False,,,,,,,,MONITOR,MONITOR,6,NO_CURRENT_TRIGGER_DETECTED_NOT_SAFE_CONCLUSION,NOT_ASSESSED,REVIEW_WORKFLOW_ORDER_NOT_POLICY_EFFECTIVENESS_RANK,103,66,406,171
과학기술정보통신부,2022,Ⅳ-3,디지털방송전환 기반구축,,,,,디지털방송전환기반구축,1,1,1,1,0,0,1,ALL_COMPARABLE_AT_OR_ABOVE_TARGET,"[""MSIT-2022-IV3-01""]",162,NORMALIZED_NAME,True,문화및관광,문화예술,1400,디지털방송전환기반구축,디지털방송전환기반구축,FUND,858000000,858000000,858000000,1.0,COMPLETE,HIGH,1,1,0,"[""code:2022:162:564:1400:1431:307""]",JOINT_ANALYSIS,FULLY_REPORTED,FULLY_COMPARABLE,False,False,1,858000000,0.0,0,0.0,0,0.0,0,0.0,0,0.0,0,0.0,0,0.0,0,0,0,0.0,0,0.0,MEDIUM,NONE,both,,,,,,,,,디지털방송전환기반구축,858000000,858000000,1,"[""FUND""]",858000000,858000000,1,"[""FUND""]",False,True,0.0,1.0,PROGRAM_TOTAL_SINGLE_ACCOUNT,False,858000000,858000000,1,"[""FUND""]",,,,,False,False,,1.0,UNAVAILABLE_MIXED_OR_UNLINKED,False,False,0.0,True,0.0,0.0,0.0,0.0,0.007751937984496124,0.017857142857142856,False,False,False,False,False,False,False,False,False,,,,,False,False,False,False,,,,,False,False,False,False,0,False,False,0,LIMITED,0,0,False,False,False,INFORMATION,MONITOR,5,DETAILED_PROJECT_REVIEW,"현재 신호 미검출, 신규 자료 유입 시 재점검",NO_REVIEW_SIGNAL,162:2022:문화및관광:문화예술:1400:FUND,5,0.0,equal_mean_of_three_signal_components,tiebreak_only,False,,,,,,,,MONITOR,MONITOR,6,NO_CURRENT_TRIGGER_DETECTED_NOT_SAFE_CONCLUSION,NOT_ASSESSED,REVIEW_WORKFLOW_ORDER_NOT_POLICY_EFFECTIVENESS_RANK,104,67,407,172
과학기술정보통신부,2023,Ⅳ-3,디지털방송전환기반구축,,,,,디지털방송전환기반구축,1,1,1,1,0,0,1,ALL_COMPARABLE_AT_OR_ABOVE_TARGET,"[""MSIT-2023-IV3-01""]",162,EXACT_NAME,True,문화및관광,문화예술,1400,디지털방송전환기반구축,디지털방송전환기반구축,FUND,858000000,858000000,858000000,1.0,COMPLETE,HIGH,1,1,0,"[""code:2023:162:564:1400:1431:307""]",JOINT_ANALYSIS,FULLY_REPORTED,FULLY_COMPARABLE,False,False,1,858000000,0.0,0,0.0,0,0.0,0,0.0,0,0.0,0,0.0,0,0.0,0,0,0,0.0,0,0.0,MEDIUM,NONE,both,,,,,,,,,디지털방송전환기반구축,858000000,858000000,1,"[""FUND""]",,,,,False,False,,1.0,UNAVAILABLE_MIXED_OR_UNLINKED,False,858000000,858000000,1,"[""FUND""]",,,,,False,False,,1.0,UNAVAILABLE_MIXED_OR_UNLINKED,False,False,0.0,True,0.0,0.0,0.0,0.0,0.007246376811594203,0.017241379310344827,False,False,False,False,False,False,False,False,False,,,,,False,False,False,False,,,,,False,False,False,False,0,False,False,0,LIMITED,0,0,False,False,False,INFORMATION,MONITOR,5,DETAILED_PROJECT_REVIEW,"현재 신호 미검출, 신규 자료 유입 시 재점검",NO_REVIEW_SIGNAL,162:2023:문화및관광:문화예술:1400:FUND,5,0.0,equal_mean_of_three_signal_components,tiebreak_only,False,,,,,,,,MONITOR,MONITOR,6,NO_CURRENT_TRIGGER_DETECTED_NOT_SAFE_CONCLUSION,NOT_ASSESSED,REVIEW_WORKFLOW_ORDER_NOT_POLICY_EFFECTIVENESS_RANK,105,68,408,173
과학기술정보통신부,2022,Ⅰ-6,탄소중립기반 구축,6400,,,EXTERNAL_MINISTRY,탄소중립기반구축,3,3,3,3,0,1,2,MIXED_COMPARABLE,"[""MSIT-2022-I6-01"", ""MSIT-2022-I6-02"", ""MSIT-2022-I6-03""]",162,EXTERNAL_MINISTRY_FINANCIAL_PROGRAM,False,,,,,,,,,,,,,,,,,EXTERNAL_MINISTRY_FINANCIAL_PROGRAM,FULLY_REPORTED,FULLY_COMPARABLE,False,False,,,,,,,,,,,,,,,,,,,,,,,,left_only,,,,,,,,,,,,,,,,,,False,False,,,UNAVAILABLE_MIXED_OR_UNLINKED,False,,,,,,,,,False,False,,,UNAVAILABLE_MIXED_OR_UNLINKED,False,False,,False,0.3333333333333333,,,,,,True,True,False,False,False,False,False,False,False,,,,,False,False,False,False,,,,,False,False,False,False,0,False,False,1,DATA_BLOCKED,1,0,False,False,False,DATA_REVIEW,DATA_FIRST,0,PROGRAM_DATA_TASK,프로그램 코드·분모·금액 연결 근거를 먼저 확인,EXTERNAL_MINISTRY_FINANCIAL_PROGRAM;DATA_VALIDATION;PERFORMANCE_BELOW_TARGET,162:2022:NA:NA:탄소중립기반 구축:NA,0,0.3333333333333333,equal_mean_of_three_signal_components,tiebreak_only,False,,,,,,,,DATA_FIRST,RESOLVED_CONTEXT,1,RESOLVED_STRUCTURAL_CONTEXT,NOT_ASSESSED,REVIEW_WORKFLOW_ORDER_NOT_POLICY_EFFECTIVENESS_RANK,9,4,409,174
과학기술정보통신부,2023,Ⅰ-6,탄소중립기반구축,6400,,,EXTERNAL_MINISTRY,탄소중립기반구축,2,2,2,2,0,0,2,ALL_COMPARABLE_AT_OR_ABOVE_TARGET,"[""MSIT-2023-I6-01"", ""MSIT-2023-I6-02""]",162,EXTERNAL_MINISTRY_FINANCIAL_PROGRAM,False,,,,,,,,,,,,,,,,,EXTERNAL_MINISTRY_FINANCIAL_PROGRAM,FULLY_REPORTED,FULLY_COMPARABLE,False,False,,,,,,,,,,,,,,,,,,,,,,,,left_only,,,,,,,,,,,,,,,,,,False,False,,,UNAVAILABLE_MIXED_OR_UNLINKED,False,,,,,,,,,False,False,,,UNAVAILABLE_MIXED_OR_UNLINKED,False,False,,False,0.0,,,,,,True,False,False,False,False,False,False,False,False,,,,,False,False,False,False,,,,,False,False,False,False,0,False,False,0,DATA_BLOCKED,0,0,False,False,False,DATA_REVIEW,DATA_FIRST,0,PROGRAM_DATA_TASK,프로그램 코드·분모·금액 연결 근거를 먼저 확인,EXTERNAL_MINISTRY_FINANCIAL_PROGRAM;DATA_VALIDATION,162:2023:NA:NA:탄소중립기반구축:NA,0,0.0,equal_mean_of_three_signal_components,tiebreak_only,False,,,,,,,,DATA_FIRST,RESOLVED_CONTEXT,1,RESOLVED_STRUCTURAL_CONTEXT,NOT_ASSESSED,REVIEW_WORKFLOW_ORDER_NOT_POLICY_EFFECTIVENESS_RANK,13,5,410,175
과학기술정보통신부,2023,Ⅱ-6,평생직업교육 체제 구축,,,,DELETED_TRANSFERRED,평생직업교육체제구축,2,0,0,0,0,0,0,NO_COMPARABLE_RATE,"[""MSIT-2023-II6-01"", ""MSIT-2023-II6-02""]",162,STRUCTURAL_PROGRAM_DELETED_TRANSFERRED,False,,,,,,,,,,,,,,,,,STRUCTURAL_PROGRAM_DELETED_TRANSFERRED,PARTIALLY_REPORTED,PARTIALLY_COMPARABLE,False,False,,,,,,,,,,,,,,,,,,,,,,,,left_only,,,,,,,,,,,,,,,,,,False,False,,,UNAVAILABLE_MIXED_OR_UNLINKED,False,,,,,,,,,False,False,,,UNAVAILABLE_MIXED_OR_UNLINKED,False,False,,False,,,,,,,True,False,False,False,False,False,False,False,False,,,,,False,False,False,False,,,,,False,False,False,False,0,False,False,0,DATA_BLOCKED,0,0,False,False,False,DATA_REVIEW,DATA_FIRST,0,PROGRAM_DATA_TASK,프로그램 코드·분모·금액 연결 근거를 먼저 확인,STRUCTURAL_PROGRAM_DELETED_TRANSFERRED;DATA_VALIDATION,162:2023:NA:NA:평생직업교육 체제 구축:NA,0,,equal_mean_of_three_signal_components,tiebreak_only,False,,,,,,,,DATA_FIRST,RESOLVED_CONTEXT,1,RESOLVED_STRUCTURAL_CONTEXT,NOT_ASSESSED,REVIEW_WORKFLOW_ORDER_NOT_POLICY_EFFECTIVENESS_RANK,14,6,411,176
과학기술정보통신부,2024,Ⅰ-6,탄소중립기반구축,6400,,,EXTERNAL_MINISTRY,탄소중립기반구축,1,1,1,1,0,0,1,ALL_COMPARABLE_AT_OR_ABOVE_TARGET,"[""MSIT-2024-I6-01""]",162,EXTERNAL_MINISTRY_FINANCIAL_PROGRAM,False,,,,,,,,,,,,,,,,,EXTERNAL_MINISTRY_FINANCIAL_PROGRAM,FULLY_REPORTED,FULLY_COMPARABLE,False,False,,,,,,,,,,,,,,,,,,,,,,,,left_only,,,,,,,,,,,,,,,,,,False,False,,,UNAVAILABLE_MIXED_OR_UNLINKED,False,,,,,,,,,False,False,,,UNAVAILABLE_MIXED_OR_UNLINKED,False,False,,False,0.0,,,,,,True,False,False,False,False,False,False,False,False,,,,,False,False,False,False,,,,,False,False,False,False,0,False,False,0,DATA_BLOCKED,0,0,False,False,False,DATA_REVIEW,DATA_FIRST,0,PROGRAM_DATA_TASK,프로그램 코드·분모·금액 연결 근거를 먼저 확인,EXTERNAL_MINISTRY_FINANCIAL_PROGRAM;DATA_VALIDATION,162:2024:NA:NA:탄소중립기반구축:NA,0,0.0,equal_mean_of_three_signal_components,tiebreak_only,False,,,,,,,,DATA_FIRST,RESOLVED_CONTEXT,1,RESOLVED_STRUCTURAL_CONTEXT,NOT_ASSESSED,REVIEW_WORKFLOW_ORDER_NOT_POLICY_EFFECTIVENESS_RANK,15,7,412,177
