program_year_id,program_identity_id,ministry_code,fiscal_year,program_code,field_name,sector_name,performance_program_name,raw_account_row_count,account_type_count,account_types,raw_candidate_ids,base_program_year_key_conflict,base_key_reused,identity_resolved_by_extended_key,identity_unresolved,identity_resolution_reason,program_year_name_conflict,program_original_budget,program_current_budget,program_expenditure,below_target_count,at_or_above_target_count,comparable_rate_count,reported_target_status,indicator_coverage_status,repeated_target_overachievement,target_unchanged,performance_status_conflict_fields,program_performance_status_conflict,program_total_feedback_complete_t1,program_total_feedback_complete_t2,program_total_budget_change_rate_t1,program_total_budget_change_rate_t2,low_performance_budget_increase_t1,low_performance_budget_increase_t2,good_performance_budget_decrease_t1,good_performance_budget_decrease_t2,retrospective_feedback_data_quality_signal,retrospective_feedback_conflict_fields,context_type,context_status,context_source,context_evidence,context_effect,type_repeated_year_end_concentration_budget_share,type_accounting_adjustment_pattern_budget_share,type_program_budget_concentration_budget_share,account_type_signal_details,evidence_status,data_validation_signal,analysis_status,program_execution_rate,current_execution_severity,performance_gap,performance_signal,repeated_low_execution_signal,reported_target_miss_consecutive,reported_target_met_consecutive,reported_target_history_status,program_budget_change_rate,budget_increase_context_signal,budget_decrease_context_signal,budget_mismatch_signal,budget_performance_mismatch,accounting_context_signal,structure_context_signal,type_repeated_strong_low_execution_budget_share,type_repeated_moderate_low_execution_budget_share,execution_management,observed_start_year,observed_end_year,observed_year_count,continuity_status,review_grade,reviewability_status,signal_strength,diagnostic_type,grade_trigger_signal_families,signal_families,context_flags,context_only,grade_cap_reason,grade_reason_codes,next_review_question,evidence_strength,review_grade_order,independent_signal_family_count,repeated_signal_family_count,program_year_queue_order,review_queue_order_within_year
019:1200:2022,019:1200,019,2022,1200,사회복지,고용,고용안전망확충,2,2,FUND;GENERAL_ACCOUNT,"[""019:2022:사회복지:고용:1200:FUND"", ""019:2022:사회복지:고용:1200:GENERAL_ACCOUNT""]",False,False,False,False,BASE_KEY_UNIQUE,False,14731393000000,14733233000000,13405747410840,3,0,3,ALL_COMPARABLE_BELOW_TARGET,COMPLETE_REPORTED_RATE_COVERAGE,False,False,,False,False,False,,,False,False,False,False,False,,UNKNOWN_TYPE,CONFIRMED_STRUCTURED,STRUCTURED_CONTEXT_INVENTORY,NO_CONFIRMED_CONTEXT_TAG,NO_GRADE_CHANGE,0.0,0.0,1.0,"[{""candidate_id"": ""019:2022:사회복지:고용:1200:FUND"", ""account_type"": ""FUND"", ""review_grade"": ""C"", ""diagnostic_type"": ""CONTEXT_OR_SINGLE_SIGNAL_REVIEW"", ""execution_rate"": 0.9721247385846356}, {""candidate_id"": ""019:2022:사회복지:고용:1200:GENERAL_ACCOUNT"", ""account_type"": ""GENERAL_ACCOUNT"", ""review_grade"": ""H"", ""diagnostic_type"": ""DATA_OR_COMPARABILITY_HOLD"", ""execution_rate"": null}]",DATA_BLOCKED,True,DATA_QUALITY_HOLD,0.9098985545697947,0.0,1.0,True,False,False,False,LEFT_CENSORED_OR_FIRST_OBSERVATION,,False,False,False,0,False,True,0,0,0.0,2022,2024,3,EXACT_PROGRAM_KEY,H,HOLD,NOT_ASSESSED,DATA_OR_COMPARABILITY_HOLD,data_quality;reported_performance,data_quality;reported_performance,structure_context,False,NOT_APPLICABLE,DATA_OR_COMPARABILITY_HOLD,프로그램 연결키·금액 단위·성과 비교가능성을 먼저 확정할 수 있는가?,BLOCKED,0,2,0,1,1
075:2700:2022,075:2700,075,2022,2700,보건,보건의료,공공보건의료확충,3,3,FUND;GENERAL_ACCOUNT;SPECIAL_ACCOUNT,"[""075:2022:보건:보건의료:2700:FUND"", ""075:2022:보건:보건의료:2700:GENERAL_ACCOUNT"", ""075:2022:보건:보건의료:2700:SPECIAL_ACCOUNT""]",False,False,False,False,BASE_KEY_UNIQUE,False,4878718000000,6061406795390,5896873269290,1,1,2,MIXED_COMPARABLE,COMPLETE_REPORTED_RATE_COVERAGE,False,False,,False,False,False,,,False,False,False,False,False,,UNKNOWN_TYPE,CONFIRMED_STRUCTURED,STRUCTURED_CONTEXT_INVENTORY,NO_CONFIRMED_CONTEXT_TAG,NO_GRADE_CHANGE,0.0,0.0,1.0,"[{""candidate_id"": ""075:2022:보건:보건의료:2700:FUND"", ""account_type"": ""FUND"", ""review_grade"": ""C"", ""diagnostic_type"": ""CONTEXT_OR_SINGLE_SIGNAL_REVIEW"", ""execution_rate"": 0.9900102694902648}, {""candidate_id"": ""075:2022:보건:보건의료:2700:GENERAL_ACCOUNT"", ""account_type"": ""GENERAL_ACCOUNT"", ""review_grade"": ""H"", ""diagnostic_type"": ""DATA_OR_COMPARABILITY_HOLD"", ""execution_rate"": 0.9716001037847868}, {""candidate_id"": ""075:2022:보건:보건의료:2700:SPECIAL_ACCOUNT"", ""account_type"": ""SPECIAL_ACCOUNT"", ""review_grade"": ""C"", ""diagnostic_type"": ""CONTEXT_OR_SINGLE_SIGNAL_REVIEW"", ""execution_rate"": 1.0}]",DATA_BLOCKED,True,DATA_QUALITY_HOLD,0.9728555545512741,0.0,0.5,True,False,False,False,LEFT_CENSORED_OR_FIRST_OBSERVATION,,False,False,False,0,False,True,0,0,0.0,2022,2024,3,EXACT_PROGRAM_KEY,H,HOLD,NOT_ASSESSED,DATA_OR_COMPARABILITY_HOLD,data_quality;reported_performance,data_quality;reported_performance,structure_context,False,NOT_APPLICABLE,DATA_OR_COMPARABILITY_HOLD,프로그램 연결키·금액 단위·성과 비교가능성을 먼저 확정할 수 있는가?,BLOCKED,0,2,0,2,2
075:7400:2022,075:7400,075,2022,7400,사회복지,공적연금,국민연금운영(여유자금 운영위탁 등),1,1,FUND,"[""075:2022:사회복지:공적연금:7400:FUND""]",False,False,False,False,BASE_KEY_UNIQUE,False,335668000000,348235215594,321362250477,1,0,1,ALL_COMPARABLE_BELOW_TARGET,COMPLETE_REPORTED_RATE_COVERAGE,False,False,,False,True,True,0.0138976607838697,0.0426105556681006,True,True,False,False,False,,UNKNOWN_TYPE,CONFIRMED_STRUCTURED,STRUCTURED_CONTEXT_INVENTORY,NO_CONFIRMED_CONTEXT_TAG,NO_GRADE_CHANGE,0.0,0.0,0.0,"[{""candidate_id"": ""075:2022:사회복지:공적연금:7400:FUND"", ""account_type"": ""FUND"", ""review_grade"": ""H"", ""diagnostic_type"": ""DATA_OR_COMPARABILITY_HOLD"", ""execution_rate"": null}]",DATA_BLOCKED,True,DATA_QUALITY_HOLD,0.9228309949320846,0.0,1.0,True,False,False,False,LEFT_CENSORED_OR_FIRST_OBSERVATION,,False,False,False,0,False,False,0,0,0.0,2022,2024,3,EXACT_PROGRAM_KEY,H,HOLD,NOT_ASSESSED,DATA_OR_COMPARABILITY_HOLD,data_quality;reported_performance,data_quality;reported_performance,NONE,False,NOT_APPLICABLE,DATA_OR_COMPARABILITY_HOLD,프로그램 연결키·금액 단위·성과 비교가능성을 먼저 확정할 수 있는가?,BLOCKED,0,2,0,3,3
162:UNKNOWN_CONTINUITY:a45071d94638:2022,162:UNKNOWN_CONTINUITY:a45071d94638,162,2022,,,,탄소중립기반 구축,1,1,NOT_AVAILABLE,"[""162:2022:NA:NA:탄소중립기반 구축:NA""]",False,False,False,True,MISSING_PROGRAM_CODE_UNKNOWN_CONTINUITY,False,,,,1,2,3,MIXED_COMPARABLE,COMPLETE_REPORTED_RATE_COVERAGE,False,False,,False,False,False,,,False,False,False,False,False,,UNKNOWN_TYPE,CONFIRMED_STRUCTURED,STRUCTURED_CONTEXT_INVENTORY,NO_CONFIRMED_CONTEXT_TAG,NO_GRADE_CHANGE,,,,"[{""candidate_id"": ""162:2022:NA:NA:탄소중립기반 구축:NA"", ""account_type"": ""NOT_AVAILABLE"", ""review_grade"": ""H"", ""diagnostic_type"": ""DATA_OR_COMPARABILITY_HOLD"", ""execution_rate"": null}]",DATA_BLOCKED,True,DATA_QUALITY_HOLD,,,0.3333333333333333,True,False,False,False,UNKNOWN_CONTINUITY,,False,False,False,0,False,False,0,0,,2022,2022,1,UNKNOWN_CONTINUITY,H,HOLD,NOT_ASSESSED,DATA_OR_COMPARABILITY_HOLD,data_quality;reported_performance,data_quality;reported_performance,NONE,False,NOT_APPLICABLE,DATA_OR_COMPARABILITY_HOLD,프로그램 연결키·금액 단위·성과 비교가능성을 먼저 확정할 수 있는가?,BLOCKED,0,2,0,4,4
075:7600:2022,075:7600,075,2022,7600,사회복지,공적연금,국민연금운영(급여지급),1,1,FUND,"[""075:2022:사회복지:공적연금:7600:FUND""]",False,False,False,False,BASE_KEY_UNIQUE,False,34127303000000,34127303000000,34020076064810,0,1,1,ALL_COMPARABLE_AT_OR_ABOVE_TARGET,COMPLETE_REPORTED_RATE_COVERAGE,False,False,,False,True,True,0.1452973298241587,0.2844227684795367,False,False,False,False,False,,UNKNOWN_TYPE,CONFIRMED_STRUCTURED,STRUCTURED_CONTEXT_INVENTORY,NO_CONFIRMED_CONTEXT_TAG,NO_GRADE_CHANGE,0.0,0.0,0.0,"[{""candidate_id"": ""075:2022:사회복지:공적연금:7600:FUND"", ""account_type"": ""FUND"", ""review_grade"": ""H"", ""diagnostic_type"": ""DATA_OR_COMPARABILITY_HOLD"", ""execution_rate"": null}]",DATA_BLOCKED,True,DATA_QUALITY_HOLD,0.9968580307916509,0.0,0.0,False,False,False,False,LEFT_CENSORED_OR_FIRST_OBSERVATION,,False,False,False,0,False,False,0,0,0.0,2022,2024,3,EXACT_PROGRAM_KEY,H,HOLD,NOT_ASSESSED,DATA_OR_COMPARABILITY_HOLD,data_quality,data_quality,NONE,False,NOT_APPLICABLE,DATA_OR_COMPARABILITY_HOLD,프로그램 연결키·금액 단위·성과 비교가능성을 먼저 확정할 수 있는가?,BLOCKED,0,1,0,5,5
162:5200:2022,162:5200,162,2022,5200,통신,우정,우체국예금,1,1,SPECIAL_ACCOUNT,"[""162:2022:통신:우정:5200:SPECIAL_ACCOUNT""]",False,False,False,False,BASE_KEY_UNIQUE,False,1132187000000,1132670465000,1069037800190,0,2,2,ALL_COMPARABLE_AT_OR_ABOVE_TARGET,COMPLETE_REPORTED_RATE_COVERAGE,False,False,,False,True,True,0.2702168458037409,0.9949001357549592,False,False,False,False,False,,UNKNOWN_TYPE,CONFIRMED_STRUCTURED,STRUCTURED_CONTEXT_INVENTORY,NO_CONFIRMED_CONTEXT_TAG,NO_GRADE_CHANGE,0.0,0.0,1.0,"[{""candidate_id"": ""162:2022:통신:우정:5200:SPECIAL_ACCOUNT"", ""account_type"": ""SPECIAL_ACCOUNT"", ""review_grade"": ""H"", ""diagnostic_type"": ""DATA_OR_COMPARABILITY_HOLD"", ""execution_rate"": 0.943820672670228}]",DATA_BLOCKED,True,DATA_QUALITY_HOLD,0.9438206726702281,0.0,0.0,False,False,False,False,LEFT_CENSORED_OR_FIRST_OBSERVATION,,False,False,False,0,False,True,0,0,0.0,2022,2024,3,EXACT_PROGRAM_KEY,H,HOLD,NOT_ASSESSED,DATA_OR_COMPARABILITY_HOLD,data_quality,data_quality,structure_context,False,NOT_APPLICABLE,DATA_OR_COMPARABILITY_HOLD,프로그램 연결키·금액 단위·성과 비교가능성을 먼저 확정할 수 있는가?,BLOCKED,0,1,0,6,6
162:4600:bbc4586c11b9:2022,162:4600:bbc4586c11b9,162,2022,4600,과학기술,과학기술연구지원,공공연구성과 활성화,2,2,GENERAL_ACCOUNT;SPECIAL_ACCOUNT,"[""162:2022:과학기술:과학기술연구지원:4600:GENERAL_ACCOUNT"", ""162:2022:과학기술:과학기술연구지원:4600:SPECIAL_ACCOUNT""]",True,True,False,True,SAME_CODE_NAME_MULTIPLE_FIELD_SECTOR,False,288846000000,289871000000,289870987100,0,2,2,ALL_COMPARABLE_AT_OR_ABOVE_TARGET,COMPLETE_REPORTED_RATE_COVERAGE,False,False,,False,False,False,,,False,False,False,False,False,,UNKNOWN_TYPE,CONFIRMED_STRUCTURED,STRUCTURED_CONTEXT_INVENTORY,NO_CONFIRMED_CONTEXT_TAG,NO_GRADE_CHANGE,0.0,0.0,0.0,"[{""candidate_id"": ""162:2022:과학기술:과학기술연구지원:4600:GENERAL_ACCOUNT"", ""account_type"": ""GENERAL_ACCOUNT"", ""review_grade"": ""D"", ""diagnostic_type"": ""NO_STRUCTURED_SIGNAL_DETECTED"", ""execution_rate"": 0.9999998800580184}, {""candidate_id"": ""162:2022:과학기술:과학기술연구지원:4600:SPECIAL_ACCOUNT"", ""account_type"": ""SPECIAL_ACCOUNT"", ""review_grade"": ""D"", ""diagnostic_type"": ""NO_STRUCTURED_SIGNAL_DETECTED"", ""execution_rate"": 1.0}]",DATA_BLOCKED,True,DATA_QUALITY_HOLD,0.9999999554974455,0.0,0.0,False,False,False,False,LEFT_CENSORED_OR_FIRST_OBSERVATION,,False,False,False,0,False,False,0,0,0.0,2022,2024,3,UNRESOLVED_IDENTITY_HOLD,H,HOLD,NOT_ASSESSED,DATA_OR_COMPARABILITY_HOLD,data_quality,data_quality,NONE,False,NOT_APPLICABLE,DATA_OR_COMPARABILITY_HOLD,프로그램 연결키·금액 단위·성과 비교가능성을 먼저 확정할 수 있는가?,BLOCKED,0,1,0,7,7
162:4600:0f2696a0b660:2022,162:4600:0f2696a0b660,162,2022,4600,교육,평생·직업교육,공공연구성과 활성화,1,1,SPECIAL_ACCOUNT,"[""162:2022:교육:평생·직업교육:4600:SPECIAL_ACCOUNT""]",True,True,False,True,SAME_CODE_NAME_MULTIPLE_FIELD_SECTOR,False,47351000000,47351000000,47351000000,0,3,3,ALL_COMPARABLE_AT_OR_ABOVE_TARGET,COMPLETE_REPORTED_RATE_COVERAGE,False,False,,False,True,True,0.3203522628877954,6.33566344955756e-05,False,False,False,False,False,,UNKNOWN_TYPE,CONFIRMED_STRUCTURED,STRUCTURED_CONTEXT_INVENTORY,NO_CONFIRMED_CONTEXT_TAG,NO_GRADE_CHANGE,0.0,0.0,0.0,"[{""candidate_id"": ""162:2022:교육:평생·직업교육:4600:SPECIAL_ACCOUNT"", ""account_type"": ""SPECIAL_ACCOUNT"", ""review_grade"": ""D"", ""diagnostic_type"": ""NO_STRUCTURED_SIGNAL_DETECTED"", ""execution_rate"": 1.0}]",DATA_BLOCKED,True,DATA_QUALITY_HOLD,1.0,0.0,0.0,False,False,False,False,LEFT_CENSORED_OR_FIRST_OBSERVATION,,False,False,False,0,False,False,0,0,0.0,2022,2024,3,UNRESOLVED_IDENTITY_HOLD,H,HOLD,NOT_ASSESSED,DATA_OR_COMPARABILITY_HOLD,data_quality,data_quality,NONE,False,NOT_APPLICABLE,DATA_OR_COMPARABILITY_HOLD,프로그램 연결키·금액 단위·성과 비교가능성을 먼저 확정할 수 있는가?,BLOCKED,0,1,0,8,8
162:7000:1f52662b0f4d:2022,162:7000:1f52662b0f4d,162,2022,7000,통신,방송통신,과학기술정보 통신부운영지원,1,1,GENERAL_ACCOUNT,"[""162:2022:통신:방송통신:7000:GENERAL_ACCOUNT""]",True,True,False,True,SAME_CODE_NAME_MULTIPLE_FIELD_SECTOR,False,20633000000,22354590000,21938107610,0,3,3,ALL_COMPARABLE_AT_OR_ABOVE_TARGET,COMPLETE_REPORTED_RATE_COVERAGE,False,False,,False,True,True,-0.013224114447997,0.0563642861972701,False,False,True,False,False,,UNKNOWN_TYPE,CONFIRMED_STRUCTURED,STRUCTURED_CONTEXT_INVENTORY,NO_CONFIRMED_CONTEXT_TAG,NO_GRADE_CHANGE,0.0,0.0,0.0,"[{""candidate_id"": ""162:2022:통신:방송통신:7000:GENERAL_ACCOUNT"", ""account_type"": ""GENERAL_ACCOUNT"", ""review_grade"": ""D"", ""diagnostic_type"": ""NO_STRUCTURED_SIGNAL_DETECTED"", ""execution_rate"": 0.9813692673406222}]",DATA_BLOCKED,True,DATA_QUALITY_HOLD,0.9813692673406222,0.0,0.0,False,False,False,False,LEFT_CENSORED_OR_FIRST_OBSERVATION,,False,False,False,0,False,False,0,0,0.0,2022,2024,3,UNRESOLVED_IDENTITY_HOLD,H,HOLD,NOT_ASSESSED,DATA_OR_COMPARABILITY_HOLD,data_quality,data_quality,NONE,False,NOT_APPLICABLE,DATA_OR_COMPARABILITY_HOLD,프로그램 연결키·금액 단위·성과 비교가능성을 먼저 확정할 수 있는가?,BLOCKED,0,1,0,9,9
162:7000:09ff2da176e8:2022,162:7000:09ff2da176e8,162,2022,7000,교육,교육일반,과학기술정보 통신부운영지원,1,1,GENERAL_ACCOUNT,"[""162:2022:교육:교육일반:7000:GENERAL_ACCOUNT""]",True,True,False,True,SAME_CODE_NAME_MULTIPLE_FIELD_SECTOR,False,3512000000,3512000000,3512000000,0,2,2,ALL_COMPARABLE_AT_OR_ABOVE_TARGET,COMPLETE_REPORTED_RATE_COVERAGE,False,False,,False,True,True,0.0464123006833713,-0.0056947608200455,False,False,False,True,False,,UNKNOWN_TYPE,CONFIRMED_STRUCTURED,STRUCTURED_CONTEXT_INVENTORY,NO_CONFIRMED_CONTEXT_TAG,NO_GRADE_CHANGE,0.0,0.0,0.0,"[{""candidate_id"": ""162:2022:교육:교육일반:7000:GENERAL_ACCOUNT"", ""account_type"": ""GENERAL_ACCOUNT"", ""review_grade"": ""D"", ""diagnostic_type"": ""NO_STRUCTURED_SIGNAL_DETECTED"", ""execution_rate"": 1.0}]",DATA_BLOCKED,True,DATA_QUALITY_HOLD,1.0,0.0,0.0,False,False,False,False,LEFT_CENSORED_OR_FIRST_OBSERVATION,,False,False,False,0,False,False,0,0,0.0,2022,2024,3,UNRESOLVED_IDENTITY_HOLD,H,HOLD,NOT_ASSESSED,DATA_OR_COMPARABILITY_HOLD,data_quality,data_quality,NONE,False,NOT_APPLICABLE,DATA_OR_COMPARABILITY_HOLD,프로그램 연결키·금액 단위·성과 비교가능성을 먼저 확정할 수 있는가?,BLOCKED,0,1,0,10,10
075:1900:2022,075:1900,075,2022,1900,사회복지,취약계층지원,노숙인의사상자지원,1,1,GENERAL_ACCOUNT,"[""075:2022:사회복지:취약계층지원:1900:GENERAL_ACCOUNT""]",False,False,False,False,BASE_KEY_UNIQUE,False,7812000000,7812000000,6006928890,1,1,2,MIXED_COMPARABLE,COMPLETE_REPORTED_RATE_COVERAGE,False,False,,False,True,True,-0.0081925243215565,-0.0865335381464413,False,False,False,False,False,,UNKNOWN_TYPE,CONFIRMED_STRUCTURED,STRUCTURED_CONTEXT_INVENTORY,NO_CONFIRMED_CONTEXT_TAG,NO_GRADE_CHANGE,0.0,0.0,0.0,"[{""candidate_id"": ""075:2022:사회복지:취약계층지원:1900:GENERAL_ACCOUNT"", ""account_type"": ""GENERAL_ACCOUNT"", ""review_grade"": ""B"", ""diagnostic_type"": ""STRONG_OR_REPEATED_SINGLE_SIGNAL"", ""execution_rate"": 0.7689361098310292}]",LIMITED,False,PROGRAM_YEAR_REVIEW,0.7689361098310292,1.0,0.5,True,False,False,False,LEFT_CENSORED_OR_FIRST_OBSERVATION,,False,False,False,0,False,False,0,0,1.0,2022,2024,3,EXACT_PROGRAM_KEY,B,REVIEWABLE,MODERATE,STRONG_OR_REPEATED_SINGLE_SIGNAL,execution;reported_performance,execution;reported_performance,NONE,False,NOT_APPLICABLE,STRONG_OR_REPEATED_SINGLE_SIGNAL,반복 또는 강한 단일 신호를 설명하는 공식 근거와 지표 변경이 있는가?,LIMITED,2,2,0,11,11
075:3800:2022,075:3800,075,2022,3800,보건,보건의료,국립나주병원,1,1,RESPONSIBLE_OPERATION_ACCOUNT,"[""075:2022:보건:보건의료:3800:RESPONSIBLE_OPERATION_ACCOUNT""]",False,False,False,False,BASE_KEY_UNIQUE,False,7193000000,7862357720,6456717840,1,0,1,ALL_COMPARABLE_BELOW_TARGET,COMPLETE_REPORTED_RATE_COVERAGE,False,False,,False,True,True,0.0175203402366863,0.1161704881656804,True,True,False,False,False,,UNKNOWN_TYPE,CONFIRMED_STRUCTURED,STRUCTURED_CONTEXT_INVENTORY,NO_CONFIRMED_CONTEXT_TAG,NO_GRADE_CHANGE,0.0,0.0,1.0,"[{""candidate_id"": ""075:2022:보건:보건의료:3800:RESPONSIBLE_OPERATION_ACCOUNT"", ""account_type"": ""RESPONSIBLE_OPERATION_ACCOUNT"", ""review_grade"": ""B"", ""diagnostic_type"": ""STRONG_OR_REPEATED_SINGLE_SIGNAL"", ""execution_rate"": 0.8212190375891469}]",LIMITED,False,PROGRAM_YEAR_REVIEW,0.8212190375891469,0.5,1.0,True,False,False,False,LEFT_CENSORED_OR_FIRST_OBSERVATION,,False,False,False,0,False,True,0,0,0.5,2022,2024,3,EXACT_PROGRAM_KEY,B,REVIEWABLE,MODERATE,STRONG_OR_REPEATED_SINGLE_SIGNAL,execution;reported_performance,execution;reported_performance,structure_context,False,NOT_APPLICABLE,STRONG_OR_REPEATED_SINGLE_SIGNAL,반복 또는 강한 단일 신호를 설명하는 공식 근거와 지표 변경이 있는가?,LIMITED,2,2,0,12,12
075:4100:2022,075:4100,075,2022,4100,보건,보건의료,국립공주병원,1,1,RESPONSIBLE_OPERATION_ACCOUNT,"[""075:2022:보건:보건의료:4100:RESPONSIBLE_OPERATION_ACCOUNT""]",False,False,False,False,BASE_KEY_UNIQUE,False,5622000000,5644800000,4690077770,1,0,1,ALL_COMPARABLE_BELOW_TARGET,COMPLETE_REPORTED_RATE_COVERAGE,False,False,,False,True,True,0.0307626444865757,0.061831080667849,True,True,False,False,False,,UNKNOWN_TYPE,CONFIRMED_STRUCTURED,STRUCTURED_CONTEXT_INVENTORY,NO_CONFIRMED_CONTEXT_TAG,NO_GRADE_CHANGE,0.0,0.0,1.0,"[{""candidate_id"": ""075:2022:보건:보건의료:4100:RESPONSIBLE_OPERATION_ACCOUNT"", ""account_type"": ""RESPONSIBLE_OPERATION_ACCOUNT"", ""review_grade"": ""B"", ""diagnostic_type"": ""STRONG_OR_REPEATED_SINGLE_SIGNAL"", ""execution_rate"": 0.8308669518849207}]",LIMITED,False,PROGRAM_YEAR_REVIEW,0.8308669518849207,0.5,1.0,True,False,False,False,LEFT_CENSORED_OR_FIRST_OBSERVATION,,False,False,False,0,False,True,0,0,0.5,2022,2024,3,EXACT_PROGRAM_KEY,B,REVIEWABLE,MODERATE,STRONG_OR_REPEATED_SINGLE_SIGNAL,execution;reported_performance,execution;reported_performance,structure_context,False,NOT_APPLICABLE,STRONG_OR_REPEATED_SINGLE_SIGNAL,반복 또는 강한 단일 신호를 설명하는 공식 근거와 지표 변경이 있는가?,LIMITED,2,2,0,13,13
075:4000:2022,075:4000,075,2022,4000,보건,보건의료,국립춘천병원,1,1,RESPONSIBLE_OPERATION_ACCOUNT,"[""075:2022:보건:보건의료:4000:RESPONSIBLE_OPERATION_ACCOUNT""]",False,False,False,False,BASE_KEY_UNIQUE,False,5324000000,5791721980,4627795660,1,0,1,ALL_COMPARABLE_BELOW_TARGET,COMPLETE_REPORTED_RATE_COVERAGE,False,False,,False,True,True,0.0349088056481663,0.1236190102634503,True,True,False,False,False,,UNKNOWN_TYPE,CONFIRMED_STRUCTURED,STRUCTURED_CONTEXT_INVENTORY,NO_CONFIRMED_CONTEXT_TAG,NO_GRADE_CHANGE,0.0,0.0,1.0,"[{""candidate_id"": ""075:2022:보건:보건의료:4000:RESPONSIBLE_OPERATION_ACCOUNT"", ""account_type"": ""RESPONSIBLE_OPERATION_ACCOUNT"", ""review_grade"": ""B"", ""diagnostic_type"": ""STRONG_OR_REPEATED_SINGLE_SIGNAL"", ""execution_rate"": 0.7990362237656995}]",LIMITED,False,PROGRAM_YEAR_REVIEW,0.7990362237656995,1.0,1.0,True,False,False,False,LEFT_CENSORED_OR_FIRST_OBSERVATION,,False,False,False,0,False,True,0,0,1.0,2022,2024,3,EXACT_PROGRAM_KEY,B,REVIEWABLE,MODERATE,STRONG_OR_REPEATED_SINGLE_SIGNAL,execution;reported_performance,execution;reported_performance,structure_context,False,NOT_APPLICABLE,STRONG_OR_REPEATED_SINGLE_SIGNAL,반복 또는 강한 단일 신호를 설명하는 공식 근거와 지표 변경이 있는가?,LIMITED,2,2,0,14,14
102:4100:2022,102:4100,102,2022,4100,산업·중소기업및에너지,중소기업및소상공인육성,소상공인·전통시장지원,1,1,FUND,"[""102:2022:산업·중소기업및에너지:중소기업및소상공인육성:4100:FUND""]",False,False,False,False,BASE_KEY_UNIQUE,False,47119751000000,47119751000000,47110172840770,2,0,2,ALL_COMPARABLE_BELOW_TARGET,COMPLETE_REPORTED_RATE_COVERAGE,False,False,,False,True,False,-0.9173324578901106,,False,False,False,False,False,,UNKNOWN_TYPE,CONFIRMED_STRUCTURED,STRUCTURED_CONTEXT_INVENTORY,NO_CONFIRMED_CONTEXT_TAG,NO_GRADE_CHANGE,0.0,0.0,1.0,"[{""candidate_id"": ""102:2022:산업·중소기업및에너지:중소기업및소상공인육성:4100:FUND"", ""account_type"": ""FUND"", ""review_grade"": ""C"", ""diagnostic_type"": ""CONTEXT_OR_SINGLE_SIGNAL_REVIEW"", ""execution_rate"": 0.999796727295312}]",LIMITED,False,PROGRAM_YEAR_REVIEW,0.9997967272953119,0.0,1.0,True,False,False,False,LEFT_CENSORED_OR_FIRST_OBSERVATION,,False,False,False,0,False,True,0,0,0.0,2022,2024,3,EXACT_PROGRAM_KEY,C,LIMITED,AMBIGUOUS,SINGLE_SIGNAL_REVIEW,reported_performance,reported_performance,structure_context,False,NOT_APPLICABLE,SINGLE_SIGNAL_REVIEW,원문에 이 신호의 예외 사유나 비교가능성 제한을 설명하는 근거가 있는가?,LIMITED,3,1,0,15,15
075:4900:2022,075:4900,075,2022,4900,보건,건강보험,건강보험제도 운영,2,2,FUND;GENERAL_ACCOUNT,"[""075:2022:보건:건강보험:4900:FUND"", ""075:2022:보건:건강보험:4900:GENERAL_ACCOUNT""]",False,False,False,False,BASE_KEY_UNIQUE,False,11924189000000,11886781000000,11851027874840,1,1,2,MIXED_COMPARABLE,COMPLETE_REPORTED_RATE_COVERAGE,False,False,,False,False,False,,,False,False,False,False,False,,UNKNOWN_TYPE,CONFIRMED_STRUCTURED,STRUCTURED_CONTEXT_INVENTORY,NO_CONFIRMED_CONTEXT_TAG,NO_GRADE_CHANGE,0.0,0.0,1.0,"[{""candidate_id"": ""075:2022:보건:건강보험:4900:FUND"", ""account_type"": ""FUND"", ""review_grade"": ""C"", ""diagnostic_type"": ""CONTEXT_OR_SINGLE_SIGNAL_REVIEW"", ""execution_rate"": 1.0}, {""candidate_id"": ""075:2022:보건:건강보험:4900:GENERAL_ACCOUNT"", ""account_type"": ""GENERAL_ACCOUNT"", ""review_grade"": ""C"", ""diagnostic_type"": ""CONTEXT_OR_SINGLE_SIGNAL_REVIEW"", ""execution_rate"": 0.996450189676346}]",LIMITED,False,PROGRAM_YEAR_REVIEW,0.9969921945091779,0.0,0.5,True,False,False,False,LEFT_CENSORED_OR_FIRST_OBSERVATION,,False,False,False,0,False,True,0,0,0.0,2022,2024,3,EXACT_PROGRAM_KEY,C,LIMITED,AMBIGUOUS,SINGLE_SIGNAL_REVIEW,reported_performance,reported_performance,structure_context,False,NOT_APPLICABLE,SINGLE_SIGNAL_REVIEW,원문에 이 신호의 예외 사유나 비교가능성 제한을 설명하는 근거가 있는가?,LIMITED,3,1,0,16,16
019:4000:2022,019:4000,019,2022,4000,사회복지,노동,산재보험,1,1,FUND,"[""019:2022:사회복지:노동:4000:FUND""]",False,False,False,False,BASE_KEY_UNIQUE,False,7373606000000,7373606000000,6913531151000,1,1,2,MIXED_COMPARABLE,COMPLETE_REPORTED_RATE_COVERAGE,False,False,,False,True,True,0.0869946129478575,0.0986012813811858,True,True,False,False,False,,UNKNOWN_TYPE,CONFIRMED_STRUCTURED,STRUCTURED_CONTEXT_INVENTORY,NO_CONFIRMED_CONTEXT_TAG,NO_GRADE_CHANGE,0.0,0.0,1.0,"[{""candidate_id"": ""019:2022:사회복지:노동:4000:FUND"", ""account_type"": ""FUND"", ""review_grade"": ""C"", ""diagnostic_type"": ""CONTEXT_OR_SINGLE_SIGNAL_REVIEW"", ""execution_rate"": 0.9376051759478334}]",LIMITED,False,PROGRAM_YEAR_REVIEW,0.9376051759478334,0.0,0.5,True,False,False,False,LEFT_CENSORED_OR_FIRST_OBSERVATION,,False,False,False,0,False,True,0,0,0.0,2022,2024,3,EXACT_PROGRAM_KEY,C,LIMITED,AMBIGUOUS,SINGLE_SIGNAL_REVIEW,reported_performance,reported_performance,structure_context,False,NOT_APPLICABLE,SINGLE_SIGNAL_REVIEW,원문에 이 신호의 예외 사유나 비교가능성 제한을 설명하는 근거가 있는가?,LIMITED,3,1,0,17,17
019:1000:2022,019:1000,019,2022,1000,사회복지,고용,고용창출,3,3,FUND;GENERAL_ACCOUNT;SPECIAL_ACCOUNT,"[""019:2022:사회복지:고용:1000:FUND"", ""019:2022:사회복지:고용:1000:GENERAL_ACCOUNT"", ""019:2022:사회복지:고용:1000:SPECIAL_ACCOUNT""]",False,False,False,False,BASE_KEY_UNIQUE,False,5334792000000,5372811110000,3992119670180,0,4,4,ALL_COMPARABLE_AT_OR_ABOVE_TARGET,COMPLETE_REPORTED_RATE_COVERAGE,False,False,,False,False,False,,,False,False,False,False,False,,UNKNOWN_TYPE,CONFIRMED_STRUCTURED,STRUCTURED_CONTEXT_INVENTORY,NO_CONFIRMED_CONTEXT_TAG,NO_GRADE_CHANGE,0.0,0.0,0.0,"[{""candidate_id"": ""019:2022:사회복지:고용:1000:FUND"", ""account_type"": ""FUND"", ""review_grade"": ""C"", ""diagnostic_type"": ""LOW_EXECUTION_TARGET_MET"", ""execution_rate"": 0.6485581247420994}, {""candidate_id"": ""019:2022:사회복지:고용:1000:GENERAL_ACCOUNT"", ""account_type"": ""GENERAL_ACCOUNT"", ""review_grade"": ""C"", ""diagnostic_type"": ""LOW_EXECUTION_TARGET_MET"", ""execution_rate"": 0.8393521096447519}, {""candidate_id"": ""019:2022:사회복지:고용:1000:SPECIAL_ACCOUNT"", ""account_type"": ""SPECIAL_ACCOUNT"", ""review_grade"": ""D"", ""diagnostic_type"": ""NO_STRUCTURED_SIGNAL_DETECTED"", ""execution_rate"": 0.9829798524077074}]",LIMITED,False,PROGRAM_YEAR_REVIEW,0.7430225236747622,1.0,0.0,False,False,False,False,LEFT_CENSORED_OR_FIRST_OBSERVATION,,False,False,False,0,False,False,0,0,1.0,2022,2024,3,EXACT_PROGRAM_KEY,C,LIMITED,AMBIGUOUS,LOW_EXECUTION_TARGET_MET,execution,execution,NONE,False,LOW_EXECUTION_WITH_REPORTED_TARGET_MET,LOW_EXECUTION_TARGET_MET,"집행률 분모와 성과지표 비교가능성을 확인한 뒤, 원문에 목표 적정성·수요 변화·비용 절감·측정 시차를 설명하는 근거가 있는가?",LIMITED,3,1,0,18,18
102:5100:2022,102:5100,102,2022,5100,산업·중소기업및에너지,창업및벤처,창업환경조성,3,3,FUND;GENERAL_ACCOUNT;SPECIAL_ACCOUNT,"[""102:2022:산업·중소기업및에너지:창업및벤처:5100:FUND"", ""102:2022:산업·중소기업및에너지:창업및벤처:5100:GENERAL_ACCOUNT"", ""102:2022:산업·중소기업및에너지:창업및벤처:5100:SPECIAL_ACCOUNT""]",False,False,False,False,BASE_KEY_UNIQUE,False,3618140000000,3630490000000,3630310354148,1,2,3,MIXED_COMPARABLE,COMPLETE_REPORTED_RATE_COVERAGE,False,False,,False,False,False,,,False,False,False,False,False,,UNKNOWN_TYPE,CONFIRMED_STRUCTURED,STRUCTURED_CONTEXT_INVENTORY,NO_CONFIRMED_CONTEXT_TAG,NO_GRADE_CHANGE,0.0,0.0,0.0,"[{""candidate_id"": ""102:2022:산업·중소기업및에너지:창업및벤처:5100:FUND"", ""account_type"": ""FUND"", ""review_grade"": ""C"", ""diagnostic_type"": ""CONTEXT_OR_SINGLE_SIGNAL_REVIEW"", ""execution_rate"": 0.9999366063617848}, {""candidate_id"": ""102:2022:산업·중소기업및에너지:창업및벤처:5100:GENERAL_ACCOUNT"", ""account_type"": ""GENERAL_ACCOUNT"", ""review_grade"": ""C"", ""diagnostic_type"": ""CONTEXT_OR_SINGLE_SIGNAL_REVIEW"", ""execution_rate"": 0.9999998481360018}, {""candidate_id"": ""102:2022:산업·중소기업및에너지:창업및벤처:5100:SPECIAL_ACCOUNT"", ""account_type"": ""SPECIAL_ACCOUNT"", ""review_grade"": ""C"", ""diagnostic_type"": ""CONTEXT_OR_SINGLE_SIGNAL_REVIEW"", ""execution_rate"": 0.9999977959765478}]",LIMITED,False,PROGRAM_YEAR_REVIEW,0.9999505174640337,0.0,0.3333333333333333,True,False,False,False,LEFT_CENSORED_OR_FIRST_OBSERVATION,,False,False,False,0,False,False,0,0,0.0,2022,2024,3,EXACT_PROGRAM_KEY,C,LIMITED,AMBIGUOUS,SINGLE_SIGNAL_REVIEW,reported_performance,reported_performance,NONE,False,NOT_APPLICABLE,SINGLE_SIGNAL_REVIEW,원문에 이 신호의 예외 사유나 비교가능성 제한을 설명하는 근거가 있는가?,LIMITED,3,1,0,19,19
075:2500:2022,075:2500,075,2022,2500,사회복지,아동·보육,저출산대응및인구정책 지원,2,2,FUND;GENERAL_ACCOUNT,"[""075:2022:사회복지:아동·보육:2500:FUND"", ""075:2022:사회복지:아동·보육:2500:GENERAL_ACCOUNT""]",False,False,False,False,BASE_KEY_UNIQUE,False,2805256000000,2858975393730,2856374555510,1,1,2,MIXED_COMPARABLE,COMPLETE_REPORTED_RATE_COVERAGE,False,False,,False,False,False,,,False,False,False,False,False,,UNKNOWN_TYPE,CONFIRMED_STRUCTURED,STRUCTURED_CONTEXT_INVENTORY,NO_CONFIRMED_CONTEXT_TAG,NO_GRADE_CHANGE,0.0,0.0,1.0,"[{""candidate_id"": ""075:2022:사회복지:아동·보육:2500:FUND"", ""account_type"": ""FUND"", ""review_grade"": ""C"", ""diagnostic_type"": ""CONTEXT_OR_SINGLE_SIGNAL_REVIEW"", ""execution_rate"": 0.912161344702398}, {""candidate_id"": ""075:2022:사회복지:아동·보육:2500:GENERAL_ACCOUNT"", ""account_type"": ""GENERAL_ACCOUNT"", ""review_grade"": ""C"", ""diagnostic_type"": ""CONTEXT_OR_SINGLE_SIGNAL_REVIEW"", ""execution_rate"": 0.9997314965836356}]",LIMITED,False,PROGRAM_YEAR_REVIEW,0.9990902900998365,0.0,0.5,True,False,False,False,LEFT_CENSORED_OR_FIRST_OBSERVATION,,False,False,False,0,False,True,0,0,0.0,2022,2024,3,EXACT_PROGRAM_KEY,C,LIMITED,AMBIGUOUS,SINGLE_SIGNAL_REVIEW,reported_performance,reported_performance,structure_context,False,NOT_APPLICABLE,SINGLE_SIGNAL_REVIEW,원문에 이 신호의 예외 사유나 비교가능성 제한을 설명하는 근거가 있는가?,LIMITED,3,1,0,20,20
019:1300:2022,019:1300,019,2022,1300,사회복지,고용,고용평등증진,2,2,FUND;GENERAL_ACCOUNT,"[""019:2022:사회복지:고용:1300:FUND"", ""019:2022:사회복지:고용:1300:GENERAL_ACCOUNT""]",False,False,False,False,BASE_KEY_UNIQUE,False,2569275000000,2569329109370,2563430056710,1,4,5,MIXED_COMPARABLE,COMPLETE_REPORTED_RATE_COVERAGE,False,False,,False,False,False,,,False,False,False,False,False,,UNKNOWN_TYPE,CONFIRMED_STRUCTURED,STRUCTURED_CONTEXT_INVENTORY,NO_CONFIRMED_CONTEXT_TAG,NO_GRADE_CHANGE,0.0,0.0,1.0,"[{""candidate_id"": ""019:2022:사회복지:고용:1300:FUND"", ""account_type"": ""FUND"", ""review_grade"": ""C"", ""diagnostic_type"": ""CONTEXT_OR_SINGLE_SIGNAL_REVIEW"", ""execution_rate"": 0.9978209041739988}, {""candidate_id"": ""019:2022:사회복지:고용:1300:GENERAL_ACCOUNT"", ""account_type"": ""GENERAL_ACCOUNT"", ""review_grade"": ""C"", ""diagnostic_type"": ""CONTEXT_OR_SINGLE_SIGNAL_REVIEW"", ""execution_rate"": 0.9932783159613668}]",LIMITED,False,PROGRAM_YEAR_REVIEW,0.9977040494195598,0.0,0.2,True,False,False,False,LEFT_CENSORED_OR_FIRST_OBSERVATION,,False,False,False,0,False,True,0,0,0.0,2022,2024,3,EXACT_PROGRAM_KEY,C,LIMITED,AMBIGUOUS,SINGLE_SIGNAL_REVIEW,reported_performance,reported_performance,structure_context,False,NOT_APPLICABLE,SINGLE_SIGNAL_REVIEW,원문에 이 신호의 예외 사유나 비교가능성 제한을 설명하는 근거가 있는가?,LIMITED,3,1,0,21,21
102:2100:2022,102:2100,102,2022,2100,산업·중소기업및에너지,중소기업및소상공인육성,중소기업기술개발지원,3,3,FUND;GENERAL_ACCOUNT;SPECIAL_ACCOUNT,"[""102:2022:산업·중소기업및에너지:중소기업및소상공인육성:2100:FUND"", ""102:2022:산업·중소기업및에너지:중소기업및소상공인육성:2100:GENERAL_ACCOUNT"", ""102:2022:산업·중소기업및에너지:중소기업및소상공인육성:2100:SPECIAL_ACCOUNT""]",False,False,False,False,BASE_KEY_UNIQUE,False,1910273800000,1910273800000,1909957997741,2,0,2,ALL_COMPARABLE_BELOW_TARGET,COMPLETE_REPORTED_RATE_COVERAGE,False,False,,False,False,False,,,False,False,False,False,False,,UNKNOWN_TYPE,CONFIRMED_STRUCTURED,STRUCTURED_CONTEXT_INVENTORY,NO_CONFIRMED_CONTEXT_TAG,NO_GRADE_CHANGE,0.0,0.0,0.0,"[{""candidate_id"": ""102:2022:산업·중소기업및에너지:중소기업및소상공인육성:2100:FUND"", ""account_type"": ""FUND"", ""review_grade"": ""C"", ""diagnostic_type"": ""CONTEXT_OR_SINGLE_SIGNAL_REVIEW"", ""execution_rate"": 0.996969243820778}, {""candidate_id"": ""102:2022:산업·중소기업및에너지:중소기업및소상공인육성:2100:GENERAL_ACCOUNT"", ""account_type"": ""GENERAL_ACCOUNT"", ""review_grade"": ""C"", ""diagnostic_type"": ""CONTEXT_OR_SINGLE_SIGNAL_REVIEW"", ""execution_rate"": 0.9998217395385895}, {""candidate_id"": ""102:2022:산업·중소기업및에너지:중소기업및소상공인육성:2100:SPECIAL_ACCOUNT"", ""account_type"": ""SPECIAL_ACCOUNT"", ""review_grade"": ""C"", ""diagnostic_type"": ""CONTEXT_OR_SINGLE_SIGNAL_REVIEW"", ""execution_rate"": 1.0}]",LIMITED,False,PROGRAM_YEAR_REVIEW,0.9998346822015776,0.0,1.0,True,False,False,False,LEFT_CENSORED_OR_FIRST_OBSERVATION,,False,False,False,0,False,False,0,0,0.0,2022,2024,3,EXACT_PROGRAM_KEY,C,LIMITED,AMBIGUOUS,SINGLE_SIGNAL_REVIEW,reported_performance,reported_performance,NONE,False,NOT_APPLICABLE,SINGLE_SIGNAL_REVIEW,원문에 이 신호의 예외 사유나 비교가능성 제한을 설명하는 근거가 있는가?,LIMITED,3,1,0,22,22
162:1100:65acaef042b4:2022,162:1100:65acaef042b4,162,2022,1100,과학기술,과학기술연구개발,미래유망원천 기술개발,3,3,FUND;GENERAL_ACCOUNT;SPECIAL_ACCOUNT,"[""162:2022:과학기술:과학기술연구개발:1100:FUND"", ""162:2022:과학기술:과학기술연구개발:1100:GENERAL_ACCOUNT"", ""162:2022:과학기술:과학기술연구개발:1100:SPECIAL_ACCOUNT""]",True,True,True,False,RESOLVED_BY_FIELD_SECTOR,False,1204012500000,1204012500000,1203524165000,1,1,2,MIXED_COMPARABLE,COMPLETE_REPORTED_RATE_COVERAGE,False,False,,False,False,False,,,False,False,False,False,False,,UNKNOWN_TYPE,CONFIRMED_STRUCTURED,STRUCTURED_CONTEXT_INVENTORY,NO_CONFIRMED_CONTEXT_TAG,NO_GRADE_CHANGE,0.0,0.0,0.0,"[{""candidate_id"": ""162:2022:과학기술:과학기술연구개발:1100:FUND"", ""account_type"": ""FUND"", ""review_grade"": ""C"", ""diagnostic_type"": ""CONTEXT_OR_SINGLE_SIGNAL_REVIEW"", ""execution_rate"": 1.0}, {""candidate_id"": ""162:2022:과학기술:과학기술연구개발:1100:GENERAL_ACCOUNT"", ""account_type"": ""GENERAL_ACCOUNT"", ""review_grade"": ""C"", ""diagnostic_type"": ""CONTEXT_OR_SINGLE_SIGNAL_REVIEW"", ""execution_rate"": 0.9994291287150588}, {""candidate_id"": ""162:2022:과학기술:과학기술연구개발:1100:SPECIAL_ACCOUNT"", ""account_type"": ""SPECIAL_ACCOUNT"", ""review_grade"": ""C"", ""diagnostic_type"": ""CONTEXT_OR_SINGLE_SIGNAL_REVIEW"", ""execution_rate"": 1.0}]",LIMITED,False,PROGRAM_YEAR_REVIEW,0.9995944103570353,0.0,0.5,True,False,False,False,LEFT_CENSORED_OR_FIRST_OBSERVATION,,False,False,False,0,False,False,0,0,0.0,2022,2024,3,EXACT_METADATA_DISAMBIGUATION,C,LIMITED,AMBIGUOUS,SINGLE_SIGNAL_REVIEW,reported_performance,reported_performance,NONE,False,NOT_APPLICABLE,SINGLE_SIGNAL_REVIEW,원문에 이 신호의 예외 사유나 비교가능성 제한을 설명하는 근거가 있는가?,LIMITED,3,1,0,23,23
019:4100:2022,019:4100,019,2022,4100,사회복지,노동,산업재해예방,2,2,FUND;SPECIAL_ACCOUNT,"[""019:2022:사회복지:노동:4100:FUND"", ""019:2022:사회복지:노동:4100:SPECIAL_ACCOUNT""]",False,False,False,False,BASE_KEY_UNIQUE,False,1183120000000,1183120000000,1164702742760,1,2,3,MIXED_COMPARABLE,COMPLETE_REPORTED_RATE_COVERAGE,False,False,,False,False,False,,,False,False,False,False,False,,UNKNOWN_TYPE,CONFIRMED_STRUCTURED,STRUCTURED_CONTEXT_INVENTORY,NO_CONFIRMED_CONTEXT_TAG,NO_GRADE_CHANGE,0.0,0.0,0.0,"[{""candidate_id"": ""019:2022:사회복지:노동:4100:FUND"", ""account_type"": ""FUND"", ""review_grade"": ""C"", ""diagnostic_type"": ""CONTEXT_OR_SINGLE_SIGNAL_REVIEW"", ""execution_rate"": 0.9831729824065044}, {""candidate_id"": ""019:2022:사회복지:노동:4100:SPECIAL_ACCOUNT"", ""account_type"": ""SPECIAL_ACCOUNT"", ""review_grade"": ""C"", ""diagnostic_type"": ""CONTEXT_OR_SINGLE_SIGNAL_REVIEW"", ""execution_rate"": 0.9995670653619922}]",LIMITED,False,PROGRAM_YEAR_REVIEW,0.9844333142538373,0.0,0.3333333333333333,True,False,False,False,LEFT_CENSORED_OR_FIRST_OBSERVATION,,False,False,False,0,False,False,0,0,0.0,2022,2024,3,EXACT_PROGRAM_KEY,C,LIMITED,AMBIGUOUS,SINGLE_SIGNAL_REVIEW,reported_performance,reported_performance,NONE,False,NOT_APPLICABLE,SINGLE_SIGNAL_REVIEW,원문에 이 신호의 예외 사유나 비교가능성 제한을 설명하는 근거가 있는가?,LIMITED,3,1,0,24,24
019:3000:2022,019:3000,019,2022,3000,사회복지,노동,근로조건보호 및 복지증진,2,2,FUND;GENERAL_ACCOUNT,"[""019:2022:사회복지:노동:3000:FUND"", ""019:2022:사회복지:노동:3000:GENERAL_ACCOUNT""]",False,False,False,False,BASE_KEY_UNIQUE,False,1051289000000,1051435757860,930899031352,0,2,2,ALL_COMPARABLE_AT_OR_ABOVE_TARGET,COMPLETE_REPORTED_RATE_COVERAGE,False,False,,False,False,False,,,False,False,False,False,False,,UNKNOWN_TYPE,CONFIRMED_STRUCTURED,STRUCTURED_CONTEXT_INVENTORY,NO_CONFIRMED_CONTEXT_TAG,NO_GRADE_CHANGE,0.0,0.0,0.0,"[{""candidate_id"": ""019:2022:사회복지:노동:3000:FUND"", ""account_type"": ""FUND"", ""review_grade"": ""C"", ""diagnostic_type"": ""LOW_EXECUTION_TARGET_MET"", ""execution_rate"": 0.8808434090688806}, {""candidate_id"": ""019:2022:사회복지:노동:3000:GENERAL_ACCOUNT"", ""account_type"": ""GENERAL_ACCOUNT"", ""review_grade"": ""D"", ""diagnostic_type"": ""NO_STRUCTURED_SIGNAL_DETECTED"", ""execution_rate"": 0.9614393510450342}]",LIMITED,False,PROGRAM_YEAR_REVIEW,0.8853598751926319,0.5,0.0,False,False,False,False,LEFT_CENSORED_OR_FIRST_OBSERVATION,,False,False,False,0,False,False,0,0,0.5,2022,2024,3,EXACT_PROGRAM_KEY,C,LIMITED,AMBIGUOUS,LOW_EXECUTION_TARGET_MET,execution,execution,NONE,False,LOW_EXECUTION_WITH_REPORTED_TARGET_MET,LOW_EXECUTION_TARGET_MET,"집행률 분모와 성과지표 비교가능성을 확인한 뒤, 원문에 목표 적정성·수요 변화·비용 절감·측정 시차를 설명하는 근거가 있는가?",LIMITED,3,1,0,25,25
075:3000:2022,075:3000,075,2022,3000,보건,보건의료,보건산업육성,3,3,FUND;GENERAL_ACCOUNT;SPECIAL_ACCOUNT,"[""075:2022:보건:보건의료:3000:FUND"", ""075:2022:보건:보건의료:3000:GENERAL_ACCOUNT"", ""075:2022:보건:보건의료:3000:SPECIAL_ACCOUNT""]",False,False,False,False,BASE_KEY_UNIQUE,False,1006757500000,1010426253030,913717621130,1,1,2,MIXED_COMPARABLE,COMPLETE_REPORTED_RATE_COVERAGE,False,False,,False,False,False,,,False,False,False,False,False,,UNKNOWN_TYPE,CONFIRMED_STRUCTURED,STRUCTURED_CONTEXT_INVENTORY,NO_CONFIRMED_CONTEXT_TAG,NO_GRADE_CHANGE,0.0,0.0,0.0,"[{""candidate_id"": ""075:2022:보건:보건의료:3000:FUND"", ""account_type"": ""FUND"", ""review_grade"": ""C"", ""diagnostic_type"": ""CONTEXT_OR_SINGLE_SIGNAL_REVIEW"", ""execution_rate"": 0.9397265549778548}, {""candidate_id"": ""075:2022:보건:보건의료:3000:GENERAL_ACCOUNT"", ""account_type"": ""GENERAL_ACCOUNT"", ""review_grade"": ""B"", ""diagnostic_type"": ""STRONG_OR_REPEATED_SINGLE_SIGNAL"", ""execution_rate"": 0.893175645086432}, {""candidate_id"": ""075:2022:보건:보건의료:3000:SPECIAL_ACCOUNT"", ""account_type"": ""SPECIAL_ACCOUNT"", ""review_grade"": ""C"", ""diagnostic_type"": ""CONTEXT_OR_SINGLE_SIGNAL_REVIEW"", ""execution_rate"": 0.9996522707555492}]",LIMITED,False,PROGRAM_YEAR_REVIEW,0.9042892723640181,0.0,0.5,True,False,False,False,LEFT_CENSORED_OR_FIRST_OBSERVATION,,False,False,False,0,False,False,0,0,0.0,2022,2024,3,EXACT_PROGRAM_KEY,C,LIMITED,AMBIGUOUS,SINGLE_SIGNAL_REVIEW,reported_performance,reported_performance,NONE,False,NOT_APPLICABLE,SINGLE_SIGNAL_REVIEW,원문에 이 신호의 예외 사유나 비교가능성 제한을 설명하는 근거가 있는가?,LIMITED,3,1,0,26,26
162:2100:2022,162:2100,162,2022,2100,통신,정보통신,정보통신융합 산업,3,3,FUND;GENERAL_ACCOUNT;SPECIAL_ACCOUNT,"[""162:2022:통신:정보통신:2100:FUND"", ""162:2022:통신:정보통신:2100:GENERAL_ACCOUNT"", ""162:2022:통신:정보통신:2100:SPECIAL_ACCOUNT""]",False,False,False,False,BASE_KEY_UNIQUE,False,874013000000,874098000000,872024524240,1,1,2,MIXED_COMPARABLE,COMPLETE_REPORTED_RATE_COVERAGE,False,False,,False,False,False,,,False,False,False,False,False,,UNKNOWN_TYPE,CONFIRMED_STRUCTURED,STRUCTURED_CONTEXT_INVENTORY,NO_CONFIRMED_CONTEXT_TAG,NO_GRADE_CHANGE,0.0,0.0,0.0,"[{""candidate_id"": ""162:2022:통신:정보통신:2100:FUND"", ""account_type"": ""FUND"", ""review_grade"": ""C"", ""diagnostic_type"": ""CONTEXT_OR_SINGLE_SIGNAL_REVIEW"", ""execution_rate"": 1.0}, {""candidate_id"": ""162:2022:통신:정보통신:2100:GENERAL_ACCOUNT"", ""account_type"": ""GENERAL_ACCOUNT"", ""review_grade"": ""C"", ""diagnostic_type"": ""CONTEXT_OR_SINGLE_SIGNAL_REVIEW"", ""execution_rate"": 0.985887810628335}, {""candidate_id"": ""162:2022:통신:정보통신:2100:SPECIAL_ACCOUNT"", ""account_type"": ""SPECIAL_ACCOUNT"", ""review_grade"": ""C"", ""diagnostic_type"": ""CONTEXT_OR_SINGLE_SIGNAL_REVIEW"", ""execution_rate"": 1.0}]",LIMITED,False,PROGRAM_YEAR_REVIEW,0.9976278680880176,0.0,0.5,True,False,False,False,LEFT_CENSORED_OR_FIRST_OBSERVATION,,False,False,False,0,False,False,0,0,0.0,2022,2024,3,EXACT_PROGRAM_KEY,C,LIMITED,AMBIGUOUS,SINGLE_SIGNAL_REVIEW,reported_performance,reported_performance,NONE,False,NOT_APPLICABLE,SINGLE_SIGNAL_REVIEW,원문에 이 신호의 예외 사유나 비교가능성 제한을 설명하는 근거가 있는가?,LIMITED,3,1,0,27,27
102:5200:2022,102:5200,102,2022,5200,산업·중소기업및에너지,창업및벤처,벤처기업활성화지원,3,3,FUND;GENERAL_ACCOUNT;SPECIAL_ACCOUNT,"[""102:2022:산업·중소기업및에너지:창업및벤처:5200:FUND"", ""102:2022:산업·중소기업및에너지:창업및벤처:5200:GENERAL_ACCOUNT"", ""102:2022:산업·중소기업및에너지:창업및벤처:5200:SPECIAL_ACCOUNT""]",False,False,False,False,BASE_KEY_UNIQUE,False,576301000000,576301000000,576300352661,1,2,3,MIXED_COMPARABLE,COMPLETE_REPORTED_RATE_COVERAGE,False,False,,False,False,False,,,False,False,False,False,False,,UNKNOWN_TYPE,CONFIRMED_STRUCTURED,STRUCTURED_CONTEXT_INVENTORY,NO_CONFIRMED_CONTEXT_TAG,NO_GRADE_CHANGE,0.0,0.0,1.0,"[{""candidate_id"": ""102:2022:산업·중소기업및에너지:창업및벤처:5200:FUND"", ""account_type"": ""FUND"", ""review_grade"": ""C"", ""diagnostic_type"": ""CONTEXT_OR_SINGLE_SIGNAL_REVIEW"", ""execution_rate"": 0.999998926454372}, {""candidate_id"": ""102:2022:산업·중소기업및에너지:창업및벤처:5200:GENERAL_ACCOUNT"", ""account_type"": ""GENERAL_ACCOUNT"", ""review_grade"": ""C"", ""diagnostic_type"": ""CONTEXT_OR_SINGLE_SIGNAL_REVIEW"", ""execution_rate"": 0.9999972253701336}, {""candidate_id"": ""102:2022:산업·중소기업및에너지:창업및벤처:5200:SPECIAL_ACCOUNT"", ""account_type"": ""SPECIAL_ACCOUNT"", ""review_grade"": ""C"", ""diagnostic_type"": ""CONTEXT_OR_SINGLE_SIGNAL_REVIEW"", ""execution_rate"": 1.0}]",LIMITED,False,PROGRAM_YEAR_REVIEW,0.9999988767345537,0.0,0.3333333333333333,True,False,False,False,LEFT_CENSORED_OR_FIRST_OBSERVATION,,False,False,False,0,False,True,0,0,0.0,2022,2024,3,EXACT_PROGRAM_KEY,C,LIMITED,AMBIGUOUS,SINGLE_SIGNAL_REVIEW,reported_performance,reported_performance,structure_context,False,NOT_APPLICABLE,SINGLE_SIGNAL_REVIEW,원문에 이 신호의 예외 사유나 비교가능성 제한을 설명하는 근거가 있는가?,LIMITED,3,1,0,28,28
075:3300:2022,075:3300,075,2022,3300,보건,보건의료,국민건강생활실천,2,2,FUND;GENERAL_ACCOUNT,"[""075:2022:보건:보건의료:3300:FUND"", ""075:2022:보건:보건의료:3300:GENERAL_ACCOUNT""]",False,False,False,False,BASE_KEY_UNIQUE,False,554212000000,555056688680,536592665870,1,1,2,MIXED_COMPARABLE,COMPLETE_REPORTED_RATE_COVERAGE,False,False,,False,False,False,,,False,False,False,False,False,,UNKNOWN_TYPE,CONFIRMED_STRUCTURED,STRUCTURED_CONTEXT_INVENTORY,NO_CONFIRMED_CONTEXT_TAG,NO_GRADE_CHANGE,0.0,0.0,0.0,"[{""candidate_id"": ""075:2022:보건:보건의료:3300:FUND"", ""account_type"": ""FUND"", ""review_grade"": ""C"", ""diagnostic_type"": ""CONTEXT_OR_SINGLE_SIGNAL_REVIEW"", ""execution_rate"": 0.996872858757592}, {""candidate_id"": ""075:2022:보건:보건의료:3300:GENERAL_ACCOUNT"", ""account_type"": ""GENERAL_ACCOUNT"", ""review_grade"": ""C"", ""diagnostic_type"": ""CONTEXT_OR_SINGLE_SIGNAL_REVIEW"", ""execution_rate"": 0.903815374702956}]",LIMITED,False,PROGRAM_YEAR_REVIEW,0.9667348881896911,0.0,0.5,True,False,False,False,LEFT_CENSORED_OR_FIRST_OBSERVATION,,False,False,False,0,False,False,0,0,0.0,2022,2024,3,EXACT_PROGRAM_KEY,C,LIMITED,AMBIGUOUS,SINGLE_SIGNAL_REVIEW,reported_performance,reported_performance,NONE,False,NOT_APPLICABLE,SINGLE_SIGNAL_REVIEW,원문에 이 신호의 예외 사유나 비교가능성 제한을 설명하는 근거가 있는가?,LIMITED,3,1,0,29,29
075:1300:2022,075:1300,075,2022,1300,사회복지,아동·보육,아동보호 및 복지 강화,1,1,GENERAL_ACCOUNT,"[""075:2022:사회복지:아동·보육:1300:GENERAL_ACCOUNT""]",False,False,False,False,BASE_KEY_UNIQUE,False,453361000000,451004000000,438563574020,1,1,2,MIXED_COMPARABLE,COMPLETE_REPORTED_RATE_COVERAGE,False,False,,False,True,True,-0.4767789906939503,-0.2754736291829248,False,False,False,False,False,,UNKNOWN_TYPE,CONFIRMED_STRUCTURED,STRUCTURED_CONTEXT_INVENTORY,NO_CONFIRMED_CONTEXT_TAG,NO_GRADE_CHANGE,0.0,0.0,0.0,"[{""candidate_id"": ""075:2022:사회복지:아동·보육:1300:GENERAL_ACCOUNT"", ""account_type"": ""GENERAL_ACCOUNT"", ""review_grade"": ""C"", ""diagnostic_type"": ""CONTEXT_OR_SINGLE_SIGNAL_REVIEW"", ""execution_rate"": 0.972416151564066}]",LIMITED,False,PROGRAM_YEAR_REVIEW,0.9724161515640659,0.0,0.5,True,False,False,False,LEFT_CENSORED_OR_FIRST_OBSERVATION,,False,False,False,0,False,False,0,0,0.0,2022,2024,3,EXACT_PROGRAM_KEY,C,LIMITED,AMBIGUOUS,SINGLE_SIGNAL_REVIEW,reported_performance,reported_performance,NONE,False,NOT_APPLICABLE,SINGLE_SIGNAL_REVIEW,원문에 이 신호의 예외 사유나 비교가능성 제한을 설명하는 근거가 있는가?,LIMITED,3,1,0,30,30
102:5400:2022,102:5400,102,2022,5400,산업·중소기업및에너지,중소기업및소상공인육성,중소기업인력지원,2,2,FUND;GENERAL_ACCOUNT,"[""102:2022:산업·중소기업및에너지:중소기업및소상공인육성:5400:FUND"", ""102:2022:산업·중소기업및에너지:중소기업및소상공인육성:5400:GENERAL_ACCOUNT""]",False,False,False,False,BASE_KEY_UNIQUE,False,425917000000,426140391000,422900194124,1,1,2,MIXED_COMPARABLE,COMPLETE_REPORTED_RATE_COVERAGE,False,False,,False,False,False,,,False,False,False,False,False,,UNKNOWN_TYPE,CONFIRMED_STRUCTURED,STRUCTURED_CONTEXT_INVENTORY,NO_CONFIRMED_CONTEXT_TAG,NO_GRADE_CHANGE,0.0,0.0,0.0,"[{""candidate_id"": ""102:2022:산업·중소기업및에너지:중소기업및소상공인육성:5400:FUND"", ""account_type"": ""FUND"", ""review_grade"": ""C"", ""diagnostic_type"": ""CONTEXT_OR_SINGLE_SIGNAL_REVIEW"", ""execution_rate"": 0.9855173432684702}, {""candidate_id"": ""102:2022:산업·중소기업및에너지:중소기업및소상공인육성:5400:GENERAL_ACCOUNT"", ""account_type"": ""GENERAL_ACCOUNT"", ""review_grade"": ""C"", ""diagnostic_type"": ""CONTEXT_OR_SINGLE_SIGNAL_REVIEW"", ""execution_rate"": 0.9929474704336474}]",LIMITED,False,PROGRAM_YEAR_REVIEW,0.9923964098582714,0.0,0.5,True,False,False,False,LEFT_CENSORED_OR_FIRST_OBSERVATION,,False,False,False,0,False,False,0,0,0.0,2022,2024,3,EXACT_PROGRAM_KEY,C,LIMITED,AMBIGUOUS,SINGLE_SIGNAL_REVIEW,reported_performance,reported_performance,NONE,False,NOT_APPLICABLE,SINGLE_SIGNAL_REVIEW,원문에 이 신호의 예외 사유나 비교가능성 제한을 설명하는 근거가 있는가?,LIMITED,3,1,0,31,31
162:5300:2022,162:5300,162,2022,5300,통신,우정,우체국보험,1,1,SPECIAL_ACCOUNT,"[""162:2022:통신:우정:5300:SPECIAL_ACCOUNT""]",False,False,False,False,BASE_KEY_UNIQUE,False,295339000000,308974025000,304135592170,2,0,2,ALL_COMPARABLE_BELOW_TARGET,COMPLETE_REPORTED_RATE_COVERAGE,False,False,,False,True,True,0.00117492102296,-0.0086578474227921,True,False,False,False,False,,UNKNOWN_TYPE,CONFIRMED_STRUCTURED,STRUCTURED_CONTEXT_INVENTORY,NO_CONFIRMED_CONTEXT_TAG,NO_GRADE_CHANGE,0.0,0.0,0.0,"[{""candidate_id"": ""162:2022:통신:우정:5300:SPECIAL_ACCOUNT"", ""account_type"": ""SPECIAL_ACCOUNT"", ""review_grade"": ""C"", ""diagnostic_type"": ""CONTEXT_OR_SINGLE_SIGNAL_REVIEW"", ""execution_rate"": 0.984340324951264}]",LIMITED,False,PROGRAM_YEAR_REVIEW,0.9843403249512641,0.0,1.0,True,False,False,False,LEFT_CENSORED_OR_FIRST_OBSERVATION,,False,False,False,0,False,False,0,0,0.0,2022,2024,3,EXACT_PROGRAM_KEY,C,LIMITED,AMBIGUOUS,SINGLE_SIGNAL_REVIEW,reported_performance,reported_performance,NONE,False,NOT_APPLICABLE,SINGLE_SIGNAL_REVIEW,원문에 이 신호의 예외 사유나 비교가능성 제한을 설명하는 근거가 있는가?,LIMITED,3,1,0,32,32
075:2800:2022,075:2800,075,2022,2800,보건,보건의료,응급의료체계운영지원,1,1,FUND,"[""075:2022:보건:보건의료:2800:FUND""]",False,False,False,False,BASE_KEY_UNIQUE,False,291787800000,292085319960,281480529950,1,1,2,MIXED_COMPARABLE,COMPLETE_REPORTED_RATE_COVERAGE,False,False,,False,False,False,,,False,False,False,False,False,,UNKNOWN_TYPE,CONFIRMED_STRUCTURED,STRUCTURED_CONTEXT_INVENTORY,NO_CONFIRMED_CONTEXT_TAG,NO_GRADE_CHANGE,0.0,0.0,0.0,"[{""candidate_id"": ""075:2022:보건:보건의료:2800:FUND"", ""account_type"": ""FUND"", ""review_grade"": ""C"", ""diagnostic_type"": ""CONTEXT_OR_SINGLE_SIGNAL_REVIEW"", ""execution_rate"": 0.9636928346434792}]",LIMITED,False,PROGRAM_YEAR_REVIEW,0.9636928346434792,0.0,0.5,True,False,False,False,LEFT_CENSORED_OR_FIRST_OBSERVATION,,False,False,False,0,False,False,0,0,0.0,2022,2024,3,EXACT_PROGRAM_KEY,C,LIMITED,AMBIGUOUS,SINGLE_SIGNAL_REVIEW,reported_performance,reported_performance,NONE,False,NOT_APPLICABLE,SINGLE_SIGNAL_REVIEW,원문에 이 신호의 예외 사유나 비교가능성 제한을 설명하는 근거가 있는가?,LIMITED,3,1,0,33,33
162:1100:599c8e014508:2022,162:1100:599c8e014508,162,2022,1100,문화및관광,문화예술,콘텐츠방송산업 육성,2,2,FUND;GENERAL_ACCOUNT,"[""162:2022:문화및관광:문화예술:1100:FUND"", ""162:2022:문화및관광:문화예술:1100:GENERAL_ACCOUNT""]",True,True,True,False,RESOLVED_BY_FIELD_SECTOR,False,272691000000,272691000000,272390076240,1,1,2,MIXED_COMPARABLE,COMPLETE_REPORTED_RATE_COVERAGE,False,False,,False,False,False,,,False,False,False,False,False,,UNKNOWN_TYPE,CONFIRMED_STRUCTURED,STRUCTURED_CONTEXT_INVENTORY,NO_CONFIRMED_CONTEXT_TAG,NO_GRADE_CHANGE,0.0,0.0,0.0,"[{""candidate_id"": ""162:2022:문화및관광:문화예술:1100:FUND"", ""account_type"": ""FUND"", ""review_grade"": ""C"", ""diagnostic_type"": ""CONTEXT_OR_SINGLE_SIGNAL_REVIEW"", ""execution_rate"": 0.9999951485231712}, {""candidate_id"": ""162:2022:문화및관광:문화예술:1100:GENERAL_ACCOUNT"", ""account_type"": ""GENERAL_ACCOUNT"", ""review_grade"": ""C"", ""diagnostic_type"": ""CONTEXT_OR_SINGLE_SIGNAL_REVIEW"", ""execution_rate"": 0.996354046400836}]",LIMITED,False,PROGRAM_YEAR_REVIEW,0.9988964661099926,0.0,0.5,True,False,False,False,LEFT_CENSORED_OR_FIRST_OBSERVATION,,False,False,False,0,False,False,0,0,0.0,2022,2024,3,EXACT_METADATA_DISAMBIGUATION,C,LIMITED,AMBIGUOUS,SINGLE_SIGNAL_REVIEW,reported_performance,reported_performance,NONE,False,NOT_APPLICABLE,SINGLE_SIGNAL_REVIEW,원문에 이 신호의 예외 사유나 비교가능성 제한을 설명하는 근거가 있는가?,LIMITED,3,1,0,34,34
102:3100:2022,102:3100,102,2022,3100,산업·중소기업및에너지,무역및투자유치,중소기업수출촉진지원,2,2,FUND;GENERAL_ACCOUNT,"[""102:2022:산업·중소기업및에너지:무역및투자유치:3100:FUND"", ""102:2022:산업·중소기업및에너지:무역및투자유치:3100:GENERAL_ACCOUNT""]",False,False,False,False,BASE_KEY_UNIQUE,False,235723000000,235757800000,235554269804,2,0,2,ALL_COMPARABLE_BELOW_TARGET,COMPLETE_REPORTED_RATE_COVERAGE,False,False,,False,False,False,,,False,False,False,False,False,,UNKNOWN_TYPE,CONFIRMED_STRUCTURED,STRUCTURED_CONTEXT_INVENTORY,NO_CONFIRMED_CONTEXT_TAG,NO_GRADE_CHANGE,0.0,0.0,0.0,"[{""candidate_id"": ""102:2022:산업·중소기업및에너지:무역및투자유치:3100:FUND"", ""account_type"": ""FUND"", ""review_grade"": ""C"", ""diagnostic_type"": ""CONTEXT_OR_SINGLE_SIGNAL_REVIEW"", ""execution_rate"": 0.9952257780552012}, {""candidate_id"": ""102:2022:산업·중소기업및에너지:무역및투자유치:3100:GENERAL_ACCOUNT"", ""account_type"": ""GENERAL_ACCOUNT"", ""review_grade"": ""C"", ""diagnostic_type"": ""CONTEXT_OR_SINGLE_SIGNAL_REVIEW"", ""execution_rate"": 0.9998611717413032}]",LIMITED,False,PROGRAM_YEAR_REVIEW,0.9991366979332179,0.0,1.0,True,False,False,False,LEFT_CENSORED_OR_FIRST_OBSERVATION,,False,False,False,0,False,False,0,0,0.0,2022,2024,3,EXACT_PROGRAM_KEY,C,LIMITED,AMBIGUOUS,SINGLE_SIGNAL_REVIEW,reported_performance,reported_performance,NONE,False,NOT_APPLICABLE,SINGLE_SIGNAL_REVIEW,원문에 이 신호의 예외 사유나 비교가능성 제한을 설명하는 근거가 있는가?,LIMITED,3,1,0,35,35
102:3300:2022,102:3300,102,2022,3300,산업·중소기업및에너지,중소기업및소상공인육성,지역중소기업육성,2,2,GENERAL_ACCOUNT;SPECIAL_ACCOUNT,"[""102:2022:산업·중소기업및에너지:중소기업및소상공인육성:3300:GENERAL_ACCOUNT"", ""102:2022:산업·중소기업및에너지:중소기업및소상공인육성:3300:SPECIAL_ACCOUNT""]",False,False,False,False,BASE_KEY_UNIQUE,False,162013000000,162013000000,161971403520,1,1,2,MIXED_COMPARABLE,COMPLETE_REPORTED_RATE_COVERAGE,False,False,,False,False,False,,,False,False,False,False,False,,UNKNOWN_TYPE,CONFIRMED_STRUCTURED,STRUCTURED_CONTEXT_INVENTORY,NO_CONFIRMED_CONTEXT_TAG,NO_GRADE_CHANGE,0.0,0.0,0.0,"[{""candidate_id"": ""102:2022:산업·중소기업및에너지:중소기업및소상공인육성:3300:GENERAL_ACCOUNT"", ""account_type"": ""GENERAL_ACCOUNT"", ""review_grade"": ""C"", ""diagnostic_type"": ""CONTEXT_OR_SINGLE_SIGNAL_REVIEW"", ""execution_rate"": 0.997786950414982}, {""candidate_id"": ""102:2022:산업·중소기업및에너지:중소기업및소상공인육성:3300:SPECIAL_ACCOUNT"", ""account_type"": ""SPECIAL_ACCOUNT"", ""review_grade"": ""C"", ""diagnostic_type"": ""CONTEXT_OR_SINGLE_SIGNAL_REVIEW"", ""execution_rate"": 1.0}]",LIMITED,False,PROGRAM_YEAR_REVIEW,0.9997432522081562,0.0,0.5,True,False,False,False,LEFT_CENSORED_OR_FIRST_OBSERVATION,,False,False,False,0,False,False,0,0,0.0,2022,2024,3,EXACT_PROGRAM_KEY,C,LIMITED,AMBIGUOUS,SINGLE_SIGNAL_REVIEW,reported_performance,reported_performance,NONE,False,NOT_APPLICABLE,SINGLE_SIGNAL_REVIEW,원문에 이 신호의 예외 사유나 비교가능성 제한을 설명하는 근거가 있는가?,LIMITED,3,1,0,36,36
019:2000:2022,019:2000,019,2022,2000,사회복지,노동,노사정책,1,1,GENERAL_ACCOUNT,"[""019:2022:사회복지:노동:2000:GENERAL_ACCOUNT""]",False,False,False,False,BASE_KEY_UNIQUE,False,57554000000,57554000000,57042831770,1,2,3,MIXED_COMPARABLE,COMPLETE_REPORTED_RATE_COVERAGE,False,False,,False,True,True,-0.0778051916461062,0.0565382075963443,False,True,False,False,False,,UNKNOWN_TYPE,CONFIRMED_STRUCTURED,STRUCTURED_CONTEXT_INVENTORY,NO_CONFIRMED_CONTEXT_TAG,NO_GRADE_CHANGE,0.0,0.0,0.0,"[{""candidate_id"": ""019:2022:사회복지:노동:2000:GENERAL_ACCOUNT"", ""account_type"": ""GENERAL_ACCOUNT"", ""review_grade"": ""C"", ""diagnostic_type"": ""CONTEXT_OR_SINGLE_SIGNAL_REVIEW"", ""execution_rate"": 0.991118458664906}]",LIMITED,False,PROGRAM_YEAR_REVIEW,0.991118458664906,0.0,0.3333333333333333,True,False,False,False,LEFT_CENSORED_OR_FIRST_OBSERVATION,,False,False,False,0,False,False,0,0,0.0,2022,2024,3,EXACT_PROGRAM_KEY,C,LIMITED,AMBIGUOUS,SINGLE_SIGNAL_REVIEW,reported_performance,reported_performance,NONE,False,NOT_APPLICABLE,SINGLE_SIGNAL_REVIEW,원문에 이 신호의 예외 사유나 비교가능성 제한을 설명하는 근거가 있는가?,LIMITED,3,1,0,37,37
162:1600:bbc4586c11b9:2022,162:1600:bbc4586c11b9,162,2022,1600,과학기술,과학기술연구지원,과학기술기반 조성,1,1,GENERAL_ACCOUNT,"[""162:2022:과학기술:과학기술연구지원:1600:GENERAL_ACCOUNT""]",True,True,True,False,RESOLVED_BY_FIELD_SECTOR,False,54291000000,114505408490,102300768410,0,2,2,ALL_COMPARABLE_AT_OR_ABOVE_TARGET,COMPLETE_REPORTED_RATE_COVERAGE,False,False,,False,True,True,0.1780221399495312,-0.1957598865373634,False,False,False,True,False,,UNKNOWN_TYPE,CONFIRMED_STRUCTURED,STRUCTURED_CONTEXT_INVENTORY,NO_CONFIRMED_CONTEXT_TAG,NO_GRADE_CHANGE,0.0,0.0,1.0,"[{""candidate_id"": ""162:2022:과학기술:과학기술연구지원:1600:GENERAL_ACCOUNT"", ""account_type"": ""GENERAL_ACCOUNT"", ""review_grade"": ""C"", ""diagnostic_type"": ""LOW_EXECUTION_TARGET_MET"", ""execution_rate"": 0.8934142915959654}]",LIMITED,False,PROGRAM_YEAR_REVIEW,0.8934142915959654,0.5,0.0,False,False,False,False,LEFT_CENSORED_OR_FIRST_OBSERVATION,,False,False,False,0,False,True,0,0,0.5,2022,2024,3,EXACT_METADATA_DISAMBIGUATION,C,LIMITED,AMBIGUOUS,LOW_EXECUTION_TARGET_MET,execution,execution,structure_context,False,LOW_EXECUTION_WITH_REPORTED_TARGET_MET,LOW_EXECUTION_TARGET_MET,"집행률 분모와 성과지표 비교가능성을 확인한 뒤, 원문에 목표 적정성·수요 변화·비용 절감·측정 시차를 설명하는 근거가 있는가?",LIMITED,3,1,0,38,38
162:4100:2022,162:4100,162,2022,4100,교육,평생·직업교육,평생직업교육 체제 구축,1,1,GENERAL_ACCOUNT,"[""162:2022:교육:평생·직업교육:4100:GENERAL_ACCOUNT""]",False,False,False,False,BASE_KEY_UNIQUE,False,19364000000,19364000000,19364000000,2,2,4,MIXED_COMPARABLE,COMPLETE_REPORTED_RATE_COVERAGE,False,False,,False,False,False,,,False,False,False,False,False,,UNKNOWN_TYPE,CONFIRMED_STRUCTURED,STRUCTURED_CONTEXT_INVENTORY,NO_CONFIRMED_CONTEXT_TAG,NO_GRADE_CHANGE,0.0,0.0,0.0,"[{""candidate_id"": ""162:2022:교육:평생·직업교육:4100:GENERAL_ACCOUNT"", ""account_type"": ""GENERAL_ACCOUNT"", ""review_grade"": ""C"", ""diagnostic_type"": ""CONTEXT_OR_SINGLE_SIGNAL_REVIEW"", ""execution_rate"": 1.0}]",LIMITED,False,PROGRAM_YEAR_REVIEW,1.0,0.0,0.5,True,False,False,False,LEFT_CENSORED_OR_FIRST_OBSERVATION,,False,False,False,0,False,False,0,0,0.0,2022,2022,1,EXACT_PROGRAM_KEY,C,LIMITED,AMBIGUOUS,SINGLE_SIGNAL_REVIEW,reported_performance,reported_performance,NONE,False,NOT_APPLICABLE,SINGLE_SIGNAL_REVIEW,원문에 이 신호의 예외 사유나 비교가능성 제한을 설명하는 근거가 있는가?,LIMITED,3,1,0,39,39
075:3700:2022,075:3700,075,2022,3700,보건,보건의료,국립정신건강센터,1,1,RESPONSIBLE_OPERATION_ACCOUNT,"[""075:2022:보건:보건의료:3700:RESPONSIBLE_OPERATION_ACCOUNT""]",False,False,False,False,BASE_KEY_UNIQUE,False,16726000000,17604843910,16112580190,1,0,1,ALL_COMPARABLE_BELOW_TARGET,COMPLETE_REPORTED_RATE_COVERAGE,False,False,,False,True,True,0.0322301485206408,0.064624020582388,True,True,False,False,False,,UNKNOWN_TYPE,CONFIRMED_STRUCTURED,STRUCTURED_CONTEXT_INVENTORY,NO_CONFIRMED_CONTEXT_TAG,NO_GRADE_CHANGE,0.0,0.0,1.0,"[{""candidate_id"": ""075:2022:보건:보건의료:3700:RESPONSIBLE_OPERATION_ACCOUNT"", ""account_type"": ""RESPONSIBLE_OPERATION_ACCOUNT"", ""review_grade"": ""C"", ""diagnostic_type"": ""CONTEXT_OR_SINGLE_SIGNAL_REVIEW"", ""execution_rate"": 0.9152356176726818}]",LIMITED,False,PROGRAM_YEAR_REVIEW,0.9152356176726818,0.0,1.0,True,False,False,False,LEFT_CENSORED_OR_FIRST_OBSERVATION,,False,False,False,0,False,True,0,0,0.0,2022,2024,3,EXACT_PROGRAM_KEY,C,LIMITED,AMBIGUOUS,SINGLE_SIGNAL_REVIEW,reported_performance,reported_performance,structure_context,False,NOT_APPLICABLE,SINGLE_SIGNAL_REVIEW,원문에 이 신호의 예외 사유나 비교가능성 제한을 설명하는 근거가 있는가?,LIMITED,3,1,0,40,40
075:4500:2022,075:4500,075,2022,4500,보건,보건의료,소록도병원,1,1,GENERAL_ACCOUNT,"[""075:2022:보건:보건의료:4500:GENERAL_ACCOUNT""]",False,False,False,False,BASE_KEY_UNIQUE,False,10444000000,10444000000,9819669730,1,0,1,ALL_COMPARABLE_BELOW_TARGET,COMPLETE_REPORTED_RATE_COVERAGE,False,False,,False,True,True,0.0835886633473764,-0.0876101110685561,True,False,False,False,False,,UNKNOWN_TYPE,CONFIRMED_STRUCTURED,STRUCTURED_CONTEXT_INVENTORY,NO_CONFIRMED_CONTEXT_TAG,NO_GRADE_CHANGE,0.0,0.0,0.0,"[{""candidate_id"": ""075:2022:보건:보건의료:4500:GENERAL_ACCOUNT"", ""account_type"": ""GENERAL_ACCOUNT"", ""review_grade"": ""C"", ""diagnostic_type"": ""CONTEXT_OR_SINGLE_SIGNAL_REVIEW"", ""execution_rate"": 0.9402211537725008}]",LIMITED,False,PROGRAM_YEAR_REVIEW,0.9402211537725009,0.0,1.0,True,False,False,False,LEFT_CENSORED_OR_FIRST_OBSERVATION,,False,False,False,0,False,False,0,0,0.0,2022,2024,3,EXACT_PROGRAM_KEY,C,LIMITED,AMBIGUOUS,SINGLE_SIGNAL_REVIEW,reported_performance,reported_performance,NONE,False,NOT_APPLICABLE,SINGLE_SIGNAL_REVIEW,원문에 이 신호의 예외 사유나 비교가능성 제한을 설명하는 근거가 있는가?,LIMITED,3,1,0,41,41
162:2200:f3d32026a540:2022,162:2200:f3d32026a540,162,2022,2200,과학기술,과학기술인력및문화,국립중앙과학관 운영,1,1,RESPONSIBLE_OPERATION_ACCOUNT,"[""162:2022:과학기술:과학기술인력및문화:2200:RESPONSIBLE_OPERATION_ACCOUNT""]",True,True,True,False,RESOLVED_BY_FIELD_SECTOR,False,10069000000,10269000000,9925583170,1,2,3,MIXED_COMPARABLE,COMPLETE_REPORTED_RATE_COVERAGE,False,False,,False,True,True,0.1047826317745103,0.1200169860395987,True,True,False,False,False,,UNKNOWN_TYPE,CONFIRMED_STRUCTURED,STRUCTURED_CONTEXT_INVENTORY,NO_CONFIRMED_CONTEXT_TAG,NO_GRADE_CHANGE,0.0,0.0,1.0,"[{""candidate_id"": ""162:2022:과학기술:과학기술인력및문화:2200:RESPONSIBLE_OPERATION_ACCOUNT"", ""account_type"": ""RESPONSIBLE_OPERATION_ACCOUNT"", ""review_grade"": ""C"", ""diagnostic_type"": ""CONTEXT_OR_SINGLE_SIGNAL_REVIEW"", ""execution_rate"": 0.9665579092414062}]",LIMITED,False,PROGRAM_YEAR_REVIEW,0.9665579092414062,0.0,0.3333333333333333,True,False,False,False,LEFT_CENSORED_OR_FIRST_OBSERVATION,,False,False,False,0,False,True,0,0,0.0,2022,2024,3,EXACT_METADATA_DISAMBIGUATION,C,LIMITED,AMBIGUOUS,SINGLE_SIGNAL_REVIEW,reported_performance,reported_performance,structure_context,False,NOT_APPLICABLE,SINGLE_SIGNAL_REVIEW,원문에 이 신호의 예외 사유나 비교가능성 제한을 설명하는 근거가 있는가?,LIMITED,3,1,0,42,42
075:3900:2022,075:3900,075,2022,3900,보건,보건의료,국립부곡병원,1,1,RESPONSIBLE_OPERATION_ACCOUNT,"[""075:2022:보건:보건의료:3900:RESPONSIBLE_OPERATION_ACCOUNT""]",False,False,False,False,BASE_KEY_UNIQUE,False,7512000000,7620200000,5760389490,0,1,1,ALL_COMPARABLE_AT_OR_ABOVE_TARGET,COMPLETE_REPORTED_RATE_COVERAGE,False,False,,False,True,True,0.0334506169780464,-0.0160562961494623,False,False,False,True,False,,UNKNOWN_TYPE,CONFIRMED_STRUCTURED,STRUCTURED_CONTEXT_INVENTORY,NO_CONFIRMED_CONTEXT_TAG,NO_GRADE_CHANGE,0.0,0.0,1.0,"[{""candidate_id"": ""075:2022:보건:보건의료:3900:RESPONSIBLE_OPERATION_ACCOUNT"", ""account_type"": ""RESPONSIBLE_OPERATION_ACCOUNT"", ""review_grade"": ""C"", ""diagnostic_type"": ""LOW_EXECUTION_TARGET_MET"", ""execution_rate"": 0.7559367851237501}]",LIMITED,False,PROGRAM_YEAR_REVIEW,0.7559367851237501,1.0,0.0,False,False,False,False,LEFT_CENSORED_OR_FIRST_OBSERVATION,,False,False,False,0,False,True,0,0,1.0,2022,2024,3,EXACT_PROGRAM_KEY,C,LIMITED,AMBIGUOUS,LOW_EXECUTION_TARGET_MET,execution,execution,structure_context,False,LOW_EXECUTION_WITH_REPORTED_TARGET_MET,LOW_EXECUTION_TARGET_MET,"집행률 분모와 성과지표 비교가능성을 확인한 뒤, 원문에 목표 적정성·수요 변화·비용 절감·측정 시차를 설명하는 근거가 있는가?",LIMITED,3,1,0,43,43
075:2100:2022,075:2100,075,2022,2100,사회복지,노인,노인생활안정,1,1,GENERAL_ACCOUNT,"[""075:2022:사회복지:노인:2100:GENERAL_ACCOUNT""]",False,False,False,False,BASE_KEY_UNIQUE,False,18322701000000,18305291000000,18302187574410,0,1,1,ALL_COMPARABLE_AT_OR_ABOVE_TARGET,COMPLETE_REPORTED_RATE_COVERAGE,False,False,,False,False,False,,,False,False,False,False,False,,UNKNOWN_TYPE,CONFIRMED_STRUCTURED,STRUCTURED_CONTEXT_INVENTORY,NO_CONFIRMED_CONTEXT_TAG,DISPLAY_ONLY_NO_GRADE_CHANGE,0.0,0.0,1.0,"[{""candidate_id"": ""075:2022:사회복지:노인:2100:GENERAL_ACCOUNT"", ""account_type"": ""GENERAL_ACCOUNT"", ""review_grade"": ""C"", ""diagnostic_type"": ""CONTEXT_OR_SINGLE_SIGNAL_REVIEW"", ""execution_rate"": 0.99983046291971}]",LIMITED,False,PROGRAM_YEAR_REVIEW,0.9998304629197099,0.0,0.0,False,False,False,False,LEFT_CENSORED_OR_FIRST_OBSERVATION,,False,False,False,0,False,True,0,0,0.0,2022,2024,3,EXACT_PROGRAM_KEY,D,REVIEWABLE,NONE,NO_STRUCTURED_SIGNAL_DETECTED,NONE,NONE,structure_context,True,NOT_APPLICABLE,NO_STRUCTURED_SIGNAL_DETECTED,현재 구조화 신호가 없다는 판단의 입력 범위가 충분한가?,LIMITED,4,0,0,44,44
075:1100:2022,075:1100,075,2022,1100,사회복지,기초생활보장,기초생활보장,1,1,GENERAL_ACCOUNT,"[""075:2022:사회복지:기초생활보장:1100:GENERAL_ACCOUNT""]",False,False,False,False,BASE_KEY_UNIQUE,False,15537221000000,15332967900000,15331381261890,0,1,1,ALL_COMPARABLE_AT_OR_ABOVE_TARGET,COMPLETE_REPORTED_RATE_COVERAGE,False,False,,False,True,True,0.0559103201273895,0.1533382964688472,False,False,False,False,False,,UNKNOWN_TYPE,CONFIRMED_STRUCTURED,STRUCTURED_CONTEXT_INVENTORY,NO_CONFIRMED_CONTEXT_TAG,NO_GRADE_CHANGE,0.0,0.0,0.0,"[{""candidate_id"": ""075:2022:사회복지:기초생활보장:1100:GENERAL_ACCOUNT"", ""account_type"": ""GENERAL_ACCOUNT"", ""review_grade"": ""D"", ""diagnostic_type"": ""NO_STRUCTURED_SIGNAL_DETECTED"", ""execution_rate"": 0.9998965211353504}]",LIMITED,False,PROGRAM_YEAR_REVIEW,0.9998965211353504,0.0,0.0,False,False,False,False,LEFT_CENSORED_OR_FIRST_OBSERVATION,,False,False,False,0,False,False,0,0,0.0,2022,2024,3,EXACT_PROGRAM_KEY,D,REVIEWABLE,NONE,NO_STRUCTURED_SIGNAL_DETECTED,NONE,NONE,NONE,False,NOT_APPLICABLE,NO_STRUCTURED_SIGNAL_DETECTED,현재 구조화 신호가 없다는 판단의 입력 범위가 충분한가?,LIMITED,4,0,0,45,45
075:3100:2022,075:3100,075,2022,3100,사회복지,아동·보육,보육지원강화,1,1,GENERAL_ACCOUNT,"[""075:2022:사회복지:아동·보육:3100:GENERAL_ACCOUNT""]",False,False,False,False,BASE_KEY_UNIQUE,False,5818712000000,5817240454920,5815980353340,0,2,2,ALL_COMPARABLE_AT_OR_ABOVE_TARGET,COMPLETE_REPORTED_RATE_COVERAGE,False,False,,False,True,True,0.1476795895724002,0.307771376208343,False,False,False,False,False,,UNKNOWN_TYPE,CONFIRMED_STRUCTURED,STRUCTURED_CONTEXT_INVENTORY,NO_CONFIRMED_CONTEXT_TAG,NO_GRADE_CHANGE,0.0,0.0,0.0,"[{""candidate_id"": ""075:2022:사회복지:아동·보육:3100:GENERAL_ACCOUNT"", ""account_type"": ""GENERAL_ACCOUNT"", ""review_grade"": ""D"", ""diagnostic_type"": ""NO_STRUCTURED_SIGNAL_DETECTED"", ""execution_rate"": 0.9997833849933204}]",LIMITED,False,PROGRAM_YEAR_REVIEW,0.9997833849933203,0.0,0.0,False,False,False,False,LEFT_CENSORED_OR_FIRST_OBSERVATION,,False,False,False,0,False,False,0,0,0.0,2022,2024,3,EXACT_PROGRAM_KEY,D,REVIEWABLE,NONE,NO_STRUCTURED_SIGNAL_DETECTED,NONE,NONE,NONE,False,NOT_APPLICABLE,NO_STRUCTURED_SIGNAL_DETECTED,현재 구조화 신호가 없다는 판단의 입력 범위가 충분한가?,LIMITED,4,0,0,46,46
102:1200:2022,102:1200,102,2022,1200,산업·중소기업및에너지,중소기업및소상공인육성,중소기업성장안정지원,3,3,FUND;GENERAL_ACCOUNT;SPECIAL_ACCOUNT,"[""102:2022:산업·중소기업및에너지:중소기업및소상공인육성:1200:FUND"", ""102:2022:산업·중소기업및에너지:중소기업및소상공인육성:1200:GENERAL_ACCOUNT"", ""102:2022:산업·중소기업및에너지:중소기업및소상공인육성:1200:SPECIAL_ACCOUNT""]",False,False,False,False,BASE_KEY_UNIQUE,False,4762388000000,4762388000000,4762366123026,0,2,2,ALL_COMPARABLE_AT_OR_ABOVE_TARGET,PARTIAL_REPORTED_RATE_COVERAGE,False,False,,False,False,False,,,False,False,False,False,False,,UNKNOWN_TYPE,CONFIRMED_STRUCTURED,STRUCTURED_CONTEXT_INVENTORY,NO_CONFIRMED_CONTEXT_TAG,NO_GRADE_CHANGE,0.0,0.0,0.0,"[{""candidate_id"": ""102:2022:산업·중소기업및에너지:중소기업및소상공인육성:1200:FUND"", ""account_type"": ""FUND"", ""review_grade"": ""D"", ""diagnostic_type"": ""NO_STRUCTURED_SIGNAL_DETECTED"", ""execution_rate"": 0.9999937679327756}, {""candidate_id"": ""102:2022:산업·중소기업및에너지:중소기업및소상공인육성:1200:GENERAL_ACCOUNT"", ""account_type"": ""GENERAL_ACCOUNT"", ""review_grade"": ""D"", ""diagnostic_type"": ""NO_STRUCTURED_SIGNAL_DETECTED"", ""execution_rate"": 1.0}, {""candidate_id"": ""102:2022:산업·중소기업및에너지:중소기업및소상공인육성:1200:SPECIAL_ACCOUNT"", ""account_type"": ""SPECIAL_ACCOUNT"", ""review_grade"": ""D"", ""diagnostic_type"": ""NO_STRUCTURED_SIGNAL_DETECTED"", ""execution_rate"": 1.0}]",LIMITED,False,PROGRAM_YEAR_REVIEW,0.9999954063016285,0.0,0.0,False,False,False,False,LEFT_CENSORED_OR_FIRST_OBSERVATION,,False,False,False,0,False,False,0,0,0.0,2022,2024,3,EXACT_PROGRAM_KEY,D,REVIEWABLE,NONE,NO_STRUCTURED_SIGNAL_DETECTED,NONE,NONE,NONE,False,NOT_APPLICABLE,NO_STRUCTURED_SIGNAL_DETECTED,현재 구조화 신호가 없다는 판단의 입력 범위가 충분한가?,LIMITED,4,0,0,47,47
075:1500:2022,075:1500,075,2022,1500,사회복지,취약계층지원,장애인생활안정 및 재활 지원,2,2,FUND;GENERAL_ACCOUNT,"[""075:2022:사회복지:취약계층지원:1500:FUND"", ""075:2022:사회복지:취약계층지원:1500:GENERAL_ACCOUNT""]",False,False,False,False,BASE_KEY_UNIQUE,False,4087240000000,4088250514000,4068708184110,0,2,2,ALL_COMPARABLE_AT_OR_ABOVE_TARGET,COMPLETE_REPORTED_RATE_COVERAGE,False,False,,False,False,False,,,False,False,False,False,False,,UNKNOWN_TYPE,CONFIRMED_STRUCTURED,STRUCTURED_CONTEXT_INVENTORY,NO_CONFIRMED_CONTEXT_TAG,NO_GRADE_CHANGE,0.0,0.0,0.0,"[{""candidate_id"": ""075:2022:사회복지:취약계층지원:1500:FUND"", ""account_type"": ""FUND"", ""review_grade"": ""D"", ""diagnostic_type"": ""NO_STRUCTURED_SIGNAL_DETECTED"", ""execution_rate"": 0.9922320041429312}, {""candidate_id"": ""075:2022:사회복지:취약계층지원:1500:GENERAL_ACCOUNT"", ""account_type"": ""GENERAL_ACCOUNT"", ""review_grade"": ""D"", ""diagnostic_type"": ""NO_STRUCTURED_SIGNAL_DETECTED"", ""execution_rate"": 0.9952369112125836}]",LIMITED,False,PROGRAM_YEAR_REVIEW,0.9952198795491914,0.0,0.0,False,False,False,False,LEFT_CENSORED_OR_FIRST_OBSERVATION,,False,False,False,0,False,False,0,0,0.0,2022,2024,3,EXACT_PROGRAM_KEY,D,REVIEWABLE,NONE,NO_STRUCTURED_SIGNAL_DETECTED,NONE,NONE,NONE,False,NOT_APPLICABLE,NO_STRUCTURED_SIGNAL_DETECTED,현재 구조화 신호가 없다는 판단의 입력 범위가 충분한가?,LIMITED,4,0,0,48,48
019:1100:2022,019:1100,019,2022,1100,사회복지,고용,직업능력개발,2,2,FUND;GENERAL_ACCOUNT,"[""019:2022:사회복지:고용:1100:FUND"", ""019:2022:사회복지:고용:1100:GENERAL_ACCOUNT""]",False,False,False,False,BASE_KEY_UNIQUE,False,2734542000000,2735452908100,2530866782610,0,3,3,ALL_COMPARABLE_AT_OR_ABOVE_TARGET,COMPLETE_REPORTED_RATE_COVERAGE,False,False,,False,False,False,,,False,False,False,False,False,,UNKNOWN_TYPE,CONFIRMED_STRUCTURED,STRUCTURED_CONTEXT_INVENTORY,NO_CONFIRMED_CONTEXT_TAG,NO_GRADE_CHANGE,0.0,0.0,0.0,"[{""candidate_id"": ""019:2022:사회복지:고용:1100:FUND"", ""account_type"": ""FUND"", ""review_grade"": ""D"", ""diagnostic_type"": ""NO_STRUCTURED_SIGNAL_DETECTED"", ""execution_rate"": 0.9462622417781504}, {""candidate_id"": ""019:2022:사회복지:고용:1100:GENERAL_ACCOUNT"", ""account_type"": ""GENERAL_ACCOUNT"", ""review_grade"": ""C"", ""diagnostic_type"": ""LOW_EXECUTION_TARGET_MET"", ""execution_rate"": 0.8906766453655881}]",LIMITED,False,PROGRAM_YEAR_REVIEW,0.9252094141762791,0.0,0.0,False,False,False,False,LEFT_CENSORED_OR_FIRST_OBSERVATION,,False,False,False,0,False,False,0,0,0.0,2022,2024,3,EXACT_PROGRAM_KEY,D,REVIEWABLE,NONE,NO_STRUCTURED_SIGNAL_DETECTED,NONE,NONE,NONE,False,NOT_APPLICABLE,NO_STRUCTURED_SIGNAL_DETECTED,현재 구조화 신호가 없다는 판단의 입력 범위가 충분한가?,LIMITED,4,0,0,49,49
075:2200:2022,075:2200,075,2022,2200,사회복지,노인,노인의료보장,2,2,FUND;GENERAL_ACCOUNT,"[""075:2022:사회복지:노인:2200:FUND"", ""075:2022:사회복지:노인:2200:GENERAL_ACCOUNT""]",False,False,False,False,BASE_KEY_UNIQUE,False,2385432000000,2385432000000,2375068972730,0,3,3,ALL_COMPARABLE_AT_OR_ABOVE_TARGET,COMPLETE_REPORTED_RATE_COVERAGE,False,False,,False,False,False,,,False,False,False,False,False,,UNKNOWN_TYPE,CONFIRMED_STRUCTURED,STRUCTURED_CONTEXT_INVENTORY,NO_CONFIRMED_CONTEXT_TAG,DISPLAY_ONLY_NO_GRADE_CHANGE,0.0,0.0,1.0,"[{""candidate_id"": ""075:2022:사회복지:노인:2200:FUND"", ""account_type"": ""FUND"", ""review_grade"": ""C"", ""diagnostic_type"": ""CONTEXT_OR_SINGLE_SIGNAL_REVIEW"", ""execution_rate"": 0.998886411716881}, {""candidate_id"": ""075:2022:사회복지:노인:2200:GENERAL_ACCOUNT"", ""account_type"": ""GENERAL_ACCOUNT"", ""review_grade"": ""C"", ""diagnostic_type"": ""CONTEXT_OR_SINGLE_SIGNAL_REVIEW"", ""execution_rate"": 0.9953372814974192}]",LIMITED,False,PROGRAM_YEAR_REVIEW,0.995655702082474,0.0,0.0,False,False,False,False,LEFT_CENSORED_OR_FIRST_OBSERVATION,,False,False,False,0,False,True,0,0,0.0,2022,2024,3,EXACT_PROGRAM_KEY,D,REVIEWABLE,NONE,NO_STRUCTURED_SIGNAL_DETECTED,NONE,NONE,structure_context,True,NOT_APPLICABLE,NO_STRUCTURED_SIGNAL_DETECTED,현재 구조화 신호가 없다는 판단의 입력 범위가 충분한가?,LIMITED,4,0,0,50,50
162:1200:65acaef042b4:2022,162:1200:65acaef042b4,162,2022,1200,과학기술,과학기술연구개발,기초연구진흥,3,3,FUND;GENERAL_ACCOUNT;SPECIAL_ACCOUNT,"[""162:2022:과학기술:과학기술연구개발:1200:FUND"", ""162:2022:과학기술:과학기술연구개발:1200:GENERAL_ACCOUNT"", ""162:2022:과학기술:과학기술연구개발:1200:SPECIAL_ACCOUNT""]",True,True,True,False,RESOLVED_BY_FIELD_SECTOR,False,2121809000000,2121809000000,2120894000000,0,2,2,ALL_COMPARABLE_AT_OR_ABOVE_TARGET,COMPLETE_REPORTED_RATE_COVERAGE,False,False,,False,False,False,,,False,False,False,False,False,,UNKNOWN_TYPE,CONFIRMED_STRUCTURED,STRUCTURED_CONTEXT_INVENTORY,NO_CONFIRMED_CONTEXT_TAG,DISPLAY_ONLY_NO_GRADE_CHANGE,0.0,0.0,1.0,"[{""candidate_id"": ""162:2022:과학기술:과학기술연구개발:1200:FUND"", ""account_type"": ""FUND"", ""review_grade"": ""C"", ""diagnostic_type"": ""CONTEXT_OR_SINGLE_SIGNAL_REVIEW"", ""execution_rate"": 1.0}, {""candidate_id"": ""162:2022:과학기술:과학기술연구개발:1200:GENERAL_ACCOUNT"", ""account_type"": ""GENERAL_ACCOUNT"", ""review_grade"": ""C"", ""diagnostic_type"": ""CONTEXT_OR_SINGLE_SIGNAL_REVIEW"", ""execution_rate"": 0.999559275728664}, {""candidate_id"": ""162:2022:과학기술:과학기술연구개발:1200:SPECIAL_ACCOUNT"", ""account_type"": ""SPECIAL_ACCOUNT"", ""review_grade"": ""C"", ""diagnostic_type"": ""CONTEXT_OR_SINGLE_SIGNAL_REVIEW"", ""execution_rate"": 1.0}]",LIMITED,False,PROGRAM_YEAR_REVIEW,0.9995687642007363,0.0,0.0,False,False,False,False,LEFT_CENSORED_OR_FIRST_OBSERVATION,,False,False,False,0,False,True,0,0,0.0,2022,2024,3,EXACT_METADATA_DISAMBIGUATION,D,REVIEWABLE,NONE,NO_STRUCTURED_SIGNAL_DETECTED,NONE,NONE,structure_context,True,NOT_APPLICABLE,NO_STRUCTURED_SIGNAL_DETECTED,현재 구조화 신호가 없다는 판단의 입력 범위가 충분한가?,LIMITED,4,0,0,51,51
162:5100:2022,162:5100,162,2022,5100,통신,우정,우정서비스,1,1,SPECIAL_ACCOUNT,"[""162:2022:통신:우정:5100:SPECIAL_ACCOUNT""]",False,False,False,False,BASE_KEY_UNIQUE,False,1890567000000,1964435362090,1928228254580,0,2,2,ALL_COMPARABLE_AT_OR_ABOVE_TARGET,COMPLETE_REPORTED_RATE_COVERAGE,False,False,,False,True,True,0.0487520410543503,0.0352338742821597,False,False,False,False,False,,UNKNOWN_TYPE,CONFIRMED_STRUCTURED,STRUCTURED_CONTEXT_INVENTORY,NO_CONFIRMED_CONTEXT_TAG,NO_GRADE_CHANGE,0.0,0.0,0.0,"[{""candidate_id"": ""162:2022:통신:우정:5100:SPECIAL_ACCOUNT"", ""account_type"": ""SPECIAL_ACCOUNT"", ""review_grade"": ""D"", ""diagnostic_type"": ""NO_STRUCTURED_SIGNAL_DETECTED"", ""execution_rate"": 0.981568694898936}]",LIMITED,False,PROGRAM_YEAR_REVIEW,0.981568694898936,0.0,0.0,False,False,False,False,LEFT_CENSORED_OR_FIRST_OBSERVATION,,False,False,False,0,False,False,0,0,0.0,2022,2024,3,EXACT_PROGRAM_KEY,D,REVIEWABLE,NONE,NO_STRUCTURED_SIGNAL_DETECTED,NONE,NONE,NONE,False,NOT_APPLICABLE,NO_STRUCTURED_SIGNAL_DETECTED,현재 구조화 신호가 없다는 판단의 입력 범위가 충분한가?,LIMITED,4,0,0,52,52
162:2600:2022,162:2600,162,2022,2600,통신,정보통신,인공지능데이터 진흥,3,3,FUND;GENERAL_ACCOUNT;SPECIAL_ACCOUNT,"[""162:2022:통신:정보통신:2600:FUND"", ""162:2022:통신:정보통신:2600:GENERAL_ACCOUNT"", ""162:2022:통신:정보통신:2600:SPECIAL_ACCOUNT""]",False,False,False,False,BASE_KEY_UNIQUE,False,1200511000000,1211250200000,1211250200000,0,2,2,ALL_COMPARABLE_AT_OR_ABOVE_TARGET,COMPLETE_REPORTED_RATE_COVERAGE,False,False,,False,False,False,,,False,False,False,False,False,,UNKNOWN_TYPE,CONFIRMED_STRUCTURED,STRUCTURED_CONTEXT_INVENTORY,NO_CONFIRMED_CONTEXT_TAG,NO_GRADE_CHANGE,0.0,0.0,0.0,"[{""candidate_id"": ""162:2022:통신:정보통신:2600:FUND"", ""account_type"": ""FUND"", ""review_grade"": ""D"", ""diagnostic_type"": ""NO_STRUCTURED_SIGNAL_DETECTED"", ""execution_rate"": 1.0}, {""candidate_id"": ""162:2022:통신:정보통신:2600:GENERAL_ACCOUNT"", ""account_type"": ""GENERAL_ACCOUNT"", ""review_grade"": ""D"", ""diagnostic_type"": ""NO_STRUCTURED_SIGNAL_DETECTED"", ""execution_rate"": 1.0}, {""candidate_id"": ""162:2022:통신:정보통신:2600:SPECIAL_ACCOUNT"", ""account_type"": ""SPECIAL_ACCOUNT"", ""review_grade"": ""D"", ""diagnostic_type"": ""NO_STRUCTURED_SIGNAL_DETECTED"", ""execution_rate"": 1.0}]",LIMITED,False,PROGRAM_YEAR_REVIEW,1.0,0.0,0.0,False,False,False,False,LEFT_CENSORED_OR_FIRST_OBSERVATION,,False,False,False,0,False,False,0,0,0.0,2022,2024,3,EXACT_PROGRAM_KEY,D,REVIEWABLE,NONE,NO_STRUCTURED_SIGNAL_DETECTED,NONE,NONE,NONE,False,NOT_APPLICABLE,NO_STRUCTURED_SIGNAL_DETECTED,현재 구조화 신호가 없다는 판단의 입력 범위가 충분한가?,LIMITED,4,0,0,53,53
019:1400:2022,019:1400,019,2022,1400,사회복지,고용,장애인고용증진,1,1,FUND,"[""019:2022:사회복지:고용:1400:FUND""]",False,False,False,False,BASE_KEY_UNIQUE,False,697413000000,697413000000,693356427440,0,2,2,ALL_COMPARABLE_AT_OR_ABOVE_TARGET,COMPLETE_REPORTED_RATE_COVERAGE,False,False,,False,True,True,0.1377390441531775,0.2244079189805753,False,False,False,False,False,,UNKNOWN_TYPE,CONFIRMED_STRUCTURED,STRUCTURED_CONTEXT_INVENTORY,NO_CONFIRMED_CONTEXT_TAG,NO_GRADE_CHANGE,0.0,0.0,0.0,"[{""candidate_id"": ""019:2022:사회복지:고용:1400:FUND"", ""account_type"": ""FUND"", ""review_grade"": ""D"", ""diagnostic_type"": ""NO_STRUCTURED_SIGNAL_DETECTED"", ""execution_rate"": 0.9941833998505908}]",LIMITED,False,PROGRAM_YEAR_REVIEW,0.9941833998505907,0.0,0.0,False,False,False,False,LEFT_CENSORED_OR_FIRST_OBSERVATION,,False,False,False,0,False,False,0,0,0.0,2022,2024,3,EXACT_PROGRAM_KEY,D,REVIEWABLE,NONE,NO_STRUCTURED_SIGNAL_DETECTED,NONE,NONE,NONE,False,NOT_APPLICABLE,NO_STRUCTURED_SIGNAL_DETECTED,현재 구조화 신호가 없다는 판단의 입력 범위가 충분한가?,LIMITED,4,0,0,54,54
075:2600:2022,075:2600,075,2022,2600,사회복지,사회복지일반,사회복지기반조성,2,2,GENERAL_ACCOUNT;SPECIAL_ACCOUNT,"[""075:2022:사회복지:사회복지일반:2600:GENERAL_ACCOUNT"", ""075:2022:사회복지:사회복지일반:2600:SPECIAL_ACCOUNT""]",False,False,False,False,BASE_KEY_UNIQUE,False,576831000000,594649043390,567744709010,0,2,2,ALL_COMPARABLE_AT_OR_ABOVE_TARGET,COMPLETE_REPORTED_RATE_COVERAGE,False,False,,False,False,False,,,False,False,False,False,False,,UNKNOWN_TYPE,CONFIRMED_STRUCTURED,STRUCTURED_CONTEXT_INVENTORY,NO_CONFIRMED_CONTEXT_TAG,NO_GRADE_CHANGE,0.0,0.0,0.0,"[{""candidate_id"": ""075:2022:사회복지:사회복지일반:2600:GENERAL_ACCOUNT"", ""account_type"": ""GENERAL_ACCOUNT"", ""review_grade"": ""D"", ""diagnostic_type"": ""NO_STRUCTURED_SIGNAL_DETECTED"", ""execution_rate"": 0.9300497597768737}, {""candidate_id"": ""075:2022:사회복지:사회복지일반:2600:SPECIAL_ACCOUNT"", ""account_type"": ""SPECIAL_ACCOUNT"", ""review_grade"": ""D"", ""diagnostic_type"": ""NO_STRUCTURED_SIGNAL_DETECTED"", ""execution_rate"": 1.0}]",LIMITED,False,PROGRAM_YEAR_REVIEW,0.9547559444027309,0.0,0.0,False,False,False,False,LEFT_CENSORED_OR_FIRST_OBSERVATION,,False,False,False,0,False,False,0,0,0.0,2022,2024,3,EXACT_PROGRAM_KEY,D,REVIEWABLE,NONE,NO_STRUCTURED_SIGNAL_DETECTED,NONE,NONE,NONE,False,NOT_APPLICABLE,NO_STRUCTURED_SIGNAL_DETECTED,현재 구조화 신호가 없다는 판단의 입력 범위가 충분한가?,LIMITED,4,0,0,55,55
162:2200:948fe92e436a:2022,162:2200:948fe92e436a,162,2022,2200,통신,정보통신,SW산업진흥,2,2,FUND;GENERAL_ACCOUNT,"[""162:2022:통신:정보통신:2200:FUND"", ""162:2022:통신:정보통신:2200:GENERAL_ACCOUNT""]",True,True,True,False,RESOLVED_BY_FIELD_SECTOR,False,518398000000,518398000000,518398000000,0,2,2,ALL_COMPARABLE_AT_OR_ABOVE_TARGET,COMPLETE_REPORTED_RATE_COVERAGE,False,False,,False,False,False,,,False,False,False,False,False,,UNKNOWN_TYPE,CONFIRMED_STRUCTURED,STRUCTURED_CONTEXT_INVENTORY,NO_CONFIRMED_CONTEXT_TAG,NO_GRADE_CHANGE,0.0,0.0,0.0,"[{""candidate_id"": ""162:2022:통신:정보통신:2200:FUND"", ""account_type"": ""FUND"", ""review_grade"": ""D"", ""diagnostic_type"": ""NO_STRUCTURED_SIGNAL_DETECTED"", ""execution_rate"": 1.0}, {""candidate_id"": ""162:2022:통신:정보통신:2200:GENERAL_ACCOUNT"", ""account_type"": ""GENERAL_ACCOUNT"", ""review_grade"": ""D"", ""diagnostic_type"": ""NO_STRUCTURED_SIGNAL_DETECTED"", ""execution_rate"": 1.0}]",LIMITED,False,PROGRAM_YEAR_REVIEW,1.0,0.0,0.0,False,False,False,False,LEFT_CENSORED_OR_FIRST_OBSERVATION,,False,False,False,0,False,False,0,0,0.0,2022,2024,3,EXACT_METADATA_DISAMBIGUATION,D,REVIEWABLE,NONE,NO_STRUCTURED_SIGNAL_DETECTED,NONE,NONE,NONE,False,NOT_APPLICABLE,NO_STRUCTURED_SIGNAL_DETECTED,현재 구조화 신호가 없다는 판단의 입력 범위가 충분한가?,LIMITED,4,0,0,56,56
162:1300:2022,162:1300,162,2022,1300,과학기술,과학기술연구개발,우주개발진흥,2,2,FUND;GENERAL_ACCOUNT,"[""162:2022:과학기술:과학기술연구개발:1300:FUND"", ""162:2022:과학기술:과학기술연구개발:1300:GENERAL_ACCOUNT""]",False,False,False,False,BASE_KEY_UNIQUE,False,395890000000,395890000000,395890000000,0,2,2,ALL_COMPARABLE_AT_OR_ABOVE_TARGET,COMPLETE_REPORTED_RATE_COVERAGE,False,False,,False,False,False,,,False,False,False,False,False,,UNKNOWN_TYPE,CONFIRMED_STRUCTURED,STRUCTURED_CONTEXT_INVENTORY,NO_CONFIRMED_CONTEXT_TAG,NO_GRADE_CHANGE,0.0,0.0,0.0,"[{""candidate_id"": ""162:2022:과학기술:과학기술연구개발:1300:FUND"", ""account_type"": ""FUND"", ""review_grade"": ""D"", ""diagnostic_type"": ""NO_STRUCTURED_SIGNAL_DETECTED"", ""execution_rate"": 1.0}, {""candidate_id"": ""162:2022:과학기술:과학기술연구개발:1300:GENERAL_ACCOUNT"", ""account_type"": ""GENERAL_ACCOUNT"", ""review_grade"": ""D"", ""diagnostic_type"": ""NO_STRUCTURED_SIGNAL_DETECTED"", ""execution_rate"": 1.0}]",LIMITED,False,PROGRAM_YEAR_REVIEW,1.0,0.0,0.0,False,False,False,False,LEFT_CENSORED_OR_FIRST_OBSERVATION,,False,False,False,0,False,False,0,0,0.0,2022,2024,3,EXACT_PROGRAM_KEY,D,REVIEWABLE,NONE,NO_STRUCTURED_SIGNAL_DETECTED,NONE,NONE,NONE,False,NOT_APPLICABLE,NO_STRUCTURED_SIGNAL_DETECTED,현재 구조화 신호가 없다는 판단의 입력 범위가 충분한가?,LIMITED,4,0,0,57,57
162:1400:65acaef042b4:2022,162:1400:65acaef042b4,162,2022,1400,과학기술,과학기술연구개발,원자력 진흥,3,3,FUND;GENERAL_ACCOUNT;SPECIAL_ACCOUNT,"[""162:2022:과학기술:과학기술연구개발:1400:FUND"", ""162:2022:과학기술:과학기술연구개발:1400:GENERAL_ACCOUNT"", ""162:2022:과학기술:과학기술연구개발:1400:SPECIAL_ACCOUNT""]",True,True,True,False,RESOLVED_BY_FIELD_SECTOR,False,297379000000,304227800000,303757800000,0,1,1,ALL_COMPARABLE_AT_OR_ABOVE_TARGET,COMPLETE_REPORTED_RATE_COVERAGE,False,False,,False,False,False,,,False,False,False,False,False,,UNKNOWN_TYPE,CONFIRMED_STRUCTURED,STRUCTURED_CONTEXT_INVENTORY,NO_CONFIRMED_CONTEXT_TAG,NO_GRADE_CHANGE,0.0,0.0,0.0,"[{""candidate_id"": ""162:2022:과학기술:과학기술연구개발:1400:FUND"", ""account_type"": ""FUND"", ""review_grade"": ""D"", ""diagnostic_type"": ""NO_STRUCTURED_SIGNAL_DETECTED"", ""execution_rate"": 1.0}, {""candidate_id"": ""162:2022:과학기술:과학기술연구개발:1400:GENERAL_ACCOUNT"", ""account_type"": ""GENERAL_ACCOUNT"", ""review_grade"": ""D"", ""diagnostic_type"": ""NO_STRUCTURED_SIGNAL_DETECTED"", ""execution_rate"": 0.9922294783830702}, {""candidate_id"": ""162:2022:과학기술:과학기술연구개발:1400:SPECIAL_ACCOUNT"", ""account_type"": ""SPECIAL_ACCOUNT"", ""review_grade"": ""D"", ""diagnostic_type"": ""NO_STRUCTURED_SIGNAL_DETECTED"", ""execution_rate"": 1.0}]",LIMITED,False,PROGRAM_YEAR_REVIEW,0.9984551050232753,0.0,0.0,False,False,False,False,LEFT_CENSORED_OR_FIRST_OBSERVATION,,False,False,False,0,False,False,0,0,0.0,2022,2023,2,EXACT_METADATA_DISAMBIGUATION,D,REVIEWABLE,NONE,NO_STRUCTURED_SIGNAL_DETECTED,NONE,NONE,NONE,False,NOT_APPLICABLE,NO_STRUCTURED_SIGNAL_DETECTED,현재 구조화 신호가 없다는 판단의 입력 범위가 충분한가?,LIMITED,4,0,0,58,58
162:2000:2022,162:2000,162,2022,2000,통신,정보통신,인터넷융합산업,3,3,FUND;GENERAL_ACCOUNT;SPECIAL_ACCOUNT,"[""162:2022:통신:정보통신:2000:FUND"", ""162:2022:통신:정보통신:2000:GENERAL_ACCOUNT"", ""162:2022:통신:정보통신:2000:SPECIAL_ACCOUNT""]",False,False,False,False,BASE_KEY_UNIQUE,False,273603000000,273603000000,273603000000,0,2,2,ALL_COMPARABLE_AT_OR_ABOVE_TARGET,COMPLETE_REPORTED_RATE_COVERAGE,False,False,,False,False,False,,,False,False,False,False,False,,UNKNOWN_TYPE,CONFIRMED_STRUCTURED,STRUCTURED_CONTEXT_INVENTORY,NO_CONFIRMED_CONTEXT_TAG,NO_GRADE_CHANGE,0.0,0.0,0.0,"[{""candidate_id"": ""162:2022:통신:정보통신:2000:FUND"", ""account_type"": ""FUND"", ""review_grade"": ""D"", ""diagnostic_type"": ""NO_STRUCTURED_SIGNAL_DETECTED"", ""execution_rate"": 1.0}, {""candidate_id"": ""162:2022:통신:정보통신:2000:GENERAL_ACCOUNT"", ""account_type"": ""GENERAL_ACCOUNT"", ""review_grade"": ""D"", ""diagnostic_type"": ""NO_STRUCTURED_SIGNAL_DETECTED"", ""execution_rate"": 1.0}, {""candidate_id"": ""162:2022:통신:정보통신:2000:SPECIAL_ACCOUNT"", ""account_type"": ""SPECIAL_ACCOUNT"", ""review_grade"": ""D"", ""diagnostic_type"": ""NO_STRUCTURED_SIGNAL_DETECTED"", ""execution_rate"": 1.0}]",LIMITED,False,PROGRAM_YEAR_REVIEW,1.0,0.0,0.0,False,False,False,False,LEFT_CENSORED_OR_FIRST_OBSERVATION,,False,False,False,0,False,False,0,0,0.0,2022,2024,3,EXACT_PROGRAM_KEY,D,REVIEWABLE,NONE,NO_STRUCTURED_SIGNAL_DETECTED,NONE,NONE,NONE,False,NOT_APPLICABLE,NO_STRUCTURED_SIGNAL_DETECTED,현재 구조화 신호가 없다는 판단의 입력 범위가 충분한가?,LIMITED,4,0,0,59,59
162:2300:948fe92e436a:2022,162:2300:948fe92e436a,162,2022,2300,통신,정보통신,정보보호및활용,2,2,FUND;GENERAL_ACCOUNT,"[""162:2022:통신:정보통신:2300:FUND"", ""162:2022:통신:정보통신:2300:GENERAL_ACCOUNT""]",True,True,True,False,RESOLVED_BY_FIELD_SECTOR,False,219360000000,219360000000,219360000000,0,2,2,ALL_COMPARABLE_AT_OR_ABOVE_TARGET,COMPLETE_REPORTED_RATE_COVERAGE,False,False,,False,False,False,,,False,False,False,False,False,,UNKNOWN_TYPE,CONFIRMED_STRUCTURED,STRUCTURED_CONTEXT_INVENTORY,NO_CONFIRMED_CONTEXT_TAG,NO_GRADE_CHANGE,0.0,0.0,0.0,"[{""candidate_id"": ""162:2022:통신:정보통신:2300:FUND"", ""account_type"": ""FUND"", ""review_grade"": ""D"", ""diagnostic_type"": ""NO_STRUCTURED_SIGNAL_DETECTED"", ""execution_rate"": 1.0}, {""candidate_id"": ""162:2022:통신:정보통신:2300:GENERAL_ACCOUNT"", ""account_type"": ""GENERAL_ACCOUNT"", ""review_grade"": ""D"", ""diagnostic_type"": ""NO_STRUCTURED_SIGNAL_DETECTED"", ""execution_rate"": 1.0}]",LIMITED,False,PROGRAM_YEAR_REVIEW,1.0,0.0,0.0,False,False,False,False,LEFT_CENSORED_OR_FIRST_OBSERVATION,,False,False,False,0,False,False,0,0,0.0,2022,2024,3,EXACT_METADATA_DISAMBIGUATION,D,REVIEWABLE,NONE,NO_STRUCTURED_SIGNAL_DETECTED,NONE,NONE,NONE,False,NOT_APPLICABLE,NO_STRUCTURED_SIGNAL_DETECTED,현재 구조화 신호가 없다는 판단의 입력 범위가 충분한가?,LIMITED,4,0,0,60,60
162:1900:2022,162:1900,162,2022,1900,일반·지방행정,정부자원관리,국가사회정보화,1,1,GENERAL_ACCOUNT,"[""162:2022:일반·지방행정:정부자원관리:1900:GENERAL_ACCOUNT""]",False,False,False,False,BASE_KEY_UNIQUE,False,193957000000,193957000000,192480732210,0,2,2,ALL_COMPARABLE_AT_OR_ABOVE_TARGET,COMPLETE_REPORTED_RATE_COVERAGE,False,False,,False,True,False,0.0444222172955861,,False,False,False,False,False,,UNKNOWN_TYPE,CONFIRMED_STRUCTURED,STRUCTURED_CONTEXT_INVENTORY,NO_CONFIRMED_CONTEXT_TAG,NO_GRADE_CHANGE,0.0,0.0,0.0,"[{""candidate_id"": ""162:2022:일반·지방행정:정부자원관리:1900:GENERAL_ACCOUNT"", ""account_type"": ""GENERAL_ACCOUNT"", ""review_grade"": ""D"", ""diagnostic_type"": ""NO_STRUCTURED_SIGNAL_DETECTED"", ""execution_rate"": 0.9923886851724868}]",LIMITED,False,PROGRAM_YEAR_REVIEW,0.9923886851724867,0.0,0.0,False,False,False,False,LEFT_CENSORED_OR_FIRST_OBSERVATION,,False,False,False,0,False,False,0,0,0.0,2022,2024,3,EXACT_PROGRAM_KEY,D,REVIEWABLE,NONE,NO_STRUCTURED_SIGNAL_DETECTED,NONE,NONE,NONE,False,NOT_APPLICABLE,NO_STRUCTURED_SIGNAL_DETECTED,현재 구조화 신호가 없다는 판단의 입력 범위가 충분한가?,LIMITED,4,0,0,61,61
162:2200:19a8de84a7ec:2022,162:2200:19a8de84a7ec,162,2022,2200,교육,고등교육,과학기술인력 양성,1,1,GENERAL_ACCOUNT,"[""162:2022:교육:고등교육:2200:GENERAL_ACCOUNT""]",True,True,True,False,RESOLVED_BY_FIELD_SECTOR,False,188472000000,188472000000,188210693730,0,2,2,ALL_COMPARABLE_AT_OR_ABOVE_TARGET,COMPLETE_REPORTED_RATE_COVERAGE,False,False,,False,True,True,0.013673118553419,-0.0019366271913069,False,False,False,True,False,,UNKNOWN_TYPE,CONFIRMED_STRUCTURED,STRUCTURED_CONTEXT_INVENTORY,NO_CONFIRMED_CONTEXT_TAG,NO_GRADE_CHANGE,0.0,0.0,0.0,"[{""candidate_id"": ""162:2022:교육:고등교육:2200:GENERAL_ACCOUNT"", ""account_type"": ""GENERAL_ACCOUNT"", ""review_grade"": ""D"", ""diagnostic_type"": ""NO_STRUCTURED_SIGNAL_DETECTED"", ""execution_rate"": 0.9986135538966}]",LIMITED,False,PROGRAM_YEAR_REVIEW,0.9986135538966,0.0,0.0,False,False,False,False,LEFT_CENSORED_OR_FIRST_OBSERVATION,,False,False,False,0,False,False,0,0,0.0,2022,2024,3,EXACT_METADATA_DISAMBIGUATION,D,REVIEWABLE,NONE,NO_STRUCTURED_SIGNAL_DETECTED,NONE,NONE,NONE,False,NOT_APPLICABLE,NO_STRUCTURED_SIGNAL_DETECTED,현재 구조화 신호가 없다는 판단의 입력 범위가 충분한가?,LIMITED,4,0,0,62,62
162:1700:2022,162:1700,162,2022,1700,과학기술,과학기술인력및문화,과학기술인력 양성,3,3,FUND;GENERAL_ACCOUNT;SPECIAL_ACCOUNT,"[""162:2022:과학기술:과학기술인력및문화:1700:FUND"", ""162:2022:과학기술:과학기술인력및문화:1700:GENERAL_ACCOUNT"", ""162:2022:과학기술:과학기술인력및문화:1700:SPECIAL_ACCOUNT""]",False,False,False,False,BASE_KEY_UNIQUE,False,161120000000,161120000000,161120000000,0,2,2,ALL_COMPARABLE_AT_OR_ABOVE_TARGET,COMPLETE_REPORTED_RATE_COVERAGE,False,False,,False,False,False,,,False,False,False,False,False,,UNKNOWN_TYPE,CONFIRMED_STRUCTURED,STRUCTURED_CONTEXT_INVENTORY,NO_CONFIRMED_CONTEXT_TAG,NO_GRADE_CHANGE,0.0,0.0,0.0,"[{""candidate_id"": ""162:2022:과학기술:과학기술인력및문화:1700:FUND"", ""account_type"": ""FUND"", ""review_grade"": ""D"", ""diagnostic_type"": ""NO_STRUCTURED_SIGNAL_DETECTED"", ""execution_rate"": 1.0}, {""candidate_id"": ""162:2022:과학기술:과학기술인력및문화:1700:GENERAL_ACCOUNT"", ""account_type"": ""GENERAL_ACCOUNT"", ""review_grade"": ""D"", ""diagnostic_type"": ""NO_STRUCTURED_SIGNAL_DETECTED"", ""execution_rate"": 1.0}, {""candidate_id"": ""162:2022:과학기술:과학기술인력및문화:1700:SPECIAL_ACCOUNT"", ""account_type"": ""SPECIAL_ACCOUNT"", ""review_grade"": ""D"", ""diagnostic_type"": ""NO_STRUCTURED_SIGNAL_DETECTED"", ""execution_rate"": 1.0}]",LIMITED,False,PROGRAM_YEAR_REVIEW,1.0,0.0,0.0,False,False,False,False,LEFT_CENSORED_OR_FIRST_OBSERVATION,,False,False,False,0,False,False,0,0,0.0,2022,2024,3,EXACT_PROGRAM_KEY,D,REVIEWABLE,NONE,NO_STRUCTURED_SIGNAL_DETECTED,NONE,NONE,NONE,False,NOT_APPLICABLE,NO_STRUCTURED_SIGNAL_DETECTED,현재 구조화 신호가 없다는 판단의 입력 범위가 충분한가?,LIMITED,4,0,0,63,63
102:4800:2022,102:4800,102,2022,4800,산업·중소기업및에너지,중소기업및소상공인육성,중소기업육성지원,2,2,FUND;GENERAL_ACCOUNT,"[""102:2022:산업·중소기업및에너지:중소기업및소상공인육성:4800:FUND"", ""102:2022:산업·중소기업및에너지:중소기업및소상공인육성:4800:GENERAL_ACCOUNT""]",False,False,False,False,BASE_KEY_UNIQUE,False,146862000000,146862000000,146510742415,0,3,3,ALL_COMPARABLE_AT_OR_ABOVE_TARGET,COMPLETE_REPORTED_RATE_COVERAGE,False,False,,False,False,False,,,False,False,False,False,False,,UNKNOWN_TYPE,CONFIRMED_STRUCTURED,STRUCTURED_CONTEXT_INVENTORY,NO_CONFIRMED_CONTEXT_TAG,NO_GRADE_CHANGE,0.0,0.0,0.0,"[{""candidate_id"": ""102:2022:산업·중소기업및에너지:중소기업및소상공인육성:4800:FUND"", ""account_type"": ""FUND"", ""review_grade"": ""D"", ""diagnostic_type"": ""NO_STRUCTURED_SIGNAL_DETECTED"", ""execution_rate"": 0.9718054117946112}, {""candidate_id"": ""102:2022:산업·중소기업및에너지:중소기업및소상공인육성:4800:GENERAL_ACCOUNT"", ""account_type"": ""GENERAL_ACCOUNT"", ""review_grade"": ""D"", ""diagnostic_type"": ""NO_STRUCTURED_SIGNAL_DETECTED"", ""execution_rate"": 0.9979585297629318}]",LIMITED,False,PROGRAM_YEAR_REVIEW,0.9976082473001866,0.0,0.0,False,False,False,False,LEFT_CENSORED_OR_FIRST_OBSERVATION,,False,False,False,0,False,False,0,0,0.0,2022,2023,2,EXACT_PROGRAM_KEY,D,REVIEWABLE,NONE,NO_STRUCTURED_SIGNAL_DETECTED,NONE,NONE,NONE,False,NOT_APPLICABLE,NO_STRUCTURED_SIGNAL_DETECTED,현재 구조화 신호가 없다는 판단의 입력 범위가 충분한가?,LIMITED,4,0,0,64,64
102:4200:2022,102:4200,102,2022,4200,산업·중소기업및에너지,중소기업및소상공인육성,동반성장지원,1,1,GENERAL_ACCOUNT,"[""102:2022:산업·중소기업및에너지:중소기업및소상공인육성:4200:GENERAL_ACCOUNT""]",False,False,False,False,BASE_KEY_UNIQUE,False,143052000000,1443052000000,1443031746800,0,2,2,ALL_COMPARABLE_AT_OR_ABOVE_TARGET,COMPLETE_REPORTED_RATE_COVERAGE,False,False,,False,True,True,-0.724393926684003,-0.7506361323155216,False,False,True,True,False,,UNKNOWN_TYPE,CONFIRMED_STRUCTURED,STRUCTURED_CONTEXT_INVENTORY,NO_CONFIRMED_CONTEXT_TAG,DISPLAY_ONLY_NO_GRADE_CHANGE,0.0,0.0,1.0,"[{""candidate_id"": ""102:2022:산업·중소기업및에너지:중소기업및소상공인육성:4200:GENERAL_ACCOUNT"", ""account_type"": ""GENERAL_ACCOUNT"", ""review_grade"": ""C"", ""diagnostic_type"": ""CONTEXT_OR_SINGLE_SIGNAL_REVIEW"", ""execution_rate"": 0.9999859650241294}]",LIMITED,False,PROGRAM_YEAR_REVIEW,0.9999859650241294,0.0,0.0,False,False,False,False,LEFT_CENSORED_OR_FIRST_OBSERVATION,,False,False,False,0,False,True,0,0,0.0,2022,2024,3,EXACT_PROGRAM_KEY,D,REVIEWABLE,NONE,NO_STRUCTURED_SIGNAL_DETECTED,NONE,NONE,structure_context,True,NOT_APPLICABLE,NO_STRUCTURED_SIGNAL_DETECTED,현재 구조화 신호가 없다는 판단의 입력 범위가 충분한가?,LIMITED,4,0,0,65,65
162:1800:2022,162:1800,162,2022,1800,과학기술,과학기술인력및문화,과학문화창달,2,2,FUND;GENERAL_ACCOUNT,"[""162:2022:과학기술:과학기술인력및문화:1800:FUND"", ""162:2022:과학기술:과학기술인력및문화:1800:GENERAL_ACCOUNT""]",False,False,False,False,BASE_KEY_UNIQUE,False,137836000000,138871824000,135433299480,0,2,2,ALL_COMPARABLE_AT_OR_ABOVE_TARGET,COMPLETE_REPORTED_RATE_COVERAGE,False,False,,False,False,False,,,False,False,False,False,False,,UNKNOWN_TYPE,CONFIRMED_STRUCTURED,STRUCTURED_CONTEXT_INVENTORY,NO_CONFIRMED_CONTEXT_TAG,NO_GRADE_CHANGE,0.0,0.0,0.0,"[{""candidate_id"": ""162:2022:과학기술:과학기술인력및문화:1800:FUND"", ""account_type"": ""FUND"", ""review_grade"": ""D"", ""diagnostic_type"": ""NO_STRUCTURED_SIGNAL_DETECTED"", ""execution_rate"": 1.0}, {""candidate_id"": ""162:2022:과학기술:과학기술인력및문화:1800:GENERAL_ACCOUNT"", ""account_type"": ""GENERAL_ACCOUNT"", ""review_grade"": ""D"", ""diagnostic_type"": ""NO_STRUCTURED_SIGNAL_DETECTED"", ""execution_rate"": 0.9489506138234785}]",LIMITED,False,PROGRAM_YEAR_REVIEW,0.9752395812126727,0.0,0.0,False,False,False,False,LEFT_CENSORED_OR_FIRST_OBSERVATION,,False,False,False,0,False,False,0,0,0.0,2022,2024,3,EXACT_PROGRAM_KEY,D,REVIEWABLE,NONE,NO_STRUCTURED_SIGNAL_DETECTED,NONE,NONE,NONE,False,NOT_APPLICABLE,NO_STRUCTURED_SIGNAL_DETECTED,현재 구조화 신호가 없다는 판단의 입력 범위가 충분한가?,LIMITED,4,0,0,66,66
075:4300:2022,075:4300,075,2022,4300,보건,보건의료,보건의료서비스지원,1,1,GENERAL_ACCOUNT,"[""075:2022:보건:보건의료:4300:GENERAL_ACCOUNT""]",False,False,False,False,BASE_KEY_UNIQUE,False,102947000000,103046775560,95848450330,0,2,2,ALL_COMPARABLE_AT_OR_ABOVE_TARGET,COMPLETE_REPORTED_RATE_COVERAGE,False,False,,False,True,True,0.0543677814797905,0.1926428162063974,False,False,False,False,False,,UNKNOWN_TYPE,CONFIRMED_STRUCTURED,STRUCTURED_CONTEXT_INVENTORY,NO_CONFIRMED_CONTEXT_TAG,NO_GRADE_CHANGE,0.0,0.0,0.0,"[{""candidate_id"": ""075:2022:보건:보건의료:4300:GENERAL_ACCOUNT"", ""account_type"": ""GENERAL_ACCOUNT"", ""review_grade"": ""D"", ""diagnostic_type"": ""NO_STRUCTURED_SIGNAL_DETECTED"", ""execution_rate"": 0.9301450706159292}]",LIMITED,False,PROGRAM_YEAR_REVIEW,0.9301450706159291,0.0,0.0,False,False,False,False,LEFT_CENSORED_OR_FIRST_OBSERVATION,,False,False,False,0,False,False,0,0,0.0,2022,2024,3,EXACT_PROGRAM_KEY,D,REVIEWABLE,NONE,NO_STRUCTURED_SIGNAL_DETECTED,NONE,NONE,NONE,False,NOT_APPLICABLE,NO_STRUCTURED_SIGNAL_DETECTED,현재 구조화 신호가 없다는 판단의 입력 범위가 충분한가?,LIMITED,4,0,0,67,67
162:2500:2022,162:2500,162,2022,2500,통신,방송통신,전파활용방송 서비스산업,2,2,FUND;GENERAL_ACCOUNT,"[""162:2022:통신:방송통신:2500:FUND"", ""162:2022:통신:방송통신:2500:GENERAL_ACCOUNT""]",False,False,False,False,BASE_KEY_UNIQUE,False,88258000000,88258000000,87605487630,0,2,2,ALL_COMPARABLE_AT_OR_ABOVE_TARGET,COMPLETE_REPORTED_RATE_COVERAGE,False,False,,False,False,False,,,False,False,False,False,False,,UNKNOWN_TYPE,CONFIRMED_STRUCTURED,STRUCTURED_CONTEXT_INVENTORY,NO_CONFIRMED_CONTEXT_TAG,NO_GRADE_CHANGE,0.0,0.0,0.0,"[{""candidate_id"": ""162:2022:통신:방송통신:2500:FUND"", ""account_type"": ""FUND"", ""review_grade"": ""D"", ""diagnostic_type"": ""NO_STRUCTURED_SIGNAL_DETECTED"", ""execution_rate"": 0.9957232081606632}, {""candidate_id"": ""162:2022:통신:방송통신:2500:GENERAL_ACCOUNT"", ""account_type"": ""GENERAL_ACCOUNT"", ""review_grade"": ""D"", ""diagnostic_type"": ""NO_STRUCTURED_SIGNAL_DETECTED"", ""execution_rate"": 0.9890476924010388}]",LIMITED,False,PROGRAM_YEAR_REVIEW,0.9926067623331596,0.0,0.0,False,False,False,False,LEFT_CENSORED_OR_FIRST_OBSERVATION,,False,False,False,0,False,False,0,0,0.0,2022,2024,3,EXACT_PROGRAM_KEY,D,REVIEWABLE,NONE,NO_STRUCTURED_SIGNAL_DETECTED,NONE,NONE,NONE,False,NOT_APPLICABLE,NO_STRUCTURED_SIGNAL_DETECTED,현재 구조화 신호가 없다는 판단의 입력 범위가 충분한가?,LIMITED,4,0,0,68,68
162:2400:2022,162:2400,162,2022,2400,통신,방송통신,통신정책지원,2,2,FUND;GENERAL_ACCOUNT,"[""162:2022:통신:방송통신:2400:FUND"", ""162:2022:통신:방송통신:2400:GENERAL_ACCOUNT""]",False,False,False,False,BASE_KEY_UNIQUE,False,76430000000,76430000000,76228656630,0,2,2,ALL_COMPARABLE_AT_OR_ABOVE_TARGET,COMPLETE_REPORTED_RATE_COVERAGE,False,False,,False,False,False,,,False,False,False,False,False,,UNKNOWN_TYPE,CONFIRMED_STRUCTURED,STRUCTURED_CONTEXT_INVENTORY,NO_CONFIRMED_CONTEXT_TAG,NO_GRADE_CHANGE,0.0,0.0,0.0,"[{""candidate_id"": ""162:2022:통신:방송통신:2400:FUND"", ""account_type"": ""FUND"", ""review_grade"": ""D"", ""diagnostic_type"": ""NO_STRUCTURED_SIGNAL_DETECTED"", ""execution_rate"": 0.9972728786401192}, {""candidate_id"": ""162:2022:통신:방송통신:2400:GENERAL_ACCOUNT"", ""account_type"": ""GENERAL_ACCOUNT"", ""review_grade"": ""D"", ""diagnostic_type"": ""NO_STRUCTURED_SIGNAL_DETECTED"", ""execution_rate"": 1.0}]",LIMITED,False,PROGRAM_YEAR_REVIEW,0.997365650006542,0.0,0.0,False,False,False,False,LEFT_CENSORED_OR_FIRST_OBSERVATION,,False,False,False,0,False,False,0,0,0.0,2022,2024,3,EXACT_PROGRAM_KEY,D,REVIEWABLE,NONE,NO_STRUCTURED_SIGNAL_DETECTED,NONE,NONE,NONE,False,NOT_APPLICABLE,NO_STRUCTURED_SIGNAL_DETECTED,현재 구조화 신호가 없다는 판단의 입력 범위가 충분한가?,LIMITED,4,0,0,69,69
162:1500:2022,162:1500,162,2022,1500,과학기술,과학기술연구개발,사회문제해결,1,1,GENERAL_ACCOUNT,"[""162:2022:과학기술:과학기술연구개발:1500:GENERAL_ACCOUNT""]",False,False,False,False,BASE_KEY_UNIQUE,False,59117000000,59117000000,59117000000,0,2,2,ALL_COMPARABLE_AT_OR_ABOVE_TARGET,COMPLETE_REPORTED_RATE_COVERAGE,False,False,,False,True,True,0.064482297816195,-0.6771825363262682,False,False,False,True,False,,UNKNOWN_TYPE,CONFIRMED_STRUCTURED,STRUCTURED_CONTEXT_INVENTORY,NO_CONFIRMED_CONTEXT_TAG,NO_GRADE_CHANGE,0.0,0.0,0.0,"[{""candidate_id"": ""162:2022:과학기술:과학기술연구개발:1500:GENERAL_ACCOUNT"", ""account_type"": ""GENERAL_ACCOUNT"", ""review_grade"": ""D"", ""diagnostic_type"": ""NO_STRUCTURED_SIGNAL_DETECTED"", ""execution_rate"": 1.0}]",LIMITED,False,PROGRAM_YEAR_REVIEW,1.0,0.0,0.0,False,False,False,False,LEFT_CENSORED_OR_FIRST_OBSERVATION,,False,False,False,0,False,False,0,0,0.0,2022,2024,3,EXACT_PROGRAM_KEY,D,REVIEWABLE,NONE,NO_STRUCTURED_SIGNAL_DETECTED,NONE,NONE,NONE,False,NOT_APPLICABLE,NO_STRUCTURED_SIGNAL_DETECTED,현재 구조화 신호가 없다는 판단의 입력 범위가 충분한가?,LIMITED,4,0,0,70,70
162:4700:2022,162:4700,162,2022,4700,과학기술,과학기술연구지원,과학기술국제 협력,1,1,GENERAL_ACCOUNT,"[""162:2022:과학기술:과학기술연구지원:4700:GENERAL_ACCOUNT""]",False,False,False,False,BASE_KEY_UNIQUE,False,54651000000,54651000000,54638175550,0,1,1,ALL_COMPARABLE_AT_OR_ABOVE_TARGET,COMPLETE_REPORTED_RATE_COVERAGE,False,False,,False,True,True,-0.0804742822638195,0.0144004684269272,False,False,True,False,False,,UNKNOWN_TYPE,CONFIRMED_STRUCTURED,STRUCTURED_CONTEXT_INVENTORY,NO_CONFIRMED_CONTEXT_TAG,NO_GRADE_CHANGE,0.0,0.0,0.0,"[{""candidate_id"": ""162:2022:과학기술:과학기술연구지원:4700:GENERAL_ACCOUNT"", ""account_type"": ""GENERAL_ACCOUNT"", ""review_grade"": ""D"", ""diagnostic_type"": ""NO_STRUCTURED_SIGNAL_DETECTED"", ""execution_rate"": 0.999765339152074}]",LIMITED,False,PROGRAM_YEAR_REVIEW,0.9997653391520741,0.0,0.0,False,False,False,False,LEFT_CENSORED_OR_FIRST_OBSERVATION,,False,False,False,0,False,False,0,0,0.0,2022,2024,3,EXACT_PROGRAM_KEY,D,REVIEWABLE,NONE,NO_STRUCTURED_SIGNAL_DETECTED,NONE,NONE,NONE,False,NOT_APPLICABLE,NO_STRUCTURED_SIGNAL_DETECTED,현재 구조화 신호가 없다는 판단의 입력 범위가 충분한가?,LIMITED,4,0,0,71,71
075:3200:2022,075:3200,075,2022,3200,보건,보건의료,한의학연구및정책개발,1,1,GENERAL_ACCOUNT,"[""075:2022:보건:보건의료:3200:GENERAL_ACCOUNT""]",False,False,False,False,BASE_KEY_UNIQUE,False,44161000000,43829531540,43733329540,0,3,3,ALL_COMPARABLE_AT_OR_ABOVE_TARGET,COMPLETE_REPORTED_RATE_COVERAGE,False,False,,False,True,True,0.1730939063879894,0.0984126265256674,False,False,False,False,False,,UNKNOWN_TYPE,CONFIRMED_STRUCTURED,STRUCTURED_CONTEXT_INVENTORY,NO_CONFIRMED_CONTEXT_TAG,NO_GRADE_CHANGE,0.0,0.0,0.0,"[{""candidate_id"": ""075:2022:보건:보건의료:3200:GENERAL_ACCOUNT"", ""account_type"": ""GENERAL_ACCOUNT"", ""review_grade"": ""D"", ""diagnostic_type"": ""NO_STRUCTURED_SIGNAL_DETECTED"", ""execution_rate"": 0.9978050871953262}]",LIMITED,False,PROGRAM_YEAR_REVIEW,0.9978050871953262,0.0,0.0,False,False,False,False,LEFT_CENSORED_OR_FIRST_OBSERVATION,,False,False,False,0,False,False,0,0,0.0,2022,2024,3,EXACT_PROGRAM_KEY,D,REVIEWABLE,NONE,NO_STRUCTURED_SIGNAL_DETECTED,NONE,NONE,NONE,False,NOT_APPLICABLE,NO_STRUCTURED_SIGNAL_DETECTED,현재 구조화 신호가 없다는 판단의 입력 범위가 충분한가?,LIMITED,4,0,0,72,72
162:4200:2022,162:4200,162,2022,4200,산업·중소기업및에너지,산업혁신지원,지역경제활성화,1,1,SPECIAL_ACCOUNT,"[""162:2022:산업·중소기업및에너지:산업혁신지원:4200:SPECIAL_ACCOUNT""]",False,False,False,False,BASE_KEY_UNIQUE,False,35544000000,35544000000,35544000000,0,2,2,ALL_COMPARABLE_AT_OR_ABOVE_TARGET,COMPLETE_REPORTED_RATE_COVERAGE,False,False,,False,True,True,-0.1836034211118613,0.29155413009228,False,False,True,False,False,,UNKNOWN_TYPE,CONFIRMED_STRUCTURED,STRUCTURED_CONTEXT_INVENTORY,NO_CONFIRMED_CONTEXT_TAG,NO_GRADE_CHANGE,0.0,0.0,0.0,"[{""candidate_id"": ""162:2022:산업·중소기업및에너지:산업혁신지원:4200:SPECIAL_ACCOUNT"", ""account_type"": ""SPECIAL_ACCOUNT"", ""review_grade"": ""D"", ""diagnostic_type"": ""NO_STRUCTURED_SIGNAL_DETECTED"", ""execution_rate"": 1.0}]",LIMITED,False,PROGRAM_YEAR_REVIEW,1.0,0.0,0.0,False,False,False,False,LEFT_CENSORED_OR_FIRST_OBSERVATION,,False,False,False,0,False,False,0,0,0.0,2022,2024,3,EXACT_PROGRAM_KEY,D,REVIEWABLE,NONE,NO_STRUCTURED_SIGNAL_DETECTED,NONE,NONE,NONE,False,NOT_APPLICABLE,NO_STRUCTURED_SIGNAL_DETECTED,현재 구조화 신호가 없다는 판단의 입력 범위가 충분한가?,LIMITED,4,0,0,73,73
075:1800:2022,075:1800,075,2022,1800,사회복지,취약계층지원,국립재활원,1,1,RESPONSIBLE_OPERATION_ACCOUNT,"[""075:2022:사회복지:취약계층지원:1800:RESPONSIBLE_OPERATION_ACCOUNT""]",False,False,False,False,BASE_KEY_UNIQUE,False,28671000000,32465223000,29430679720,0,2,2,ALL_COMPARABLE_AT_OR_ABOVE_TARGET,COMPLETE_REPORTED_RATE_COVERAGE,False,False,,False,True,True,0.073551912568306,0.0659380692167577,False,False,False,False,False,,UNKNOWN_TYPE,CONFIRMED_STRUCTURED,STRUCTURED_CONTEXT_INVENTORY,NO_CONFIRMED_CONTEXT_TAG,NO_GRADE_CHANGE,0.0,0.0,0.0,"[{""candidate_id"": ""075:2022:사회복지:취약계층지원:1800:RESPONSIBLE_OPERATION_ACCOUNT"", ""account_type"": ""RESPONSIBLE_OPERATION_ACCOUNT"", ""review_grade"": ""D"", ""diagnostic_type"": ""NO_STRUCTURED_SIGNAL_DETECTED"", ""execution_rate"": 0.9065294182639682}]",LIMITED,False,PROGRAM_YEAR_REVIEW,0.9065294182639682,0.0,0.0,False,False,False,False,LEFT_CENSORED_OR_FIRST_OBSERVATION,,False,False,False,0,False,False,0,0,0.0,2022,2024,3,EXACT_PROGRAM_KEY,D,REVIEWABLE,NONE,NO_STRUCTURED_SIGNAL_DETECTED,NONE,NONE,NONE,False,NOT_APPLICABLE,NO_STRUCTURED_SIGNAL_DETECTED,현재 구조화 신호가 없다는 판단의 입력 범위가 충분한가?,LIMITED,4,0,0,74,74
162:1600:599c8e014508:2022,162:1600:599c8e014508,162,2022,1600,문화및관광,문화예술,정보통신방송 기반조성,1,1,FUND,"[""162:2022:문화및관광:문화예술:1600:FUND""]",True,True,True,False,RESOLVED_BY_FIELD_SECTOR,False,17420000000,17420000000,17418771970,0,3,3,ALL_COMPARABLE_AT_OR_ABOVE_TARGET,COMPLETE_REPORTED_RATE_COVERAGE,False,False,,False,False,False,,,False,False,False,False,False,,UNKNOWN_TYPE,CONFIRMED_STRUCTURED,STRUCTURED_CONTEXT_INVENTORY,NO_CONFIRMED_CONTEXT_TAG,NO_GRADE_CHANGE,0.0,0.0,0.0,"[{""candidate_id"": ""162:2022:문화및관광:문화예술:1600:FUND"", ""account_type"": ""FUND"", ""review_grade"": ""D"", ""diagnostic_type"": ""NO_STRUCTURED_SIGNAL_DETECTED"", ""execution_rate"": 0.9999295045924224}]",LIMITED,False,PROGRAM_YEAR_REVIEW,0.9999295045924225,0.0,0.0,False,False,False,False,LEFT_CENSORED_OR_FIRST_OBSERVATION,,False,False,False,0,False,False,0,0,0.0,2022,2024,3,EXACT_METADATA_DISAMBIGUATION,D,REVIEWABLE,NONE,NO_STRUCTURED_SIGNAL_DETECTED,NONE,NONE,NONE,False,NOT_APPLICABLE,NO_STRUCTURED_SIGNAL_DETECTED,현재 구조화 신호가 없다는 판단의 입력 범위가 충분한가?,LIMITED,4,0,0,75,75
162:1200:599c8e014508:2022,162:1200:599c8e014508,162,2022,1200,문화및관광,문화예술,정보통신방송 국제협력,1,1,FUND,"[""162:2022:문화및관광:문화예술:1200:FUND""]",True,True,True,False,RESOLVED_BY_FIELD_SECTOR,False,14947000000,14947000000,14945199950,0,2,2,ALL_COMPARABLE_AT_OR_ABOVE_TARGET,COMPLETE_REPORTED_RATE_COVERAGE,False,False,,False,True,True,-0.200240851006891,0.0238843915166923,False,False,True,False,False,,UNKNOWN_TYPE,CONFIRMED_STRUCTURED,STRUCTURED_CONTEXT_INVENTORY,NO_CONFIRMED_CONTEXT_TAG,NO_GRADE_CHANGE,0.0,0.0,0.0,"[{""candidate_id"": ""162:2022:문화및관광:문화예술:1200:FUND"", ""account_type"": ""FUND"", ""review_grade"": ""D"", ""diagnostic_type"": ""NO_STRUCTURED_SIGNAL_DETECTED"", ""execution_rate"": 0.9998795711514016}]",LIMITED,False,PROGRAM_YEAR_REVIEW,0.9998795711514016,0.0,0.0,False,False,False,False,LEFT_CENSORED_OR_FIRST_OBSERVATION,,False,False,False,0,False,False,0,0,0.0,2022,2024,3,EXACT_METADATA_DISAMBIGUATION,D,REVIEWABLE,NONE,NO_STRUCTURED_SIGNAL_DETECTED,NONE,NONE,NONE,False,NOT_APPLICABLE,NO_STRUCTURED_SIGNAL_DETECTED,현재 구조화 신호가 없다는 판단의 입력 범위가 충분한가?,LIMITED,4,0,0,76,76
162:2300:f3d32026a540:2022,162:2300:f3d32026a540,162,2022,2300,과학기술,과학기술인력및문화,국립과천과학관 운영,1,1,RESPONSIBLE_OPERATION_ACCOUNT,"[""162:2022:과학기술:과학기술인력및문화:2300:RESPONSIBLE_OPERATION_ACCOUNT""]",True,True,True,False,RESOLVED_BY_FIELD_SECTOR,False,2940000000,2940000000,2782226930,0,3,3,ALL_COMPARABLE_AT_OR_ABOVE_TARGET,COMPLETE_REPORTED_RATE_COVERAGE,False,False,,False,True,True,-0.0405385840451715,-0.0244679310844071,False,False,True,True,False,,UNKNOWN_TYPE,CONFIRMED_STRUCTURED,STRUCTURED_CONTEXT_INVENTORY,NO_CONFIRMED_CONTEXT_TAG,DISPLAY_ONLY_NO_GRADE_CHANGE,0.0,0.0,1.0,"[{""candidate_id"": ""162:2022:과학기술:과학기술인력및문화:2300:RESPONSIBLE_OPERATION_ACCOUNT"", ""account_type"": ""RESPONSIBLE_OPERATION_ACCOUNT"", ""review_grade"": ""C"", ""diagnostic_type"": ""CONTEXT_OR_SINGLE_SIGNAL_REVIEW"", ""execution_rate"": 0.9463356904761904}]",LIMITED,False,PROGRAM_YEAR_REVIEW,0.9463356904761905,0.0,0.0,False,False,False,False,LEFT_CENSORED_OR_FIRST_OBSERVATION,,False,False,False,0,False,True,0,0,0.0,2022,2024,3,EXACT_METADATA_DISAMBIGUATION,D,REVIEWABLE,NONE,NO_STRUCTURED_SIGNAL_DETECTED,NONE,NONE,structure_context,True,NOT_APPLICABLE,NO_STRUCTURED_SIGNAL_DETECTED,현재 구조화 신호가 없다는 판단의 입력 범위가 충분한가?,LIMITED,4,0,0,77,77
162:3200:2022,162:3200,162,2022,3200,문화및관광,문화예술,이용자보호 및 공정경쟁,1,1,FUND,"[""162:2022:문화및관광:문화예술:3200:FUND""]",False,False,False,False,BASE_KEY_UNIQUE,False,1828000000,1828000000,1828000000,0,2,2,ALL_COMPARABLE_AT_OR_ABOVE_TARGET,COMPLETE_REPORTED_RATE_COVERAGE,False,False,,False,True,True,0.0,0.7576586433260394,False,False,False,False,False,,UNKNOWN_TYPE,CONFIRMED_STRUCTURED,STRUCTURED_CONTEXT_INVENTORY,NO_CONFIRMED_CONTEXT_TAG,NO_GRADE_CHANGE,0.0,0.0,0.0,"[{""candidate_id"": ""162:2022:문화및관광:문화예술:3200:FUND"", ""account_type"": ""FUND"", ""review_grade"": ""D"", ""diagnostic_type"": ""NO_STRUCTURED_SIGNAL_DETECTED"", ""execution_rate"": 1.0}]",LIMITED,False,PROGRAM_YEAR_REVIEW,1.0,0.0,0.0,False,False,False,False,LEFT_CENSORED_OR_FIRST_OBSERVATION,,False,False,False,0,False,False,0,0,0.0,2022,2024,3,EXACT_PROGRAM_KEY,D,REVIEWABLE,NONE,NO_STRUCTURED_SIGNAL_DETECTED,NONE,NONE,NONE,False,NOT_APPLICABLE,NO_STRUCTURED_SIGNAL_DETECTED,현재 구조화 신호가 없다는 판단의 입력 범위가 충분한가?,LIMITED,4,0,0,78,78
162:1400:599c8e014508:2022,162:1400:599c8e014508,162,2022,1400,문화및관광,문화예술,디지털방송전환 기반구축,1,1,FUND,"[""162:2022:문화및관광:문화예술:1400:FUND""]",True,True,True,False,RESOLVED_BY_FIELD_SECTOR,False,858000000,858000000,858000000,0,1,1,ALL_COMPARABLE_AT_OR_ABOVE_TARGET,COMPLETE_REPORTED_RATE_COVERAGE,False,False,,False,True,False,0.0,,False,False,False,False,False,,UNKNOWN_TYPE,CONFIRMED_STRUCTURED,STRUCTURED_CONTEXT_INVENTORY,NO_CONFIRMED_CONTEXT_TAG,NO_GRADE_CHANGE,0.0,0.0,0.0,"[{""candidate_id"": ""162:2022:문화및관광:문화예술:1400:FUND"", ""account_type"": ""FUND"", ""review_grade"": ""D"", ""diagnostic_type"": ""NO_STRUCTURED_SIGNAL_DETECTED"", ""execution_rate"": 1.0}]",LIMITED,False,PROGRAM_YEAR_REVIEW,1.0,0.0,0.0,False,False,False,False,LEFT_CENSORED_OR_FIRST_OBSERVATION,,False,False,False,0,False,False,0,0,0.0,2022,2023,2,EXACT_METADATA_DISAMBIGUATION,D,REVIEWABLE,NONE,NO_STRUCTURED_SIGNAL_DETECTED,NONE,NONE,NONE,False,NOT_APPLICABLE,NO_STRUCTURED_SIGNAL_DETECTED,현재 구조화 신호가 없다는 판단의 입력 범위가 충분한가?,LIMITED,4,0,0,79,79
102:4100:2023,102:4100,102,2023,4100,산업·중소기업및에너지,중소기업및소상공인육성,소상공인·전통시장지원,2,2,FUND;SPECIAL_ACCOUNT,"[""102:2023:산업·중소기업및에너지:중소기업및소상공인육성:4100:FUND"", ""102:2023:산업·중소기업및에너지:중소기업및소상공인육성:4100:SPECIAL_ACCOUNT""]",False,False,False,False,BASE_KEY_UNIQUE,False,3895274000000,3895809704420,3841523534380,2,0,2,ALL_COMPARABLE_BELOW_TARGET,COMPLETE_REPORTED_RATE_COVERAGE,False,False,,False,False,False,,,False,False,False,False,False,,UNKNOWN_TYPE,CONFIRMED_STRUCTURED,STRUCTURED_CONTEXT_INVENTORY,NO_CONFIRMED_CONTEXT_TAG,NO_GRADE_CHANGE,0.0,0.0,1.0,"[{""candidate_id"": ""102:2023:산업·중소기업및에너지:중소기업및소상공인육성:4100:FUND"", ""account_type"": ""FUND"", ""review_grade"": ""B"", ""diagnostic_type"": ""STRONG_OR_REPEATED_SINGLE_SIGNAL"", ""execution_rate"": 0.9860654975066134}, {""candidate_id"": ""102:2023:산업·중소기업및에너지:중소기업및소상공인육성:4100:SPECIAL_ACCOUNT"", ""account_type"": ""SPECIAL_ACCOUNT"", ""review_grade"": ""H"", ""diagnostic_type"": ""DATA_OR_COMPARABILITY_HOLD"", ""execution_rate"": null}]",DATA_BLOCKED,True,DATA_QUALITY_HOLD,0.9860654975066134,0.0,1.0,True,False,True,False,CONSECUTIVE_PRIOR_YEAR,-0.9173324578901106,False,True,False,0,False,True,0,0,0.0,2022,2024,3,EXACT_PROGRAM_KEY,H,HOLD,NOT_ASSESSED,DATA_OR_COMPARABILITY_HOLD,data_quality;reported_performance,data_quality;reported_performance,budget_decrease_context;structure_context,False,NOT_APPLICABLE,DATA_OR_COMPARABILITY_HOLD,프로그램 연결키·금액 단위·성과 비교가능성을 먼저 확정할 수 있는가?,BLOCKED,0,2,1,80,1
075:1300:2023,075:1300,075,2023,1300,사회복지,아동·보육,아동보호 및 복지 강화,2,2,GENERAL_ACCOUNT;SPECIAL_ACCOUNT,"[""075:2023:사회복지:아동·보육:1300:GENERAL_ACCOUNT"", ""075:2023:사회복지:아동·보육:1300:SPECIAL_ACCOUNT""]",False,False,False,False,BASE_KEY_UNIQUE,False,237208000000,237208000000,221286828860,2,0,2,ALL_COMPARABLE_BELOW_TARGET,COMPLETE_REPORTED_RATE_COVERAGE,False,False,,False,,False,,,,False,False,False,,program_total_feedback_complete_t1;program_total_budget_change_rate_t1;low_performance_budget_increase_t1;retrospective_feedback_data_quality_signal,UNKNOWN_TYPE,CONFIRMED_STRUCTURED,STRUCTURED_CONTEXT_INVENTORY,NO_CONFIRMED_CONTEXT_TAG,NO_GRADE_CHANGE,0.0,0.0,0.0,"[{""candidate_id"": ""075:2023:사회복지:아동·보육:1300:GENERAL_ACCOUNT"", ""account_type"": ""GENERAL_ACCOUNT"", ""review_grade"": ""B"", ""diagnostic_type"": ""STRONG_OR_REPEATED_SINGLE_SIGNAL"", ""execution_rate"": 0.9328809688543388}, {""candidate_id"": ""075:2023:사회복지:아동·보육:1300:SPECIAL_ACCOUNT"", ""account_type"": ""SPECIAL_ACCOUNT"", ""review_grade"": ""H"", ""diagnostic_type"": ""DATA_OR_COMPARABILITY_HOLD"", ""execution_rate"": null}]",DATA_BLOCKED,True,DATA_QUALITY_HOLD,0.9328809688543388,0.0,1.0,True,False,True,False,CONSECUTIVE_PRIOR_YEAR,-0.47677899069395024,False,True,False,0,False,False,0,0,0.0,2022,2024,3,EXACT_PROGRAM_KEY,H,HOLD,NOT_ASSESSED,DATA_OR_COMPARABILITY_HOLD,data_quality;reported_performance,data_quality;reported_performance,budget_decrease_context,False,NOT_APPLICABLE,DATA_OR_COMPARABILITY_HOLD,프로그램 연결키·금액 단위·성과 비교가능성을 먼저 확정할 수 있는가?,BLOCKED,0,2,1,81,2
162:7000:1f52662b0f4d:2023,162:7000:1f52662b0f4d,162,2023,7000,통신,방송통신,과학기술정보통신부운영지원,1,1,GENERAL_ACCOUNT,"[""162:2023:통신:방송통신:7000:GENERAL_ACCOUNT""]",True,True,False,True,SAME_CODE_NAME_MULTIPLE_FIELD_SECTOR,False,18942000000,19040000000,18688487280,0,3,3,ALL_COMPARABLE_AT_OR_ABOVE_TARGET,COMPLETE_REPORTED_RATE_COVERAGE,False,False,,False,True,False,0.070520978131057,,False,False,False,False,False,,UNKNOWN_TYPE,CONFIRMED_STRUCTURED,STRUCTURED_CONTEXT_INVENTORY,NO_CONFIRMED_CONTEXT_TAG,NO_GRADE_CHANGE,0.0,0.0,0.0,"[{""candidate_id"": ""162:2023:통신:방송통신:7000:GENERAL_ACCOUNT"", ""account_type"": ""GENERAL_ACCOUNT"", ""review_grade"": ""D"", ""diagnostic_type"": ""NO_STRUCTURED_SIGNAL_DETECTED"", ""execution_rate"": 0.9815381974789916}]",DATA_BLOCKED,True,DATA_QUALITY_HOLD,0.9815381974789916,0.0,0.0,False,False,False,True,CONSECUTIVE_PRIOR_YEAR,-0.08195608975912372,False,True,True,1,False,False,0,0,0.0,2022,2024,3,UNRESOLVED_IDENTITY_HOLD,H,HOLD,NOT_ASSESSED,DATA_OR_COMPARABILITY_HOLD,data_quality;budget_performance_mismatch,data_quality;budget_performance_mismatch,budget_decrease_context,False,NOT_APPLICABLE,DATA_OR_COMPARABILITY_HOLD,프로그램 연결키·금액 단위·성과 비교가능성을 먼저 확정할 수 있는가?,BLOCKED,0,2,0,82,3
162:5200:2023,162:5200,162,2023,5200,통신,우정,우체국예금,1,1,SPECIAL_ACCOUNT,"[""162:2023:통신:우정:5200:SPECIAL_ACCOUNT""]",False,False,False,False,BASE_KEY_UNIQUE,False,1438123000000,1941589141230,1901965344140,0,2,2,ALL_COMPARABLE_AT_OR_ABOVE_TARGET,COMPLETE_REPORTED_RATE_COVERAGE,False,False,,False,True,False,0.5705193505701529,,False,False,False,False,False,,UNKNOWN_TYPE,CONFIRMED_STRUCTURED,STRUCTURED_CONTEXT_INVENTORY,NO_CONFIRMED_CONTEXT_TAG,NO_GRADE_CHANGE,0.0,0.0,1.0,"[{""candidate_id"": ""162:2023:통신:우정:5200:SPECIAL_ACCOUNT"", ""account_type"": ""SPECIAL_ACCOUNT"", ""review_grade"": ""H"", ""diagnostic_type"": ""DATA_OR_COMPARABILITY_HOLD"", ""execution_rate"": 0.9795920793701502}]",DATA_BLOCKED,True,DATA_QUALITY_HOLD,0.9795920793701502,0.0,0.0,False,False,False,True,CONSECUTIVE_PRIOR_YEAR,0.27021684580374083,True,False,False,0,False,True,0,0,0.0,2022,2024,3,EXACT_PROGRAM_KEY,H,HOLD,NOT_ASSESSED,DATA_OR_COMPARABILITY_HOLD,data_quality,data_quality,budget_increase_context;structure_context,False,NOT_APPLICABLE,DATA_OR_COMPARABILITY_HOLD,프로그램 연결키·금액 단위·성과 비교가능성을 먼저 확정할 수 있는가?,BLOCKED,0,1,0,83,4
162:4600:bbc4586c11b9:2023,162:4600:bbc4586c11b9,162,2023,4600,과학기술,과학기술연구지원,공공연구성과활성화,2,2,GENERAL_ACCOUNT;SPECIAL_ACCOUNT,"[""162:2023:과학기술:과학기술연구지원:4600:GENERAL_ACCOUNT"", ""162:2023:과학기술:과학기술연구지원:4600:SPECIAL_ACCOUNT""]",True,True,False,True,SAME_CODE_NAME_MULTIPLE_FIELD_SECTOR,False,289485000000,289485000000,289484957760,0,2,2,ALL_COMPARABLE_AT_OR_ABOVE_TARGET,COMPLETE_REPORTED_RATE_COVERAGE,False,False,,False,False,False,,,False,False,False,False,False,,UNKNOWN_TYPE,CONFIRMED_STRUCTURED,STRUCTURED_CONTEXT_INVENTORY,NO_CONFIRMED_CONTEXT_TAG,NO_GRADE_CHANGE,0.0,0.0,0.0,"[{""candidate_id"": ""162:2023:과학기술:과학기술연구지원:4600:GENERAL_ACCOUNT"", ""account_type"": ""GENERAL_ACCOUNT"", ""review_grade"": ""C"", ""diagnostic_type"": ""CONTEXT_OR_SINGLE_SIGNAL_REVIEW"", ""execution_rate"": 0.9999996460710874}, {""candidate_id"": ""162:2023:과학기술:과학기술연구지원:4600:SPECIAL_ACCOUNT"", ""account_type"": ""SPECIAL_ACCOUNT"", ""review_grade"": ""D"", ""diagnostic_type"": ""NO_STRUCTURED_SIGNAL_DETECTED"", ""execution_rate"": 1.0}]",DATA_BLOCKED,True,DATA_QUALITY_HOLD,0.9999998540857039,0.0,0.0,False,False,False,True,CONSECUTIVE_PRIOR_YEAR,0.002212251511185981,True,False,False,0,False,False,0,0,0.0,2022,2024,3,UNRESOLVED_IDENTITY_HOLD,H,HOLD,NOT_ASSESSED,DATA_OR_COMPARABILITY_HOLD,data_quality,data_quality,budget_increase_context,False,NOT_APPLICABLE,DATA_OR_COMPARABILITY_HOLD,프로그램 연결키·금액 단위·성과 비교가능성을 먼저 확정할 수 있는가?,BLOCKED,0,1,0,84,5
162:4600:0f2696a0b660:2023,162:4600:0f2696a0b660,162,2023,4600,교육,평생·직업교육,공공연구성과활성화,1,1,SPECIAL_ACCOUNT,"[""162:2023:교육:평생·직업교육:4600:SPECIAL_ACCOUNT""]",True,True,False,True,SAME_CODE_NAME_MULTIPLE_FIELD_SECTOR,False,62520000000,62520000000,62520000000,0,3,3,ALL_COMPARABLE_AT_OR_ABOVE_TARGET,COMPLETE_REPORTED_RATE_COVERAGE,False,False,,False,True,False,-0.2425783749200256,,False,False,True,False,False,,UNKNOWN_TYPE,CONFIRMED_STRUCTURED,STRUCTURED_CONTEXT_INVENTORY,NO_CONFIRMED_CONTEXT_TAG,NO_GRADE_CHANGE,0.0,0.0,0.0,"[{""candidate_id"": ""162:2023:교육:평생·직업교육:4600:SPECIAL_ACCOUNT"", ""account_type"": ""SPECIAL_ACCOUNT"", ""review_grade"": ""D"", ""diagnostic_type"": ""NO_STRUCTURED_SIGNAL_DETECTED"", ""execution_rate"": 1.0}]",DATA_BLOCKED,True,DATA_QUALITY_HOLD,1.0,0.0,0.0,False,False,False,True,CONSECUTIVE_PRIOR_YEAR,0.3203522628877955,True,False,False,0,False,False,0,0,0.0,2022,2024,3,UNRESOLVED_IDENTITY_HOLD,H,HOLD,NOT_ASSESSED,DATA_OR_COMPARABILITY_HOLD,data_quality,data_quality,budget_increase_context,False,NOT_APPLICABLE,DATA_OR_COMPARABILITY_HOLD,프로그램 연결키·금액 단위·성과 비교가능성을 먼저 확정할 수 있는가?,BLOCKED,0,1,0,85,6
162:7000:09ff2da176e8:2023,162:7000:09ff2da176e8,162,2023,7000,교육,교육일반,과학기술정보통신부운영지원,1,1,GENERAL_ACCOUNT,"[""162:2023:교육:교육일반:7000:GENERAL_ACCOUNT""]",True,True,False,True,SAME_CODE_NAME_MULTIPLE_FIELD_SECTOR,False,3675000000,3675000000,3675000000,0,2,2,ALL_COMPARABLE_AT_OR_ABOVE_TARGET,COMPLETE_REPORTED_RATE_COVERAGE,False,False,,False,True,False,-0.0497959183673469,,False,False,True,False,False,,UNKNOWN_TYPE,CONFIRMED_STRUCTURED,STRUCTURED_CONTEXT_INVENTORY,NO_CONFIRMED_CONTEXT_TAG,NO_GRADE_CHANGE,0.0,0.0,0.0,"[{""candidate_id"": ""162:2023:교육:교육일반:7000:GENERAL_ACCOUNT"", ""account_type"": ""GENERAL_ACCOUNT"", ""review_grade"": ""D"", ""diagnostic_type"": ""NO_STRUCTURED_SIGNAL_DETECTED"", ""execution_rate"": 1.0}]",DATA_BLOCKED,True,DATA_QUALITY_HOLD,1.0,0.0,0.0,False,False,False,True,CONSECUTIVE_PRIOR_YEAR,0.04641230068337121,True,False,False,0,False,False,0,0,0.0,2022,2024,3,UNRESOLVED_IDENTITY_HOLD,H,HOLD,NOT_ASSESSED,DATA_OR_COMPARABILITY_HOLD,data_quality,data_quality,budget_increase_context,False,NOT_APPLICABLE,DATA_OR_COMPARABILITY_HOLD,프로그램 연결키·금액 단위·성과 비교가능성을 먼저 확정할 수 있는가?,BLOCKED,0,1,0,86,7
162:UNKNOWN_CONTINUITY:7bcc47bfd69b:2023,162:UNKNOWN_CONTINUITY:7bcc47bfd69b,162,2023,,,,탄소중립기반구축,1,1,NOT_AVAILABLE,"[""162:2023:NA:NA:탄소중립기반구축:NA""]",True,True,False,True,MISSING_PROGRAM_CODE_UNKNOWN_CONTINUITY,False,,,,0,2,2,ALL_COMPARABLE_AT_OR_ABOVE_TARGET,COMPLETE_REPORTED_RATE_COVERAGE,False,False,,False,False,False,,,False,False,False,False,False,,UNKNOWN_TYPE,CONFIRMED_STRUCTURED,STRUCTURED_CONTEXT_INVENTORY,NO_CONFIRMED_CONTEXT_TAG,NO_GRADE_CHANGE,,,,"[{""candidate_id"": ""162:2023:NA:NA:탄소중립기반구축:NA"", ""account_type"": ""NOT_AVAILABLE"", ""review_grade"": ""H"", ""diagnostic_type"": ""DATA_OR_COMPARABILITY_HOLD"", ""execution_rate"": null}]",DATA_BLOCKED,True,DATA_QUALITY_HOLD,,,0.0,False,False,False,False,UNKNOWN_CONTINUITY,,False,False,False,0,False,False,0,0,,2023,2023,1,UNKNOWN_CONTINUITY,H,HOLD,NOT_ASSESSED,DATA_OR_COMPARABILITY_HOLD,data_quality,data_quality,NONE,False,NOT_APPLICABLE,DATA_OR_COMPARABILITY_HOLD,프로그램 연결키·금액 단위·성과 비교가능성을 먼저 확정할 수 있는가?,BLOCKED,0,1,0,87,8
162:UNKNOWN_CONTINUITY:e524bf9d7764:2023,162:UNKNOWN_CONTINUITY:e524bf9d7764,162,2023,,,,평생직업교육 체제 구축,1,1,NOT_AVAILABLE,"[""162:2023:NA:NA:평생직업교육 체제 구축:NA""]",True,True,False,True,MISSING_PROGRAM_CODE_UNKNOWN_CONTINUITY,False,,,,0,0,0,NO_COMPARABLE_RATE,NO_COMPARABLE_REPORTED_RATE,False,False,,False,False,False,,,False,False,False,False,False,,UNKNOWN_TYPE,CONFIRMED_STRUCTURED,STRUCTURED_CONTEXT_INVENTORY,NO_CONFIRMED_CONTEXT_TAG,NO_GRADE_CHANGE,,,,"[{""candidate_id"": ""162:2023:NA:NA:평생직업교육 체제 구축:NA"", ""account_type"": ""NOT_AVAILABLE"", ""review_grade"": ""H"", ""diagnostic_type"": ""DATA_OR_COMPARABILITY_HOLD"", ""execution_rate"": null}]",DATA_BLOCKED,True,DATA_QUALITY_HOLD,,,,False,False,False,False,UNKNOWN_CONTINUITY,,False,False,False,0,False,False,0,0,,2023,2023,1,UNKNOWN_CONTINUITY,H,HOLD,NOT_ASSESSED,DATA_OR_COMPARABILITY_HOLD,data_quality,data_quality,NONE,False,NOT_APPLICABLE,DATA_OR_COMPARABILITY_HOLD,프로그램 연결키·금액 단위·성과 비교가능성을 먼저 확정할 수 있는가?,BLOCKED,0,1,0,88,9
162:1600:bbc4586c11b9:2023,162:1600:bbc4586c11b9,162,2023,1600,과학기술,과학기술연구지원,과학기술기반조성,1,1,GENERAL_ACCOUNT,"[""162:2023:과학기술:과학기술연구지원:1600:GENERAL_ACCOUNT""]",True,True,True,False,RESOLVED_BY_FIELD_SECTOR,False,63956000000,73397645630,43636907590,1,1,2,MIXED_COMPARABLE,COMPLETE_REPORTED_RATE_COVERAGE,False,False,,False,True,False,-0.3172962661830008,,False,False,False,False,False,,UNKNOWN_TYPE,CONFIRMED_STRUCTURED,STRUCTURED_CONTEXT_INVENTORY,NO_CONFIRMED_CONTEXT_TAG,NO_GRADE_CHANGE,0.0,0.0,1.0,"[{""candidate_id"": ""162:2023:과학기술:과학기술연구지원:1600:GENERAL_ACCOUNT"", ""account_type"": ""GENERAL_ACCOUNT"", ""review_grade"": ""B"", ""diagnostic_type"": ""STRONG_OR_REPEATED_SINGLE_SIGNAL"", ""execution_rate"": 0.5945273477840844}]",CONFIRMED,False,PROGRAM_YEAR_REVIEW,0.5945273477840844,1.0,0.5,True,True,False,False,CONSECUTIVE_PRIOR_YEAR,0.1780221399495312,True,False,True,1,False,True,0,0,1.0,2022,2024,3,EXACT_METADATA_DISAMBIGUATION,A,REVIEWABLE,STRONG,REPEATED_LOW_EXECUTION_WITH_REPORTED_TARGET_MISS,execution;reported_performance;budget_performance_mismatch,execution;reported_performance;budget_performance_mismatch,budget_increase_context;structure_context,False,NOT_APPLICABLE,REPEATED_LOW_EXECUTION_WITH_REPORTED_TARGET_MISS,겹친 관측 사실이 같은 사업 범위에서 발생했는지 원문과 연도별 근거로 확인할 수 있는가?,STRONG,1,3,1,89,10
075:3700:2023,075:3700,075,2023,3700,보건,보건의료,국립정신건강센터,1,1,RESPONSIBLE_OPERATION_ACCOUNT,"[""075:2023:보건:보건의료:3700:RESPONSIBLE_OPERATION_ACCOUNT""]",False,False,False,False,BASE_KEY_UNIQUE,False,17756000000,18586271000,16332823000,1,1,2,MIXED_COMPARABLE,COMPLETE_REPORTED_RATE_COVERAGE,False,False,,False,True,False,0.0313824122538689,,True,False,False,False,False,,UNKNOWN_TYPE,CONFIRMED_STRUCTURED,STRUCTURED_CONTEXT_INVENTORY,NO_CONFIRMED_CONTEXT_TAG,NO_GRADE_CHANGE,0.0,0.0,1.0,"[{""candidate_id"": ""075:2023:보건:보건의료:3700:RESPONSIBLE_OPERATION_ACCOUNT"", ""account_type"": ""RESPONSIBLE_OPERATION_ACCOUNT"", ""review_grade"": ""A"", ""diagnostic_type"": ""REPEATED_REPORTED_TARGET_MISS_WITH_BUDGET_INCREASE"", ""execution_rate"": 0.8787573903339728}]",LIMITED,False,PROGRAM_YEAR_REVIEW,0.8787573903339728,0.5,0.5,True,False,True,False,CONSECUTIVE_PRIOR_YEAR,0.06158077245007765,True,False,True,1,False,True,0,0,0.5,2022,2024,3,EXACT_PROGRAM_KEY,A,REVIEWABLE,STRONG,REPEATED_REPORTED_TARGET_MISS_WITH_BUDGET_INCREASE,execution;reported_performance;budget_performance_mismatch,execution;reported_performance;budget_performance_mismatch,budget_increase_context;structure_context,False,NOT_APPLICABLE,REPEATED_REPORTED_TARGET_MISS_WITH_BUDGET_INCREASE,겹친 관측 사실이 같은 사업 범위에서 발생했는지 원문과 연도별 근거로 확인할 수 있는가?,LIMITED,1,3,1,90,11
075:3800:2023,075:3800,075,2023,3800,보건,보건의료,국립나주병원,1,1,RESPONSIBLE_OPERATION_ACCOUNT,"[""075:2023:보건:보건의료:3800:RESPONSIBLE_OPERATION_ACCOUNT""]",False,False,False,False,BASE_KEY_UNIQUE,False,7306000000,7475237100,6226960770,1,1,2,MIXED_COMPARABLE,COMPLETE_REPORTED_RATE_COVERAGE,False,False,,False,True,False,0.096951524237881,,True,False,False,False,False,,UNKNOWN_TYPE,CONFIRMED_STRUCTURED,STRUCTURED_CONTEXT_INVENTORY,NO_CONFIRMED_CONTEXT_TAG,NO_GRADE_CHANGE,0.0,0.0,1.0,"[{""candidate_id"": ""075:2023:보건:보건의료:3800:RESPONSIBLE_OPERATION_ACCOUNT"", ""account_type"": ""RESPONSIBLE_OPERATION_ACCOUNT"", ""review_grade"": ""A"", ""diagnostic_type"": ""REPEATED_LOW_EXECUTION_WITH_REPORTED_TARGET_MISS"", ""execution_rate"": 0.8330118077458707}]",CONFIRMED,False,PROGRAM_YEAR_REVIEW,0.8330118077458707,0.5,0.5,True,True,True,False,CONSECUTIVE_PRIOR_YEAR,0.015709717781176247,True,False,True,1,False,True,0,0,1.0,2022,2024,3,EXACT_PROGRAM_KEY,A,REVIEWABLE,STRONG,REPEATED_REPORTED_TARGET_MISS_WITH_BUDGET_INCREASE,execution;reported_performance;budget_performance_mismatch,execution;reported_performance;budget_performance_mismatch,budget_increase_context;structure_context,False,NOT_APPLICABLE,REPEATED_REPORTED_TARGET_MISS_WITH_BUDGET_INCREASE,겹친 관측 사실이 같은 사업 범위에서 발생했는지 원문과 연도별 근거로 확인할 수 있는가?,STRONG,1,3,2,91,12
075:4100:2023,075:4100,075,2023,4100,보건,보건의료,국립공주병원,1,1,RESPONSIBLE_OPERATION_ACCOUNT,"[""075:2023:보건:보건의료:4100:RESPONSIBLE_OPERATION_ACCOUNT""]",False,False,False,False,BASE_KEY_UNIQUE,False,5872000000,5894420000,5037847340,2,0,2,ALL_COMPARABLE_BELOW_TARGET,COMPLETE_REPORTED_RATE_COVERAGE,False,False,,False,True,False,0.0301412127684822,,True,False,False,False,False,,UNKNOWN_TYPE,CONFIRMED_STRUCTURED,STRUCTURED_CONTEXT_INVENTORY,NO_CONFIRMED_CONTEXT_TAG,NO_GRADE_CHANGE,0.0,0.0,1.0,"[{""candidate_id"": ""075:2023:보건:보건의료:4100:RESPONSIBLE_OPERATION_ACCOUNT"", ""account_type"": ""RESPONSIBLE_OPERATION_ACCOUNT"", ""review_grade"": ""A"", ""diagnostic_type"": ""REPEATED_LOW_EXECUTION_WITH_REPORTED_TARGET_MISS"", ""execution_rate"": 0.8546807556977616}]",CONFIRMED,False,PROGRAM_YEAR_REVIEW,0.8546807556977616,0.5,1.0,True,True,True,False,CONSECUTIVE_PRIOR_YEAR,0.04446816079686955,True,False,True,1,False,True,0,0,1.0,2022,2024,3,EXACT_PROGRAM_KEY,A,REVIEWABLE,STRONG,REPEATED_REPORTED_TARGET_MISS_WITH_BUDGET_INCREASE,execution;reported_performance;budget_performance_mismatch,execution;reported_performance;budget_performance_mismatch,budget_increase_context;structure_context,False,NOT_APPLICABLE,REPEATED_REPORTED_TARGET_MISS_WITH_BUDGET_INCREASE,겹친 관측 사실이 같은 사업 범위에서 발생했는지 원문과 연도별 근거로 확인할 수 있는가?,STRONG,1,3,2,92,13
075:4000:2023,075:4000,075,2023,4000,보건,보건의료,국립춘천병원,1,1,RESPONSIBLE_OPERATION_ACCOUNT,"[""075:2023:보건:보건의료:4000:RESPONSIBLE_OPERATION_ACCOUNT""]",False,False,False,False,BASE_KEY_UNIQUE,False,5694000000,5984102000,3373313630,1,0,1,ALL_COMPARABLE_BELOW_TARGET,PARTIAL_REPORTED_RATE_COVERAGE,False,False,,False,True,False,0.0857178952687764,,True,False,False,False,False,,UNKNOWN_TYPE,CONFIRMED_STRUCTURED,STRUCTURED_CONTEXT_INVENTORY,NO_CONFIRMED_CONTEXT_TAG,NO_GRADE_CHANGE,0.0,0.0,0.0,"[{""candidate_id"": ""075:2023:보건:보건의료:4000:RESPONSIBLE_OPERATION_ACCOUNT"", ""account_type"": ""RESPONSIBLE_OPERATION_ACCOUNT"", ""review_grade"": ""A"", ""diagnostic_type"": ""REPEATED_REPORTED_TARGET_MISS_WITH_BUDGET_INCREASE"", ""execution_rate"": 0.5637125887894291}]",CONFIRMED,False,PROGRAM_YEAR_REVIEW,0.5637125887894291,1.0,1.0,True,True,True,False,CONSECUTIVE_PRIOR_YEAR,0.06949661908339588,True,False,True,1,False,False,0,0,1.0,2022,2024,3,EXACT_PROGRAM_KEY,A,REVIEWABLE,STRONG,REPEATED_REPORTED_TARGET_MISS_WITH_BUDGET_INCREASE,execution;reported_performance;budget_performance_mismatch,execution;reported_performance;budget_performance_mismatch,budget_increase_context,False,NOT_APPLICABLE,REPEATED_REPORTED_TARGET_MISS_WITH_BUDGET_INCREASE,겹친 관측 사실이 같은 사업 범위에서 발생했는지 원문과 연도별 근거로 확인할 수 있는가?,LIMITED,1,3,2,93,14
075:4900:2023,075:4900,075,2023,4900,보건,건강보험,건강보험제도 운영,2,2,FUND;GENERAL_ACCOUNT,"[""075:2023:보건:건강보험:4900:FUND"", ""075:2023:보건:건강보험:4900:GENERAL_ACCOUNT""]",False,False,False,False,BASE_KEY_UNIQUE,False,12410199000000,12401600900000,12374244669910,1,1,2,MIXED_COMPARABLE,COMPLETE_REPORTED_RATE_COVERAGE,False,False,,False,False,False,,,False,False,False,False,False,,UNKNOWN_TYPE,CONFIRMED_STRUCTURED,STRUCTURED_CONTEXT_INVENTORY,NO_CONFIRMED_CONTEXT_TAG,NO_GRADE_CHANGE,0.0,0.0016464683604187156,1.0,"[{""candidate_id"": ""075:2023:보건:건강보험:4900:FUND"", ""account_type"": ""FUND"", ""review_grade"": ""B"", ""diagnostic_type"": ""STRONG_OR_REPEATED_SINGLE_SIGNAL"", ""execution_rate"": 1.0}, {""candidate_id"": ""075:2023:보건:건강보험:4900:GENERAL_ACCOUNT"", ""account_type"": ""GENERAL_ACCOUNT"", ""review_grade"": ""A"", ""diagnostic_type"": ""REPEATED_LOW_EXECUTION_WITH_REPORTED_TARGET_MISS"", ""execution_rate"": 0.9974145311700096}]",LIMITED,False,PROGRAM_YEAR_REVIEW,0.9977941371996578,0.0,0.5,True,False,True,False,CONSECUTIVE_PRIOR_YEAR,0.040758327463612076,True,False,True,1,True,True,0,0,0.0,2022,2024,3,EXACT_PROGRAM_KEY,A,REVIEWABLE,STRONG,REPEATED_REPORTED_TARGET_MISS_WITH_BUDGET_INCREASE,reported_performance;budget_performance_mismatch,reported_performance;budget_performance_mismatch,budget_increase_context;accounting_context;structure_context,False,NOT_APPLICABLE,REPEATED_REPORTED_TARGET_MISS_WITH_BUDGET_INCREASE,겹친 관측 사실이 같은 사업 범위에서 발생했는지 원문과 연도별 근거로 확인할 수 있는가?,LIMITED,1,2,1,94,15
102:5100:2023,102:5100,102,2023,5100,산업·중소기업및에너지,창업및벤처,창업환경조성,3,3,FUND;GENERAL_ACCOUNT;SPECIAL_ACCOUNT,"[""102:2023:산업·중소기업및에너지:창업및벤처:5100:FUND"", ""102:2023:산업·중소기업및에너지:창업및벤처:5100:GENERAL_ACCOUNT"", ""102:2023:산업·중소기업및에너지:창업및벤처:5100:SPECIAL_ACCOUNT""]",False,False,False,False,BASE_KEY_UNIQUE,False,3720052000000,3720052000000,3718777653692,1,2,3,MIXED_COMPARABLE,COMPLETE_REPORTED_RATE_COVERAGE,False,False,,False,False,False,,,False,False,False,False,False,,UNKNOWN_TYPE,CONFIRMED_STRUCTURED,STRUCTURED_CONTEXT_INVENTORY,NO_CONFIRMED_CONTEXT_TAG,NO_GRADE_CHANGE,0.0,0.0,0.0,"[{""candidate_id"": ""102:2023:산업·중소기업및에너지:창업및벤처:5100:FUND"", ""account_type"": ""FUND"", ""review_grade"": ""B"", ""diagnostic_type"": ""STRONG_OR_REPEATED_SINGLE_SIGNAL"", ""execution_rate"": 0.9996399561626538}, {""candidate_id"": ""102:2023:산업·중소기업및에너지:창업및벤처:5100:GENERAL_ACCOUNT"", ""account_type"": ""GENERAL_ACCOUNT"", ""review_grade"": ""B"", ""diagnostic_type"": ""STRONG_OR_REPEATED_SINGLE_SIGNAL"", ""execution_rate"": 0.9996549428244144}, {""candidate_id"": ""102:2023:산업·중소기업및에너지:창업및벤처:5100:SPECIAL_ACCOUNT"", ""account_type"": ""SPECIAL_ACCOUNT"", ""review_grade"": ""B"", ""diagnostic_type"": ""STRONG_OR_REPEATED_SINGLE_SIGNAL"", ""execution_rate"": 0.9999971546491868}]",LIMITED,False,PROGRAM_YEAR_REVIEW,0.999657438576665,0.0,0.3333333333333333,True,False,True,False,CONSECUTIVE_PRIOR_YEAR,0.028166958713593093,True,False,True,1,False,False,0,0,0.0,2022,2024,3,EXACT_PROGRAM_KEY,A,REVIEWABLE,STRONG,REPEATED_REPORTED_TARGET_MISS_WITH_BUDGET_INCREASE,reported_performance;budget_performance_mismatch,reported_performance;budget_performance_mismatch,budget_increase_context,False,NOT_APPLICABLE,REPEATED_REPORTED_TARGET_MISS_WITH_BUDGET_INCREASE,겹친 관측 사실이 같은 사업 범위에서 발생했는지 원문과 연도별 근거로 확인할 수 있는가?,LIMITED,1,2,1,95,16
019:1000:2023,019:1000,019,2023,1000,사회복지,고용,고용창출,3,3,FUND;GENERAL_ACCOUNT;SPECIAL_ACCOUNT,"[""019:2023:사회복지:고용:1000:FUND"", ""019:2023:사회복지:고용:1000:GENERAL_ACCOUNT"", ""019:2023:사회복지:고용:1000:SPECIAL_ACCOUNT""]",False,False,False,False,BASE_KEY_UNIQUE,False,3121643000000,3121723000000,2520423771960,1,3,4,MIXED_COMPARABLE,COMPLETE_REPORTED_RATE_COVERAGE,False,False,,False,False,False,,,False,False,False,False,False,,UNKNOWN_TYPE,CONFIRMED_STRUCTURED,STRUCTURED_CONTEXT_INVENTORY,NO_CONFIRMED_CONTEXT_TAG,NO_GRADE_CHANGE,0.0,0.12794288136087312,0.0,"[{""candidate_id"": ""019:2023:사회복지:고용:1000:FUND"", ""account_type"": ""FUND"", ""review_grade"": ""A"", ""diagnostic_type"": ""REPEATED_LOW_EXECUTION_WITH_REPORTED_TARGET_MISS"", ""execution_rate"": 0.6671103133508426}, {""candidate_id"": ""019:2023:사회복지:고용:1000:GENERAL_ACCOUNT"", ""account_type"": ""GENERAL_ACCOUNT"", ""review_grade"": ""A"", ""diagnostic_type"": ""REPEATED_LOW_EXECUTION_WITH_REPORTED_TARGET_MISS"", ""execution_rate"": 0.8486864822640175}, {""candidate_id"": ""019:2023:사회복지:고용:1000:SPECIAL_ACCOUNT"", ""account_type"": ""SPECIAL_ACCOUNT"", ""review_grade"": ""C"", ""diagnostic_type"": ""CONTEXT_OR_SINGLE_SIGNAL_REVIEW"", ""execution_rate"": 0.993257871455488}]",LIMITED,False,PROGRAM_YEAR_REVIEW,0.8073822603607046,0.5,0.25,True,True,False,False,CONSECUTIVE_PRIOR_YEAR,-0.414851975484705,False,True,False,0,True,False,0,0,1.0,2022,2024,3,EXACT_PROGRAM_KEY,A,REVIEWABLE,STRONG,REPEATED_LOW_EXECUTION_WITH_REPORTED_TARGET_MISS,execution;reported_performance,execution;reported_performance,budget_decrease_context;accounting_context,False,NOT_APPLICABLE,REPEATED_LOW_EXECUTION_WITH_REPORTED_TARGET_MISS,겹친 관측 사실이 같은 사업 범위에서 발생했는지 원문과 연도별 근거로 확인할 수 있는가?,LIMITED,1,2,1,96,17
019:1300:2023,019:1300,019,2023,1300,사회복지,고용,고용평등증진,3,3,FUND;GENERAL_ACCOUNT;SPECIAL_ACCOUNT,"[""019:2023:사회복지:고용:1300:FUND"", ""019:2023:사회복지:고용:1300:GENERAL_ACCOUNT"", ""019:2023:사회복지:고용:1300:SPECIAL_ACCOUNT""]",False,False,False,False,BASE_KEY_UNIQUE,False,2781304000000,2781304000000,2767340345310,1,3,4,MIXED_COMPARABLE,COMPLETE_REPORTED_RATE_COVERAGE,False,False,,False,False,False,,,False,False,False,False,False,,UNKNOWN_TYPE,CONFIRMED_STRUCTURED,STRUCTURED_CONTEXT_INVENTORY,NO_CONFIRMED_CONTEXT_TAG,NO_GRADE_CHANGE,0.0,0.0,1.0,"[{""candidate_id"": ""019:2023:사회복지:고용:1300:FUND"", ""account_type"": ""FUND"", ""review_grade"": ""A"", ""diagnostic_type"": ""REPEATED_REPORTED_TARGET_MISS_WITH_BUDGET_INCREASE"", ""execution_rate"": 0.9949263713436024}, {""candidate_id"": ""019:2023:사회복지:고용:1300:GENERAL_ACCOUNT"", ""account_type"": ""GENERAL_ACCOUNT"", ""review_grade"": ""B"", ""diagnostic_type"": ""STRONG_OR_REPEATED_SINGLE_SIGNAL"", ""execution_rate"": 0.99564912999281}, {""candidate_id"": ""019:2023:사회복지:고용:1300:SPECIAL_ACCOUNT"", ""account_type"": ""SPECIAL_ACCOUNT"", ""review_grade"": ""B"", ""diagnostic_type"": ""STRONG_OR_REPEATED_SINGLE_SIGNAL"", ""execution_rate"": 0.999537904732254}]",LIMITED,False,PROGRAM_YEAR_REVIEW,0.9949794575889582,0.0,0.25,True,False,True,False,CONSECUTIVE_PRIOR_YEAR,0.08252483677301958,True,False,True,1,False,True,0,0,0.0,2022,2024,3,EXACT_PROGRAM_KEY,A,REVIEWABLE,STRONG,REPEATED_REPORTED_TARGET_MISS_WITH_BUDGET_INCREASE,reported_performance;budget_performance_mismatch,reported_performance;budget_performance_mismatch,budget_increase_context;structure_context,False,NOT_APPLICABLE,REPEATED_REPORTED_TARGET_MISS_WITH_BUDGET_INCREASE,겹친 관측 사실이 같은 사업 범위에서 발생했는지 원문과 연도별 근거로 확인할 수 있는가?,LIMITED,1,2,1,97,18
019:4100:2023,019:4100,019,2023,4100,사회복지,노동,산업재해예방,3,3,FUND;GENERAL_ACCOUNT;SPECIAL_ACCOUNT,"[""019:2023:사회복지:노동:4100:FUND"", ""019:2023:사회복지:노동:4100:GENERAL_ACCOUNT"", ""019:2023:사회복지:노동:4100:SPECIAL_ACCOUNT""]",False,False,False,False,BASE_KEY_UNIQUE,False,1292459000000,1292459000000,1234581425060,1,2,3,MIXED_COMPARABLE,COMPLETE_REPORTED_RATE_COVERAGE,False,False,,False,False,False,,,False,False,False,False,False,,UNKNOWN_TYPE,CONFIRMED_STRUCTURED,STRUCTURED_CONTEXT_INVENTORY,NO_CONFIRMED_CONTEXT_TAG,NO_GRADE_CHANGE,0.0,0.000933878753600693,0.0,"[{""candidate_id"": ""019:2023:사회복지:노동:4100:FUND"", ""account_type"": ""FUND"", ""review_grade"": ""A"", ""diagnostic_type"": ""REPEATED_REPORTED_TARGET_MISS_WITH_BUDGET_INCREASE"", ""execution_rate"": 0.9519060765347068}, {""candidate_id"": ""019:2023:사회복지:노동:4100:GENERAL_ACCOUNT"", ""account_type"": ""GENERAL_ACCOUNT"", ""review_grade"": ""B"", ""diagnostic_type"": ""STRONG_OR_REPEATED_SINGLE_SIGNAL"", ""execution_rate"": 0.9518534931950744}, {""candidate_id"": ""019:2023:사회복지:노동:4100:SPECIAL_ACCOUNT"", ""account_type"": ""SPECIAL_ACCOUNT"", ""review_grade"": ""B"", ""diagnostic_type"": ""STRONG_OR_REPEATED_SINGLE_SIGNAL"", ""execution_rate"": 0.9999482240946012}]",LIMITED,False,PROGRAM_YEAR_REVIEW,0.9552190244023214,0.0,0.3333333333333333,True,False,True,False,CONSECUTIVE_PRIOR_YEAR,0.09241581580904734,True,False,True,1,True,False,0,0,0.0,2022,2024,3,EXACT_PROGRAM_KEY,A,REVIEWABLE,STRONG,REPEATED_REPORTED_TARGET_MISS_WITH_BUDGET_INCREASE,reported_performance;budget_performance_mismatch,reported_performance;budget_performance_mismatch,budget_increase_context;accounting_context,False,NOT_APPLICABLE,REPEATED_REPORTED_TARGET_MISS_WITH_BUDGET_INCREASE,겹친 관측 사실이 같은 사업 범위에서 발생했는지 원문과 연도별 근거로 확인할 수 있는가?,LIMITED,1,2,1,98,19
075:3300:2023,075:3300,075,2023,3300,보건,보건의료,국민건강생활실천,2,2,FUND;GENERAL_ACCOUNT,"[""075:2023:보건:보건의료:3300:FUND"", ""075:2023:보건:보건의료:3300:GENERAL_ACCOUNT""]",False,False,False,False,BASE_KEY_UNIQUE,False,557711000000,570518499260,559480378850,2,0,2,ALL_COMPARABLE_BELOW_TARGET,COMPLETE_REPORTED_RATE_COVERAGE,False,False,,False,False,False,,,False,False,False,False,False,,UNKNOWN_TYPE,CONFIRMED_STRUCTURED,STRUCTURED_CONTEXT_INVENTORY,NO_CONFIRMED_CONTEXT_TAG,NO_GRADE_CHANGE,0.0,0.17870007943182042,0.0,"[{""candidate_id"": ""075:2023:보건:보건의료:3300:FUND"", ""account_type"": ""FUND"", ""review_grade"": ""B"", ""diagnostic_type"": ""STRONG_OR_REPEATED_SINGLE_SIGNAL"", ""execution_rate"": 0.9976225678369476}, {""candidate_id"": ""075:2023:보건:보건의료:3300:GENERAL_ACCOUNT"", ""account_type"": ""GENERAL_ACCOUNT"", ""review_grade"": ""A"", ""diagnostic_type"": ""REPEATED_LOW_EXECUTION_WITH_REPORTED_TARGET_MISS"", ""execution_rate"": 0.945237901507734}]",LIMITED,False,PROGRAM_YEAR_REVIEW,0.9806524759068862,0.0,1.0,True,False,True,False,CONSECUTIVE_PRIOR_YEAR,0.0063134684922014905,True,False,True,1,True,False,0,0,0.0,2022,2024,3,EXACT_PROGRAM_KEY,A,REVIEWABLE,STRONG,REPEATED_REPORTED_TARGET_MISS_WITH_BUDGET_INCREASE,reported_performance;budget_performance_mismatch,reported_performance;budget_performance_mismatch,budget_increase_context;accounting_context,False,NOT_APPLICABLE,REPEATED_REPORTED_TARGET_MISS_WITH_BUDGET_INCREASE,겹친 관측 사실이 같은 사업 범위에서 발생했는지 원문과 연도별 근거로 확인할 수 있는가?,LIMITED,1,2,1,99,20
162:2200:f3d32026a540:2023,162:2200:f3d32026a540,162,2023,2200,과학기술,과학기술인력및문화,국립중앙과학관운영,1,1,RESPONSIBLE_OPERATION_ACCOUNT,"[""162:2023:과학기술:과학기술인력및문화:2200:RESPONSIBLE_OPERATION_ACCOUNT""]",True,True,True,False,RESOLVED_BY_FIELD_SECTOR,False,11718000000,11638000000,10521472420,1,2,3,MIXED_COMPARABLE,COMPLETE_REPORTED_RATE_COVERAGE,False,False,,False,True,False,0.0137894585115072,,True,False,False,False,False,,UNKNOWN_TYPE,CONFIRMED_STRUCTURED,STRUCTURED_CONTEXT_INVENTORY,NO_CONFIRMED_CONTEXT_TAG,NO_GRADE_CHANGE,0.0,0.0,0.0,"[{""candidate_id"": ""162:2023:과학기술:과학기술인력및문화:2200:RESPONSIBLE_OPERATION_ACCOUNT"", ""account_type"": ""RESPONSIBLE_OPERATION_ACCOUNT"", ""review_grade"": ""B"", ""diagnostic_type"": ""STRONG_OR_REPEATED_SINGLE_SIGNAL"", ""execution_rate"": 0.9040619023887266}]",LIMITED,False,PROGRAM_YEAR_REVIEW,0.9040619023887266,0.0,0.3333333333333333,True,False,True,False,CONSECUTIVE_PRIOR_YEAR,0.1637699870890854,True,False,True,1,False,False,0,0,0.0,2022,2024,3,EXACT_METADATA_DISAMBIGUATION,A,REVIEWABLE,STRONG,REPEATED_REPORTED_TARGET_MISS_WITH_BUDGET_INCREASE,reported_performance;budget_performance_mismatch,reported_performance;budget_performance_mismatch,budget_increase_context,False,NOT_APPLICABLE,REPEATED_REPORTED_TARGET_MISS_WITH_BUDGET_INCREASE,겹친 관측 사실이 같은 사업 범위에서 발생했는지 원문과 연도별 근거로 확인할 수 있는가?,LIMITED,1,2,1,100,21
019:1100:2023,019:1100,019,2023,1100,사회복지,고용,직업능력개발,3,3,FUND;GENERAL_ACCOUNT;SPECIAL_ACCOUNT,"[""019:2023:사회복지:고용:1100:FUND"", ""019:2023:사회복지:고용:1100:GENERAL_ACCOUNT"", ""019:2023:사회복지:고용:1100:SPECIAL_ACCOUNT""]",False,False,False,False,BASE_KEY_UNIQUE,False,3102251000000,3102555000000,2781626203910,3,0,3,ALL_COMPARABLE_BELOW_TARGET,COMPLETE_REPORTED_RATE_COVERAGE,False,False,,False,False,False,,,False,False,False,False,False,,UNKNOWN_TYPE,CONFIRMED_STRUCTURED,STRUCTURED_CONTEXT_INVENTORY,NO_CONFIRMED_CONTEXT_TAG,NO_GRADE_CHANGE,0.0,0.17597737900640534,0.0,"[{""candidate_id"": ""019:2023:사회복지:고용:1100:FUND"", ""account_type"": ""FUND"", ""review_grade"": ""B"", ""diagnostic_type"": ""STRONG_OR_REPEATED_SINGLE_SIGNAL"", ""execution_rate"": 0.8642071070521025}, {""candidate_id"": ""019:2023:사회복지:고용:1100:GENERAL_ACCOUNT"", ""account_type"": ""GENERAL_ACCOUNT"", ""review_grade"": ""C"", ""diagnostic_type"": ""CONTEXT_OR_SINGLE_SIGNAL_REVIEW"", ""execution_rate"": 0.9433592894571444}, {""candidate_id"": ""019:2023:사회복지:고용:1100:SPECIAL_ACCOUNT"", ""account_type"": ""SPECIAL_ACCOUNT"", ""review_grade"": ""C"", ""diagnostic_type"": ""CONTEXT_OR_SINGLE_SIGNAL_REVIEW"", ""execution_rate"": 0.9999817983848048}]",LIMITED,False,PROGRAM_YEAR_REVIEW,0.8965598366217521,0.5,1.0,True,False,False,False,CONSECUTIVE_PRIOR_YEAR,0.13446822173512052,True,False,True,1,True,False,0,0,0.5,2022,2024,3,EXACT_PROGRAM_KEY,B,REVIEWABLE,MODERATE,STRONG_OR_REPEATED_SINGLE_SIGNAL,execution;reported_performance;budget_performance_mismatch,execution;reported_performance;budget_performance_mismatch,budget_increase_context;accounting_context,False,NOT_APPLICABLE,STRONG_OR_REPEATED_SINGLE_SIGNAL,반복 또는 강한 단일 신호를 설명하는 공식 근거와 지표 변경이 있는가?,LIMITED,2,3,0,101,22
075:1800:2023,075:1800,075,2023,1800,사회복지,취약계층지원,국립재활원,1,1,RESPONSIBLE_OPERATION_ACCOUNT,"[""075:2023:사회복지:취약계층지원:1800:RESPONSIBLE_OPERATION_ACCOUNT""]",False,False,False,False,BASE_KEY_UNIQUE,False,32119000000,38485172160,33082827830,1,1,2,MIXED_COMPARABLE,COMPLETE_REPORTED_RATE_COVERAGE,False,False,,False,True,False,-0.0070921985815602,,False,False,False,False,False,,UNKNOWN_TYPE,CONFIRMED_STRUCTURED,STRUCTURED_CONTEXT_INVENTORY,NO_CONFIRMED_CONTEXT_TAG,NO_GRADE_CHANGE,0.0,0.0,0.0,"[{""candidate_id"": ""075:2023:사회복지:취약계층지원:1800:RESPONSIBLE_OPERATION_ACCOUNT"", ""account_type"": ""RESPONSIBLE_OPERATION_ACCOUNT"", ""review_grade"": ""A"", ""diagnostic_type"": ""REPEATED_LOW_EXECUTION_WITH_REPORTED_TARGET_MISS"", ""execution_rate"": 0.8596253043239602}]",LIMITED,False,PROGRAM_YEAR_REVIEW,0.8596253043239602,0.5,0.5,True,False,False,False,CONSECUTIVE_PRIOR_YEAR,0.12026089079557734,True,False,True,1,False,False,0,0,0.5,2022,2024,3,EXACT_PROGRAM_KEY,B,REVIEWABLE,MODERATE,STRONG_OR_REPEATED_SINGLE_SIGNAL,execution;reported_performance;budget_performance_mismatch,execution;reported_performance;budget_performance_mismatch,budget_increase_context,False,NOT_APPLICABLE,STRONG_OR_REPEATED_SINGLE_SIGNAL,반복 또는 강한 단일 신호를 설명하는 공식 근거와 지표 변경이 있는가?,LIMITED,2,3,0,102,23
019:1200:2023,019:1200,019,2023,1200,사회복지,고용,고용안전망확충,2,2,FUND;GENERAL_ACCOUNT,"[""019:2023:사회복지:고용:1200:FUND"", ""019:2023:사회복지:고용:1200:GENERAL_ACCOUNT""]",False,False,False,False,BASE_KEY_UNIQUE,False,14212898000000,14213059777500,13649239931960,1,2,3,MIXED_COMPARABLE,COMPLETE_REPORTED_RATE_COVERAGE,False,False,,False,False,False,,,False,False,False,False,False,,UNKNOWN_TYPE,CONFIRMED_STRUCTURED,STRUCTURED_CONTEXT_INVENTORY,NO_CONFIRMED_CONTEXT_TAG,NO_GRADE_CHANGE,0.0,0.0,1.0,"[{""candidate_id"": ""019:2023:사회복지:고용:1200:FUND"", ""account_type"": ""FUND"", ""review_grade"": ""B"", ""diagnostic_type"": ""STRONG_OR_REPEATED_SINGLE_SIGNAL"", ""execution_rate"": 0.9961172992207872}, {""candidate_id"": ""019:2023:사회복지:고용:1200:GENERAL_ACCOUNT"", ""account_type"": ""GENERAL_ACCOUNT"", ""review_grade"": ""A"", ""diagnostic_type"": ""REPEATED_LOW_EXECUTION_WITH_REPORTED_TARGET_MISS"", ""execution_rate"": 0.7790066723390657}]",LIMITED,False,PROGRAM_YEAR_REVIEW,0.9603308608866505,0.0,0.3333333333333333,True,False,True,False,CONSECUTIVE_PRIOR_YEAR,-0.035196603607004495,False,True,False,0,False,True,0,0,0.0,2022,2024,3,EXACT_PROGRAM_KEY,B,REVIEWABLE,MODERATE,STRONG_OR_REPEATED_SINGLE_SIGNAL,reported_performance,reported_performance,budget_decrease_context;structure_context,False,NOT_APPLICABLE,STRONG_OR_REPEATED_SINGLE_SIGNAL,반복 또는 강한 단일 신호를 설명하는 공식 근거와 지표 변경이 있는가?,LIMITED,2,1,1,103,24
075:2500:2023,075:2500,075,2023,2500,사회복지,아동·보육,저출산대응및인구정책지원,2,2,FUND;GENERAL_ACCOUNT,"[""075:2023:사회복지:아동·보육:2500:FUND"", ""075:2023:사회복지:아동·보육:2500:GENERAL_ACCOUNT""]",False,False,False,False,BASE_KEY_UNIQUE,False,2645207000000,2654162523810,2651292160610,2,0,2,ALL_COMPARABLE_BELOW_TARGET,COMPLETE_REPORTED_RATE_COVERAGE,False,False,,False,False,False,,,False,False,False,False,False,,UNKNOWN_TYPE,CONFIRMED_STRUCTURED,STRUCTURED_CONTEXT_INVENTORY,NO_CONFIRMED_CONTEXT_TAG,NO_GRADE_CHANGE,0.0,0.0,1.0,"[{""candidate_id"": ""075:2023:사회복지:아동·보육:2500:FUND"", ""account_type"": ""FUND"", ""review_grade"": ""A"", ""diagnostic_type"": ""REPEATED_LOW_EXECUTION_WITH_REPORTED_TARGET_MISS"", ""execution_rate"": 0.9041939802069728}, {""candidate_id"": ""075:2023:사회복지:아동·보육:2500:GENERAL_ACCOUNT"", ""account_type"": ""GENERAL_ACCOUNT"", ""review_grade"": ""A"", ""diagnostic_type"": ""REPEATED_LOW_EXECUTION_WITH_REPORTED_TARGET_MISS"", ""execution_rate"": 0.9996343375972334}]",LIMITED,False,PROGRAM_YEAR_REVIEW,0.9989185427892036,0.0,1.0,True,False,True,False,CONSECUTIVE_PRIOR_YEAR,-0.05705326002332767,False,True,False,0,False,True,0,0,0.0,2022,2024,3,EXACT_PROGRAM_KEY,B,REVIEWABLE,MODERATE,STRONG_OR_REPEATED_SINGLE_SIGNAL,reported_performance,reported_performance,budget_decrease_context;structure_context,False,NOT_APPLICABLE,STRONG_OR_REPEATED_SINGLE_SIGNAL,반복 또는 강한 단일 신호를 설명하는 공식 근거와 지표 변경이 있는가?,LIMITED,2,1,1,104,25
102:2100:2023,102:2100,102,2023,2100,산업·중소기업및에너지,중소기업및소상공인육성,중소기업기술개발지원,3,3,FUND;GENERAL_ACCOUNT;SPECIAL_ACCOUNT,"[""102:2023:산업·중소기업및에너지:중소기업및소상공인육성:2100:FUND"", ""102:2023:산업·중소기업및에너지:중소기업및소상공인육성:2100:GENERAL_ACCOUNT"", ""102:2023:산업·중소기업및에너지:중소기업및소상공인육성:2100:SPECIAL_ACCOUNT""]",False,False,False,False,BASE_KEY_UNIQUE,False,1762931000000,1762931000000,1762903651678,2,0,2,ALL_COMPARABLE_BELOW_TARGET,COMPLETE_REPORTED_RATE_COVERAGE,False,False,,False,False,False,,,False,False,False,False,False,,UNKNOWN_TYPE,CONFIRMED_STRUCTURED,STRUCTURED_CONTEXT_INVENTORY,NO_CONFIRMED_CONTEXT_TAG,NO_GRADE_CHANGE,0.0,0.0,0.0,"[{""candidate_id"": ""102:2023:산업·중소기업및에너지:중소기업및소상공인육성:2100:FUND"", ""account_type"": ""FUND"", ""review_grade"": ""B"", ""diagnostic_type"": ""STRONG_OR_REPEATED_SINGLE_SIGNAL"", ""execution_rate"": 0.997426235155096}, {""candidate_id"": ""102:2023:산업·중소기업및에너지:중소기업및소상공인육성:2100:GENERAL_ACCOUNT"", ""account_type"": ""GENERAL_ACCOUNT"", ""review_grade"": ""A"", ""diagnostic_type"": ""REPEATED_REPORTED_TARGET_MISS_WITH_BUDGET_INCREASE"", ""execution_rate"": 0.9999991818405246}, {""candidate_id"": ""102:2023:산업·중소기업및에너지:중소기업및소상공인육성:2100:SPECIAL_ACCOUNT"", ""account_type"": ""SPECIAL_ACCOUNT"", ""review_grade"": ""A"", ""diagnostic_type"": ""REPEATED_REPORTED_TARGET_MISS_WITH_BUDGET_INCREASE"", ""execution_rate"": 1.0}]",LIMITED,False,PROGRAM_YEAR_REVIEW,0.9999844870150902,0.0,1.0,True,False,True,False,CONSECUTIVE_PRIOR_YEAR,-0.07713177032528007,False,True,False,0,False,False,0,0,0.0,2022,2024,3,EXACT_PROGRAM_KEY,B,REVIEWABLE,MODERATE,STRONG_OR_REPEATED_SINGLE_SIGNAL,reported_performance,reported_performance,budget_decrease_context,False,NOT_APPLICABLE,STRONG_OR_REPEATED_SINGLE_SIGNAL,반복 또는 강한 단일 신호를 설명하는 공식 근거와 지표 변경이 있는가?,LIMITED,2,1,1,105,26
075:3000:2023,075:3000,075,2023,3000,보건,보건의료,보건산업육성,3,3,FUND;GENERAL_ACCOUNT;SPECIAL_ACCOUNT,"[""075:2023:보건:보건의료:3000:FUND"", ""075:2023:보건:보건의료:3000:GENERAL_ACCOUNT"", ""075:2023:보건:보건의료:3000:SPECIAL_ACCOUNT""]",False,False,False,False,BASE_KEY_UNIQUE,False,913722000000,920797390910,917028157100,1,1,2,MIXED_COMPARABLE,COMPLETE_REPORTED_RATE_COVERAGE,False,False,,False,False,False,,,False,False,False,False,False,,UNKNOWN_TYPE,CONFIRMED_STRUCTURED,STRUCTURED_CONTEXT_INVENTORY,NO_CONFIRMED_CONTEXT_TAG,NO_GRADE_CHANGE,0.0,0.06036409323623593,0.0,"[{""candidate_id"": ""075:2023:보건:보건의료:3000:FUND"", ""account_type"": ""FUND"", ""review_grade"": ""B"", ""diagnostic_type"": ""STRONG_OR_REPEATED_SINGLE_SIGNAL"", ""execution_rate"": 1.0}, {""candidate_id"": ""075:2023:보건:보건의료:3000:GENERAL_ACCOUNT"", ""account_type"": ""GENERAL_ACCOUNT"", ""review_grade"": ""B"", ""diagnostic_type"": ""STRONG_OR_REPEATED_SINGLE_SIGNAL"", ""execution_rate"": 0.9955178986935024}, {""candidate_id"": ""075:2023:보건:보건의료:3000:SPECIAL_ACCOUNT"", ""account_type"": ""SPECIAL_ACCOUNT"", ""review_grade"": ""B"", ""diagnostic_type"": ""STRONG_OR_REPEATED_SINGLE_SIGNAL"", ""execution_rate"": 1.0}]",LIMITED,False,PROGRAM_YEAR_REVIEW,0.9959065546370902,0.0,0.5,True,False,True,False,CONSECUTIVE_PRIOR_YEAR,-0.09241103244823112,False,True,False,0,True,False,0,0,0.0,2022,2024,3,EXACT_PROGRAM_KEY,B,REVIEWABLE,MODERATE,STRONG_OR_REPEATED_SINGLE_SIGNAL,reported_performance,reported_performance,budget_decrease_context;accounting_context,False,NOT_APPLICABLE,STRONG_OR_REPEATED_SINGLE_SIGNAL,반복 또는 강한 단일 신호를 설명하는 공식 근거와 지표 변경이 있는가?,LIMITED,2,1,1,106,27
102:5400:2023,102:5400,102,2023,5400,산업·중소기업및에너지,중소기업및소상공인육성,중소기업인력지원,2,2,FUND;GENERAL_ACCOUNT,"[""102:2023:산업·중소기업및에너지:중소기업및소상공인육성:5400:FUND"", ""102:2023:산업·중소기업및에너지:중소기업및소상공인육성:5400:GENERAL_ACCOUNT""]",False,False,False,False,BASE_KEY_UNIQUE,False,380945000000,383671833320,377909722756,1,1,2,MIXED_COMPARABLE,COMPLETE_REPORTED_RATE_COVERAGE,False,False,,False,False,False,,,False,False,False,False,False,,UNKNOWN_TYPE,CONFIRMED_STRUCTURED,STRUCTURED_CONTEXT_INVENTORY,NO_CONFIRMED_CONTEXT_TAG,NO_GRADE_CHANGE,0.0,0.0,0.0,"[{""candidate_id"": ""102:2023:산업·중소기업및에너지:중소기업및소상공인육성:5400:FUND"", ""account_type"": ""FUND"", ""review_grade"": ""B"", ""diagnostic_type"": ""STRONG_OR_REPEATED_SINGLE_SIGNAL"", ""execution_rate"": 0.9782971870294448}, {""candidate_id"": ""102:2023:산업·중소기업및에너지:중소기업및소상공인육성:5400:GENERAL_ACCOUNT"", ""account_type"": ""GENERAL_ACCOUNT"", ""review_grade"": ""B"", ""diagnostic_type"": ""STRONG_OR_REPEATED_SINGLE_SIGNAL"", ""execution_rate"": 0.9860685673790917}]",LIMITED,False,PROGRAM_YEAR_REVIEW,0.9849816690630138,0.0,0.5,True,False,True,False,CONSECUTIVE_PRIOR_YEAR,-0.10558864755339659,False,True,False,0,False,False,0,0,0.0,2022,2024,3,EXACT_PROGRAM_KEY,B,REVIEWABLE,MODERATE,STRONG_OR_REPEATED_SINGLE_SIGNAL,reported_performance,reported_performance,budget_decrease_context,False,NOT_APPLICABLE,STRONG_OR_REPEATED_SINGLE_SIGNAL,반복 또는 강한 단일 신호를 설명하는 공식 근거와 지표 변경이 있는가?,LIMITED,2,1,1,107,28
019:2000:2023,019:2000,019,2023,2000,사회복지,노동,노사정책,1,1,GENERAL_ACCOUNT,"[""019:2023:사회복지:노동:2000:GENERAL_ACCOUNT""]",False,False,False,False,BASE_KEY_UNIQUE,False,53076000000,53076000000,49283802930,2,0,2,ALL_COMPARABLE_BELOW_TARGET,COMPLETE_REPORTED_RATE_COVERAGE,False,False,,False,True,False,0.145677895847464,,True,False,False,False,False,,UNKNOWN_TYPE,CONFIRMED_STRUCTURED,STRUCTURED_CONTEXT_INVENTORY,NO_CONFIRMED_CONTEXT_TAG,NO_GRADE_CHANGE,0.0,0.0,0.0,"[{""candidate_id"": ""019:2023:사회복지:노동:2000:GENERAL_ACCOUNT"", ""account_type"": ""GENERAL_ACCOUNT"", ""review_grade"": ""B"", ""diagnostic_type"": ""STRONG_OR_REPEATED_SINGLE_SIGNAL"", ""execution_rate"": 0.9285515662446304}]",LIMITED,False,PROGRAM_YEAR_REVIEW,0.9285515662446303,0.0,1.0,True,False,True,False,CONSECUTIVE_PRIOR_YEAR,-0.07780519164610622,False,True,False,0,False,False,0,0,0.0,2022,2024,3,EXACT_PROGRAM_KEY,B,REVIEWABLE,MODERATE,STRONG_OR_REPEATED_SINGLE_SIGNAL,reported_performance,reported_performance,budget_decrease_context,False,NOT_APPLICABLE,STRONG_OR_REPEATED_SINGLE_SIGNAL,반복 또는 강한 단일 신호를 설명하는 공식 근거와 지표 변경이 있는가?,LIMITED,2,1,1,108,29
075:1100:2023,075:1100,075,2023,1100,사회복지,기초생활보장,기초생활보장,1,1,GENERAL_ACCOUNT,"[""075:2023:사회복지:기초생활보장:1100:GENERAL_ACCOUNT""]",False,False,False,False,BASE_KEY_UNIQUE,False,16405912000000,16405500180000,15694013159380,1,0,1,ALL_COMPARABLE_BELOW_TARGET,COMPLETE_REPORTED_RATE_COVERAGE,False,False,,False,True,False,0.0922691771112755,,True,False,False,False,False,,UNKNOWN_TYPE,CONFIRMED_STRUCTURED,STRUCTURED_CONTEXT_INVENTORY,NO_CONFIRMED_CONTEXT_TAG,NO_GRADE_CHANGE,0.0,0.0,0.0,"[{""candidate_id"": ""075:2023:사회복지:기초생활보장:1100:GENERAL_ACCOUNT"", ""account_type"": ""GENERAL_ACCOUNT"", ""review_grade"": ""A"", ""diagnostic_type"": ""REPEATED_LOW_EXECUTION_WITH_REPORTED_TARGET_MISS"", ""execution_rate"": 0.9566311899781406}]",LIMITED,False,PROGRAM_YEAR_REVIEW,0.9566311899781406,0.0,1.0,True,False,False,False,CONSECUTIVE_PRIOR_YEAR,0.05591032012738961,True,False,True,1,False,False,0,0,0.0,2022,2024,3,EXACT_PROGRAM_KEY,C,LIMITED,AMBIGUOUS,SINGLE_SIGNAL_REVIEW,reported_performance;budget_performance_mismatch,reported_performance;budget_performance_mismatch,budget_increase_context,False,NOT_APPLICABLE,SINGLE_SIGNAL_REVIEW,원문에 이 신호의 예외 사유나 비교가능성 제한을 설명하는 근거가 있는가?,LIMITED,3,2,0,109,30
075:3100:2023,075:3100,075,2023,3100,사회복지,아동·보육,보육지원강화,1,1,GENERAL_ACCOUNT,"[""075:2023:사회복지:아동·보육:3100:GENERAL_ACCOUNT""]",False,False,False,False,BASE_KEY_UNIQUE,False,6678017000000,6846304332000,6845073237070,1,1,2,MIXED_COMPARABLE,COMPLETE_REPORTED_RATE_COVERAGE,False,False,,False,True,False,0.1394917083918774,,True,False,False,False,False,,UNKNOWN_TYPE,CONFIRMED_STRUCTURED,STRUCTURED_CONTEXT_INVENTORY,NO_CONFIRMED_CONTEXT_TAG,NO_GRADE_CHANGE,0.0,0.0,0.0,"[{""candidate_id"": ""075:2023:사회복지:아동·보육:3100:GENERAL_ACCOUNT"", ""account_type"": ""GENERAL_ACCOUNT"", ""review_grade"": ""A"", ""diagnostic_type"": ""REPEATED_LOW_EXECUTION_WITH_REPORTED_TARGET_MISS"", ""execution_rate"": 0.9998201810976696}]",LIMITED,False,PROGRAM_YEAR_REVIEW,0.9998201810976696,0.0,0.5,True,False,False,False,CONSECUTIVE_PRIOR_YEAR,0.14767958957240013,True,False,True,1,False,False,0,0,0.0,2022,2024,3,EXACT_PROGRAM_KEY,C,LIMITED,AMBIGUOUS,SINGLE_SIGNAL_REVIEW,reported_performance;budget_performance_mismatch,reported_performance;budget_performance_mismatch,budget_increase_context,False,NOT_APPLICABLE,SINGLE_SIGNAL_REVIEW,원문에 이 신호의 예외 사유나 비교가능성 제한을 설명하는 근거가 있는가?,LIMITED,3,2,0,110,31
075:1500:2023,075:1500,075,2023,1500,사회복지,취약계층지원,장애인생활안정 및 재활 지원,3,3,FUND;GENERAL_ACCOUNT;SPECIAL_ACCOUNT,"[""075:2023:사회복지:취약계층지원:1500:FUND"", ""075:2023:사회복지:취약계층지원:1500:GENERAL_ACCOUNT"", ""075:2023:사회복지:취약계층지원:1500:SPECIAL_ACCOUNT""]",False,False,False,False,BASE_KEY_UNIQUE,False,4544508000000,4545039920000,4542149524260,1,1,2,MIXED_COMPARABLE,COMPLETE_REPORTED_RATE_COVERAGE,False,False,,False,False,False,,,False,False,False,False,False,,UNKNOWN_TYPE,CONFIRMED_STRUCTURED,STRUCTURED_CONTEXT_INVENTORY,NO_CONFIRMED_CONTEXT_TAG,NO_GRADE_CHANGE,0.0,0.4383046525608492,0.0,"[{""candidate_id"": ""075:2023:사회복지:취약계층지원:1500:FUND"", ""account_type"": ""FUND"", ""review_grade"": ""C"", ""diagnostic_type"": ""CONTEXT_OR_SINGLE_SIGNAL_REVIEW"", ""execution_rate"": 1.0}, {""candidate_id"": ""075:2023:사회복지:취약계층지원:1500:GENERAL_ACCOUNT"", ""account_type"": ""GENERAL_ACCOUNT"", ""review_grade"": ""C"", ""diagnostic_type"": ""CONTEXT_OR_SINGLE_SIGNAL_REVIEW"", ""execution_rate"": 0.9993956305609972}, {""candidate_id"": ""075:2023:사회복지:취약계층지원:1500:SPECIAL_ACCOUNT"", ""account_type"": ""SPECIAL_ACCOUNT"", ""review_grade"": ""C"", ""diagnostic_type"": ""CONTEXT_OR_SINGLE_SIGNAL_REVIEW"", ""execution_rate"": 0.9688043028547788}]",LIMITED,False,PROGRAM_YEAR_REVIEW,0.9993640549278168,0.0,0.5,True,False,False,False,CONSECUTIVE_PRIOR_YEAR,0.11187696342764308,True,False,True,1,True,False,0,0,0.0,2022,2024,3,EXACT_PROGRAM_KEY,C,LIMITED,AMBIGUOUS,SINGLE_SIGNAL_REVIEW,reported_performance;budget_performance_mismatch,reported_performance;budget_performance_mismatch,budget_increase_context;accounting_context,False,NOT_APPLICABLE,SINGLE_SIGNAL_REVIEW,원문에 이 신호의 예외 사유나 비교가능성 제한을 설명하는 근거가 있는가?,LIMITED,3,2,0,111,32
075:2200:2023,075:2200,075,2023,2200,사회복지,노인,노인의료보장,3,3,FUND;GENERAL_ACCOUNT;SPECIAL_ACCOUNT,"[""075:2023:사회복지:노인:2200:FUND"", ""075:2023:사회복지:노인:2200:GENERAL_ACCOUNT"", ""075:2023:사회복지:노인:2200:SPECIAL_ACCOUNT""]",False,False,False,False,BASE_KEY_UNIQUE,False,2496350000000,2496350000000,2487919202090,1,2,3,MIXED_COMPARABLE,COMPLETE_REPORTED_RATE_COVERAGE,False,False,,False,False,False,,,False,False,False,False,False,,UNKNOWN_TYPE,CONFIRMED_STRUCTURED,STRUCTURED_CONTEXT_INVENTORY,NO_CONFIRMED_CONTEXT_TAG,NO_GRADE_CHANGE,0.0,0.0,1.0,"[{""candidate_id"": ""075:2023:사회복지:노인:2200:FUND"", ""account_type"": ""FUND"", ""review_grade"": ""C"", ""diagnostic_type"": ""CONTEXT_OR_SINGLE_SIGNAL_REVIEW"", ""execution_rate"": 0.9959252310636716}, {""candidate_id"": ""075:2023:사회복지:노인:2200:GENERAL_ACCOUNT"", ""account_type"": ""GENERAL_ACCOUNT"", ""review_grade"": ""C"", ""diagnostic_type"": ""CONTEXT_OR_SINGLE_SIGNAL_REVIEW"", ""execution_rate"": 0.9967427583376242}, {""candidate_id"": ""075:2023:사회복지:노인:2200:SPECIAL_ACCOUNT"", ""account_type"": ""SPECIAL_ACCOUNT"", ""review_grade"": ""C"", ""diagnostic_type"": ""CONTEXT_OR_SINGLE_SIGNAL_REVIEW"", ""execution_rate"": 0.9942051803158952}]",LIMITED,False,PROGRAM_YEAR_REVIEW,0.9966227500510746,0.0,0.3333333333333333,True,False,False,False,CONSECUTIVE_PRIOR_YEAR,0.046498076658651355,True,False,True,1,False,True,0,0,0.0,2022,2024,3,EXACT_PROGRAM_KEY,C,LIMITED,AMBIGUOUS,SINGLE_SIGNAL_REVIEW,reported_performance;budget_performance_mismatch,reported_performance;budget_performance_mismatch,budget_increase_context;structure_context,False,NOT_APPLICABLE,SINGLE_SIGNAL_REVIEW,원문에 이 신호의 예외 사유나 비교가능성 제한을 설명하는 근거가 있는가?,LIMITED,3,2,0,112,33
162:5100:2023,162:5100,162,2023,5100,통신,우정,우정서비스,1,1,SPECIAL_ACCOUNT,"[""162:2023:통신:우정:5100:SPECIAL_ACCOUNT""]",False,False,False,False,BASE_KEY_UNIQUE,False,1982736000000,2032383914250,1941179437980,1,1,2,MIXED_COMPARABLE,COMPLETE_REPORTED_RATE_COVERAGE,False,False,,False,True,False,-0.0128897644467039,,False,False,False,False,False,,UNKNOWN_TYPE,CONFIRMED_STRUCTURED,STRUCTURED_CONTEXT_INVENTORY,NO_CONFIRMED_CONTEXT_TAG,NO_GRADE_CHANGE,0.0,0.0543698202887323,0.0,"[{""candidate_id"": ""162:2023:통신:우정:5100:SPECIAL_ACCOUNT"", ""account_type"": ""SPECIAL_ACCOUNT"", ""review_grade"": ""C"", ""diagnostic_type"": ""CONTEXT_OR_SINGLE_SIGNAL_REVIEW"", ""execution_rate"": 0.9551243858847128}]",LIMITED,False,PROGRAM_YEAR_REVIEW,0.9551243858847128,0.0,0.5,True,False,False,False,CONSECUTIVE_PRIOR_YEAR,0.04875204105435027,True,False,True,1,True,False,0,0,0.0,2022,2024,3,EXACT_PROGRAM_KEY,C,LIMITED,AMBIGUOUS,SINGLE_SIGNAL_REVIEW,reported_performance;budget_performance_mismatch,reported_performance;budget_performance_mismatch,budget_increase_context;accounting_context,False,NOT_APPLICABLE,SINGLE_SIGNAL_REVIEW,원문에 이 신호의 예외 사유나 비교가능성 제한을 설명하는 근거가 있는가?,LIMITED,3,2,0,113,34
162:2000:2023,162:2000,162,2023,2000,통신,정보통신,인터넷융합산업,3,3,FUND;GENERAL_ACCOUNT;SPECIAL_ACCOUNT,"[""162:2023:통신:정보통신:2000:FUND"", ""162:2023:통신:정보통신:2000:GENERAL_ACCOUNT"", ""162:2023:통신:정보통신:2000:SPECIAL_ACCOUNT""]",False,False,False,False,BASE_KEY_UNIQUE,False,334994000000,334994000000,334994000000,1,1,2,MIXED_COMPARABLE,COMPLETE_REPORTED_RATE_COVERAGE,False,False,,False,False,False,,,False,False,False,False,False,,UNKNOWN_TYPE,CONFIRMED_STRUCTURED,STRUCTURED_CONTEXT_INVENTORY,NO_CONFIRMED_CONTEXT_TAG,NO_GRADE_CHANGE,0.0,0.0,0.0,"[{""candidate_id"": ""162:2023:통신:정보통신:2000:FUND"", ""account_type"": ""FUND"", ""review_grade"": ""C"", ""diagnostic_type"": ""CONTEXT_OR_SINGLE_SIGNAL_REVIEW"", ""execution_rate"": 1.0}, {""candidate_id"": ""162:2023:통신:정보통신:2000:GENERAL_ACCOUNT"", ""account_type"": ""GENERAL_ACCOUNT"", ""review_grade"": ""C"", ""diagnostic_type"": ""CONTEXT_OR_SINGLE_SIGNAL_REVIEW"", ""execution_rate"": 1.0}, {""candidate_id"": ""162:2023:통신:정보통신:2000:SPECIAL_ACCOUNT"", ""account_type"": ""SPECIAL_ACCOUNT"", ""review_grade"": ""C"", ""diagnostic_type"": ""CONTEXT_OR_SINGLE_SIGNAL_REVIEW"", ""execution_rate"": 1.0}]",LIMITED,False,PROGRAM_YEAR_REVIEW,1.0,0.0,0.5,True,False,False,False,CONSECUTIVE_PRIOR_YEAR,0.22437984963615154,True,False,True,1,False,False,0,0,0.0,2022,2024,3,EXACT_PROGRAM_KEY,C,LIMITED,AMBIGUOUS,SINGLE_SIGNAL_REVIEW,reported_performance;budget_performance_mismatch,reported_performance;budget_performance_mismatch,budget_increase_context,False,NOT_APPLICABLE,SINGLE_SIGNAL_REVIEW,원문에 이 신호의 예외 사유나 비교가능성 제한을 설명하는 근거가 있는가?,LIMITED,3,2,0,114,35
162:1900:2023,162:1900,162,2023,1900,일반·지방행정,정부자원관리,국가사회정보화,1,1,GENERAL_ACCOUNT,"[""162:2023:일반·지방행정:정부자원관리:1900:GENERAL_ACCOUNT""]",False,False,False,False,BASE_KEY_UNIQUE,False,202573000000,202573000000,202571271570,1,1,2,MIXED_COMPARABLE,COMPLETE_REPORTED_RATE_COVERAGE,False,False,,False,False,False,,,False,False,False,False,False,,UNKNOWN_TYPE,CONFIRMED_STRUCTURED,STRUCTURED_CONTEXT_INVENTORY,NO_CONFIRMED_CONTEXT_TAG,NO_GRADE_CHANGE,0.0,0.0,0.0,"[{""candidate_id"": ""162:2023:일반·지방행정:정부자원관리:1900:GENERAL_ACCOUNT"", ""account_type"": ""GENERAL_ACCOUNT"", ""review_grade"": ""C"", ""diagnostic_type"": ""CONTEXT_OR_SINGLE_SIGNAL_REVIEW"", ""execution_rate"": 0.9999914676190804}]",LIMITED,False,PROGRAM_YEAR_REVIEW,0.9999914676190805,0.0,0.5,True,False,False,False,CONSECUTIVE_PRIOR_YEAR,0.04442221729558615,True,False,True,1,False,False,0,0,0.0,2022,2024,3,EXACT_PROGRAM_KEY,C,LIMITED,AMBIGUOUS,SINGLE_SIGNAL_REVIEW,reported_performance;budget_performance_mismatch,reported_performance;budget_performance_mismatch,budget_increase_context,False,NOT_APPLICABLE,SINGLE_SIGNAL_REVIEW,원문에 이 신호의 예외 사유나 비교가능성 제한을 설명하는 근거가 있는가?,LIMITED,3,2,0,115,36
162:1700:2023,162:1700,162,2023,1700,과학기술,과학기술인력및문화,과학기술인력양성,3,3,FUND;GENERAL_ACCOUNT;SPECIAL_ACCOUNT,"[""162:2023:과학기술:과학기술인력및문화:1700:FUND"", ""162:2023:과학기술:과학기술인력및문화:1700:GENERAL_ACCOUNT"", ""162:2023:과학기술:과학기술인력및문화:1700:SPECIAL_ACCOUNT""]",False,False,False,False,BASE_KEY_UNIQUE,False,189858000000,189858000000,189858000000,1,2,3,MIXED_COMPARABLE,COMPLETE_REPORTED_RATE_COVERAGE,False,False,,False,False,False,,,False,False,False,False,False,,UNKNOWN_TYPE,CONFIRMED_STRUCTURED,STRUCTURED_CONTEXT_INVENTORY,NO_CONFIRMED_CONTEXT_TAG,NO_GRADE_CHANGE,0.0,0.0,0.0,"[{""candidate_id"": ""162:2023:과학기술:과학기술인력및문화:1700:FUND"", ""account_type"": ""FUND"", ""review_grade"": ""C"", ""diagnostic_type"": ""CONTEXT_OR_SINGLE_SIGNAL_REVIEW"", ""execution_rate"": 1.0}, {""candidate_id"": ""162:2023:과학기술:과학기술인력및문화:1700:GENERAL_ACCOUNT"", ""account_type"": ""GENERAL_ACCOUNT"", ""review_grade"": ""C"", ""diagnostic_type"": ""CONTEXT_OR_SINGLE_SIGNAL_REVIEW"", ""execution_rate"": 1.0}, {""candidate_id"": ""162:2023:과학기술:과학기술인력및문화:1700:SPECIAL_ACCOUNT"", ""account_type"": ""SPECIAL_ACCOUNT"", ""review_grade"": ""C"", ""diagnostic_type"": ""CONTEXT_OR_SINGLE_SIGNAL_REVIEW"", ""execution_rate"": 1.0}]",LIMITED,False,PROGRAM_YEAR_REVIEW,1.0,0.0,0.3333333333333333,True,False,False,False,CONSECUTIVE_PRIOR_YEAR,0.17836395233366442,True,False,True,1,False,False,0,0,0.0,2022,2024,3,EXACT_PROGRAM_KEY,C,LIMITED,AMBIGUOUS,SINGLE_SIGNAL_REVIEW,reported_performance;budget_performance_mismatch,reported_performance;budget_performance_mismatch,budget_increase_context,False,NOT_APPLICABLE,SINGLE_SIGNAL_REVIEW,원문에 이 신호의 예외 사유나 비교가능성 제한을 설명하는 근거가 있는가?,LIMITED,3,2,0,116,37
162:2300:f3d32026a540:2023,162:2300:f3d32026a540,162,2023,2300,과학기술,과학기술인력및문화,국립과천과학관운영,1,1,RESPONSIBLE_OPERATION_ACCOUNT,"[""162:2023:과학기술:과학기술인력및문화:2300:RESPONSIBLE_OPERATION_ACCOUNT""]",True,True,True,False,RESOLVED_BY_FIELD_SECTOR,False,2994000000,2994000000,2955893420,1,2,3,MIXED_COMPARABLE,COMPLETE_REPORTED_RATE_COVERAGE,False,False,,False,True,False,0.0167496604798551,,True,False,False,False,False,,UNKNOWN_TYPE,CONFIRMED_STRUCTURED,STRUCTURED_CONTEXT_INVENTORY,NO_CONFIRMED_CONTEXT_TAG,NO_GRADE_CHANGE,0.0,0.0,1.0,"[{""candidate_id"": ""162:2023:과학기술:과학기술인력및문화:2300:RESPONSIBLE_OPERATION_ACCOUNT"", ""account_type"": ""RESPONSIBLE_OPERATION_ACCOUNT"", ""review_grade"": ""C"", ""diagnostic_type"": ""CONTEXT_OR_SINGLE_SIGNAL_REVIEW"", ""execution_rate"": 0.9872723513694056}]",CONFIRMED,False,PROGRAM_YEAR_REVIEW,0.9872723513694055,0.0,0.3333333333333333,True,False,False,False,CONSECUTIVE_PRIOR_YEAR,0.01836734693877551,True,False,True,1,False,True,0,0,0.0,2022,2024,3,EXACT_METADATA_DISAMBIGUATION,C,LIMITED,AMBIGUOUS,SINGLE_SIGNAL_REVIEW,reported_performance;budget_performance_mismatch,reported_performance;budget_performance_mismatch,budget_increase_context;structure_context,False,NOT_APPLICABLE,SINGLE_SIGNAL_REVIEW,원문에 이 신호의 예외 사유나 비교가능성 제한을 설명하는 근거가 있는가?,STRONG,3,2,0,117,38
102:1200:2023,102:1200,102,2023,1200,산업·중소기업및에너지,중소기업및소상공인육성,중소기업성장안정지원,2,2,FUND;GENERAL_ACCOUNT,"[""102:2023:산업·중소기업및에너지:중소기업및소상공인육성:1200:FUND"", ""102:2023:산업·중소기업및에너지:중소기업및소상공인육성:1200:GENERAL_ACCOUNT""]",False,False,False,False,BASE_KEY_UNIQUE,False,2152532000000,2152532000000,2150915889389,0,2,2,ALL_COMPARABLE_AT_OR_ABOVE_TARGET,PARTIAL_REPORTED_RATE_COVERAGE,False,False,,False,False,False,,,False,False,False,False,False,,UNKNOWN_TYPE,CONFIRMED_STRUCTURED,STRUCTURED_CONTEXT_INVENTORY,NO_CONFIRMED_CONTEXT_TAG,NO_GRADE_CHANGE,0.0,0.0,0.0,"[{""candidate_id"": ""102:2023:산업·중소기업및에너지:중소기업및소상공인육성:1200:FUND"", ""account_type"": ""FUND"", ""review_grade"": ""D"", ""diagnostic_type"": ""NO_STRUCTURED_SIGNAL_DETECTED"", ""execution_rate"": 0.999205386378521}, {""candidate_id"": ""102:2023:산업·중소기업및에너지:중소기업및소상공인육성:1200:GENERAL_ACCOUNT"", ""account_type"": ""GENERAL_ACCOUNT"", ""review_grade"": ""C"", ""diagnostic_type"": ""CONTEXT_OR_SINGLE_SIGNAL_REVIEW"", ""execution_rate"": 1.0}]",LIMITED,False,PROGRAM_YEAR_REVIEW,0.999249204838302,0.0,0.0,False,False,False,True,CONSECUTIVE_PRIOR_YEAR,-0.5480141475243092,False,True,True,1,False,False,0,0,0.0,2022,2024,3,EXACT_PROGRAM_KEY,C,LIMITED,AMBIGUOUS,SINGLE_SIGNAL_REVIEW,budget_performance_mismatch,budget_performance_mismatch,budget_decrease_context,False,NOT_APPLICABLE,SINGLE_SIGNAL_REVIEW,원문에 이 신호의 예외 사유나 비교가능성 제한을 설명하는 근거가 있는가?,LIMITED,3,1,0,118,39
075:2700:2023,075:2700,075,2023,2700,보건,보건의료,공공보건의료확충,3,3,FUND;GENERAL_ACCOUNT;SPECIAL_ACCOUNT,"[""075:2023:보건:보건의료:2700:FUND"", ""075:2023:보건:보건의료:2700:GENERAL_ACCOUNT"", ""075:2023:보건:보건의료:2700:SPECIAL_ACCOUNT""]",False,False,False,False,BASE_KEY_UNIQUE,False,1963361000000,1969609703400,1911313628510,0,2,2,ALL_COMPARABLE_AT_OR_ABOVE_TARGET,COMPLETE_REPORTED_RATE_COVERAGE,False,False,,False,False,False,,,False,False,False,False,False,,UNKNOWN_TYPE,CONFIRMED_STRUCTURED,STRUCTURED_CONTEXT_INVENTORY,NO_CONFIRMED_CONTEXT_TAG,NO_GRADE_CHANGE,0.0,0.0020729758816641214,0.0,"[{""candidate_id"": ""075:2023:보건:보건의료:2700:FUND"", ""account_type"": ""FUND"", ""review_grade"": ""D"", ""diagnostic_type"": ""NO_STRUCTURED_SIGNAL_DETECTED"", ""execution_rate"": 0.998060076553729}, {""candidate_id"": ""075:2023:보건:보건의료:2700:GENERAL_ACCOUNT"", ""account_type"": ""GENERAL_ACCOUNT"", ""review_grade"": ""C"", ""diagnostic_type"": ""LOW_EXECUTION_TARGET_MET"", ""execution_rate"": 0.9497681915407924}, {""candidate_id"": ""075:2023:보건:보건의료:2700:SPECIAL_ACCOUNT"", ""account_type"": ""SPECIAL_ACCOUNT"", ""review_grade"": ""D"", ""diagnostic_type"": ""NO_STRUCTURED_SIGNAL_DETECTED"", ""execution_rate"": 0.9947036573293858}]",LIMITED,False,PROGRAM_YEAR_REVIEW,0.9704022198969838,0.0,0.0,False,False,False,False,CONSECUTIVE_PRIOR_YEAR,-0.5975662048923508,False,True,True,1,True,False,0,0,0.0,2022,2024,3,EXACT_PROGRAM_KEY,C,LIMITED,AMBIGUOUS,SINGLE_SIGNAL_REVIEW,budget_performance_mismatch,budget_performance_mismatch,budget_decrease_context;accounting_context,False,NOT_APPLICABLE,SINGLE_SIGNAL_REVIEW,원문에 이 신호의 예외 사유나 비교가능성 제한을 설명하는 근거가 있는가?,LIMITED,3,1,0,119,40
162:2600:2023,162:2600,162,2023,2600,통신,정보통신,인공지능데이터진흥,3,3,FUND;GENERAL_ACCOUNT;SPECIAL_ACCOUNT,"[""162:2023:통신:정보통신:2600:FUND"", ""162:2023:통신:정보통신:2600:GENERAL_ACCOUNT"", ""162:2023:통신:정보통신:2600:SPECIAL_ACCOUNT""]",False,False,False,False,BASE_KEY_UNIQUE,False,882061000000,882061000000,880373355340,0,2,2,ALL_COMPARABLE_AT_OR_ABOVE_TARGET,COMPLETE_REPORTED_RATE_COVERAGE,False,False,,False,False,False,,,False,False,False,False,False,,UNKNOWN_TYPE,CONFIRMED_STRUCTURED,STRUCTURED_CONTEXT_INVENTORY,NO_CONFIRMED_CONTEXT_TAG,NO_GRADE_CHANGE,0.0,0.0020848898205452614,0.0,"[{""candidate_id"": ""162:2023:통신:정보통신:2600:FUND"", ""account_type"": ""FUND"", ""review_grade"": ""C"", ""diagnostic_type"": ""CONTEXT_OR_SINGLE_SIGNAL_REVIEW"", ""execution_rate"": 0.9994309832396444}, {""candidate_id"": ""162:2023:통신:정보통신:2600:GENERAL_ACCOUNT"", ""account_type"": ""GENERAL_ACCOUNT"", ""review_grade"": ""C"", ""diagnostic_type"": ""CONTEXT_OR_SINGLE_SIGNAL_REVIEW"", ""execution_rate"": 0.9946502215856108}, {""candidate_id"": ""162:2023:통신:정보통신:2600:SPECIAL_ACCOUNT"", ""account_type"": ""SPECIAL_ACCOUNT"", ""review_grade"": ""D"", ""diagnostic_type"": ""NO_STRUCTURED_SIGNAL_DETECTED"", ""execution_rate"": 0.9969082288339184}]",LIMITED,False,PROGRAM_YEAR_REVIEW,0.9980867030058012,0.0,0.0,False,False,False,True,CONSECUTIVE_PRIOR_YEAR,-0.26526204258020125,False,True,True,1,True,False,0,0,0.0,2022,2024,3,EXACT_PROGRAM_KEY,C,LIMITED,AMBIGUOUS,SINGLE_SIGNAL_REVIEW,budget_performance_mismatch,budget_performance_mismatch,budget_decrease_context;accounting_context,False,NOT_APPLICABLE,SINGLE_SIGNAL_REVIEW,원문에 이 신호의 예외 사유나 비교가능성 제한을 설명하는 근거가 있는가?,LIMITED,3,1,0,120,41
162:2100:2023,162:2100,162,2023,2100,통신,정보통신,정보통신융합산업,3,3,FUND;GENERAL_ACCOUNT;SPECIAL_ACCOUNT,"[""162:2023:통신:정보통신:2100:FUND"", ""162:2023:통신:정보통신:2100:GENERAL_ACCOUNT"", ""162:2023:통신:정보통신:2100:SPECIAL_ACCOUNT""]",False,False,False,False,BASE_KEY_UNIQUE,False,780900000000,780900000000,780667000000,0,2,2,ALL_COMPARABLE_AT_OR_ABOVE_TARGET,COMPLETE_REPORTED_RATE_COVERAGE,False,False,,False,False,False,,,False,False,False,False,False,,UNKNOWN_TYPE,CONFIRMED_STRUCTURED,STRUCTURED_CONTEXT_INVENTORY,NO_CONFIRMED_CONTEXT_TAG,NO_GRADE_CHANGE,0.0,0.12354078627224994,0.0,"[{""candidate_id"": ""162:2023:통신:정보통신:2100:FUND"", ""account_type"": ""FUND"", ""review_grade"": ""C"", ""diagnostic_type"": ""CONTEXT_OR_SINGLE_SIGNAL_REVIEW"", ""execution_rate"": 0.9996105313655974}, {""candidate_id"": ""162:2023:통신:정보통신:2100:GENERAL_ACCOUNT"", ""account_type"": ""GENERAL_ACCOUNT"", ""review_grade"": ""C"", ""diagnostic_type"": ""CONTEXT_OR_SINGLE_SIGNAL_REVIEW"", ""execution_rate"": 1.0}, {""candidate_id"": ""162:2023:통신:정보통신:2100:SPECIAL_ACCOUNT"", ""account_type"": ""SPECIAL_ACCOUNT"", ""review_grade"": ""D"", ""diagnostic_type"": ""NO_STRUCTURED_SIGNAL_DETECTED"", ""execution_rate"": 1.0}]",LIMITED,False,PROGRAM_YEAR_REVIEW,0.9997016263285952,0.0,0.0,False,False,False,False,CONSECUTIVE_PRIOR_YEAR,-0.10653502865518016,False,True,True,1,True,False,0,0,0.0,2022,2024,3,EXACT_PROGRAM_KEY,C,LIMITED,AMBIGUOUS,SINGLE_SIGNAL_REVIEW,budget_performance_mismatch,budget_performance_mismatch,budget_decrease_context;accounting_context,False,NOT_APPLICABLE,SINGLE_SIGNAL_REVIEW,원문에 이 신호의 예외 사유나 비교가능성 제한을 설명하는 근거가 있는가?,LIMITED,3,1,0,121,42
102:5200:2023,102:5200,102,2023,5200,산업·중소기업및에너지,창업및벤처,벤처기업활성화지원,3,3,FUND;GENERAL_ACCOUNT;SPECIAL_ACCOUNT,"[""102:2023:산업·중소기업및에너지:창업및벤처:5200:FUND"", ""102:2023:산업·중소기업및에너지:창업및벤처:5200:GENERAL_ACCOUNT"", ""102:2023:산업·중소기업및에너지:창업및벤처:5200:SPECIAL_ACCOUNT""]",False,False,False,False,BASE_KEY_UNIQUE,False,341150000000,341150000000,341149956284,0,3,3,ALL_COMPARABLE_AT_OR_ABOVE_TARGET,COMPLETE_REPORTED_RATE_COVERAGE,False,False,,False,False,False,,,False,False,False,False,False,,UNKNOWN_TYPE,CONFIRMED_STRUCTURED,STRUCTURED_CONTEXT_INVENTORY,NO_CONFIRMED_CONTEXT_TAG,NO_GRADE_CHANGE,0.0,0.0,1.0,"[{""candidate_id"": ""102:2023:산업·중소기업및에너지:창업및벤처:5200:FUND"", ""account_type"": ""FUND"", ""review_grade"": ""C"", ""diagnostic_type"": ""CONTEXT_OR_SINGLE_SIGNAL_REVIEW"", ""execution_rate"": 0.9999999388592632}, {""candidate_id"": ""102:2023:산업·중소기업및에너지:창업및벤처:5200:GENERAL_ACCOUNT"", ""account_type"": ""GENERAL_ACCOUNT"", ""review_grade"": ""C"", ""diagnostic_type"": ""CONTEXT_OR_SINGLE_SIGNAL_REVIEW"", ""execution_rate"": 0.9999989999619756}, {""candidate_id"": ""102:2023:산업·중소기업및에너지:창업및벤처:5200:SPECIAL_ACCOUNT"", ""account_type"": ""SPECIAL_ACCOUNT"", ""review_grade"": ""C"", ""diagnostic_type"": ""CONTEXT_OR_SINGLE_SIGNAL_REVIEW"", ""execution_rate"": 1.0}]",LIMITED,False,PROGRAM_YEAR_REVIEW,0.9999998718569544,0.0,0.0,False,False,False,False,CONSECUTIVE_PRIOR_YEAR,-0.4080350372461613,False,True,True,1,False,True,0,0,0.0,2022,2024,3,EXACT_PROGRAM_KEY,C,LIMITED,AMBIGUOUS,SINGLE_SIGNAL_REVIEW,budget_performance_mismatch,budget_performance_mismatch,budget_decrease_context;structure_context,False,NOT_APPLICABLE,SINGLE_SIGNAL_REVIEW,원문에 이 신호의 예외 사유나 비교가능성 제한을 설명하는 근거가 있는가?,LIMITED,3,1,0,122,43
075:2800:2023,075:2800,075,2023,2800,보건,보건의료,응급의료체계운영지원,2,2,FUND;SPECIAL_ACCOUNT,"[""075:2023:보건:보건의료:2800:FUND"", ""075:2023:보건:보건의료:2800:SPECIAL_ACCOUNT""]",False,False,False,False,BASE_KEY_UNIQUE,False,277455000000,280078257470,278438803180,0,2,2,ALL_COMPARABLE_AT_OR_ABOVE_TARGET,COMPLETE_REPORTED_RATE_COVERAGE,False,False,,False,False,False,,,False,False,False,False,False,,UNKNOWN_TYPE,CONFIRMED_STRUCTURED,STRUCTURED_CONTEXT_INVENTORY,NO_CONFIRMED_CONTEXT_TAG,NO_GRADE_CHANGE,0.0,0.0,0.0,"[{""candidate_id"": ""075:2023:보건:보건의료:2800:FUND"", ""account_type"": ""FUND"", ""review_grade"": ""C"", ""diagnostic_type"": ""LOW_EXECUTION_TARGET_MET"", ""execution_rate"": 0.9934840694918852}, {""candidate_id"": ""075:2023:보건:보건의료:2800:SPECIAL_ACCOUNT"", ""account_type"": ""SPECIAL_ACCOUNT"", ""review_grade"": ""D"", ""diagnostic_type"": ""NO_STRUCTURED_SIGNAL_DETECTED"", ""execution_rate"": 0.9999902128778846}]",LIMITED,False,PROGRAM_YEAR_REVIEW,0.9941464421236782,0.0,0.0,False,False,False,False,CONSECUTIVE_PRIOR_YEAR,-0.04912062807286666,False,True,True,1,False,False,0,0,0.0,2022,2024,3,EXACT_PROGRAM_KEY,C,LIMITED,AMBIGUOUS,SINGLE_SIGNAL_REVIEW,budget_performance_mismatch,budget_performance_mismatch,budget_decrease_context,False,NOT_APPLICABLE,SINGLE_SIGNAL_REVIEW,원문에 이 신호의 예외 사유나 비교가능성 제한을 설명하는 근거가 있는가?,LIMITED,3,1,0,123,44
102:4800:2023,102:4800,102,2023,4800,산업·중소기업및에너지,중소기업및소상공인육성,중소기업육성지원,2,2,FUND;GENERAL_ACCOUNT,"[""102:2023:산업·중소기업및에너지:중소기업및소상공인육성:4800:FUND"", ""102:2023:산업·중소기업및에너지:중소기업및소상공인육성:4800:GENERAL_ACCOUNT""]",False,False,False,False,BASE_KEY_UNIQUE,False,140847000000,140847000000,140617750584,1,2,3,MIXED_COMPARABLE,COMPLETE_REPORTED_RATE_COVERAGE,False,False,,False,False,False,,,False,False,False,False,False,,UNKNOWN_TYPE,CONFIRMED_STRUCTURED,STRUCTURED_CONTEXT_INVENTORY,NO_CONFIRMED_CONTEXT_TAG,NO_GRADE_CHANGE,0.0,0.0,0.0,"[{""candidate_id"": ""102:2023:산업·중소기업및에너지:중소기업및소상공인육성:4800:FUND"", ""account_type"": ""FUND"", ""review_grade"": ""C"", ""diagnostic_type"": ""CONTEXT_OR_SINGLE_SIGNAL_REVIEW"", ""execution_rate"": 0.9761508952772074}, {""candidate_id"": ""102:2023:산업·중소기업및에너지:중소기업및소상공인육성:4800:GENERAL_ACCOUNT"", ""account_type"": ""GENERAL_ACCOUNT"", ""review_grade"": ""C"", ""diagnostic_type"": ""CONTEXT_OR_SINGLE_SIGNAL_REVIEW"", ""execution_rate"": 0.9986839980129446}]",LIMITED,False,PROGRAM_YEAR_REVIEW,0.9983723514451852,0.0,0.3333333333333333,True,False,False,False,CONSECUTIVE_PRIOR_YEAR,-0.04095681660334194,False,True,False,0,False,False,0,0,0.0,2022,2023,2,EXACT_PROGRAM_KEY,C,LIMITED,AMBIGUOUS,SINGLE_SIGNAL_REVIEW,reported_performance,reported_performance,budget_decrease_context,False,NOT_APPLICABLE,SINGLE_SIGNAL_REVIEW,원문에 이 신호의 예외 사유나 비교가능성 제한을 설명하는 근거가 있는가?,LIMITED,3,1,0,124,45
162:1800:2023,162:1800,162,2023,1800,과학기술,과학기술인력및문화,과학문화창달,2,2,FUND;GENERAL_ACCOUNT,"[""162:2023:과학기술:과학기술인력및문화:1800:FUND"", ""162:2023:과학기술:과학기술인력및문화:1800:GENERAL_ACCOUNT""]",False,False,False,False,BASE_KEY_UNIQUE,False,126644000000,126644000000,116299470000,0,2,2,ALL_COMPARABLE_AT_OR_ABOVE_TARGET,COMPLETE_REPORTED_RATE_COVERAGE,False,False,,False,False,False,,,False,False,False,False,False,,UNKNOWN_TYPE,CONFIRMED_STRUCTURED,STRUCTURED_CONTEXT_INVENTORY,NO_CONFIRMED_CONTEXT_TAG,NO_GRADE_CHANGE,0.0,0.0,0.0,"[{""candidate_id"": ""162:2023:과학기술:과학기술인력및문화:1800:FUND"", ""account_type"": ""FUND"", ""review_grade"": ""D"", ""diagnostic_type"": ""NO_STRUCTURED_SIGNAL_DETECTED"", ""execution_rate"": 1.0}, {""candidate_id"": ""162:2023:과학기술:과학기술인력및문화:1800:GENERAL_ACCOUNT"", ""account_type"": ""GENERAL_ACCOUNT"", ""review_grade"": ""C"", ""diagnostic_type"": ""LOW_EXECUTION_TARGET_MET"", ""execution_rate"": 0.8556080232265989}]",LIMITED,False,PROGRAM_YEAR_REVIEW,0.9183180411231483,0.0,0.0,False,False,False,True,CONSECUTIVE_PRIOR_YEAR,-0.08119794538436986,False,True,True,1,False,False,0,0,0.0,2022,2024,3,EXACT_PROGRAM_KEY,C,LIMITED,AMBIGUOUS,SINGLE_SIGNAL_REVIEW,budget_performance_mismatch,budget_performance_mismatch,budget_decrease_context,False,NOT_APPLICABLE,SINGLE_SIGNAL_REVIEW,원문에 이 신호의 예외 사유나 비교가능성 제한을 설명하는 근거가 있는가?,LIMITED,3,1,0,125,46
102:3300:2023,102:3300,102,2023,3300,산업·중소기업및에너지,중소기업및소상공인육성,지역중소기업육성,2,2,GENERAL_ACCOUNT;SPECIAL_ACCOUNT,"[""102:2023:산업·중소기업및에너지:중소기업및소상공인육성:3300:GENERAL_ACCOUNT"", ""102:2023:산업·중소기업및에너지:중소기업및소상공인육성:3300:SPECIAL_ACCOUNT""]",False,False,False,False,BASE_KEY_UNIQUE,False,96166000000,96166000000,96132030750,0,2,2,ALL_COMPARABLE_AT_OR_ABOVE_TARGET,COMPLETE_REPORTED_RATE_COVERAGE,False,False,,False,False,False,,,False,False,False,False,False,,UNKNOWN_TYPE,CONFIRMED_STRUCTURED,STRUCTURED_CONTEXT_INVENTORY,NO_CONFIRMED_CONTEXT_TAG,NO_GRADE_CHANGE,0.0,0.0,0.0,"[{""candidate_id"": ""102:2023:산업·중소기업및에너지:중소기업및소상공인육성:3300:GENERAL_ACCOUNT"", ""account_type"": ""GENERAL_ACCOUNT"", ""review_grade"": ""D"", ""diagnostic_type"": ""NO_STRUCTURED_SIGNAL_DETECTED"", ""execution_rate"": 0.9981322235662836}, {""candidate_id"": ""102:2023:산업·중소기업및에너지:중소기업및소상공인육성:3300:SPECIAL_ACCOUNT"", ""account_type"": ""SPECIAL_ACCOUNT"", ""review_grade"": ""C"", ""diagnostic_type"": ""CONTEXT_OR_SINGLE_SIGNAL_REVIEW"", ""execution_rate"": 1.0}]",LIMITED,False,PROGRAM_YEAR_REVIEW,0.9996467644489736,0.0,0.0,False,False,False,False,CONSECUTIVE_PRIOR_YEAR,-0.406430348181936,False,True,True,1,False,False,0,0,0.0,2022,2024,3,EXACT_PROGRAM_KEY,C,LIMITED,AMBIGUOUS,SINGLE_SIGNAL_REVIEW,budget_performance_mismatch,budget_performance_mismatch,budget_decrease_context,False,NOT_APPLICABLE,SINGLE_SIGNAL_REVIEW,원문에 이 신호의 예외 사유나 비교가능성 제한을 설명하는 근거가 있는가?,LIMITED,3,1,0,126,47
162:4700:2023,162:4700,162,2023,4700,과학기술,과학기술연구지원,과학기술국제협력,1,1,GENERAL_ACCOUNT,"[""162:2023:과학기술:과학기술연구지원:4700:GENERAL_ACCOUNT""]",False,False,False,False,BASE_KEY_UNIQUE,False,50253000000,50253000000,49704000000,0,1,1,ALL_COMPARABLE_AT_OR_ABOVE_TARGET,COMPLETE_REPORTED_RATE_COVERAGE,False,False,,False,True,False,0.1031779197261855,,False,False,False,False,False,,UNKNOWN_TYPE,CONFIRMED_STRUCTURED,STRUCTURED_CONTEXT_INVENTORY,NO_CONFIRMED_CONTEXT_TAG,NO_GRADE_CHANGE,0.0,0.0,0.0,"[{""candidate_id"": ""162:2023:과학기술:과학기술연구지원:4700:GENERAL_ACCOUNT"", ""account_type"": ""GENERAL_ACCOUNT"", ""review_grade"": ""C"", ""diagnostic_type"": ""CONTEXT_OR_SINGLE_SIGNAL_REVIEW"", ""execution_rate"": 0.9890752790878156}]",LIMITED,False,PROGRAM_YEAR_REVIEW,0.9890752790878157,0.0,0.0,False,False,False,True,CONSECUTIVE_PRIOR_YEAR,-0.08047428226381947,False,True,True,1,False,False,0,0,0.0,2022,2024,3,EXACT_PROGRAM_KEY,C,LIMITED,AMBIGUOUS,SINGLE_SIGNAL_REVIEW,budget_performance_mismatch,budget_performance_mismatch,budget_decrease_context,False,NOT_APPLICABLE,SINGLE_SIGNAL_REVIEW,원문에 이 신호의 예외 사유나 비교가능성 제한을 설명하는 근거가 있는가?,LIMITED,3,1,0,127,48
102:4200:2023,102:4200,102,2023,4200,산업·중소기업및에너지,중소기업및소상공인육성,동반성장지원,1,1,GENERAL_ACCOUNT,"[""102:2023:산업·중소기업및에너지:중소기업및소상공인육성:4200:GENERAL_ACCOUNT""]",False,False,False,False,BASE_KEY_UNIQUE,False,39426000000,39426000000,39417875780,0,2,2,ALL_COMPARABLE_AT_OR_ABOVE_TARGET,COMPLETE_REPORTED_RATE_COVERAGE,False,False,,False,True,False,-0.0952163546897986,,False,False,True,False,False,,UNKNOWN_TYPE,CONFIRMED_STRUCTURED,STRUCTURED_CONTEXT_INVENTORY,NO_CONFIRMED_CONTEXT_TAG,NO_GRADE_CHANGE,0.0,0.0,0.0,"[{""candidate_id"": ""102:2023:산업·중소기업및에너지:중소기업및소상공인육성:4200:GENERAL_ACCOUNT"", ""account_type"": ""GENERAL_ACCOUNT"", ""review_grade"": ""D"", ""diagnostic_type"": ""NO_STRUCTURED_SIGNAL_DETECTED"", ""execution_rate"": 0.9997939375031704}]",LIMITED,False,PROGRAM_YEAR_REVIEW,0.9997939375031705,0.0,0.0,False,False,False,True,CONSECUTIVE_PRIOR_YEAR,-0.724393926684003,False,True,True,1,False,False,0,0,0.0,2022,2024,3,EXACT_PROGRAM_KEY,C,LIMITED,AMBIGUOUS,SINGLE_SIGNAL_REVIEW,budget_performance_mismatch,budget_performance_mismatch,budget_decrease_context,False,NOT_APPLICABLE,SINGLE_SIGNAL_REVIEW,원문에 이 신호의 예외 사유나 비교가능성 제한을 설명하는 근거가 있는가?,LIMITED,3,1,0,128,49
162:2400:2023,162:2400,162,2023,2400,통신,방송통신,통신정책지원,2,2,FUND;GENERAL_ACCOUNT,"[""162:2023:통신:방송통신:2400:FUND"", ""162:2023:통신:방송통신:2400:GENERAL_ACCOUNT""]",False,False,False,False,BASE_KEY_UNIQUE,False,36347000000,36347000000,35969185680,0,2,2,ALL_COMPARABLE_AT_OR_ABOVE_TARGET,COMPLETE_REPORTED_RATE_COVERAGE,False,False,,False,False,False,,,False,False,False,False,False,,UNKNOWN_TYPE,CONFIRMED_STRUCTURED,STRUCTURED_CONTEXT_INVENTORY,NO_CONFIRMED_CONTEXT_TAG,NO_GRADE_CHANGE,0.0,0.048367127961042124,1.0,"[{""candidate_id"": ""162:2023:통신:방송통신:2400:FUND"", ""account_type"": ""FUND"", ""review_grade"": ""C"", ""diagnostic_type"": ""CONTEXT_OR_SINGLE_SIGNAL_REVIEW"", ""execution_rate"": 0.988509646300295}, {""candidate_id"": ""162:2023:통신:방송통신:2400:GENERAL_ACCOUNT"", ""account_type"": ""GENERAL_ACCOUNT"", ""review_grade"": ""C"", ""diagnostic_type"": ""CONTEXT_OR_SINGLE_SIGNAL_REVIEW"", ""execution_rate"": 1.0}]",LIMITED,False,PROGRAM_YEAR_REVIEW,0.9896053506479214,0.0,0.0,False,False,False,True,CONSECUTIVE_PRIOR_YEAR,-0.5244406646604736,False,True,True,1,True,True,0,0,0.0,2022,2024,3,EXACT_PROGRAM_KEY,C,LIMITED,AMBIGUOUS,SINGLE_SIGNAL_REVIEW,budget_performance_mismatch,budget_performance_mismatch,budget_decrease_context;accounting_context;structure_context,False,NOT_APPLICABLE,SINGLE_SIGNAL_REVIEW,원문에 이 신호의 예외 사유나 비교가능성 제한을 설명하는 근거가 있는가?,LIMITED,3,1,0,129,50
162:4200:2023,162:4200,162,2023,4200,산업·중소기업및에너지,산업혁신지원,지역경제활성화,1,1,SPECIAL_ACCOUNT,"[""162:2023:산업·중소기업및에너지:산업혁신지원:4200:SPECIAL_ACCOUNT""]",False,False,False,False,BASE_KEY_UNIQUE,False,29018000000,29018000000,29018000000,0,2,2,ALL_COMPARABLE_AT_OR_ABOVE_TARGET,COMPLETE_REPORTED_RATE_COVERAGE,False,False,,False,True,False,0.5820180577572541,,False,False,False,False,False,,UNKNOWN_TYPE,CONFIRMED_STRUCTURED,STRUCTURED_CONTEXT_INVENTORY,NO_CONFIRMED_CONTEXT_TAG,NO_GRADE_CHANGE,0.0,0.0,0.0,"[{""candidate_id"": ""162:2023:산업·중소기업및에너지:산업혁신지원:4200:SPECIAL_ACCOUNT"", ""account_type"": ""SPECIAL_ACCOUNT"", ""review_grade"": ""D"", ""diagnostic_type"": ""NO_STRUCTURED_SIGNAL_DETECTED"", ""execution_rate"": 1.0}]",LIMITED,False,PROGRAM_YEAR_REVIEW,1.0,0.0,0.0,False,False,False,True,CONSECUTIVE_PRIOR_YEAR,-0.18360342111186134,False,True,True,1,False,False,0,0,0.0,2022,2024,3,EXACT_PROGRAM_KEY,C,LIMITED,AMBIGUOUS,SINGLE_SIGNAL_REVIEW,budget_performance_mismatch,budget_performance_mismatch,budget_decrease_context,False,NOT_APPLICABLE,SINGLE_SIGNAL_REVIEW,원문에 이 신호의 예외 사유나 비교가능성 제한을 설명하는 근거가 있는가?,LIMITED,3,1,0,130,51
162:1200:599c8e014508:2023,162:1200:599c8e014508,162,2023,1200,문화및관광,문화예술,정보통신방송국제협력,1,1,FUND,"[""162:2023:문화및관광:문화예술:1200:FUND""]",True,True,True,False,RESOLVED_BY_FIELD_SECTOR,False,11954000000,11954000000,11945274790,0,2,2,ALL_COMPARABLE_AT_OR_ABOVE_TARGET,COMPLETE_REPORTED_RATE_COVERAGE,False,False,,False,True,False,0.2802409235402375,,False,False,False,False,False,,UNKNOWN_TYPE,CONFIRMED_STRUCTURED,STRUCTURED_CONTEXT_INVENTORY,NO_CONFIRMED_CONTEXT_TAG,NO_GRADE_CHANGE,0.0,0.0,0.0,"[{""candidate_id"": ""162:2023:문화및관광:문화예술:1200:FUND"", ""account_type"": ""FUND"", ""review_grade"": ""D"", ""diagnostic_type"": ""NO_STRUCTURED_SIGNAL_DETECTED"", ""execution_rate"": 0.9992701012213484}]",LIMITED,False,PROGRAM_YEAR_REVIEW,0.9992701012213485,0.0,0.0,False,False,False,True,CONSECUTIVE_PRIOR_YEAR,-0.20024085100689104,False,True,True,1,False,False,0,0,0.0,2022,2024,3,EXACT_METADATA_DISAMBIGUATION,C,LIMITED,AMBIGUOUS,SINGLE_SIGNAL_REVIEW,budget_performance_mismatch,budget_performance_mismatch,budget_decrease_context,False,NOT_APPLICABLE,SINGLE_SIGNAL_REVIEW,원문에 이 신호의 예외 사유나 비교가능성 제한을 설명하는 근거가 있는가?,LIMITED,3,1,0,131,52
075:4500:2023,075:4500,075,2023,4500,보건,보건의료,소록도병원,1,1,GENERAL_ACCOUNT,"[""075:2023:보건:보건의료:4500:GENERAL_ACCOUNT""]",False,False,False,False,BASE_KEY_UNIQUE,False,11317000000,11696832780,10314747930,0,2,2,ALL_COMPARABLE_AT_OR_ABOVE_TARGET,COMPLETE_REPORTED_RATE_COVERAGE,False,False,,False,True,False,-0.1579924008129362,,False,False,True,False,False,,UNKNOWN_TYPE,CONFIRMED_STRUCTURED,STRUCTURED_CONTEXT_INVENTORY,NO_CONFIRMED_CONTEXT_TAG,NO_GRADE_CHANGE,0.0,0.0,0.0,"[{""candidate_id"": ""075:2023:보건:보건의료:4500:GENERAL_ACCOUNT"", ""account_type"": ""GENERAL_ACCOUNT"", ""review_grade"": ""C"", ""diagnostic_type"": ""LOW_EXECUTION_TARGET_MET"", ""execution_rate"": 0.8818411038274243}]",LIMITED,False,PROGRAM_YEAR_REVIEW,0.8818411038274243,0.5,0.0,False,False,False,False,CONSECUTIVE_PRIOR_YEAR,0.08358866334737658,True,False,False,0,False,False,0,0,0.5,2022,2024,3,EXACT_PROGRAM_KEY,C,LIMITED,AMBIGUOUS,LOW_EXECUTION_TARGET_MET,execution,execution,budget_increase_context,False,LOW_EXECUTION_WITH_REPORTED_TARGET_MET,LOW_EXECUTION_TARGET_MET,"집행률 분모와 성과지표 비교가능성을 확인한 뒤, 원문에 목표 적정성·수요 변화·비용 절감·측정 시차를 설명하는 근거가 있는가?",LIMITED,3,1,0,132,53
075:1900:2023,075:1900,075,2023,1900,사회복지,취약계층지원,노숙인의사상자지원,1,1,GENERAL_ACCOUNT,"[""075:2023:사회복지:취약계층지원:1900:GENERAL_ACCOUNT""]",False,False,False,False,BASE_KEY_UNIQUE,False,7748000000,7748000000,7287349510,0,1,1,ALL_COMPARABLE_AT_OR_ABOVE_TARGET,COMPLETE_REPORTED_RATE_COVERAGE,False,False,,False,True,False,-0.0789881259679917,,False,False,True,False,False,,UNKNOWN_TYPE,CONFIRMED_STRUCTURED,STRUCTURED_CONTEXT_INVENTORY,NO_CONFIRMED_CONTEXT_TAG,NO_GRADE_CHANGE,0.0,0.6663655136809499,0.0,"[{""candidate_id"": ""075:2023:사회복지:취약계층지원:1900:GENERAL_ACCOUNT"", ""account_type"": ""GENERAL_ACCOUNT"", ""review_grade"": ""C"", ""diagnostic_type"": ""CONTEXT_OR_SINGLE_SIGNAL_REVIEW"", ""execution_rate"": 0.9405458840991224}]",LIMITED,False,PROGRAM_YEAR_REVIEW,0.9405458840991223,0.0,0.0,False,False,False,False,CONSECUTIVE_PRIOR_YEAR,-0.008192524321556593,False,True,True,1,True,False,0,0,0.0,2022,2024,3,EXACT_PROGRAM_KEY,C,LIMITED,AMBIGUOUS,SINGLE_SIGNAL_REVIEW,budget_performance_mismatch,budget_performance_mismatch,budget_decrease_context;accounting_context,False,NOT_APPLICABLE,SINGLE_SIGNAL_REVIEW,원문에 이 신호의 예외 사유나 비교가능성 제한을 설명하는 근거가 있는가?,LIMITED,3,1,0,133,54
075:3900:2023,075:3900,075,2023,3900,보건,보건의료,국립부곡병원,1,1,RESPONSIBLE_OPERATION_ACCOUNT,"[""075:2023:보건:보건의료:3900:RESPONSIBLE_OPERATION_ACCOUNT""]",False,False,False,False,BASE_KEY_UNIQUE,False,7677000000,7701000000,5846142700,0,2,2,ALL_COMPARABLE_AT_OR_ABOVE_TARGET,COMPLETE_REPORTED_RATE_COVERAGE,False,False,,False,True,False,-0.0479044787570729,,False,False,True,False,False,,UNKNOWN_TYPE,CONFIRMED_STRUCTURED,STRUCTURED_CONTEXT_INVENTORY,NO_CONFIRMED_CONTEXT_TAG,NO_GRADE_CHANGE,0.0,0.0,1.0,"[{""candidate_id"": ""075:2023:보건:보건의료:3900:RESPONSIBLE_OPERATION_ACCOUNT"", ""account_type"": ""RESPONSIBLE_OPERATION_ACCOUNT"", ""review_grade"": ""C"", ""diagnostic_type"": ""LOW_EXECUTION_TARGET_MET"", ""execution_rate"": 0.7591407219841579}]",CONFIRMED,False,PROGRAM_YEAR_REVIEW,0.7591407219841579,1.0,0.0,False,True,False,True,CONSECUTIVE_PRIOR_YEAR,0.02196485623003186,True,False,False,0,False,True,0,0,1.0,2022,2024,3,EXACT_PROGRAM_KEY,C,LIMITED,AMBIGUOUS,LOW_EXECUTION_TARGET_MET,execution,execution,budget_increase_context;structure_context,False,LOW_EXECUTION_WITH_REPORTED_TARGET_MET,LOW_EXECUTION_TARGET_MET,"집행률 분모와 성과지표 비교가능성을 확인한 뒤, 원문에 목표 적정성·수요 변화·비용 절감·측정 시차를 설명하는 근거가 있는가?",LIMITED,3,1,1,134,55
075:7600:2023,075:7600,075,2023,7600,사회복지,공적연금,국민연금운영(급여지급),1,1,FUND,"[""075:2023:사회복지:공적연금:7600:FUND""]",False,False,False,False,BASE_KEY_UNIQUE,False,39085909000000,39085909000000,39040227402860,0,1,1,ALL_COMPARABLE_AT_OR_ABOVE_TARGET,COMPLETE_REPORTED_RATE_COVERAGE,False,False,,False,True,False,0.1214753889950467,,False,False,False,False,False,,UNKNOWN_TYPE,CONFIRMED_STRUCTURED,STRUCTURED_CONTEXT_INVENTORY,NO_CONFIRMED_CONTEXT_TAG,DISPLAY_ONLY_NO_GRADE_CHANGE,0.0,0.0,0.0,"[{""candidate_id"": ""075:2023:사회복지:공적연금:7600:FUND"", ""account_type"": ""FUND"", ""review_grade"": ""D"", ""diagnostic_type"": ""NO_STRUCTURED_SIGNAL_DETECTED"", ""execution_rate"": 0.9988312515095914}]",LIMITED,False,PROGRAM_YEAR_REVIEW,0.9988312515095914,0.0,0.0,False,False,False,True,CONSECUTIVE_PRIOR_YEAR,0.14529732982415866,True,False,False,0,False,False,0,0,0.0,2022,2024,3,EXACT_PROGRAM_KEY,D,REVIEWABLE,NONE,NO_STRUCTURED_SIGNAL_DETECTED,NONE,NONE,budget_increase_context,True,NOT_APPLICABLE,NO_STRUCTURED_SIGNAL_DETECTED,현재 구조화 신호가 없다는 판단의 입력 범위가 충분한가?,LIMITED,4,0,0,135,56
075:2100:2023,075:2100,075,2023,2100,사회복지,노인,노인생활안정,2,2,GENERAL_ACCOUNT;SPECIAL_ACCOUNT,"[""075:2023:사회복지:노인:2100:GENERAL_ACCOUNT"", ""075:2023:사회복지:노인:2100:SPECIAL_ACCOUNT""]",False,False,False,False,BASE_KEY_UNIQUE,False,20732525000000,20723948367270,20388247260550,0,1,1,ALL_COMPARABLE_AT_OR_ABOVE_TARGET,COMPLETE_REPORTED_RATE_COVERAGE,False,False,,False,False,False,,,False,False,False,False,False,,UNKNOWN_TYPE,CONFIRMED_STRUCTURED,STRUCTURED_CONTEXT_INVENTORY,NO_CONFIRMED_CONTEXT_TAG,DISPLAY_ONLY_NO_GRADE_CHANGE,0.0,0.07428019500760272,1.0,"[{""candidate_id"": ""075:2023:사회복지:노인:2100:GENERAL_ACCOUNT"", ""account_type"": ""GENERAL_ACCOUNT"", ""review_grade"": ""C"", ""diagnostic_type"": ""CONTEXT_OR_SINGLE_SIGNAL_REVIEW"", ""execution_rate"": 0.9835611157995748}, {""candidate_id"": ""075:2023:사회복지:노인:2100:SPECIAL_ACCOUNT"", ""account_type"": ""SPECIAL_ACCOUNT"", ""review_grade"": ""C"", ""diagnostic_type"": ""CONTEXT_OR_SINGLE_SIGNAL_REVIEW"", ""execution_rate"": 0.992546873323344}]",LIMITED,False,PROGRAM_YEAR_REVIEW,0.9838012959320925,0.0,0.0,False,False,False,True,CONSECUTIVE_PRIOR_YEAR,0.13152122058860205,True,False,False,0,True,True,0,0,0.0,2022,2024,3,EXACT_PROGRAM_KEY,D,REVIEWABLE,NONE,NO_STRUCTURED_SIGNAL_DETECTED,NONE,NONE,budget_increase_context;accounting_context;structure_context,True,NOT_APPLICABLE,NO_STRUCTURED_SIGNAL_DETECTED,현재 구조화 신호가 없다는 판단의 입력 범위가 충분한가?,LIMITED,4,0,0,136,57
019:4000:2023,019:4000,019,2023,4000,사회복지,노동,산재보험,1,1,FUND,"[""019:2023:사회복지:노동:4000:FUND""]",False,False,False,False,BASE_KEY_UNIQUE,False,8015070000000,8015070000000,7507439274010,0,2,2,ALL_COMPARABLE_AT_OR_ABOVE_TARGET,COMPLETE_REPORTED_RATE_COVERAGE,False,False,,False,True,False,0.0106777607681529,,False,False,False,False,False,,UNKNOWN_TYPE,CONFIRMED_STRUCTURED,STRUCTURED_CONTEXT_INVENTORY,NO_CONFIRMED_CONTEXT_TAG,DISPLAY_ONLY_NO_GRADE_CHANGE,0.0,0.0060105526214992,1.0,"[{""candidate_id"": ""019:2023:사회복지:노동:4000:FUND"", ""account_type"": ""FUND"", ""review_grade"": ""C"", ""diagnostic_type"": ""CONTEXT_OR_SINGLE_SIGNAL_REVIEW"", ""execution_rate"": 0.9366654656802748}]",LIMITED,False,PROGRAM_YEAR_REVIEW,0.9366654656802748,0.0,0.0,False,False,False,False,CONSECUTIVE_PRIOR_YEAR,0.0869946129478576,True,False,False,0,True,True,0,0,0.0,2022,2024,3,EXACT_PROGRAM_KEY,D,REVIEWABLE,NONE,NO_STRUCTURED_SIGNAL_DETECTED,NONE,NONE,budget_increase_context;accounting_context;structure_context,True,NOT_APPLICABLE,NO_STRUCTURED_SIGNAL_DETECTED,현재 구조화 신호가 없다는 판단의 입력 범위가 충분한가?,LIMITED,4,0,0,137,58
162:1200:65acaef042b4:2023,162:1200:65acaef042b4,162,2023,1200,과학기술,과학기술연구개발,기초연구진흥,3,3,FUND;GENERAL_ACCOUNT;SPECIAL_ACCOUNT,"[""162:2023:과학기술:과학기술연구개발:1200:FUND"", ""162:2023:과학기술:과학기술연구개발:1200:GENERAL_ACCOUNT"", ""162:2023:과학기술:과학기술연구개발:1200:SPECIAL_ACCOUNT""]",True,True,True,False,RESOLVED_BY_FIELD_SECTOR,False,2190209000000,2190209000000,2190209000000,0,2,2,ALL_COMPARABLE_AT_OR_ABOVE_TARGET,COMPLETE_REPORTED_RATE_COVERAGE,False,False,,False,False,False,,,False,False,False,False,False,,UNKNOWN_TYPE,CONFIRMED_STRUCTURED,STRUCTURED_CONTEXT_INVENTORY,NO_CONFIRMED_CONTEXT_TAG,DISPLAY_ONLY_NO_GRADE_CHANGE,0.0,0.0,1.0,"[{""candidate_id"": ""162:2023:과학기술:과학기술연구개발:1200:FUND"", ""account_type"": ""FUND"", ""review_grade"": ""C"", ""diagnostic_type"": ""CONTEXT_OR_SINGLE_SIGNAL_REVIEW"", ""execution_rate"": 1.0}, {""candidate_id"": ""162:2023:과학기술:과학기술연구개발:1200:GENERAL_ACCOUNT"", ""account_type"": ""GENERAL_ACCOUNT"", ""review_grade"": ""C"", ""diagnostic_type"": ""CONTEXT_OR_SINGLE_SIGNAL_REVIEW"", ""execution_rate"": 1.0}, {""candidate_id"": ""162:2023:과학기술:과학기술연구개발:1200:SPECIAL_ACCOUNT"", ""account_type"": ""SPECIAL_ACCOUNT"", ""review_grade"": ""C"", ""diagnostic_type"": ""CONTEXT_OR_SINGLE_SIGNAL_REVIEW"", ""execution_rate"": 1.0}]",CONFIRMED,False,PROGRAM_YEAR_REVIEW,1.0,0.0,0.0,False,False,False,True,CONSECUTIVE_PRIOR_YEAR,0.03223664335479781,True,False,False,0,False,True,0,0,0.0,2022,2024,3,EXACT_METADATA_DISAMBIGUATION,D,REVIEWABLE,NONE,NO_STRUCTURED_SIGNAL_DETECTED,NONE,NONE,budget_increase_context;structure_context,True,NOT_APPLICABLE,NO_STRUCTURED_SIGNAL_DETECTED,현재 구조화 신호가 없다는 판단의 입력 범위가 충분한가?,STRONG,4,0,0,138,59
102:2400:2023,102:2400,102,2023,2400,산업·중소기업및에너지,창업및벤처,기술금융지원,1,1,FUND,"[""102:2023:산업·중소기업및에너지:창업및벤처:2400:FUND""]",False,False,False,False,BASE_KEY_UNIQUE,False,1368778000000,1368778000000,1343294045694,0,2,2,ALL_COMPARABLE_AT_OR_ABOVE_TARGET,COMPLETE_REPORTED_RATE_COVERAGE,False,False,,False,True,False,0.1651283115304307,,False,False,False,False,False,,UNKNOWN_TYPE,CONFIRMED_STRUCTURED,STRUCTURED_CONTEXT_INVENTORY,NO_CONFIRMED_CONTEXT_TAG,DISPLAY_ONLY_NO_GRADE_CHANGE,0.0,0.0,1.0,"[{""candidate_id"": ""102:2023:산업·중소기업및에너지:창업및벤처:2400:FUND"", ""account_type"": ""FUND"", ""review_grade"": ""C"", ""diagnostic_type"": ""LOW_EXECUTION_TARGET_MET"", ""execution_rate"": 0.9813819667572096}]",LIMITED,False,PROGRAM_YEAR_REVIEW,0.9813819667572097,0.0,0.0,False,False,False,False,LEFT_CENSORED_OR_FIRST_OBSERVATION,,False,False,False,0,False,True,0,0,0.0,2023,2024,2,EXACT_PROGRAM_KEY,D,REVIEWABLE,NONE,NO_STRUCTURED_SIGNAL_DETECTED,NONE,NONE,structure_context,True,NOT_APPLICABLE,NO_STRUCTURED_SIGNAL_DETECTED,현재 구조화 신호가 없다는 판단의 입력 범위가 충분한가?,LIMITED,4,0,0,139,60
162:1100:65acaef042b4:2023,162:1100:65acaef042b4,162,2023,1100,과학기술,과학기술연구개발,미래유망원천기술개발,3,3,FUND;GENERAL_ACCOUNT;SPECIAL_ACCOUNT,"[""162:2023:과학기술:과학기술연구개발:1100:FUND"", ""162:2023:과학기술:과학기술연구개발:1100:GENERAL_ACCOUNT"", ""162:2023:과학기술:과학기술연구개발:1100:SPECIAL_ACCOUNT""]",True,True,True,False,RESOLVED_BY_FIELD_SECTOR,False,1272867000000,1272867000000,1272867000000,0,2,2,ALL_COMPARABLE_AT_OR_ABOVE_TARGET,COMPLETE_REPORTED_RATE_COVERAGE,False,False,,False,False,False,,,False,False,False,False,False,,UNKNOWN_TYPE,CONFIRMED_STRUCTURED,STRUCTURED_CONTEXT_INVENTORY,NO_CONFIRMED_CONTEXT_TAG,DISPLAY_ONLY_NO_GRADE_CHANGE,0.0,0.0,0.0,"[{""candidate_id"": ""162:2023:과학기술:과학기술연구개발:1100:FUND"", ""account_type"": ""FUND"", ""review_grade"": ""D"", ""diagnostic_type"": ""NO_STRUCTURED_SIGNAL_DETECTED"", ""execution_rate"": 1.0}, {""candidate_id"": ""162:2023:과학기술:과학기술연구개발:1100:GENERAL_ACCOUNT"", ""account_type"": ""GENERAL_ACCOUNT"", ""review_grade"": ""C"", ""diagnostic_type"": ""CONTEXT_OR_SINGLE_SIGNAL_REVIEW"", ""execution_rate"": 1.0}, {""candidate_id"": ""162:2023:과학기술:과학기술연구개발:1100:SPECIAL_ACCOUNT"", ""account_type"": ""SPECIAL_ACCOUNT"", ""review_grade"": ""D"", ""diagnostic_type"": ""NO_STRUCTURED_SIGNAL_DETECTED"", ""execution_rate"": 1.0}]",LIMITED,False,PROGRAM_YEAR_REVIEW,1.0,0.0,0.0,False,False,False,False,CONSECUTIVE_PRIOR_YEAR,0.057187529199240084,True,False,False,0,False,False,0,0,0.0,2022,2024,3,EXACT_METADATA_DISAMBIGUATION,D,REVIEWABLE,NONE,NO_STRUCTURED_SIGNAL_DETECTED,NONE,NONE,budget_increase_context,True,NOT_APPLICABLE,NO_STRUCTURED_SIGNAL_DETECTED,현재 구조화 신호가 없다는 판단의 입력 범위가 충분한가?,LIMITED,4,0,0,140,61
019:3000:2023,019:3000,019,2023,3000,사회복지,노동,근로조건보호및복지증진,2,2,FUND;GENERAL_ACCOUNT,"[""019:2023:사회복지:노동:3000:FUND"", ""019:2023:사회복지:노동:3000:GENERAL_ACCOUNT""]",False,False,False,False,BASE_KEY_UNIQUE,False,1092209000000,1094599120000,1071685667143,0,3,3,ALL_COMPARABLE_AT_OR_ABOVE_TARGET,COMPLETE_REPORTED_RATE_COVERAGE,False,False,,False,False,False,,,False,False,False,False,False,,UNKNOWN_TYPE,CONFIRMED_STRUCTURED,STRUCTURED_CONTEXT_INVENTORY,NO_CONFIRMED_CONTEXT_TAG,DISPLAY_ONLY_NO_GRADE_CHANGE,0.0,0.1556478659304217,0.0,"[{""candidate_id"": ""019:2023:사회복지:노동:3000:FUND"", ""account_type"": ""FUND"", ""review_grade"": ""C"", ""diagnostic_type"": ""LOW_EXECUTION_TARGET_MET"", ""execution_rate"": 0.9784628480703264}, {""candidate_id"": ""019:2023:사회복지:노동:3000:GENERAL_ACCOUNT"", ""account_type"": ""GENERAL_ACCOUNT"", ""review_grade"": ""D"", ""diagnostic_type"": ""NO_STRUCTURED_SIGNAL_DETECTED"", ""execution_rate"": 0.988912790256548}]",LIMITED,False,PROGRAM_YEAR_REVIEW,0.9790668086257917,0.0,0.0,False,False,False,True,CONSECUTIVE_PRIOR_YEAR,0.03892364516322333,True,False,False,0,True,False,0,0,0.0,2022,2024,3,EXACT_PROGRAM_KEY,D,REVIEWABLE,NONE,NO_STRUCTURED_SIGNAL_DETECTED,NONE,NONE,budget_increase_context;accounting_context,True,NOT_APPLICABLE,NO_STRUCTURED_SIGNAL_DETECTED,현재 구조화 신호가 없다는 판단의 입력 범위가 충분한가?,LIMITED,4,0,0,141,62
019:1400:2023,019:1400,019,2023,1400,사회복지,고용,장애인고용증진,1,1,FUND,"[""019:2023:사회복지:고용:1400:FUND""]",False,False,False,False,BASE_KEY_UNIQUE,False,793474000000,793474000000,784648167650,0,2,2,ALL_COMPARABLE_AT_OR_ABOVE_TARGET,COMPLETE_REPORTED_RATE_COVERAGE,False,False,,False,True,False,0.0761764090568815,,False,False,False,False,False,,UNKNOWN_TYPE,CONFIRMED_STRUCTURED,STRUCTURED_CONTEXT_INVENTORY,NO_CONFIRMED_CONTEXT_TAG,DISPLAY_ONLY_NO_GRADE_CHANGE,0.0,0.0713898628058386,0.0,"[{""candidate_id"": ""019:2023:사회복지:고용:1400:FUND"", ""account_type"": ""FUND"", ""review_grade"": ""C"", ""diagnostic_type"": ""LOW_EXECUTION_TARGET_MET"", ""execution_rate"": 0.988876973473611}]",LIMITED,False,PROGRAM_YEAR_REVIEW,0.988876973473611,0.0,0.0,False,False,False,True,CONSECUTIVE_PRIOR_YEAR,0.13773904415317761,True,False,False,0,True,False,0,0,0.0,2022,2024,3,EXACT_PROGRAM_KEY,D,REVIEWABLE,NONE,NO_STRUCTURED_SIGNAL_DETECTED,NONE,NONE,budget_increase_context;accounting_context,True,NOT_APPLICABLE,NO_STRUCTURED_SIGNAL_DETECTED,현재 구조화 신호가 없다는 판단의 입력 범위가 충분한가?,LIMITED,4,0,0,142,63
075:2600:2023,075:2600,075,2023,2600,사회복지,사회복지일반,사회복지기반조성,2,2,GENERAL_ACCOUNT;SPECIAL_ACCOUNT,"[""075:2023:사회복지:사회복지일반:2600:GENERAL_ACCOUNT"", ""075:2023:사회복지:사회복지일반:2600:SPECIAL_ACCOUNT""]",False,False,False,False,BASE_KEY_UNIQUE,False,600826000000,602948973800,582598328640,0,2,2,ALL_COMPARABLE_AT_OR_ABOVE_TARGET,COMPLETE_REPORTED_RATE_COVERAGE,False,False,,False,False,False,,,False,False,False,False,False,,UNKNOWN_TYPE,CONFIRMED_STRUCTURED,STRUCTURED_CONTEXT_INVENTORY,NO_CONFIRMED_CONTEXT_TAG,DISPLAY_ONLY_NO_GRADE_CHANGE,0.0,5.326001205005217e-05,0.0,"[{""candidate_id"": ""075:2023:사회복지:사회복지일반:2600:GENERAL_ACCOUNT"", ""account_type"": ""GENERAL_ACCOUNT"", ""review_grade"": ""C"", ""diagnostic_type"": ""LOW_EXECUTION_TARGET_MET"", ""execution_rate"": 0.968944738631402}, {""candidate_id"": ""075:2023:사회복지:사회복지일반:2600:SPECIAL_ACCOUNT"", ""account_type"": ""SPECIAL_ACCOUNT"", ""review_grade"": ""C"", ""diagnostic_type"": ""CONTEXT_OR_SINGLE_SIGNAL_REVIEW"", ""execution_rate"": 0.9648706511895964}]",LIMITED,False,PROGRAM_YEAR_REVIEW,0.9662481469505737,0.0,0.0,False,False,False,True,CONSECUTIVE_PRIOR_YEAR,0.04159797236972351,True,False,False,0,True,False,0,0,0.0,2022,2024,3,EXACT_PROGRAM_KEY,D,REVIEWABLE,NONE,NO_STRUCTURED_SIGNAL_DETECTED,NONE,NONE,budget_increase_context;accounting_context,True,NOT_APPLICABLE,NO_STRUCTURED_SIGNAL_DETECTED,현재 구조화 신호가 없다는 판단의 입력 범위가 충분한가?,LIMITED,4,0,0,143,64
162:2200:948fe92e436a:2023,162:2200:948fe92e436a,162,2023,2200,통신,정보통신,SW산업진흥,3,3,FUND;GENERAL_ACCOUNT;SPECIAL_ACCOUNT,"[""162:2023:통신:정보통신:2200:FUND"", ""162:2023:통신:정보통신:2200:GENERAL_ACCOUNT"", ""162:2023:통신:정보통신:2200:SPECIAL_ACCOUNT""]",True,True,True,False,RESOLVED_BY_FIELD_SECTOR,False,550937000000,550937000000,550937000000,0,2,2,ALL_COMPARABLE_AT_OR_ABOVE_TARGET,COMPLETE_REPORTED_RATE_COVERAGE,False,False,,False,False,False,,,False,False,False,False,False,,UNKNOWN_TYPE,CONFIRMED_STRUCTURED,STRUCTURED_CONTEXT_INVENTORY,NO_CONFIRMED_CONTEXT_TAG,DISPLAY_ONLY_NO_GRADE_CHANGE,0.0,0.0,0.0,"[{""candidate_id"": ""162:2023:통신:정보통신:2200:FUND"", ""account_type"": ""FUND"", ""review_grade"": ""D"", ""diagnostic_type"": ""NO_STRUCTURED_SIGNAL_DETECTED"", ""execution_rate"": 1.0}, {""candidate_id"": ""162:2023:통신:정보통신:2200:GENERAL_ACCOUNT"", ""account_type"": ""GENERAL_ACCOUNT"", ""review_grade"": ""C"", ""diagnostic_type"": ""CONTEXT_OR_SINGLE_SIGNAL_REVIEW"", ""execution_rate"": 1.0}, {""candidate_id"": ""162:2023:통신:정보통신:2200:SPECIAL_ACCOUNT"", ""account_type"": ""SPECIAL_ACCOUNT"", ""review_grade"": ""D"", ""diagnostic_type"": ""NO_STRUCTURED_SIGNAL_DETECTED"", ""execution_rate"": 1.0}]",LIMITED,False,PROGRAM_YEAR_REVIEW,1.0,0.0,0.0,False,False,False,True,CONSECUTIVE_PRIOR_YEAR,0.06276837487798947,True,False,False,0,False,False,0,0,0.0,2022,2024,3,EXACT_METADATA_DISAMBIGUATION,D,REVIEWABLE,NONE,NO_STRUCTURED_SIGNAL_DETECTED,NONE,NONE,budget_increase_context,True,NOT_APPLICABLE,NO_STRUCTURED_SIGNAL_DETECTED,현재 구조화 신호가 없다는 판단의 입력 범위가 충분한가?,LIMITED,4,0,0,144,65
162:1300:2023,162:1300,162,2023,1300,과학기술,과학기술연구개발,우주개발진흥,2,2,FUND;GENERAL_ACCOUNT,"[""162:2023:과학기술:과학기술연구개발:1300:FUND"", ""162:2023:과학기술:과학기술연구개발:1300:GENERAL_ACCOUNT""]",False,False,False,False,BASE_KEY_UNIQUE,False,433860000000,433860000000,433860000000,0,2,2,ALL_COMPARABLE_AT_OR_ABOVE_TARGET,COMPLETE_REPORTED_RATE_COVERAGE,False,False,,False,False,False,,,False,False,False,False,False,,UNKNOWN_TYPE,CONFIRMED_STRUCTURED,STRUCTURED_CONTEXT_INVENTORY,NO_CONFIRMED_CONTEXT_TAG,DISPLAY_ONLY_NO_GRADE_CHANGE,0.0,0.0,0.0,"[{""candidate_id"": ""162:2023:과학기술:과학기술연구개발:1300:FUND"", ""account_type"": ""FUND"", ""review_grade"": ""D"", ""diagnostic_type"": ""NO_STRUCTURED_SIGNAL_DETECTED"", ""execution_rate"": 1.0}, {""candidate_id"": ""162:2023:과학기술:과학기술연구개발:1300:GENERAL_ACCOUNT"", ""account_type"": ""GENERAL_ACCOUNT"", ""review_grade"": ""C"", ""diagnostic_type"": ""CONTEXT_OR_SINGLE_SIGNAL_REVIEW"", ""execution_rate"": 1.0}]",LIMITED,False,PROGRAM_YEAR_REVIEW,1.0,0.0,0.0,False,False,False,True,CONSECUTIVE_PRIOR_YEAR,0.09591048018388948,True,False,False,0,False,False,0,0,0.0,2022,2024,3,EXACT_PROGRAM_KEY,D,REVIEWABLE,NONE,NO_STRUCTURED_SIGNAL_DETECTED,NONE,NONE,budget_increase_context,True,NOT_APPLICABLE,NO_STRUCTURED_SIGNAL_DETECTED,현재 구조화 신호가 없다는 판단의 입력 범위가 충분한가?,LIMITED,4,0,0,145,66
075:7400:2023,075:7400,075,2023,7400,사회복지,공적연금,국민연금운영(여유자금운영위탁 등),1,1,FUND,"[""075:2023:사회복지:공적연금:7400:FUND""]",False,False,False,False,BASE_KEY_UNIQUE,False,340333000000,357914489585,343877261933,0,2,2,ALL_COMPARABLE_AT_OR_ABOVE_TARGET,COMPLETE_REPORTED_RATE_COVERAGE,False,False,,False,True,False,0.0283193225458594,,False,False,False,False,False,,UNKNOWN_TYPE,CONFIRMED_STRUCTURED,STRUCTURED_CONTEXT_INVENTORY,NO_CONFIRMED_CONTEXT_TAG,DISPLAY_ONLY_NO_GRADE_CHANGE,0.0,0.1671392430354976,0.0,"[{""candidate_id"": ""075:2023:사회복지:공적연금:7400:FUND"", ""account_type"": ""FUND"", ""review_grade"": ""C"", ""diagnostic_type"": ""CONTEXT_OR_SINGLE_SIGNAL_REVIEW"", ""execution_rate"": 0.9607804990843593}]",LIMITED,False,PROGRAM_YEAR_REVIEW,0.9607804990843593,0.0,0.0,False,False,False,False,CONSECUTIVE_PRIOR_YEAR,0.01389766078386967,True,False,False,0,True,False,0,0,0.0,2022,2024,3,EXACT_PROGRAM_KEY,D,REVIEWABLE,NONE,NO_STRUCTURED_SIGNAL_DETECTED,NONE,NONE,budget_increase_context;accounting_context,True,NOT_APPLICABLE,NO_STRUCTURED_SIGNAL_DETECTED,현재 구조화 신호가 없다는 판단의 입력 범위가 충분한가?,LIMITED,4,0,0,146,67
162:1400:65acaef042b4:2023,162:1400:65acaef042b4,162,2023,1400,과학기술,과학기술연구개발,원자력 진흥,3,3,FUND;GENERAL_ACCOUNT;SPECIAL_ACCOUNT,"[""162:2023:과학기술:과학기술연구개발:1400:FUND"", ""162:2023:과학기술:과학기술연구개발:1400:GENERAL_ACCOUNT"", ""162:2023:과학기술:과학기술연구개발:1400:SPECIAL_ACCOUNT""]",True,True,True,False,RESOLVED_BY_FIELD_SECTOR,False,308402000000,308402000000,308382000000,0,1,1,ALL_COMPARABLE_AT_OR_ABOVE_TARGET,COMPLETE_REPORTED_RATE_COVERAGE,False,False,,False,False,False,,,False,False,False,False,False,,UNKNOWN_TYPE,CONFIRMED_STRUCTURED,STRUCTURED_CONTEXT_INVENTORY,NO_CONFIRMED_CONTEXT_TAG,DISPLAY_ONLY_NO_GRADE_CHANGE,0.0,0.0,0.0,"[{""candidate_id"": ""162:2023:과학기술:과학기술연구개발:1400:FUND"", ""account_type"": ""FUND"", ""review_grade"": ""C"", ""diagnostic_type"": ""CONTEXT_OR_SINGLE_SIGNAL_REVIEW"", ""execution_rate"": 1.0}, {""candidate_id"": ""162:2023:과학기술:과학기술연구개발:1400:GENERAL_ACCOUNT"", ""account_type"": ""GENERAL_ACCOUNT"", ""review_grade"": ""C"", ""diagnostic_type"": ""CONTEXT_OR_SINGLE_SIGNAL_REVIEW"", ""execution_rate"": 0.9996808222020076}, {""candidate_id"": ""162:2023:과학기술:과학기술연구개발:1400:SPECIAL_ACCOUNT"", ""account_type"": ""SPECIAL_ACCOUNT"", ""review_grade"": ""D"", ""diagnostic_type"": ""NO_STRUCTURED_SIGNAL_DETECTED"", ""execution_rate"": 1.0}]",LIMITED,False,PROGRAM_YEAR_REVIEW,0.9999351495774995,0.0,0.0,False,False,False,True,CONSECUTIVE_PRIOR_YEAR,0.03706717690220218,True,False,False,0,False,False,0,0,0.0,2022,2023,2,EXACT_METADATA_DISAMBIGUATION,D,REVIEWABLE,NONE,NO_STRUCTURED_SIGNAL_DETECTED,NONE,NONE,budget_increase_context,True,NOT_APPLICABLE,NO_STRUCTURED_SIGNAL_DETECTED,현재 구조화 신호가 없다는 판단의 입력 범위가 충분한가?,LIMITED,4,0,0,147,68
162:5300:2023,162:5300,162,2023,5300,통신,우정,우체국보험,1,1,SPECIAL_ACCOUNT,"[""162:2023:통신:우정:5300:SPECIAL_ACCOUNT""]",False,False,False,False,BASE_KEY_UNIQUE,False,295686000000,295970025000,294005828500,0,2,2,ALL_COMPARABLE_AT_OR_ABOVE_TARGET,COMPLETE_REPORTED_RATE_COVERAGE,False,False,,False,True,False,-0.0098212292770033,,False,False,True,False,False,,UNKNOWN_TYPE,CONFIRMED_STRUCTURED,STRUCTURED_CONTEXT_INVENTORY,NO_CONFIRMED_CONTEXT_TAG,DISPLAY_ONLY_NO_GRADE_CHANGE,0.0,0.0,0.0,"[{""candidate_id"": ""162:2023:통신:우정:5300:SPECIAL_ACCOUNT"", ""account_type"": ""SPECIAL_ACCOUNT"", ""review_grade"": ""D"", ""diagnostic_type"": ""NO_STRUCTURED_SIGNAL_DETECTED"", ""execution_rate"": 0.993363528958718}]",LIMITED,False,PROGRAM_YEAR_REVIEW,0.993363528958718,0.0,0.0,False,False,False,False,CONSECUTIVE_PRIOR_YEAR,0.0011749210229601292,True,False,False,0,False,False,0,0,0.0,2022,2024,3,EXACT_PROGRAM_KEY,D,REVIEWABLE,NONE,NO_STRUCTURED_SIGNAL_DETECTED,NONE,NONE,budget_increase_context,True,NOT_APPLICABLE,NO_STRUCTURED_SIGNAL_DETECTED,현재 구조화 신호가 없다는 판단의 입력 범위가 충분한가?,LIMITED,4,0,0,148,69
162:1100:599c8e014508:2023,162:1100:599c8e014508,162,2023,1100,문화및관광,문화예술,콘텐츠방송산업육성,2,2,FUND;GENERAL_ACCOUNT,"[""162:2023:문화및관광:문화예술:1100:FUND"", ""162:2023:문화및관광:문화예술:1100:GENERAL_ACCOUNT""]",True,True,True,False,RESOLVED_BY_FIELD_SECTOR,False,275251000000,275251000000,275047208220,0,2,2,ALL_COMPARABLE_AT_OR_ABOVE_TARGET,COMPLETE_REPORTED_RATE_COVERAGE,False,False,,False,False,False,,,False,False,False,False,False,,UNKNOWN_TYPE,CONFIRMED_STRUCTURED,STRUCTURED_CONTEXT_INVENTORY,NO_CONFIRMED_CONTEXT_TAG,DISPLAY_ONLY_NO_GRADE_CHANGE,0.0,0.0,0.0,"[{""candidate_id"": ""162:2023:문화및관광:문화예술:1100:FUND"", ""account_type"": ""FUND"", ""review_grade"": ""D"", ""diagnostic_type"": ""NO_STRUCTURED_SIGNAL_DETECTED"", ""execution_rate"": 0.9989394737745952}, {""candidate_id"": ""162:2023:문화및관광:문화예술:1100:GENERAL_ACCOUNT"", ""account_type"": ""GENERAL_ACCOUNT"", ""review_grade"": ""D"", ""diagnostic_type"": ""NO_STRUCTURED_SIGNAL_DETECTED"", ""execution_rate"": 1.0}]",LIMITED,False,PROGRAM_YEAR_REVIEW,0.9992596147516267,0.0,0.0,False,False,False,False,CONSECUTIVE_PRIOR_YEAR,0.009387915259396085,True,False,False,0,False,False,0,0,0.0,2022,2024,3,EXACT_METADATA_DISAMBIGUATION,D,REVIEWABLE,NONE,NO_STRUCTURED_SIGNAL_DETECTED,NONE,NONE,budget_increase_context,True,NOT_APPLICABLE,NO_STRUCTURED_SIGNAL_DETECTED,현재 구조화 신호가 없다는 판단의 입력 범위가 충분한가?,LIMITED,4,0,0,149,70
102:3100:2023,102:3100,102,2023,3100,산업·중소기업및에너지,무역및투자유치,중소기업수출촉진지원,2,2,FUND;GENERAL_ACCOUNT,"[""102:2023:산업·중소기업및에너지:무역및투자유치:3100:FUND"", ""102:2023:산업·중소기업및에너지:무역및투자유치:3100:GENERAL_ACCOUNT""]",False,False,False,False,BASE_KEY_UNIQUE,False,267594000000,267594000000,267254416949,0,2,2,ALL_COMPARABLE_AT_OR_ABOVE_TARGET,COMPLETE_REPORTED_RATE_COVERAGE,False,False,,False,False,False,,,False,False,False,False,False,,UNKNOWN_TYPE,CONFIRMED_STRUCTURED,STRUCTURED_CONTEXT_INVENTORY,NO_CONFIRMED_CONTEXT_TAG,DISPLAY_ONLY_NO_GRADE_CHANGE,0.0,0.0,0.0,"[{""candidate_id"": ""102:2023:산업·중소기업및에너지:무역및투자유치:3100:FUND"", ""account_type"": ""FUND"", ""review_grade"": ""D"", ""diagnostic_type"": ""NO_STRUCTURED_SIGNAL_DETECTED"", ""execution_rate"": 0.993519943824874}, {""candidate_id"": ""102:2023:산업·중소기업및에너지:무역및투자유치:3100:GENERAL_ACCOUNT"", ""account_type"": ""GENERAL_ACCOUNT"", ""review_grade"": ""C"", ""diagnostic_type"": ""CONTEXT_OR_SINGLE_SIGNAL_REVIEW"", ""execution_rate"": 0.9999506219274864}]",LIMITED,False,PROGRAM_YEAR_REVIEW,0.9987309765876664,0.0,0.0,False,False,False,False,CONSECUTIVE_PRIOR_YEAR,0.13520530453116586,True,False,False,0,False,False,0,0,0.0,2022,2024,3,EXACT_PROGRAM_KEY,D,REVIEWABLE,NONE,NO_STRUCTURED_SIGNAL_DETECTED,NONE,NONE,budget_increase_context,True,NOT_APPLICABLE,NO_STRUCTURED_SIGNAL_DETECTED,현재 구조화 신호가 없다는 판단의 입력 범위가 충분한가?,LIMITED,4,0,0,150,71
162:2300:948fe92e436a:2023,162:2300:948fe92e436a,162,2023,2300,통신,정보통신,정보보호및활용,2,2,FUND;GENERAL_ACCOUNT,"[""162:2023:통신:정보통신:2300:FUND"", ""162:2023:통신:정보통신:2300:GENERAL_ACCOUNT""]",True,True,True,False,RESOLVED_BY_FIELD_SECTOR,False,230605000000,230605000000,230575000000,0,2,2,ALL_COMPARABLE_AT_OR_ABOVE_TARGET,COMPLETE_REPORTED_RATE_COVERAGE,False,False,,False,False,False,,,False,False,False,False,False,,UNKNOWN_TYPE,CONFIRMED_STRUCTURED,STRUCTURED_CONTEXT_INVENTORY,NO_CONFIRMED_CONTEXT_TAG,DISPLAY_ONLY_NO_GRADE_CHANGE,0.0,0.003512499728973763,0.0,"[{""candidate_id"": ""162:2023:통신:정보통신:2300:FUND"", ""account_type"": ""FUND"", ""review_grade"": ""D"", ""diagnostic_type"": ""NO_STRUCTURED_SIGNAL_DETECTED"", ""execution_rate"": 1.0}, {""candidate_id"": ""162:2023:통신:정보통신:2300:GENERAL_ACCOUNT"", ""account_type"": ""GENERAL_ACCOUNT"", ""review_grade"": ""C"", ""diagnostic_type"": ""CONTEXT_OR_SINGLE_SIGNAL_REVIEW"", ""execution_rate"": 0.9997812964744992}]",LIMITED,False,PROGRAM_YEAR_REVIEW,0.9998699074174454,0.0,0.0,False,False,False,True,CONSECUTIVE_PRIOR_YEAR,0.05126276440554345,True,False,False,0,True,False,0,0,0.0,2022,2024,3,EXACT_METADATA_DISAMBIGUATION,D,REVIEWABLE,NONE,NO_STRUCTURED_SIGNAL_DETECTED,NONE,NONE,budget_increase_context;accounting_context,True,NOT_APPLICABLE,NO_STRUCTURED_SIGNAL_DETECTED,현재 구조화 신호가 없다는 판단의 입력 범위가 충분한가?,LIMITED,4,0,0,151,72
162:2200:19a8de84a7ec:2023,162:2200:19a8de84a7ec,162,2023,2200,교육,고등교육,과학기술인력양성,1,1,GENERAL_ACCOUNT,"[""162:2023:교육:고등교육:2200:GENERAL_ACCOUNT""]",True,True,True,False,RESOLVED_BY_FIELD_SECTOR,False,191049000000,191049000000,190964576450,0,2,2,ALL_COMPARABLE_AT_OR_ABOVE_TARGET,COMPLETE_REPORTED_RATE_COVERAGE,False,False,,False,True,False,-0.0153991907835162,,False,False,True,False,False,,UNKNOWN_TYPE,CONFIRMED_STRUCTURED,STRUCTURED_CONTEXT_INVENTORY,NO_CONFIRMED_CONTEXT_TAG,DISPLAY_ONLY_NO_GRADE_CHANGE,0.0,0.0,0.0,"[{""candidate_id"": ""162:2023:교육:고등교육:2200:GENERAL_ACCOUNT"", ""account_type"": ""GENERAL_ACCOUNT"", ""review_grade"": ""D"", ""diagnostic_type"": ""NO_STRUCTURED_SIGNAL_DETECTED"", ""execution_rate"": 0.9995581052504856}]",LIMITED,False,PROGRAM_YEAR_REVIEW,0.9995581052504855,0.0,0.0,False,False,False,True,CONSECUTIVE_PRIOR_YEAR,0.013673118553419128,True,False,False,0,False,False,0,0,0.0,2022,2024,3,EXACT_METADATA_DISAMBIGUATION,D,REVIEWABLE,NONE,NO_STRUCTURED_SIGNAL_DETECTED,NONE,NONE,budget_increase_context,True,NOT_APPLICABLE,NO_STRUCTURED_SIGNAL_DETECTED,현재 구조화 신호가 없다는 판단의 입력 범위가 충분한가?,LIMITED,4,0,0,152,73
075:4300:2023,075:4300,075,2023,4300,보건,보건의료,보건의료서비스지원,1,1,GENERAL_ACCOUNT,"[""075:2023:보건:보건의료:4300:GENERAL_ACCOUNT""]",False,False,False,False,BASE_KEY_UNIQUE,False,108544000000,109121896790,108264299420,0,2,2,ALL_COMPARABLE_AT_OR_ABOVE_TARGET,COMPLETE_REPORTED_RATE_COVERAGE,False,False,,False,True,False,0.1311449734669811,,False,False,False,False,False,,UNKNOWN_TYPE,CONFIRMED_STRUCTURED,STRUCTURED_CONTEXT_INVENTORY,NO_CONFIRMED_CONTEXT_TAG,DISPLAY_ONLY_NO_GRADE_CHANGE,0.0,0.0,0.0,"[{""candidate_id"": ""075:2023:보건:보건의료:4300:GENERAL_ACCOUNT"", ""account_type"": ""GENERAL_ACCOUNT"", ""review_grade"": ""D"", ""diagnostic_type"": ""NO_STRUCTURED_SIGNAL_DETECTED"", ""execution_rate"": 0.9921409231764876}]",LIMITED,False,PROGRAM_YEAR_REVIEW,0.9921409231764876,0.0,0.0,False,False,False,True,CONSECUTIVE_PRIOR_YEAR,0.05436778147979049,True,False,False,0,False,False,0,0,0.0,2022,2024,3,EXACT_PROGRAM_KEY,D,REVIEWABLE,NONE,NO_STRUCTURED_SIGNAL_DETECTED,NONE,NONE,budget_increase_context,True,NOT_APPLICABLE,NO_STRUCTURED_SIGNAL_DETECTED,현재 구조화 신호가 없다는 판단의 입력 범위가 충분한가?,LIMITED,4,0,0,153,74
162:2500:2023,162:2500,162,2023,2500,통신,방송통신,전파활용방송서비스산업,3,3,FUND;GENERAL_ACCOUNT;SPECIAL_ACCOUNT,"[""162:2023:통신:방송통신:2500:FUND"", ""162:2023:통신:방송통신:2500:GENERAL_ACCOUNT"", ""162:2023:통신:방송통신:2500:SPECIAL_ACCOUNT""]",False,False,False,False,BASE_KEY_UNIQUE,False,106842000000,106842000000,106312765780,0,2,2,ALL_COMPARABLE_AT_OR_ABOVE_TARGET,COMPLETE_REPORTED_RATE_COVERAGE,False,False,,False,False,False,,,False,False,False,False,False,,UNKNOWN_TYPE,CONFIRMED_STRUCTURED,STRUCTURED_CONTEXT_INVENTORY,NO_CONFIRMED_CONTEXT_TAG,DISPLAY_ONLY_NO_GRADE_CHANGE,0.0,0.05158083899590049,0.0,"[{""candidate_id"": ""162:2023:통신:방송통신:2500:FUND"", ""account_type"": ""FUND"", ""review_grade"": ""D"", ""diagnostic_type"": ""NO_STRUCTURED_SIGNAL_DETECTED"", ""execution_rate"": 0.995328482923118}, {""candidate_id"": ""162:2023:통신:방송통신:2500:GENERAL_ACCOUNT"", ""account_type"": ""GENERAL_ACCOUNT"", ""review_grade"": ""C"", ""diagnostic_type"": ""CONTEXT_OR_SINGLE_SIGNAL_REVIEW"", ""execution_rate"": 0.9946799892528058}, {""candidate_id"": ""162:2023:통신:방송통신:2500:SPECIAL_ACCOUNT"", ""account_type"": ""SPECIAL_ACCOUNT"", ""review_grade"": ""C"", ""diagnostic_type"": ""CONTEXT_OR_SINGLE_SIGNAL_REVIEW"", ""execution_rate"": 0.9999408}]",LIMITED,False,PROGRAM_YEAR_REVIEW,0.9950465713857846,0.0,0.0,False,False,False,True,CONSECUTIVE_PRIOR_YEAR,0.21056448140678463,True,False,False,0,True,False,0,0,0.0,2022,2024,3,EXACT_PROGRAM_KEY,D,REVIEWABLE,NONE,NO_STRUCTURED_SIGNAL_DETECTED,NONE,NONE,budget_increase_context;accounting_context,True,NOT_APPLICABLE,NO_STRUCTURED_SIGNAL_DETECTED,현재 구조화 신호가 없다는 판단의 입력 범위가 충분한가?,LIMITED,4,0,0,154,75
162:1500:2023,162:1500,162,2023,1500,과학기술,과학기술연구개발,사회문제해결,1,1,GENERAL_ACCOUNT,"[""162:2023:과학기술:과학기술연구개발:1500:GENERAL_ACCOUNT""]",False,False,False,False,BASE_KEY_UNIQUE,False,62929000000,62929000000,62929000000,0,2,2,ALL_COMPARABLE_AT_OR_ABOVE_TARGET,COMPLETE_REPORTED_RATE_COVERAGE,False,False,,False,True,False,-0.6967375931605461,,False,False,True,False,False,,UNKNOWN_TYPE,CONFIRMED_STRUCTURED,STRUCTURED_CONTEXT_INVENTORY,NO_CONFIRMED_CONTEXT_TAG,DISPLAY_ONLY_NO_GRADE_CHANGE,0.0,0.0,0.0,"[{""candidate_id"": ""162:2023:과학기술:과학기술연구개발:1500:GENERAL_ACCOUNT"", ""account_type"": ""GENERAL_ACCOUNT"", ""review_grade"": ""D"", ""diagnostic_type"": ""NO_STRUCTURED_SIGNAL_DETECTED"", ""execution_rate"": 1.0}]",LIMITED,False,PROGRAM_YEAR_REVIEW,1.0,0.0,0.0,False,False,False,True,CONSECUTIVE_PRIOR_YEAR,0.06448229781619497,True,False,False,0,False,False,0,0,0.0,2022,2024,3,EXACT_PROGRAM_KEY,D,REVIEWABLE,NONE,NO_STRUCTURED_SIGNAL_DETECTED,NONE,NONE,budget_increase_context,True,NOT_APPLICABLE,NO_STRUCTURED_SIGNAL_DETECTED,현재 구조화 신호가 없다는 판단의 입력 범위가 충분한가?,LIMITED,4,0,0,155,76
075:3200:2023,075:3200,075,2023,3200,보건,보건의료,한의학연구및정책개발,1,1,GENERAL_ACCOUNT,"[""075:2023:보건:보건의료:3200:GENERAL_ACCOUNT""]",False,False,False,False,BASE_KEY_UNIQUE,False,51805000000,51872000000,51616762330,0,3,3,ALL_COMPARABLE_AT_OR_ABOVE_TARGET,COMPLETE_REPORTED_RATE_COVERAGE,False,False,,False,True,False,-0.0636618087057233,,False,False,True,False,False,,UNKNOWN_TYPE,CONFIRMED_STRUCTURED,STRUCTURED_CONTEXT_INVENTORY,NO_CONFIRMED_CONTEXT_TAG,DISPLAY_ONLY_NO_GRADE_CHANGE,0.0,0.0369655438664221,0.0,"[{""candidate_id"": ""075:2023:보건:보건의료:3200:GENERAL_ACCOUNT"", ""account_type"": ""GENERAL_ACCOUNT"", ""review_grade"": ""C"", ""diagnostic_type"": ""CONTEXT_OR_SINGLE_SIGNAL_REVIEW"", ""execution_rate"": 0.9950794711983344}]",LIMITED,False,PROGRAM_YEAR_REVIEW,0.9950794711983344,0.0,0.0,False,False,False,True,CONSECUTIVE_PRIOR_YEAR,0.1730939063879895,True,False,False,0,True,False,0,0,0.0,2022,2024,3,EXACT_PROGRAM_KEY,D,REVIEWABLE,NONE,NO_STRUCTURED_SIGNAL_DETECTED,NONE,NONE,budget_increase_context;accounting_context,True,NOT_APPLICABLE,NO_STRUCTURED_SIGNAL_DETECTED,현재 구조화 신호가 없다는 판단의 입력 범위가 충분한가?,LIMITED,4,0,0,156,77
162:1600:599c8e014508:2023,162:1600:599c8e014508,162,2023,1600,문화및관광,문화예술,정보통신방송기반조성,2,2,FUND;GENERAL_ACCOUNT,"[""162:2023:문화및관광:문화예술:1600:FUND"", ""162:2023:문화및관광:문화예술:1600:GENERAL_ACCOUNT""]",True,True,True,False,RESOLVED_BY_FIELD_SECTOR,False,27152000000,27152000000,27151297000,0,3,3,ALL_COMPARABLE_AT_OR_ABOVE_TARGET,COMPLETE_REPORTED_RATE_COVERAGE,False,False,,False,False,False,,,False,False,False,False,False,,UNKNOWN_TYPE,CONFIRMED_STRUCTURED,STRUCTURED_CONTEXT_INVENTORY,NO_CONFIRMED_CONTEXT_TAG,DISPLAY_ONLY_NO_GRADE_CHANGE,0.0,0.0,0.0,"[{""candidate_id"": ""162:2023:문화및관광:문화예술:1600:FUND"", ""account_type"": ""FUND"", ""review_grade"": ""C"", ""diagnostic_type"": ""CONTEXT_OR_SINGLE_SIGNAL_REVIEW"", ""execution_rate"": 0.9999720499363868}, {""candidate_id"": ""162:2023:문화및관광:문화예술:1600:GENERAL_ACCOUNT"", ""account_type"": ""GENERAL_ACCOUNT"", ""review_grade"": ""D"", ""diagnostic_type"": ""NO_STRUCTURED_SIGNAL_DETECTED"", ""execution_rate"": 1.0}]",LIMITED,False,PROGRAM_YEAR_REVIEW,0.9999741087212728,0.0,0.0,False,False,False,True,CONSECUTIVE_PRIOR_YEAR,0.5586681974741676,True,False,False,0,False,False,0,0,0.0,2022,2024,3,EXACT_METADATA_DISAMBIGUATION,D,REVIEWABLE,NONE,NO_STRUCTURED_SIGNAL_DETECTED,NONE,NONE,budget_increase_context,True,NOT_APPLICABLE,NO_STRUCTURED_SIGNAL_DETECTED,현재 구조화 신호가 없다는 판단의 입력 범위가 충분한가?,LIMITED,4,0,0,157,78
162:3200:2023,162:3200,162,2023,3200,문화및관광,문화예술,이용자보호및공정경쟁,1,1,FUND,"[""162:2023:문화및관광:문화예술:3200:FUND""]",False,False,False,False,BASE_KEY_UNIQUE,False,1828000000,1828000000,1828000000,0,2,2,ALL_COMPARABLE_AT_OR_ABOVE_TARGET,COMPLETE_REPORTED_RATE_COVERAGE,False,False,,False,True,False,0.7576586433260394,,False,False,False,False,False,,UNKNOWN_TYPE,CONFIRMED_STRUCTURED,STRUCTURED_CONTEXT_INVENTORY,NO_CONFIRMED_CONTEXT_TAG,NO_GRADE_CHANGE,0.0,0.0,0.0,"[{""candidate_id"": ""162:2023:문화및관광:문화예술:3200:FUND"", ""account_type"": ""FUND"", ""review_grade"": ""D"", ""diagnostic_type"": ""NO_STRUCTURED_SIGNAL_DETECTED"", ""execution_rate"": 1.0}]",LIMITED,False,PROGRAM_YEAR_REVIEW,1.0,0.0,0.0,False,False,False,True,CONSECUTIVE_PRIOR_YEAR,0.0,False,False,False,0,False,False,0,0,0.0,2022,2024,3,EXACT_PROGRAM_KEY,D,REVIEWABLE,NONE,NO_STRUCTURED_SIGNAL_DETECTED,NONE,NONE,NONE,False,NOT_APPLICABLE,NO_STRUCTURED_SIGNAL_DETECTED,현재 구조화 신호가 없다는 판단의 입력 범위가 충분한가?,LIMITED,4,0,0,158,79
162:1400:599c8e014508:2023,162:1400:599c8e014508,162,2023,1400,문화및관광,문화예술,디지털방송전환기반구축,1,1,FUND,"[""162:2023:문화및관광:문화예술:1400:FUND""]",True,True,True,False,RESOLVED_BY_FIELD_SECTOR,False,858000000,858000000,858000000,0,1,1,ALL_COMPARABLE_AT_OR_ABOVE_TARGET,COMPLETE_REPORTED_RATE_COVERAGE,False,False,,False,False,False,,,False,False,False,False,False,,UNKNOWN_TYPE,CONFIRMED_STRUCTURED,STRUCTURED_CONTEXT_INVENTORY,NO_CONFIRMED_CONTEXT_TAG,NO_GRADE_CHANGE,0.0,0.0,0.0,"[{""candidate_id"": ""162:2023:문화및관광:문화예술:1400:FUND"", ""account_type"": ""FUND"", ""review_grade"": ""D"", ""diagnostic_type"": ""NO_STRUCTURED_SIGNAL_DETECTED"", ""execution_rate"": 1.0}]",LIMITED,False,PROGRAM_YEAR_REVIEW,1.0,0.0,0.0,False,False,False,True,CONSECUTIVE_PRIOR_YEAR,0.0,False,False,False,0,False,False,0,0,0.0,2022,2023,2,EXACT_METADATA_DISAMBIGUATION,D,REVIEWABLE,NONE,NO_STRUCTURED_SIGNAL_DETECTED,NONE,NONE,NONE,False,NOT_APPLICABLE,NO_STRUCTURED_SIGNAL_DETECTED,현재 구조화 신호가 없다는 판단의 입력 범위가 충분한가?,LIMITED,4,0,0,159,80
162:4600:bbc4586c11b9:2024,162:4600:bbc4586c11b9,162,2024,4600,과학기술,과학기술연구지원,공공연구성과활성화,2,2,GENERAL_ACCOUNT;SPECIAL_ACCOUNT,"[""162:2024:과학기술:과학기술연구지원:4600:GENERAL_ACCOUNT"", ""162:2024:과학기술:과학기술연구지원:4600:SPECIAL_ACCOUNT""]",True,True,False,True,SAME_CODE_NAME_MULTIPLE_FIELD_SECTOR,False,190020000000,190020000000,190020000000,0,1,1,ALL_COMPARABLE_AT_OR_ABOVE_TARGET,COMPLETE_REPORTED_RATE_COVERAGE,False,False,,False,False,False,,,False,False,False,False,False,,UNKNOWN_TYPE,CONFIRMED_STRUCTURED,STRUCTURED_CONTEXT_INVENTORY,NO_CONFIRMED_CONTEXT_TAG,NO_GRADE_CHANGE,0.0,0.0,0.0,"[{""candidate_id"": ""162:2024:과학기술:과학기술연구지원:4600:GENERAL_ACCOUNT"", ""account_type"": ""GENERAL_ACCOUNT"", ""review_grade"": ""C"", ""diagnostic_type"": ""CONTEXT_OR_SINGLE_SIGNAL_REVIEW"", ""execution_rate"": 1.0}, {""candidate_id"": ""162:2024:과학기술:과학기술연구지원:4600:SPECIAL_ACCOUNT"", ""account_type"": ""SPECIAL_ACCOUNT"", ""review_grade"": ""D"", ""diagnostic_type"": ""NO_STRUCTURED_SIGNAL_DETECTED"", ""execution_rate"": 1.0}]",DATA_BLOCKED,True,DATA_QUALITY_HOLD,1.0,0.0,0.0,False,False,False,True,CONSECUTIVE_PRIOR_YEAR,-0.34359293227628374,False,True,True,1,False,False,0,0,0.0,2022,2024,3,UNRESOLVED_IDENTITY_HOLD,H,HOLD,NOT_ASSESSED,DATA_OR_COMPARABILITY_HOLD,data_quality;budget_performance_mismatch,data_quality;budget_performance_mismatch,budget_decrease_context,False,NOT_APPLICABLE,DATA_OR_COMPARABILITY_HOLD,프로그램 연결키·금액 단위·성과 비교가능성을 먼저 확정할 수 있는가?,BLOCKED,0,2,0,160,1
162:4600:0f2696a0b660:2024,162:4600:0f2696a0b660,162,2024,4600,교육,평생·직업교육,공공연구성과활성화,1,1,SPECIAL_ACCOUNT,"[""162:2024:교육:평생·직업교육:4600:SPECIAL_ACCOUNT""]",True,True,False,True,SAME_CODE_NAME_MULTIPLE_FIELD_SECTOR,False,47354000000,47354000000,47354000000,0,1,1,ALL_COMPARABLE_AT_OR_ABOVE_TARGET,COMPLETE_REPORTED_RATE_COVERAGE,False,False,,False,False,False,,,False,False,False,False,False,,UNKNOWN_TYPE,CONFIRMED_STRUCTURED,STRUCTURED_CONTEXT_INVENTORY,NO_CONFIRMED_CONTEXT_TAG,NO_GRADE_CHANGE,0.0,0.0,0.0,"[{""candidate_id"": ""162:2024:교육:평생·직업교육:4600:SPECIAL_ACCOUNT"", ""account_type"": ""SPECIAL_ACCOUNT"", ""review_grade"": ""D"", ""diagnostic_type"": ""NO_STRUCTURED_SIGNAL_DETECTED"", ""execution_rate"": 1.0}]",DATA_BLOCKED,True,DATA_QUALITY_HOLD,1.0,0.0,0.0,False,False,False,True,CONSECUTIVE_PRIOR_YEAR,-0.24257837492002554,False,True,True,1,False,False,0,0,0.0,2022,2024,3,UNRESOLVED_IDENTITY_HOLD,H,HOLD,NOT_ASSESSED,DATA_OR_COMPARABILITY_HOLD,data_quality;budget_performance_mismatch,data_quality;budget_performance_mismatch,budget_decrease_context,False,NOT_APPLICABLE,DATA_OR_COMPARABILITY_HOLD,프로그램 연결키·금액 단위·성과 비교가능성을 먼저 확정할 수 있는가?,BLOCKED,0,2,0,161,2
162:7000:09ff2da176e8:2024,162:7000:09ff2da176e8,162,2024,7000,교육,교육일반,과학기술정보통신부운영지원,1,1,GENERAL_ACCOUNT,"[""162:2024:교육:교육일반:7000:GENERAL_ACCOUNT""]",True,True,False,True,SAME_CODE_NAME_MULTIPLE_FIELD_SECTOR,False,3492000000,3492000000,3492000000,0,1,1,ALL_COMPARABLE_AT_OR_ABOVE_TARGET,COMPLETE_REPORTED_RATE_COVERAGE,False,False,,False,False,False,,,False,False,False,False,False,,UNKNOWN_TYPE,CONFIRMED_STRUCTURED,STRUCTURED_CONTEXT_INVENTORY,NO_CONFIRMED_CONTEXT_TAG,NO_GRADE_CHANGE,0.0,0.0,0.0,"[{""candidate_id"": ""162:2024:교육:교육일반:7000:GENERAL_ACCOUNT"", ""account_type"": ""GENERAL_ACCOUNT"", ""review_grade"": ""D"", ""diagnostic_type"": ""NO_STRUCTURED_SIGNAL_DETECTED"", ""execution_rate"": 1.0}]",DATA_BLOCKED,True,DATA_QUALITY_HOLD,1.0,0.0,0.0,False,False,False,True,CONSECUTIVE_PRIOR_YEAR,-0.04979591836734698,False,True,True,1,False,False,0,0,0.0,2022,2024,3,UNRESOLVED_IDENTITY_HOLD,H,HOLD,NOT_ASSESSED,DATA_OR_COMPARABILITY_HOLD,data_quality;budget_performance_mismatch,data_quality;budget_performance_mismatch,budget_decrease_context,False,NOT_APPLICABLE,DATA_OR_COMPARABILITY_HOLD,프로그램 연결키·금액 단위·성과 비교가능성을 먼저 확정할 수 있는가?,BLOCKED,0,2,0,162,3
075:3100:2024,075:3100,075,2024,3100,사회복지,아동·보육,보육지원강화,2,2,GENERAL_ACCOUNT;SPECIAL_ACCOUNT,"[""075:2024:사회복지:아동·보육:3100:GENERAL_ACCOUNT"", ""075:2024:사회복지:아동·보육:3100:SPECIAL_ACCOUNT""]",False,False,False,False,BASE_KEY_UNIQUE,False,7609545000000,6567989520010,6567973940860,0,1,1,ALL_COMPARABLE_AT_OR_ABOVE_TARGET,COMPLETE_REPORTED_RATE_COVERAGE,False,False,,False,False,False,,,False,False,False,False,,retrospective_feedback_data_quality_signal,UNKNOWN_TYPE,CONFIRMED_STRUCTURED,STRUCTURED_CONTEXT_INVENTORY,NO_CONFIRMED_CONTEXT_TAG,NO_GRADE_CHANGE,0.0,0.0006523386089444001,0.0,"[{""candidate_id"": ""075:2024:사회복지:아동·보육:3100:GENERAL_ACCOUNT"", ""account_type"": ""GENERAL_ACCOUNT"", ""review_grade"": ""C"", ""diagnostic_type"": ""CONTEXT_OR_SINGLE_SIGNAL_REVIEW"", ""execution_rate"": 0.9999976280184444}, {""candidate_id"": ""075:2024:사회복지:아동·보육:3100:SPECIAL_ACCOUNT"", ""account_type"": ""SPECIAL_ACCOUNT"", ""review_grade"": ""H"", ""diagnostic_type"": ""DATA_OR_COMPARABILITY_HOLD"", ""execution_rate"": null}]",DATA_BLOCKED,True,DATA_QUALITY_HOLD,0.9999976280184443,0.0,0.0,False,False,False,False,CONSECUTIVE_PRIOR_YEAR,0.1394917083918774,True,False,False,0,True,False,0,0,0.0,2022,2024,3,EXACT_PROGRAM_KEY,H,HOLD,NOT_ASSESSED,DATA_OR_COMPARABILITY_HOLD,data_quality,data_quality,budget_increase_context;accounting_context,False,NOT_APPLICABLE,DATA_OR_COMPARABILITY_HOLD,프로그램 연결키·금액 단위·성과 비교가능성을 먼저 확정할 수 있는가?,BLOCKED,0,1,0,163,4
162:5200:2024,162:5200,162,2024,5200,통신,우정,우체국예금,1,1,SPECIAL_ACCOUNT,"[""162:2024:통신:우정:5200:SPECIAL_ACCOUNT""]",False,False,False,False,BASE_KEY_UNIQUE,False,2258600000000,2565693640000,2549805562390,0,1,1,ALL_COMPARABLE_AT_OR_ABOVE_TARGET,COMPLETE_REPORTED_RATE_COVERAGE,False,False,,False,False,False,,,False,False,False,False,False,,YEAR_END_CONCENTRATED,PATTERN_CANDIDATE,M3_MONTHLY_PATTERN,REPEATED_YEAR_END_CONCENTRATION_PATTERN,DISPLAY_ONLY,0.2525999609908329,0.0,1.0,"[{""candidate_id"": ""162:2024:통신:우정:5200:SPECIAL_ACCOUNT"", ""account_type"": ""SPECIAL_ACCOUNT"", ""review_grade"": ""H"", ""diagnostic_type"": ""DATA_OR_COMPARABILITY_HOLD"", ""execution_rate"": 0.9938074923044982}]",DATA_BLOCKED,True,DATA_QUALITY_HOLD,0.9938074923044982,0.0,0.0,False,False,False,True,CONSECUTIVE_PRIOR_YEAR,0.5705193505701529,True,False,False,0,False,True,0,0,0.0,2022,2024,3,EXACT_PROGRAM_KEY,H,HOLD,NOT_ASSESSED,DATA_OR_COMPARABILITY_HOLD,data_quality,data_quality,budget_increase_context;structure_context;repeated_year_end_concentration,False,NOT_APPLICABLE,DATA_OR_COMPARABILITY_HOLD,프로그램 연결키·금액 단위·성과 비교가능성을 먼저 확정할 수 있는가?,BLOCKED,0,1,0,164,5
075:1300:2024,075:1300,075,2024,1300,사회복지,아동·보육,아동보호 및 복지 강화,2,2,GENERAL_ACCOUNT;SPECIAL_ACCOUNT,"[""075:2024:사회복지:아동·보육:1300:GENERAL_ACCOUNT"", ""075:2024:사회복지:아동·보육:1300:SPECIAL_ACCOUNT""]",False,False,False,False,BASE_KEY_UNIQUE,False,328472000000,327347269090,315919649590,0,1,1,ALL_COMPARABLE_AT_OR_ABOVE_TARGET,COMPLETE_REPORTED_RATE_COVERAGE,False,False,,False,False,False,,,False,False,False,False,,retrospective_feedback_data_quality_signal,UNKNOWN_TYPE,CONFIRMED_STRUCTURED,STRUCTURED_CONTEXT_INVENTORY,NO_CONFIRMED_CONTEXT_TAG,NO_GRADE_CHANGE,0.0,0.0193014929735259,0.0,"[{""candidate_id"": ""075:2024:사회복지:아동·보육:1300:GENERAL_ACCOUNT"", ""account_type"": ""GENERAL_ACCOUNT"", ""review_grade"": ""C"", ""diagnostic_type"": ""CONTEXT_OR_SINGLE_SIGNAL_REVIEW"", ""execution_rate"": 0.9650902250329814}, {""candidate_id"": ""075:2024:사회복지:아동·보육:1300:SPECIAL_ACCOUNT"", ""account_type"": ""SPECIAL_ACCOUNT"", ""review_grade"": ""H"", ""diagnostic_type"": ""DATA_OR_COMPARABILITY_HOLD"", ""execution_rate"": null}]",DATA_BLOCKED,True,DATA_QUALITY_HOLD,0.9650902250329814,0.0,0.0,False,False,False,False,CONSECUTIVE_PRIOR_YEAR,0.3847425044686519,True,False,False,0,True,False,0,0,0.0,2022,2024,3,EXACT_PROGRAM_KEY,H,HOLD,NOT_ASSESSED,DATA_OR_COMPARABILITY_HOLD,data_quality,data_quality,budget_increase_context;accounting_context,False,NOT_APPLICABLE,DATA_OR_COMPARABILITY_HOLD,프로그램 연결키·금액 단위·성과 비교가능성을 먼저 확정할 수 있는가?,BLOCKED,0,1,0,165,6
162:7000:1f52662b0f4d:2024,162:7000:1f52662b0f4d,162,2024,7000,통신,방송통신,과학기술정보통신부운영지원,1,1,GENERAL_ACCOUNT,"[""162:2024:통신:방송통신:7000:GENERAL_ACCOUNT""]",True,True,False,True,SAME_CODE_NAME_MULTIPLE_FIELD_SECTOR,False,22184000000,21995565000,21649999290,0,1,1,ALL_COMPARABLE_AT_OR_ABOVE_TARGET,COMPLETE_REPORTED_RATE_COVERAGE,False,False,,False,False,False,,,False,False,False,False,False,,YEAR_END_CONCENTRATED,PATTERN_CANDIDATE,M3_MONTHLY_PATTERN,REPEATED_YEAR_END_CONCENTRATION_PATTERN,DISPLAY_ONLY,0.0870897944464478,0.0275423728813559,0.0,"[{""candidate_id"": ""162:2024:통신:방송통신:7000:GENERAL_ACCOUNT"", ""account_type"": ""GENERAL_ACCOUNT"", ""review_grade"": ""C"", ""diagnostic_type"": ""CONTEXT_OR_SINGLE_SIGNAL_REVIEW"", ""execution_rate"": 0.9842893005930968}]",DATA_BLOCKED,True,DATA_QUALITY_HOLD,0.9842893005930968,0.0,0.0,False,False,False,True,CONSECUTIVE_PRIOR_YEAR,0.17115404920282962,True,False,False,0,True,False,0,0,0.0,2022,2024,3,UNRESOLVED_IDENTITY_HOLD,H,HOLD,NOT_ASSESSED,DATA_OR_COMPARABILITY_HOLD,data_quality,data_quality,budget_increase_context;accounting_context;repeated_year_end_concentration,False,NOT_APPLICABLE,DATA_OR_COMPARABILITY_HOLD,프로그램 연결키·금액 단위·성과 비교가능성을 먼저 확정할 수 있는가?,BLOCKED,0,1,0,166,7
162:UNKNOWN_CONTINUITY:af4b5e498a00:2024,162:UNKNOWN_CONTINUITY:af4b5e498a00,162,2024,,,,탄소중립기반구축,1,1,NOT_AVAILABLE,"[""162:2024:NA:NA:탄소중립기반구축:NA""]",False,False,False,True,MISSING_PROGRAM_CODE_UNKNOWN_CONTINUITY,False,,,,0,1,1,ALL_COMPARABLE_AT_OR_ABOVE_TARGET,COMPLETE_REPORTED_RATE_COVERAGE,False,False,,False,False,False,,,False,False,False,False,False,,UNKNOWN_TYPE,CONFIRMED_STRUCTURED,STRUCTURED_CONTEXT_INVENTORY,NO_CONFIRMED_CONTEXT_TAG,NO_GRADE_CHANGE,,,,"[{""candidate_id"": ""162:2024:NA:NA:탄소중립기반구축:NA"", ""account_type"": ""NOT_AVAILABLE"", ""review_grade"": ""H"", ""diagnostic_type"": ""DATA_OR_COMPARABILITY_HOLD"", ""execution_rate"": null}]",DATA_BLOCKED,True,DATA_QUALITY_HOLD,,,0.0,False,False,False,False,UNKNOWN_CONTINUITY,,False,False,False,0,False,False,0,0,,2024,2024,1,UNKNOWN_CONTINUITY,H,HOLD,NOT_ASSESSED,DATA_OR_COMPARABILITY_HOLD,data_quality,data_quality,NONE,False,NOT_APPLICABLE,DATA_OR_COMPARABILITY_HOLD,프로그램 연결키·금액 단위·성과 비교가능성을 먼저 확정할 수 있는가?,BLOCKED,0,1,0,167,8
162:2200:f3d32026a540:2024,162:2200:f3d32026a540,162,2024,2200,과학기술,과학기술인력및문화,국립중앙과학관운영,1,1,RESPONSIBLE_OPERATION_ACCOUNT,"[""162:2024:과학기술:과학기술인력및문화:2200:RESPONSIBLE_OPERATION_ACCOUNT""]",True,True,True,False,RESOLVED_BY_FIELD_SECTOR,False,11925000000,12640670550,10951647900,1,0,1,ALL_COMPARABLE_BELOW_TARGET,COMPLETE_REPORTED_RATE_COVERAGE,False,False,,False,False,False,,,False,False,False,False,False,,YEAR_END_CONCENTRATED,PATTERN_CANDIDATE,M3_MONTHLY_PATTERN,REPEATED_YEAR_END_CONCENTRATION_PATTERN,DISPLAY_ONLY,0.1723270440251572,0.0,0.0,"[{""candidate_id"": ""162:2024:과학기술:과학기술인력및문화:2200:RESPONSIBLE_OPERATION_ACCOUNT"", ""account_type"": ""RESPONSIBLE_OPERATION_ACCOUNT"", ""review_grade"": ""A"", ""diagnostic_type"": ""REPEATED_LOW_EXECUTION_WITH_REPORTED_TARGET_MISS"", ""execution_rate"": 0.8663818787682905}]",LIMITED,False,PROGRAM_YEAR_REVIEW,0.8663818787682905,0.5,1.0,True,False,True,False,CONSECUTIVE_PRIOR_YEAR,0.01766513056835639,True,False,True,1,False,False,0,0,0.5,2022,2024,3,EXACT_METADATA_DISAMBIGUATION,A,REVIEWABLE,STRONG,REPEATED_REPORTED_TARGET_MISS_WITH_BUDGET_INCREASE,execution;reported_performance;budget_performance_mismatch,execution;reported_performance;budget_performance_mismatch,budget_increase_context;repeated_year_end_concentration,False,NOT_APPLICABLE,REPEATED_REPORTED_TARGET_MISS_WITH_BUDGET_INCREASE,겹친 관측 사실이 같은 사업 범위에서 발생했는지 원문과 연도별 근거로 확인할 수 있는가?,LIMITED,1,3,1,168,9
075:3300:2024,075:3300,075,2024,3300,보건,보건의료,국민건강생활실천,2,2,FUND;GENERAL_ACCOUNT,"[""075:2024:보건:보건의료:3300:FUND"", ""075:2024:보건:보건의료:3300:GENERAL_ACCOUNT""]",False,False,False,False,BASE_KEY_UNIQUE,False,594178000000,603595584000,601384095380,1,0,1,ALL_COMPARABLE_BELOW_TARGET,COMPLETE_REPORTED_RATE_COVERAGE,False,False,,False,False,False,,,False,False,False,False,False,,YEAR_END_CONCENTRATED,PATTERN_CANDIDATE,M3_MONTHLY_PATTERN,REPEATED_YEAR_END_CONCENTRATION_PATTERN,DISPLAY_ONLY,0.019891345691021856,0.07951994183561154,0.0,"[{""candidate_id"": ""075:2024:보건:보건의료:3300:FUND"", ""account_type"": ""FUND"", ""review_grade"": ""B"", ""diagnostic_type"": ""STRONG_OR_REPEATED_SINGLE_SIGNAL"", ""execution_rate"": 0.995857739676692}, {""candidate_id"": ""075:2024:보건:보건의료:3300:GENERAL_ACCOUNT"", ""account_type"": ""GENERAL_ACCOUNT"", ""review_grade"": ""B"", ""diagnostic_type"": ""STRONG_OR_REPEATED_SINGLE_SIGNAL"", ""execution_rate"": 0.9970586405813664}]",LIMITED,False,PROGRAM_YEAR_REVIEW,0.9963361418164385,0.0,1.0,True,False,True,False,CONSECUTIVE_PRIOR_YEAR,0.06538691185936796,True,False,True,1,True,False,0,0,0.0,2022,2024,3,EXACT_PROGRAM_KEY,A,REVIEWABLE,STRONG,REPEATED_REPORTED_TARGET_MISS_WITH_BUDGET_INCREASE,reported_performance;budget_performance_mismatch,reported_performance;budget_performance_mismatch,budget_increase_context;accounting_context;repeated_year_end_concentration,False,NOT_APPLICABLE,REPEATED_REPORTED_TARGET_MISS_WITH_BUDGET_INCREASE,겹친 관측 사실이 같은 사업 범위에서 발생했는지 원문과 연도별 근거로 확인할 수 있는가?,LIMITED,1,2,1,169,10
075:4500:2024,075:4500,075,2024,4500,보건,보건의료,소록도병원,1,1,GENERAL_ACCOUNT,"[""075:2024:보건:보건의료:4500:GENERAL_ACCOUNT""]",False,False,False,False,BASE_KEY_UNIQUE,False,9529000000,10811165220,9332871420,1,0,1,ALL_COMPARABLE_BELOW_TARGET,COMPLETE_REPORTED_RATE_COVERAGE,False,False,,False,False,False,,,False,False,False,False,False,,UNKNOWN_TYPE,CONFIRMED_STRUCTURED,STRUCTURED_CONTEXT_INVENTORY,NO_CONFIRMED_CONTEXT_TAG,NO_GRADE_CHANGE,0.0,0.0,0.0,"[{""candidate_id"": ""075:2024:보건:보건의료:4500:GENERAL_ACCOUNT"", ""account_type"": ""GENERAL_ACCOUNT"", ""review_grade"": ""A"", ""diagnostic_type"": ""REPEATED_LOW_EXECUTION_WITH_REPORTED_TARGET_MISS"", ""execution_rate"": 0.8632623061513068}]",LIMITED,False,PROGRAM_YEAR_REVIEW,0.8632623061513068,0.5,1.0,True,True,False,False,CONSECUTIVE_PRIOR_YEAR,-0.1579924008129363,False,True,False,0,False,False,0,0,1.0,2022,2024,3,EXACT_PROGRAM_KEY,A,REVIEWABLE,STRONG,REPEATED_LOW_EXECUTION_WITH_REPORTED_TARGET_MISS,execution;reported_performance,execution;reported_performance,budget_decrease_context,False,NOT_APPLICABLE,REPEATED_LOW_EXECUTION_WITH_REPORTED_TARGET_MISS,겹친 관측 사실이 같은 사업 범위에서 발생했는지 원문과 연도별 근거로 확인할 수 있는가?,LIMITED,1,2,1,170,11
075:4100:2024,075:4100,075,2024,4100,보건,보건의료,국립공주병원,1,1,RESPONSIBLE_OPERATION_ACCOUNT,"[""075:2024:보건:보건의료:4100:RESPONSIBLE_OPERATION_ACCOUNT""]",False,False,False,False,BASE_KEY_UNIQUE,False,5855000000,5881440000,4360086100,1,0,1,ALL_COMPARABLE_BELOW_TARGET,COMPLETE_REPORTED_RATE_COVERAGE,False,False,,False,False,False,,,False,False,False,False,False,,YEAR_END_CONCENTRATED,PATTERN_CANDIDATE,M3_MONTHLY_PATTERN,REPEATED_YEAR_END_CONCENTRATION_PATTERN,DISPLAY_ONLY,0.1417591801878736,0.0,1.0,"[{""candidate_id"": ""075:2024:보건:보건의료:4100:RESPONSIBLE_OPERATION_ACCOUNT"", ""account_type"": ""RESPONSIBLE_OPERATION_ACCOUNT"", ""review_grade"": ""A"", ""diagnostic_type"": ""REPEATED_LOW_EXECUTION_WITH_REPORTED_TARGET_MISS"", ""execution_rate"": 0.7413296913681003}]",CONFIRMED,False,PROGRAM_YEAR_REVIEW,0.7413296913681003,1.0,1.0,True,True,True,False,CONSECUTIVE_PRIOR_YEAR,-0.002895095367847378,False,True,False,0,False,True,0,0,1.0,2022,2024,3,EXACT_PROGRAM_KEY,A,REVIEWABLE,STRONG,REPEATED_LOW_EXECUTION_WITH_REPORTED_TARGET_MISS,execution;reported_performance,execution;reported_performance,budget_decrease_context;structure_context;repeated_year_end_concentration,False,NOT_APPLICABLE,REPEATED_LOW_EXECUTION_WITH_REPORTED_TARGET_MISS,겹친 관측 사실이 같은 사업 범위에서 발생했는지 원문과 연도별 근거로 확인할 수 있는가?,STRONG,1,2,2,171,12
102:5100:2024,102:5100,102,2024,5100,산업·중소기업및에너지,창업및벤처,창업환경조성,3,3,FUND;GENERAL_ACCOUNT;SPECIAL_ACCOUNT,"[""102:2024:산업·중소기업및에너지:창업및벤처:5100:FUND"", ""102:2024:산업·중소기업및에너지:창업및벤처:5100:GENERAL_ACCOUNT"", ""102:2024:산업·중소기업및에너지:창업및벤처:5100:SPECIAL_ACCOUNT""]",False,False,False,False,BASE_KEY_UNIQUE,False,3516897000000,3516897000000,3508872884963,1,0,1,ALL_COMPARABLE_BELOW_TARGET,COMPLETE_REPORTED_RATE_COVERAGE,False,False,,False,False,False,,,False,False,False,False,False,,UNKNOWN_TYPE,CONFIRMED_STRUCTURED,STRUCTURED_CONTEXT_INVENTORY,NO_CONFIRMED_CONTEXT_TAG,NO_GRADE_CHANGE,0.0,0.0,0.0,"[{""candidate_id"": ""102:2024:산업·중소기업및에너지:창업및벤처:5100:FUND"", ""account_type"": ""FUND"", ""review_grade"": ""B"", ""diagnostic_type"": ""STRONG_OR_REPEATED_SINGLE_SIGNAL"", ""execution_rate"": 0.9970606831582768}, {""candidate_id"": ""102:2024:산업·중소기업및에너지:창업및벤처:5100:GENERAL_ACCOUNT"", ""account_type"": ""GENERAL_ACCOUNT"", ""review_grade"": ""B"", ""diagnostic_type"": ""STRONG_OR_REPEATED_SINGLE_SIGNAL"", ""execution_rate"": 0.999999809420262}, {""candidate_id"": ""102:2024:산업·중소기업및에너지:창업및벤처:5100:SPECIAL_ACCOUNT"", ""account_type"": ""SPECIAL_ACCOUNT"", ""review_grade"": ""B"", ""diagnostic_type"": ""STRONG_OR_REPEATED_SINGLE_SIGNAL"", ""execution_rate"": 0.9999555124197056}]",LIMITED,False,PROGRAM_YEAR_REVIEW,0.9977184105656208,0.0,1.0,True,False,True,False,CONSECUTIVE_PRIOR_YEAR,-0.05461079576306993,False,True,False,0,False,False,0,0,0.0,2022,2024,3,EXACT_PROGRAM_KEY,B,REVIEWABLE,MODERATE,STRONG_OR_REPEATED_SINGLE_SIGNAL,reported_performance,reported_performance,budget_decrease_context,False,NOT_APPLICABLE,STRONG_OR_REPEATED_SINGLE_SIGNAL,반복 또는 강한 단일 신호를 설명하는 공식 근거와 지표 변경이 있는가?,LIMITED,2,1,1,172,13
019:1100:2024,019:1100,019,2024,1100,사회복지,고용,직업능력개발,3,3,FUND;GENERAL_ACCOUNT;SPECIAL_ACCOUNT,"[""019:2024:사회복지:고용:1100:FUND"", ""019:2024:사회복지:고용:1100:GENERAL_ACCOUNT"", ""019:2024:사회복지:고용:1100:SPECIAL_ACCOUNT""]",False,False,False,False,BASE_KEY_UNIQUE,False,2971875000000,2978270851800,2763881646650,1,0,1,ALL_COMPARABLE_BELOW_TARGET,COMPLETE_REPORTED_RATE_COVERAGE,False,False,,False,False,False,,,False,False,False,False,False,,YEAR_END_CONCENTRATED,PATTERN_CANDIDATE,M3_MONTHLY_PATTERN,REPEATED_YEAR_END_CONCENTRATION_PATTERN,DISPLAY_ONLY,0.019805678233438456,0.04206098843322818,0.0,"[{""candidate_id"": ""019:2024:사회복지:고용:1100:FUND"", ""account_type"": ""FUND"", ""review_grade"": ""A"", ""diagnostic_type"": ""REPEATED_LOW_EXECUTION_WITH_REPORTED_TARGET_MISS"", ""execution_rate"": 0.8874440961880701}, {""candidate_id"": ""019:2024:사회복지:고용:1100:GENERAL_ACCOUNT"", ""account_type"": ""GENERAL_ACCOUNT"", ""review_grade"": ""B"", ""diagnostic_type"": ""STRONG_OR_REPEATED_SINGLE_SIGNAL"", ""execution_rate"": 0.9769244087880244}, {""candidate_id"": ""019:2024:사회복지:고용:1100:SPECIAL_ACCOUNT"", ""account_type"": ""SPECIAL_ACCOUNT"", ""review_grade"": ""B"", ""diagnostic_type"": ""STRONG_OR_REPEATED_SINGLE_SIGNAL"", ""execution_rate"": 0.9770391113884448}]",LIMITED,False,PROGRAM_YEAR_REVIEW,0.9280155446505384,0.0,1.0,True,False,True,False,CONSECUTIVE_PRIOR_YEAR,-0.042026257707709624,False,True,False,0,True,False,0,0,0.0,2022,2024,3,EXACT_PROGRAM_KEY,B,REVIEWABLE,MODERATE,STRONG_OR_REPEATED_SINGLE_SIGNAL,reported_performance,reported_performance,budget_decrease_context;accounting_context;repeated_year_end_concentration,False,NOT_APPLICABLE,STRONG_OR_REPEATED_SINGLE_SIGNAL,반복 또는 강한 단일 신호를 설명하는 공식 근거와 지표 변경이 있는가?,LIMITED,2,1,1,173,14
019:1000:2024,019:1000,019,2024,1000,사회복지,고용,고용창출,3,3,FUND;GENERAL_ACCOUNT;SPECIAL_ACCOUNT,"[""019:2024:사회복지:고용:1000:FUND"", ""019:2024:사회복지:고용:1000:GENERAL_ACCOUNT"", ""019:2024:사회복지:고용:1000:SPECIAL_ACCOUNT""]",False,False,False,False,BASE_KEY_UNIQUE,False,2026734000000,2030929156990,1798057481950,0,1,1,ALL_COMPARABLE_AT_OR_ABOVE_TARGET,COMPLETE_REPORTED_RATE_COVERAGE,False,False,,False,False,False,,,False,False,False,False,False,,YEAR_END_CONCENTRATED,PATTERN_CANDIDATE,M3_MONTHLY_PATTERN,REPEATED_YEAR_END_CONCENTRATION_PATTERN,DISPLAY_ONLY,0.003564355263196814,0.21675908135946795,0.0,"[{""candidate_id"": ""019:2024:사회복지:고용:1000:FUND"", ""account_type"": ""FUND"", ""review_grade"": ""C"", ""diagnostic_type"": ""LOW_EXECUTION_TARGET_MET"", ""execution_rate"": 0.852126157049551}, {""candidate_id"": ""019:2024:사회복지:고용:1000:GENERAL_ACCOUNT"", ""account_type"": ""GENERAL_ACCOUNT"", ""review_grade"": ""C"", ""diagnostic_type"": ""LOW_EXECUTION_TARGET_MET"", ""execution_rate"": 0.8834513447488039}, {""candidate_id"": ""019:2024:사회복지:고용:1000:SPECIAL_ACCOUNT"", ""account_type"": ""SPECIAL_ACCOUNT"", ""review_grade"": ""D"", ""diagnostic_type"": ""NO_STRUCTURED_SIGNAL_DETECTED"", ""execution_rate"": 0.9758479313234438}]",LIMITED,False,PROGRAM_YEAR_REVIEW,0.8853373716958525,0.5,0.0,False,True,False,False,CONSECUTIVE_PRIOR_YEAR,-0.350747667173985,False,True,True,1,True,False,0,0,1.0,2022,2024,3,EXACT_PROGRAM_KEY,C,LIMITED,AMBIGUOUS,LOW_EXECUTION_TARGET_MET,execution;budget_performance_mismatch,execution;budget_performance_mismatch,budget_decrease_context;accounting_context;repeated_year_end_concentration,False,LOW_EXECUTION_WITH_REPORTED_TARGET_MET,LOW_EXECUTION_TARGET_MET,"집행률 분모와 성과지표 비교가능성을 확인한 뒤, 원문에 목표 적정성·수요 변화·비용 절감·측정 시차를 설명하는 근거가 있는가?",LIMITED,3,2,1,174,15
075:1800:2024,075:1800,075,2024,1800,사회복지,취약계층지원,국립재활원,1,1,RESPONSIBLE_OPERATION_ACCOUNT,"[""075:2024:사회복지:취약계층지원:1800:RESPONSIBLE_OPERATION_ACCOUNT""]",False,False,False,False,BASE_KEY_UNIQUE,False,30746000000,34728359630,26283080620,0,1,1,ALL_COMPARABLE_AT_OR_ABOVE_TARGET,COMPLETE_REPORTED_RATE_COVERAGE,False,False,,False,False,False,,,False,False,False,False,False,,YEAR_END_CONCENTRATED,PATTERN_CANDIDATE,M3_MONTHLY_PATTERN,REPEATED_YEAR_END_CONCENTRATION_PATTERN,DISPLAY_ONLY,0.0072855005529174,0.0,0.0,"[{""candidate_id"": ""075:2024:사회복지:취약계층지원:1800:RESPONSIBLE_OPERATION_ACCOUNT"", ""account_type"": ""RESPONSIBLE_OPERATION_ACCOUNT"", ""review_grade"": ""C"", ""diagnostic_type"": ""LOW_EXECUTION_TARGET_MET"", ""execution_rate"": 0.7568189485487656}]",LIMITED,False,PROGRAM_YEAR_REVIEW,0.7568189485487656,1.0,0.0,False,True,False,False,CONSECUTIVE_PRIOR_YEAR,-0.0427472835393381,False,True,True,1,False,False,0,0,1.0,2022,2024,3,EXACT_PROGRAM_KEY,C,LIMITED,AMBIGUOUS,LOW_EXECUTION_TARGET_MET,execution;budget_performance_mismatch,execution;budget_performance_mismatch,budget_decrease_context;repeated_year_end_concentration,False,LOW_EXECUTION_WITH_REPORTED_TARGET_MET,LOW_EXECUTION_TARGET_MET,"집행률 분모와 성과지표 비교가능성을 확인한 뒤, 원문에 목표 적정성·수요 변화·비용 절감·측정 시차를 설명하는 근거가 있는가?",LIMITED,3,2,1,175,16
075:1900:2024,075:1900,075,2024,1900,사회복지,취약계층지원,노숙인의사상자지원,1,1,GENERAL_ACCOUNT,"[""075:2024:사회복지:취약계층지원:1900:GENERAL_ACCOUNT""]",False,False,False,False,BASE_KEY_UNIQUE,False,7136000000,7136000000,4825520400,0,1,1,ALL_COMPARABLE_AT_OR_ABOVE_TARGET,COMPLETE_REPORTED_RATE_COVERAGE,False,False,,False,False,False,,,False,False,False,False,False,,UNKNOWN_TYPE,CONFIRMED_STRUCTURED,STRUCTURED_CONTEXT_INVENTORY,NO_CONFIRMED_CONTEXT_TAG,NO_GRADE_CHANGE,0.0,0.0064461883408071,0.0,"[{""candidate_id"": ""075:2024:사회복지:취약계층지원:1900:GENERAL_ACCOUNT"", ""account_type"": ""GENERAL_ACCOUNT"", ""review_grade"": ""C"", ""diagnostic_type"": ""LOW_EXECUTION_TARGET_MET"", ""execution_rate"": 0.676222029147982}]",LIMITED,False,PROGRAM_YEAR_REVIEW,0.676222029147982,1.0,0.0,False,False,False,True,CONSECUTIVE_PRIOR_YEAR,-0.07898812596799176,False,True,True,1,True,False,0,0,1.0,2022,2024,3,EXACT_PROGRAM_KEY,C,LIMITED,AMBIGUOUS,LOW_EXECUTION_TARGET_MET,execution;budget_performance_mismatch,execution;budget_performance_mismatch,budget_decrease_context;accounting_context,False,LOW_EXECUTION_WITH_REPORTED_TARGET_MET,LOW_EXECUTION_TARGET_MET,"집행률 분모와 성과지표 비교가능성을 확인한 뒤, 원문에 목표 적정성·수요 변화·비용 절감·측정 시차를 설명하는 근거가 있는가?",LIMITED,3,2,0,176,17
075:3800:2024,075:3800,075,2024,3800,보건,보건의료,국립나주병원,1,1,RESPONSIBLE_OPERATION_ACCOUNT,"[""075:2024:보건:보건의료:3800:RESPONSIBLE_OPERATION_ACCOUNT""]",False,False,False,False,BASE_KEY_UNIQUE,False,7044000000,7212947370,5999288460,0,1,1,ALL_COMPARABLE_AT_OR_ABOVE_TARGET,COMPLETE_REPORTED_RATE_COVERAGE,False,False,,False,False,False,,,False,False,False,False,False,,YEAR_END_CONCENTRATED,PATTERN_CANDIDATE,M3_MONTHLY_PATTERN,REPEATED_YEAR_END_CONCENTRATION_PATTERN,DISPLAY_ONLY,0.1513344690516752,0.0,1.0,"[{""candidate_id"": ""075:2024:보건:보건의료:3800:RESPONSIBLE_OPERATION_ACCOUNT"", ""account_type"": ""RESPONSIBLE_OPERATION_ACCOUNT"", ""review_grade"": ""C"", ""diagnostic_type"": ""LOW_EXECUTION_TARGET_MET"", ""execution_rate"": 0.8317388374344953}]",CONFIRMED,False,PROGRAM_YEAR_REVIEW,0.8317388374344953,0.5,0.0,False,True,False,False,CONSECUTIVE_PRIOR_YEAR,-0.03586093621680808,False,True,True,1,False,True,0,0,1.0,2022,2024,3,EXACT_PROGRAM_KEY,C,LIMITED,AMBIGUOUS,LOW_EXECUTION_TARGET_MET,execution;budget_performance_mismatch,execution;budget_performance_mismatch,budget_decrease_context;structure_context;repeated_year_end_concentration,False,LOW_EXECUTION_WITH_REPORTED_TARGET_MET,LOW_EXECUTION_TARGET_MET,"집행률 분모와 성과지표 비교가능성을 확인한 뒤, 원문에 목표 적정성·수요 변화·비용 절감·측정 시차를 설명하는 근거가 있는가?",LIMITED,3,2,1,177,18
075:2500:2024,075:2500,075,2024,2500,사회복지,아동·보육,저출산대응및인구정책지원,2,2,FUND;GENERAL_ACCOUNT,"[""075:2024:사회복지:아동·보육:2500:FUND"", ""075:2024:사회복지:아동·보육:2500:GENERAL_ACCOUNT""]",False,False,False,False,BASE_KEY_UNIQUE,False,2592070000000,2592696987730,2590847389510,0,1,1,ALL_COMPARABLE_AT_OR_ABOVE_TARGET,COMPLETE_REPORTED_RATE_COVERAGE,False,False,,False,False,False,,,False,False,False,False,False,,YEAR_END_CONCENTRATED,PATTERN_CANDIDATE,M3_MONTHLY_PATTERN,REPEATED_YEAR_END_CONCENTRATION_PATTERN,DISPLAY_ONLY,0.0003271516587128464,0.0,1.0,"[{""candidate_id"": ""075:2024:사회복지:아동·보육:2500:FUND"", ""account_type"": ""FUND"", ""review_grade"": ""C"", ""diagnostic_type"": ""CONTEXT_OR_SINGLE_SIGNAL_REVIEW"", ""execution_rate"": 0.956827906623212}, {""candidate_id"": ""075:2024:사회복지:아동·보육:2500:GENERAL_ACCOUNT"", ""account_type"": ""GENERAL_ACCOUNT"", ""review_grade"": ""C"", ""diagnostic_type"": ""LOW_EXECUTION_TARGET_MET"", ""execution_rate"": 0.999821111101206}]",LIMITED,False,PROGRAM_YEAR_REVIEW,0.999286612269481,0.0,0.0,False,False,False,False,CONSECUTIVE_PRIOR_YEAR,-0.020088030917807198,False,True,True,1,False,True,0,0,0.0,2022,2024,3,EXACT_PROGRAM_KEY,C,LIMITED,AMBIGUOUS,SINGLE_SIGNAL_REVIEW,budget_performance_mismatch,budget_performance_mismatch,budget_decrease_context;structure_context;repeated_year_end_concentration,False,NOT_APPLICABLE,SINGLE_SIGNAL_REVIEW,원문에 이 신호의 예외 사유나 비교가능성 제한을 설명하는 근거가 있는가?,LIMITED,3,1,0,178,19
162:5100:2024,162:5100,162,2024,5100,통신,우정,우정서비스,1,1,SPECIAL_ACCOUNT,"[""162:2024:통신:우정:5100:SPECIAL_ACCOUNT""]",False,False,False,False,BASE_KEY_UNIQUE,False,1957179000000,2029640568960,1935270112090,0,1,1,ALL_COMPARABLE_AT_OR_ABOVE_TARGET,COMPLETE_REPORTED_RATE_COVERAGE,False,False,,False,False,False,,,False,False,False,False,False,,YEAR_END_CONCENTRATED,PATTERN_CANDIDATE,M3_MONTHLY_PATTERN,REPEATED_YEAR_END_CONCENTRATION_PATTERN,DISPLAY_ONLY,0.1051610506754875,0.0723393210329765,0.0,"[{""candidate_id"": ""162:2024:통신:우정:5100:SPECIAL_ACCOUNT"", ""account_type"": ""SPECIAL_ACCOUNT"", ""review_grade"": ""C"", ""diagnostic_type"": ""LOW_EXECUTION_TARGET_MET"", ""execution_rate"": 0.9535038576222606}]",LIMITED,False,PROGRAM_YEAR_REVIEW,0.9535038576222606,0.0,0.0,False,False,False,False,CONSECUTIVE_PRIOR_YEAR,-0.012889764446703977,False,True,True,1,True,False,0,0,0.0,2022,2024,3,EXACT_PROGRAM_KEY,C,LIMITED,AMBIGUOUS,SINGLE_SIGNAL_REVIEW,budget_performance_mismatch,budget_performance_mismatch,budget_decrease_context;accounting_context;repeated_year_end_concentration,False,NOT_APPLICABLE,SINGLE_SIGNAL_REVIEW,원문에 이 신호의 예외 사유나 비교가능성 제한을 설명하는 근거가 있는가?,LIMITED,3,1,0,179,20
102:2100:2024,102:2100,102,2024,2100,산업·중소기업및에너지,중소기업및소상공인육성,중소기업기술개발지원,2,2,GENERAL_ACCOUNT;SPECIAL_ACCOUNT,"[""102:2024:산업·중소기업및에너지:중소기업및소상공인육성:2100:GENERAL_ACCOUNT"", ""102:2024:산업·중소기업및에너지:중소기업및소상공인육성:2100:SPECIAL_ACCOUNT""]",False,False,False,False,BASE_KEY_UNIQUE,False,1536459000000,1536459000000,1535845260000,0,1,1,ALL_COMPARABLE_AT_OR_ABOVE_TARGET,COMPLETE_REPORTED_RATE_COVERAGE,False,False,,False,False,False,,,False,False,False,False,False,,UNKNOWN_TYPE,CONFIRMED_STRUCTURED,STRUCTURED_CONTEXT_INVENTORY,NO_CONFIRMED_CONTEXT_TAG,NO_GRADE_CHANGE,0.0,0.14257067712187566,0.0,"[{""candidate_id"": ""102:2024:산업·중소기업및에너지:중소기업및소상공인육성:2100:GENERAL_ACCOUNT"", ""account_type"": ""GENERAL_ACCOUNT"", ""review_grade"": ""C"", ""diagnostic_type"": ""CONTEXT_OR_SINGLE_SIGNAL_REVIEW"", ""execution_rate"": 0.9995696290229386}, {""candidate_id"": ""102:2024:산업·중소기업및에너지:중소기업및소상공인육성:2100:SPECIAL_ACCOUNT"", ""account_type"": ""SPECIAL_ACCOUNT"", ""review_grade"": ""D"", ""diagnostic_type"": ""NO_STRUCTURED_SIGNAL_DETECTED"", ""execution_rate"": 1.0}]",LIMITED,False,PROGRAM_YEAR_REVIEW,0.999600549054677,0.0,0.0,False,False,False,False,CONSECUTIVE_PRIOR_YEAR,-0.12846333747605554,False,True,True,1,True,False,0,0,0.0,2022,2024,3,EXACT_PROGRAM_KEY,C,LIMITED,AMBIGUOUS,SINGLE_SIGNAL_REVIEW,budget_performance_mismatch,budget_performance_mismatch,budget_decrease_context;accounting_context,False,NOT_APPLICABLE,SINGLE_SIGNAL_REVIEW,원문에 이 신호의 예외 사유나 비교가능성 제한을 설명하는 근거가 있는가?,LIMITED,3,1,0,180,21
162:1100:65acaef042b4:2024,162:1100:65acaef042b4,162,2024,1100,과학기술,과학기술연구개발,미래유망원천기술개발,3,3,FUND;GENERAL_ACCOUNT;SPECIAL_ACCOUNT,"[""162:2024:과학기술:과학기술연구개발:1100:FUND"", ""162:2024:과학기술:과학기술연구개발:1100:GENERAL_ACCOUNT"", ""162:2024:과학기술:과학기술연구개발:1100:SPECIAL_ACCOUNT""]",True,True,True,False,RESOLVED_BY_FIELD_SECTOR,False,1187465000000,1187465000000,1186849000000,0,1,1,ALL_COMPARABLE_AT_OR_ABOVE_TARGET,COMPLETE_REPORTED_RATE_COVERAGE,False,False,,False,False,False,,,False,False,False,False,False,,UNKNOWN_TYPE,CONFIRMED_STRUCTURED,STRUCTURED_CONTEXT_INVENTORY,NO_CONFIRMED_CONTEXT_TAG,NO_GRADE_CHANGE,0.0,0.001031609352696651,0.0,"[{""candidate_id"": ""162:2024:과학기술:과학기술연구개발:1100:FUND"", ""account_type"": ""FUND"", ""review_grade"": ""D"", ""diagnostic_type"": ""NO_STRUCTURED_SIGNAL_DETECTED"", ""execution_rate"": 1.0}, {""candidate_id"": ""162:2024:과학기술:과학기술연구개발:1100:GENERAL_ACCOUNT"", ""account_type"": ""GENERAL_ACCOUNT"", ""review_grade"": ""C"", ""diagnostic_type"": ""CONTEXT_OR_SINGLE_SIGNAL_REVIEW"", ""execution_rate"": 0.99932480719738}, {""candidate_id"": ""162:2024:과학기술:과학기술연구개발:1100:SPECIAL_ACCOUNT"", ""account_type"": ""SPECIAL_ACCOUNT"", ""review_grade"": ""C"", ""diagnostic_type"": ""CONTEXT_OR_SINGLE_SIGNAL_REVIEW"", ""execution_rate"": 1.0}]",LIMITED,False,PROGRAM_YEAR_REVIEW,0.9994812478683582,0.0,0.0,False,False,False,True,CONSECUTIVE_PRIOR_YEAR,-0.06709420544330236,False,True,True,1,True,False,0,0,0.0,2022,2024,3,EXACT_METADATA_DISAMBIGUATION,C,LIMITED,AMBIGUOUS,SINGLE_SIGNAL_REVIEW,budget_performance_mismatch,budget_performance_mismatch,budget_decrease_context;accounting_context,False,NOT_APPLICABLE,SINGLE_SIGNAL_REVIEW,원문에 이 신호의 예외 사유나 비교가능성 제한을 설명하는 근거가 있는가?,LIMITED,3,1,0,181,22
019:3000:2024,019:3000,019,2024,3000,사회복지,노동,근로조건보호및복지증진,2,2,FUND;GENERAL_ACCOUNT,"[""019:2024:사회복지:노동:3000:FUND"", ""019:2024:사회복지:노동:3000:GENERAL_ACCOUNT""]",False,False,False,False,BASE_KEY_UNIQUE,False,1087011000000,1087110500000,1076287583101,0,1,1,ALL_COMPARABLE_AT_OR_ABOVE_TARGET,COMPLETE_REPORTED_RATE_COVERAGE,False,False,,False,False,False,,,False,False,False,False,False,,YEAR_END_CONCENTRATED,PATTERN_CANDIDATE,M3_MONTHLY_PATTERN,REPEATED_YEAR_END_CONCENTRATION_PATTERN,DISPLAY_ONLY,0.03234005911623708,0.12142931396278417,0.0,"[{""candidate_id"": ""019:2024:사회복지:노동:3000:FUND"", ""account_type"": ""FUND"", ""review_grade"": ""C"", ""diagnostic_type"": ""LOW_EXECUTION_TARGET_MET"", ""execution_rate"": 0.9912686847593032}, {""candidate_id"": ""019:2024:사회복지:노동:3000:GENERAL_ACCOUNT"", ""account_type"": ""GENERAL_ACCOUNT"", ""review_grade"": ""C"", ""diagnostic_type"": ""CONTEXT_OR_SINGLE_SIGNAL_REVIEW"", ""execution_rate"": 0.96995185131207}]",LIMITED,False,PROGRAM_YEAR_REVIEW,0.9900443267735892,0.0,0.0,False,False,False,True,CONSECUTIVE_PRIOR_YEAR,-0.004759162394743166,False,True,True,1,True,False,0,0,0.0,2022,2024,3,EXACT_PROGRAM_KEY,C,LIMITED,AMBIGUOUS,SINGLE_SIGNAL_REVIEW,budget_performance_mismatch,budget_performance_mismatch,budget_decrease_context;accounting_context;repeated_year_end_concentration,False,NOT_APPLICABLE,SINGLE_SIGNAL_REVIEW,원문에 이 신호의 예외 사유나 비교가능성 제한을 설명하는 근거가 있는가?,LIMITED,3,1,0,182,23
162:2100:2024,162:2100,162,2024,2100,통신,정보통신,정보통신융합산업,3,3,FUND;GENERAL_ACCOUNT;SPECIAL_ACCOUNT,"[""162:2024:통신:정보통신:2100:FUND"", ""162:2024:통신:정보통신:2100:GENERAL_ACCOUNT"", ""162:2024:통신:정보통신:2100:SPECIAL_ACCOUNT""]",False,False,False,False,BASE_KEY_UNIQUE,False,724744000000,724744000000,724582299800,0,1,1,ALL_COMPARABLE_AT_OR_ABOVE_TARGET,COMPLETE_REPORTED_RATE_COVERAGE,False,False,,False,False,False,,,False,False,False,False,False,,YEAR_END_CONCENTRATED,PATTERN_CANDIDATE,M3_MONTHLY_PATTERN,REPEATED_YEAR_END_CONCENTRATION_PATTERN,DISPLAY_ONLY,0.25384687558641394,0.0,0.0,"[{""candidate_id"": ""162:2024:통신:정보통신:2100:FUND"", ""account_type"": ""FUND"", ""review_grade"": ""C"", ""diagnostic_type"": ""CONTEXT_OR_SINGLE_SIGNAL_REVIEW"", ""execution_rate"": 0.9996887262045242}, {""candidate_id"": ""162:2024:통신:정보통신:2100:GENERAL_ACCOUNT"", ""account_type"": ""GENERAL_ACCOUNT"", ""review_grade"": ""C"", ""diagnostic_type"": ""CONTEXT_OR_SINGLE_SIGNAL_REVIEW"", ""execution_rate"": 1.0}, {""candidate_id"": ""162:2024:통신:정보통신:2100:SPECIAL_ACCOUNT"", ""account_type"": ""SPECIAL_ACCOUNT"", ""review_grade"": ""D"", ""diagnostic_type"": ""NO_STRUCTURED_SIGNAL_DETECTED"", ""execution_rate"": 1.0}]",LIMITED,False,PROGRAM_YEAR_REVIEW,0.9997768864592187,0.0,0.0,False,False,False,True,CONSECUTIVE_PRIOR_YEAR,-0.07191189652964525,False,True,True,1,False,False,0,0,0.0,2022,2024,3,EXACT_PROGRAM_KEY,C,LIMITED,AMBIGUOUS,SINGLE_SIGNAL_REVIEW,budget_performance_mismatch,budget_performance_mismatch,budget_decrease_context;repeated_year_end_concentration,False,NOT_APPLICABLE,SINGLE_SIGNAL_REVIEW,원문에 이 신호의 예외 사유나 비교가능성 제한을 설명하는 근거가 있는가?,LIMITED,3,1,0,183,24
162:2600:2024,162:2600,162,2024,2600,통신,정보통신,인공지능데이터진흥,3,3,FUND;GENERAL_ACCOUNT;SPECIAL_ACCOUNT,"[""162:2024:통신:정보통신:2600:FUND"", ""162:2024:통신:정보통신:2600:GENERAL_ACCOUNT"", ""162:2024:통신:정보통신:2600:SPECIAL_ACCOUNT""]",False,False,False,False,BASE_KEY_UNIQUE,False,584781000000,585045400000,584895620000,0,1,1,ALL_COMPARABLE_AT_OR_ABOVE_TARGET,COMPLETE_REPORTED_RATE_COVERAGE,False,False,,False,False,False,,,False,False,False,False,False,,YEAR_END_CONCENTRATED,PATTERN_CANDIDATE,M3_MONTHLY_PATTERN,REPEATED_YEAR_END_CONCENTRATION_PATTERN,DISPLAY_ONLY,0.1049794709472435,0.006222842397410292,0.0,"[{""candidate_id"": ""162:2024:통신:정보통신:2600:FUND"", ""account_type"": ""FUND"", ""review_grade"": ""C"", ""diagnostic_type"": ""CONTEXT_OR_SINGLE_SIGNAL_REVIEW"", ""execution_rate"": 0.999425885884758}, {""candidate_id"": ""162:2024:통신:정보통신:2600:GENERAL_ACCOUNT"", ""account_type"": ""GENERAL_ACCOUNT"", ""review_grade"": ""C"", ""diagnostic_type"": ""CONTEXT_OR_SINGLE_SIGNAL_REVIEW"", ""execution_rate"": 1.0}, {""candidate_id"": ""162:2024:통신:정보통신:2600:SPECIAL_ACCOUNT"", ""account_type"": ""SPECIAL_ACCOUNT"", ""review_grade"": ""D"", ""diagnostic_type"": ""NO_STRUCTURED_SIGNAL_DETECTED"", ""execution_rate"": 1.0}]",LIMITED,False,PROGRAM_YEAR_REVIEW,0.9997439856804275,0.0,0.0,False,False,False,True,CONSECUTIVE_PRIOR_YEAR,-0.33702884494383045,False,True,True,1,True,False,0,0,0.0,2022,2024,3,EXACT_PROGRAM_KEY,C,LIMITED,AMBIGUOUS,SINGLE_SIGNAL_REVIEW,budget_performance_mismatch,budget_performance_mismatch,budget_decrease_context;accounting_context;repeated_year_end_concentration,False,NOT_APPLICABLE,SINGLE_SIGNAL_REVIEW,원문에 이 신호의 예외 사유나 비교가능성 제한을 설명하는 근거가 있는가?,LIMITED,3,1,0,184,25
075:2700:2024,075:2700,075,2024,2700,보건,보건의료,공공보건의료확충,3,3,FUND;GENERAL_ACCOUNT;SPECIAL_ACCOUNT,"[""075:2024:보건:보건의료:2700:FUND"", ""075:2024:보건:보건의료:2700:GENERAL_ACCOUNT"", ""075:2024:보건:보건의료:2700:SPECIAL_ACCOUNT""]",False,False,False,False,BASE_KEY_UNIQUE,False,580763000000,609990309500,605385624750,0,1,1,ALL_COMPARABLE_AT_OR_ABOVE_TARGET,COMPLETE_REPORTED_RATE_COVERAGE,False,False,,False,False,False,,,False,False,False,False,False,,YEAR_END_CONCENTRATED,PATTERN_CANDIDATE,M3_MONTHLY_PATTERN,REPEATED_YEAR_END_CONCENTRATION_PATTERN,DISPLAY_ONLY,0.006153973307528176,0.12023837606734586,0.0,"[{""candidate_id"": ""075:2024:보건:보건의료:2700:FUND"", ""account_type"": ""FUND"", ""review_grade"": ""C"", ""diagnostic_type"": ""CONTEXT_OR_SINGLE_SIGNAL_REVIEW"", ""execution_rate"": 0.9978665843228772}, {""candidate_id"": ""075:2024:보건:보건의료:2700:GENERAL_ACCOUNT"", ""account_type"": ""GENERAL_ACCOUNT"", ""review_grade"": ""C"", ""diagnostic_type"": ""LOW_EXECUTION_TARGET_MET"", ""execution_rate"": 0.9881513389320162}, {""candidate_id"": ""075:2024:보건:보건의료:2700:SPECIAL_ACCOUNT"", ""account_type"": ""SPECIAL_ACCOUNT"", ""review_grade"": ""D"", ""diagnostic_type"": ""NO_STRUCTURED_SIGNAL_DETECTED"", ""execution_rate"": 0.9928317311452964}]",LIMITED,False,PROGRAM_YEAR_REVIEW,0.9924512165549411,0.0,0.0,False,False,False,True,CONSECUTIVE_PRIOR_YEAR,-0.7041995842842962,False,True,True,1,True,False,0,0,0.0,2022,2024,3,EXACT_PROGRAM_KEY,C,LIMITED,AMBIGUOUS,SINGLE_SIGNAL_REVIEW,budget_performance_mismatch,budget_performance_mismatch,budget_decrease_context;accounting_context;repeated_year_end_concentration,False,NOT_APPLICABLE,SINGLE_SIGNAL_REVIEW,원문에 이 신호의 예외 사유나 비교가능성 제한을 설명하는 근거가 있는가?,LIMITED,3,1,0,185,26
162:2200:948fe92e436a:2024,162:2200:948fe92e436a,162,2024,2200,통신,정보통신,SW산업진흥,3,3,FUND;GENERAL_ACCOUNT;SPECIAL_ACCOUNT,"[""162:2024:통신:정보통신:2200:FUND"", ""162:2024:통신:정보통신:2200:GENERAL_ACCOUNT"", ""162:2024:통신:정보통신:2200:SPECIAL_ACCOUNT""]",True,True,True,False,RESOLVED_BY_FIELD_SECTOR,False,480147000000,480147000000,480045000000,0,1,1,ALL_COMPARABLE_AT_OR_ABOVE_TARGET,COMPLETE_REPORTED_RATE_COVERAGE,False,False,,False,False,False,,,False,False,False,False,False,,UNKNOWN_TYPE,CONFIRMED_STRUCTURED,STRUCTURED_CONTEXT_INVENTORY,NO_CONFIRMED_CONTEXT_TAG,NO_GRADE_CHANGE,0.0,0.0,0.0,"[{""candidate_id"": ""162:2024:통신:정보통신:2200:FUND"", ""account_type"": ""FUND"", ""review_grade"": ""C"", ""diagnostic_type"": ""CONTEXT_OR_SINGLE_SIGNAL_REVIEW"", ""execution_rate"": 0.999711813119284}, {""candidate_id"": ""162:2024:통신:정보통신:2200:GENERAL_ACCOUNT"", ""account_type"": ""GENERAL_ACCOUNT"", ""review_grade"": ""C"", ""diagnostic_type"": ""CONTEXT_OR_SINGLE_SIGNAL_REVIEW"", ""execution_rate"": 1.0}, {""candidate_id"": ""162:2024:통신:정보통신:2200:SPECIAL_ACCOUNT"", ""account_type"": ""SPECIAL_ACCOUNT"", ""review_grade"": ""D"", ""diagnostic_type"": ""NO_STRUCTURED_SIGNAL_DETECTED"", ""execution_rate"": 1.0}]",LIMITED,False,PROGRAM_YEAR_REVIEW,0.9997875650582009,0.0,0.0,False,False,False,True,CONSECUTIVE_PRIOR_YEAR,-0.12849019034844278,False,True,True,1,False,False,0,0,0.0,2022,2024,3,EXACT_METADATA_DISAMBIGUATION,C,LIMITED,AMBIGUOUS,SINGLE_SIGNAL_REVIEW,budget_performance_mismatch,budget_performance_mismatch,budget_decrease_context,False,NOT_APPLICABLE,SINGLE_SIGNAL_REVIEW,원문에 이 신호의 예외 사유나 비교가능성 제한을 설명하는 근거가 있는가?,LIMITED,3,1,0,186,27
075:2600:2024,075:2600,075,2024,2600,사회복지,사회복지일반,사회복지기반조성,2,2,GENERAL_ACCOUNT;SPECIAL_ACCOUNT,"[""075:2024:사회복지:사회복지일반:2600:GENERAL_ACCOUNT"", ""075:2024:사회복지:사회복지일반:2600:SPECIAL_ACCOUNT""]",False,False,False,False,BASE_KEY_UNIQUE,False,407833000000,410319226000,401216403760,0,1,1,ALL_COMPARABLE_AT_OR_ABOVE_TARGET,COMPLETE_REPORTED_RATE_COVERAGE,False,False,,False,False,False,,,False,False,False,False,False,,YEAR_END_CONCENTRATED,PATTERN_CANDIDATE,M3_MONTHLY_PATTERN,REPEATED_YEAR_END_CONCENTRATION_PATTERN,DISPLAY_ONLY,0.002010626898755119,0.0703057378878119,0.0,"[{""candidate_id"": ""075:2024:사회복지:사회복지일반:2600:GENERAL_ACCOUNT"", ""account_type"": ""GENERAL_ACCOUNT"", ""review_grade"": ""C"", ""diagnostic_type"": ""LOW_EXECUTION_TARGET_MET"", ""execution_rate"": 0.9813617330382852}, {""candidate_id"": ""075:2024:사회복지:사회복지일반:2600:SPECIAL_ACCOUNT"", ""account_type"": ""SPECIAL_ACCOUNT"", ""review_grade"": ""C"", ""diagnostic_type"": ""CONTEXT_OR_SINGLE_SIGNAL_REVIEW"", ""execution_rate"": 0.9743772928641916}]",LIMITED,False,PROGRAM_YEAR_REVIEW,0.977815267569256,0.0,0.0,False,False,False,True,CONSECUTIVE_PRIOR_YEAR,-0.3212127970493953,False,True,True,1,True,False,0,0,0.0,2022,2024,3,EXACT_PROGRAM_KEY,C,LIMITED,AMBIGUOUS,SINGLE_SIGNAL_REVIEW,budget_performance_mismatch,budget_performance_mismatch,budget_decrease_context;accounting_context;repeated_year_end_concentration,False,NOT_APPLICABLE,SINGLE_SIGNAL_REVIEW,원문에 이 신호의 예외 사유나 비교가능성 제한을 설명하는 근거가 있는가?,LIMITED,3,1,0,187,28
162:2000:2024,162:2000,162,2024,2000,통신,정보통신,인터넷융합산업,3,3,FUND;GENERAL_ACCOUNT;SPECIAL_ACCOUNT,"[""162:2024:통신:정보통신:2000:FUND"", ""162:2024:통신:정보통신:2000:GENERAL_ACCOUNT"", ""162:2024:통신:정보통신:2000:SPECIAL_ACCOUNT""]",False,False,False,False,BASE_KEY_UNIQUE,False,301955000000,302905000000,302905000000,0,1,1,ALL_COMPARABLE_AT_OR_ABOVE_TARGET,PARTIAL_REPORTED_RATE_COVERAGE,False,False,,False,False,False,,,False,False,False,False,False,,UNKNOWN_TYPE,CONFIRMED_STRUCTURED,STRUCTURED_CONTEXT_INVENTORY,NO_CONFIRMED_CONTEXT_TAG,NO_GRADE_CHANGE,0.0,0.0,0.0,"[{""candidate_id"": ""162:2024:통신:정보통신:2000:FUND"", ""account_type"": ""FUND"", ""review_grade"": ""D"", ""diagnostic_type"": ""NO_STRUCTURED_SIGNAL_DETECTED"", ""execution_rate"": 1.0}, {""candidate_id"": ""162:2024:통신:정보통신:2000:GENERAL_ACCOUNT"", ""account_type"": ""GENERAL_ACCOUNT"", ""review_grade"": ""C"", ""diagnostic_type"": ""CONTEXT_OR_SINGLE_SIGNAL_REVIEW"", ""execution_rate"": 1.0}, {""candidate_id"": ""162:2024:통신:정보통신:2000:SPECIAL_ACCOUNT"", ""account_type"": ""SPECIAL_ACCOUNT"", ""review_grade"": ""D"", ""diagnostic_type"": ""NO_STRUCTURED_SIGNAL_DETECTED"", ""execution_rate"": 1.0}]",LIMITED,False,PROGRAM_YEAR_REVIEW,1.0,0.0,0.0,False,False,False,False,CONSECUTIVE_PRIOR_YEAR,-0.09862564702651389,False,True,True,1,False,False,0,0,0.0,2022,2024,3,EXACT_PROGRAM_KEY,C,LIMITED,AMBIGUOUS,SINGLE_SIGNAL_REVIEW,budget_performance_mismatch,budget_performance_mismatch,budget_decrease_context,False,NOT_APPLICABLE,SINGLE_SIGNAL_REVIEW,원문에 이 신호의 예외 사유나 비교가능성 제한을 설명하는 근거가 있는가?,LIMITED,3,1,0,188,29
162:5300:2024,162:5300,162,2024,5300,통신,우정,우체국보험,1,1,SPECIAL_ACCOUNT,"[""162:2024:통신:우정:5300:SPECIAL_ACCOUNT""]",False,False,False,False,BASE_KEY_UNIQUE,False,292782000000,304964785000,302733157550,0,1,1,ALL_COMPARABLE_AT_OR_ABOVE_TARGET,COMPLETE_REPORTED_RATE_COVERAGE,False,False,,False,False,False,,,False,False,False,False,False,,YEAR_END_CONCENTRATED,PATTERN_CANDIDATE,M3_MONTHLY_PATTERN,REPEATED_YEAR_END_CONCENTRATION_PATTERN,DISPLAY_ONLY,0.0799263615932673,0.0,1.0,"[{""candidate_id"": ""162:2024:통신:우정:5300:SPECIAL_ACCOUNT"", ""account_type"": ""SPECIAL_ACCOUNT"", ""review_grade"": ""C"", ""diagnostic_type"": ""CONTEXT_OR_SINGLE_SIGNAL_REVIEW"", ""execution_rate"": 0.9926823437991372}]",LIMITED,False,PROGRAM_YEAR_REVIEW,0.9926823437991373,0.0,0.0,False,False,False,True,CONSECUTIVE_PRIOR_YEAR,-0.009821229277003352,False,True,True,1,False,True,0,0,0.0,2022,2024,3,EXACT_PROGRAM_KEY,C,LIMITED,AMBIGUOUS,SINGLE_SIGNAL_REVIEW,budget_performance_mismatch,budget_performance_mismatch,budget_decrease_context;structure_context;repeated_year_end_concentration,False,NOT_APPLICABLE,SINGLE_SIGNAL_REVIEW,원문에 이 신호의 예외 사유나 비교가능성 제한을 설명하는 근거가 있는가?,LIMITED,3,1,0,189,30
102:5400:2024,102:5400,102,2024,5400,산업·중소기업및에너지,중소기업및소상공인육성,중소기업인력지원,2,2,FUND;GENERAL_ACCOUNT,"[""102:2024:산업·중소기업및에너지:중소기업및소상공인육성:5400:FUND"", ""102:2024:산업·중소기업및에너지:중소기업및소상공인육성:5400:GENERAL_ACCOUNT""]",False,False,False,False,BASE_KEY_UNIQUE,False,266857000000,267192796500,262623830721,0,1,1,ALL_COMPARABLE_AT_OR_ABOVE_TARGET,COMPLETE_REPORTED_RATE_COVERAGE,False,False,,False,False,False,,,False,False,False,False,False,,YEAR_END_CONCENTRATED,PATTERN_CANDIDATE,M3_MONTHLY_PATTERN,REPEATED_YEAR_END_CONCENTRATION_PATTERN,DISPLAY_ONLY,0.02608513173722255,0.0,0.0,"[{""candidate_id"": ""102:2024:산업·중소기업및에너지:중소기업및소상공인육성:5400:FUND"", ""account_type"": ""FUND"", ""review_grade"": ""C"", ""diagnostic_type"": ""LOW_EXECUTION_TARGET_MET"", ""execution_rate"": 0.9133213956158094}, {""candidate_id"": ""102:2024:산업·중소기업및에너지:중소기업및소상공인육성:5400:GENERAL_ACCOUNT"", ""account_type"": ""GENERAL_ACCOUNT"", ""review_grade"": ""C"", ""diagnostic_type"": ""CONTEXT_OR_SINGLE_SIGNAL_REVIEW"", ""execution_rate"": 0.9936920284028272}]",LIMITED,False,PROGRAM_YEAR_REVIEW,0.9829001161751005,0.0,0.0,False,False,False,False,CONSECUTIVE_PRIOR_YEAR,-0.2994868025567995,False,True,True,1,False,False,0,0,0.0,2022,2024,3,EXACT_PROGRAM_KEY,C,LIMITED,AMBIGUOUS,SINGLE_SIGNAL_REVIEW,budget_performance_mismatch,budget_performance_mismatch,budget_decrease_context;repeated_year_end_concentration,False,NOT_APPLICABLE,SINGLE_SIGNAL_REVIEW,원문에 이 신호의 예외 사유나 비교가능성 제한을 설명하는 근거가 있는가?,LIMITED,3,1,0,190,31
102:3100:2024,102:3100,102,2024,3100,산업·중소기업및에너지,무역및투자유치,중소기업수출촉진지원,2,2,FUND;GENERAL_ACCOUNT,"[""102:2024:산업·중소기업및에너지:무역및투자유치:3100:FUND"", ""102:2024:산업·중소기업및에너지:무역및투자유치:3100:GENERAL_ACCOUNT""]",False,False,False,False,BASE_KEY_UNIQUE,False,259143000000,259143000000,253524843390,0,1,1,ALL_COMPARABLE_AT_OR_ABOVE_TARGET,COMPLETE_REPORTED_RATE_COVERAGE,False,False,,False,False,False,,,False,False,False,False,False,,YEAR_END_CONCENTRATED,PATTERN_CANDIDATE,M3_MONTHLY_PATTERN,REPEATED_YEAR_END_CONCENTRATION_PATTERN,DISPLAY_ONLY,0.17579869029840667,0.0,0.0,"[{""candidate_id"": ""102:2024:산업·중소기업및에너지:무역및투자유치:3100:FUND"", ""account_type"": ""FUND"", ""review_grade"": ""C"", ""diagnostic_type"": ""LOW_EXECUTION_TARGET_MET"", ""execution_rate"": 0.8778942981320105}, {""candidate_id"": ""102:2024:산업·중소기업및에너지:무역및투자유치:3100:GENERAL_ACCOUNT"", ""account_type"": ""GENERAL_ACCOUNT"", ""review_grade"": ""D"", ""diagnostic_type"": ""NO_STRUCTURED_SIGNAL_DETECTED"", ""execution_rate"": 0.999740679866658}]",LIMITED,False,PROGRAM_YEAR_REVIEW,0.9783202455401072,0.0,0.0,False,False,False,True,CONSECUTIVE_PRIOR_YEAR,-0.0315814255925021,False,True,True,1,False,False,0,0,0.0,2022,2024,3,EXACT_PROGRAM_KEY,C,LIMITED,AMBIGUOUS,SINGLE_SIGNAL_REVIEW,budget_performance_mismatch,budget_performance_mismatch,budget_decrease_context;repeated_year_end_concentration,False,NOT_APPLICABLE,SINGLE_SIGNAL_REVIEW,원문에 이 신호의 예외 사유나 비교가능성 제한을 설명하는 근거가 있는가?,LIMITED,3,1,0,191,32
162:1100:599c8e014508:2024,162:1100:599c8e014508,162,2024,1100,문화및관광,문화예술,콘텐츠방송산업육성,2,2,FUND;GENERAL_ACCOUNT,"[""162:2024:문화및관광:문화예술:1100:FUND"", ""162:2024:문화및관광:문화예술:1100:GENERAL_ACCOUNT""]",True,True,True,False,RESOLVED_BY_FIELD_SECTOR,False,195220000000,195220000000,195217264080,0,1,1,ALL_COMPARABLE_AT_OR_ABOVE_TARGET,COMPLETE_REPORTED_RATE_COVERAGE,False,False,,False,False,False,,,False,False,False,False,False,,UNKNOWN_TYPE,CONFIRMED_STRUCTURED,STRUCTURED_CONTEXT_INVENTORY,NO_CONFIRMED_CONTEXT_TAG,NO_GRADE_CHANGE,0.0,0.04538469419116887,0.0,"[{""candidate_id"": ""162:2024:문화및관광:문화예술:1100:FUND"", ""account_type"": ""FUND"", ""review_grade"": ""C"", ""diagnostic_type"": ""CONTEXT_OR_SINGLE_SIGNAL_REVIEW"", ""execution_rate"": 0.9999808455910666}, {""candidate_id"": ""162:2024:문화및관광:문화예술:1100:GENERAL_ACCOUNT"", ""account_type"": ""GENERAL_ACCOUNT"", ""review_grade"": ""C"", ""diagnostic_type"": ""CONTEXT_OR_SINGLE_SIGNAL_REVIEW"", ""execution_rate"": 1.0}]",LIMITED,False,PROGRAM_YEAR_REVIEW,0.9999859854523102,0.0,0.0,False,False,False,True,CONSECUTIVE_PRIOR_YEAR,-0.2907564368521822,False,True,True,1,True,False,0,0,0.0,2022,2024,3,EXACT_METADATA_DISAMBIGUATION,C,LIMITED,AMBIGUOUS,SINGLE_SIGNAL_REVIEW,budget_performance_mismatch,budget_performance_mismatch,budget_decrease_context;accounting_context,False,NOT_APPLICABLE,SINGLE_SIGNAL_REVIEW,원문에 이 신호의 예외 사유나 비교가능성 제한을 설명하는 근거가 있는가?,LIMITED,3,1,0,192,33
162:2200:19a8de84a7ec:2024,162:2200:19a8de84a7ec,162,2024,2200,교육,고등교육,과학기술인력양성,1,1,GENERAL_ACCOUNT,"[""162:2024:교육:고등교육:2200:GENERAL_ACCOUNT""]",True,True,True,False,RESOLVED_BY_FIELD_SECTOR,False,188107000000,188107000000,188107000000,0,1,1,ALL_COMPARABLE_AT_OR_ABOVE_TARGET,COMPLETE_REPORTED_RATE_COVERAGE,False,False,,False,False,False,,,False,False,False,False,False,,YEAR_END_CONCENTRATED,PATTERN_CANDIDATE,M3_MONTHLY_PATTERN,REPEATED_YEAR_END_CONCENTRATION_PATTERN,DISPLAY_ONLY,0.2734507487759626,0.0,0.0,"[{""candidate_id"": ""162:2024:교육:고등교육:2200:GENERAL_ACCOUNT"", ""account_type"": ""GENERAL_ACCOUNT"", ""review_grade"": ""C"", ""diagnostic_type"": ""CONTEXT_OR_SINGLE_SIGNAL_REVIEW"", ""execution_rate"": 1.0}]",LIMITED,False,PROGRAM_YEAR_REVIEW,1.0,0.0,0.0,False,False,False,True,CONSECUTIVE_PRIOR_YEAR,-0.015399190783516259,False,True,True,1,False,False,0,0,0.0,2022,2024,3,EXACT_METADATA_DISAMBIGUATION,C,LIMITED,AMBIGUOUS,SINGLE_SIGNAL_REVIEW,budget_performance_mismatch,budget_performance_mismatch,budget_decrease_context;repeated_year_end_concentration,False,NOT_APPLICABLE,SINGLE_SIGNAL_REVIEW,원문에 이 신호의 예외 사유나 비교가능성 제한을 설명하는 근거가 있는가?,LIMITED,3,1,0,193,34
162:1700:2024,162:1700,162,2024,1700,과학기술,과학기술인력및문화,과학기술인력양성,3,3,FUND;GENERAL_ACCOUNT;SPECIAL_ACCOUNT,"[""162:2024:과학기술:과학기술인력및문화:1700:FUND"", ""162:2024:과학기술:과학기술인력및문화:1700:GENERAL_ACCOUNT"", ""162:2024:과학기술:과학기술인력및문화:1700:SPECIAL_ACCOUNT""]",False,False,False,False,BASE_KEY_UNIQUE,False,156517000000,156517000000,156480000000,0,1,1,ALL_COMPARABLE_AT_OR_ABOVE_TARGET,COMPLETE_REPORTED_RATE_COVERAGE,False,False,,False,False,False,,,False,False,False,False,False,,YEAR_END_CONCENTRATED,PATTERN_CANDIDATE,M3_MONTHLY_PATTERN,REPEATED_YEAR_END_CONCENTRATION_PATTERN,DISPLAY_ONLY,0.01036309154916078,0.0,0.0,"[{""candidate_id"": ""162:2024:과학기술:과학기술인력및문화:1700:FUND"", ""account_type"": ""FUND"", ""review_grade"": ""C"", ""diagnostic_type"": ""CONTEXT_OR_SINGLE_SIGNAL_REVIEW"", ""execution_rate"": 1.0}, {""candidate_id"": ""162:2024:과학기술:과학기술인력및문화:1700:GENERAL_ACCOUNT"", ""account_type"": ""GENERAL_ACCOUNT"", ""review_grade"": ""D"", ""diagnostic_type"": ""NO_STRUCTURED_SIGNAL_DETECTED"", ""execution_rate"": 0.9996755751964084}, {""candidate_id"": ""162:2024:과학기술:과학기술인력및문화:1700:SPECIAL_ACCOUNT"", ""account_type"": ""SPECIAL_ACCOUNT"", ""review_grade"": ""D"", ""diagnostic_type"": ""NO_STRUCTURED_SIGNAL_DETECTED"", ""execution_rate"": 1.0}]",LIMITED,False,PROGRAM_YEAR_REVIEW,0.9997636039535641,0.0,0.0,False,False,False,False,CONSECUTIVE_PRIOR_YEAR,-0.17561019288099522,False,True,True,1,False,False,0,0,0.0,2022,2024,3,EXACT_PROGRAM_KEY,C,LIMITED,AMBIGUOUS,SINGLE_SIGNAL_REVIEW,budget_performance_mismatch,budget_performance_mismatch,budget_decrease_context;repeated_year_end_concentration,False,NOT_APPLICABLE,SINGLE_SIGNAL_REVIEW,원문에 이 신호의 예외 사유나 비교가능성 제한을 설명하는 근거가 있는가?,LIMITED,3,1,0,194,35
162:1900:2024,162:1900,162,2024,1900,일반·지방행정,정부자원관리,국가사회정보화,2,2,GENERAL_ACCOUNT;SPECIAL_ACCOUNT,"[""162:2024:일반·지방행정:정부자원관리:1900:GENERAL_ACCOUNT"", ""162:2024:일반·지방행정:정부자원관리:1900:SPECIAL_ACCOUNT""]",False,False,False,False,BASE_KEY_UNIQUE,False,127319000000,127319000000,127195946510,0,1,1,ALL_COMPARABLE_AT_OR_ABOVE_TARGET,PARTIAL_REPORTED_RATE_COVERAGE,False,False,,False,False,False,,,False,False,False,False,False,,UNKNOWN_TYPE,CONFIRMED_STRUCTURED,STRUCTURED_CONTEXT_INVENTORY,NO_CONFIRMED_CONTEXT_TAG,NO_GRADE_CHANGE,0.0,0.0,0.0,"[{""candidate_id"": ""162:2024:일반·지방행정:정부자원관리:1900:GENERAL_ACCOUNT"", ""account_type"": ""GENERAL_ACCOUNT"", ""review_grade"": ""D"", ""diagnostic_type"": ""NO_STRUCTURED_SIGNAL_DETECTED"", ""execution_rate"": 0.9986571197372156}, {""candidate_id"": ""162:2024:일반·지방행정:정부자원관리:1900:SPECIAL_ACCOUNT"", ""account_type"": ""SPECIAL_ACCOUNT"", ""review_grade"": ""D"", ""diagnostic_type"": ""NO_STRUCTURED_SIGNAL_DETECTED"", ""execution_rate"": 1.0}]",LIMITED,False,PROGRAM_YEAR_REVIEW,0.999033502540862,0.0,0.0,False,False,False,False,CONSECUTIVE_PRIOR_YEAR,-0.3714907712281499,False,True,True,1,False,False,0,0,0.0,2022,2024,3,EXACT_PROGRAM_KEY,C,LIMITED,AMBIGUOUS,SINGLE_SIGNAL_REVIEW,budget_performance_mismatch,budget_performance_mismatch,budget_decrease_context,False,NOT_APPLICABLE,SINGLE_SIGNAL_REVIEW,원문에 이 신호의 예외 사유나 비교가능성 제한을 설명하는 근거가 있는가?,LIMITED,3,1,0,195,36
162:1800:2024,162:1800,162,2024,1800,과학기술,과학기술인력및문화,과학문화창달,3,3,FUND;GENERAL_ACCOUNT;SPECIAL_ACCOUNT,"[""162:2024:과학기술:과학기술인력및문화:1800:FUND"", ""162:2024:과학기술:과학기술인력및문화:1800:GENERAL_ACCOUNT"", ""162:2024:과학기술:과학기술인력및문화:1800:SPECIAL_ACCOUNT""]",False,False,False,False,BASE_KEY_UNIQUE,False,110720000000,117310000000,115396912500,0,1,1,ALL_COMPARABLE_AT_OR_ABOVE_TARGET,COMPLETE_REPORTED_RATE_COVERAGE,False,False,,False,False,False,,,False,False,False,False,False,,UNKNOWN_TYPE,CONFIRMED_STRUCTURED,STRUCTURED_CONTEXT_INVENTORY,NO_CONFIRMED_CONTEXT_TAG,NO_GRADE_CHANGE,0.0,0.0,0.0,"[{""candidate_id"": ""162:2024:과학기술:과학기술인력및문화:1800:FUND"", ""account_type"": ""FUND"", ""review_grade"": ""D"", ""diagnostic_type"": ""NO_STRUCTURED_SIGNAL_DETECTED"", ""execution_rate"": 1.0}, {""candidate_id"": ""162:2024:과학기술:과학기술인력및문화:1800:GENERAL_ACCOUNT"", ""account_type"": ""GENERAL_ACCOUNT"", ""review_grade"": ""D"", ""diagnostic_type"": ""NO_STRUCTURED_SIGNAL_DETECTED"", ""execution_rate"": 0.9977229959583308}, {""candidate_id"": ""162:2024:과학기술:과학기술인력및문화:1800:SPECIAL_ACCOUNT"", ""account_type"": ""SPECIAL_ACCOUNT"", ""review_grade"": ""D"", ""diagnostic_type"": ""NO_STRUCTURED_SIGNAL_DETECTED"", ""execution_rate"": 0.9661628844208396}]",LIMITED,False,PROGRAM_YEAR_REVIEW,0.9836920339272014,0.0,0.0,False,False,False,True,CONSECUTIVE_PRIOR_YEAR,-0.1257382900097912,False,True,True,1,False,False,0,0,0.0,2022,2024,3,EXACT_PROGRAM_KEY,C,LIMITED,AMBIGUOUS,SINGLE_SIGNAL_REVIEW,budget_performance_mismatch,budget_performance_mismatch,budget_decrease_context,False,NOT_APPLICABLE,SINGLE_SIGNAL_REVIEW,원문에 이 신호의 예외 사유나 비교가능성 제한을 설명하는 근거가 있는가?,LIMITED,3,1,0,196,37
162:2500:2024,162:2500,162,2024,2500,통신,방송통신,전파활용방송서비스산업,3,3,FUND;GENERAL_ACCOUNT;SPECIAL_ACCOUNT,"[""162:2024:통신:방송통신:2500:FUND"", ""162:2024:통신:방송통신:2500:GENERAL_ACCOUNT"", ""162:2024:통신:방송통신:2500:SPECIAL_ACCOUNT""]",False,False,False,False,BASE_KEY_UNIQUE,False,74349000000,73872160060,73493522960,0,1,1,ALL_COMPARABLE_AT_OR_ABOVE_TARGET,COMPLETE_REPORTED_RATE_COVERAGE,False,False,,False,False,False,,,False,False,False,False,False,,YEAR_END_CONCENTRATED,PATTERN_CANDIDATE,M3_MONTHLY_PATTERN,REPEATED_YEAR_END_CONCENTRATION_PATTERN,DISPLAY_ONLY,0.1846426986240568,0.09774173156330278,0.0,"[{""candidate_id"": ""162:2024:통신:방송통신:2500:FUND"", ""account_type"": ""FUND"", ""review_grade"": ""C"", ""diagnostic_type"": ""CONTEXT_OR_SINGLE_SIGNAL_REVIEW"", ""execution_rate"": 0.9918926769686316}, {""candidate_id"": ""162:2024:통신:방송통신:2500:GENERAL_ACCOUNT"", ""account_type"": ""GENERAL_ACCOUNT"", ""review_grade"": ""C"", ""diagnostic_type"": ""CONTEXT_OR_SINGLE_SIGNAL_REVIEW"", ""execution_rate"": 0.9960703467943915}, {""candidate_id"": ""162:2024:통신:방송통신:2500:SPECIAL_ACCOUNT"", ""account_type"": ""SPECIAL_ACCOUNT"", ""review_grade"": ""C"", ""diagnostic_type"": ""CONTEXT_OR_SINGLE_SIGNAL_REVIEW"", ""execution_rate"": 0.9997515283018868}]",LIMITED,False,PROGRAM_YEAR_REVIEW,0.9948744276640555,0.0,0.0,False,False,False,True,CONSECUTIVE_PRIOR_YEAR,-0.30412197450440837,False,True,True,1,True,False,0,0,0.0,2022,2024,3,EXACT_PROGRAM_KEY,C,LIMITED,AMBIGUOUS,SINGLE_SIGNAL_REVIEW,budget_performance_mismatch,budget_performance_mismatch,budget_decrease_context;accounting_context;repeated_year_end_concentration,False,NOT_APPLICABLE,SINGLE_SIGNAL_REVIEW,원문에 이 신호의 예외 사유나 비교가능성 제한을 설명하는 근거가 있는가?,LIMITED,3,1,0,197,38
102:3300:2024,102:3300,102,2024,3300,산업·중소기업및에너지,중소기업및소상공인육성,지역중소기업육성,2,2,GENERAL_ACCOUNT;SPECIAL_ACCOUNT,"[""102:2024:산업·중소기업및에너지:중소기업및소상공인육성:3300:GENERAL_ACCOUNT"", ""102:2024:산업·중소기업및에너지:중소기업및소상공인육성:3300:SPECIAL_ACCOUNT""]",False,False,False,False,BASE_KEY_UNIQUE,False,56509000000,56509000000,56484514710,0,2,2,ALL_COMPARABLE_AT_OR_ABOVE_TARGET,COMPLETE_REPORTED_RATE_COVERAGE,False,False,,False,False,False,,,False,False,False,False,False,,UNKNOWN_TYPE,CONFIRMED_STRUCTURED,STRUCTURED_CONTEXT_INVENTORY,NO_CONFIRMED_CONTEXT_TAG,NO_GRADE_CHANGE,0.0,0.0,0.0,"[{""candidate_id"": ""102:2024:산업·중소기업및에너지:중소기업및소상공인육성:3300:GENERAL_ACCOUNT"", ""account_type"": ""GENERAL_ACCOUNT"", ""review_grade"": ""D"", ""diagnostic_type"": ""NO_STRUCTURED_SIGNAL_DETECTED"", ""execution_rate"": 0.9984384381377552}, {""candidate_id"": ""102:2024:산업·중소기업및에너지:중소기업및소상공인육성:3300:SPECIAL_ACCOUNT"", ""account_type"": ""SPECIAL_ACCOUNT"", ""review_grade"": ""D"", ""diagnostic_type"": ""NO_STRUCTURED_SIGNAL_DETECTED"", ""execution_rate"": 1.0}]",LIMITED,False,PROGRAM_YEAR_REVIEW,0.9995667010564688,0.0,0.0,False,False,False,True,CONSECUTIVE_PRIOR_YEAR,-0.4123806750826695,False,True,True,1,False,False,0,0,0.0,2022,2024,3,EXACT_PROGRAM_KEY,C,LIMITED,AMBIGUOUS,SINGLE_SIGNAL_REVIEW,budget_performance_mismatch,budget_performance_mismatch,budget_decrease_context,False,NOT_APPLICABLE,SINGLE_SIGNAL_REVIEW,원문에 이 신호의 예외 사유나 비교가능성 제한을 설명하는 근거가 있는가?,LIMITED,3,1,0,198,39
075:3200:2024,075:3200,075,2024,3200,보건,보건의료,한의학연구및정책개발,1,1,GENERAL_ACCOUNT,"[""075:2024:보건:보건의료:3200:GENERAL_ACCOUNT""]",False,False,False,False,BASE_KEY_UNIQUE,False,48507000000,48507000000,48478763600,0,2,2,ALL_COMPARABLE_AT_OR_ABOVE_TARGET,COMPLETE_REPORTED_RATE_COVERAGE,False,False,,False,False,False,,,False,False,False,False,False,,YEAR_END_CONCENTRATED,PATTERN_CANDIDATE,M3_MONTHLY_PATTERN,REPEATED_YEAR_END_CONCENTRATION_PATTERN,DISPLAY_ONLY,0.022367905663100096,0.0,0.0,"[{""candidate_id"": ""075:2024:보건:보건의료:3200:GENERAL_ACCOUNT"", ""account_type"": ""GENERAL_ACCOUNT"", ""review_grade"": ""C"", ""diagnostic_type"": ""CONTEXT_OR_SINGLE_SIGNAL_REVIEW"", ""execution_rate"": 0.9994178902014142}]",LIMITED,False,PROGRAM_YEAR_REVIEW,0.9994178902014142,0.0,0.0,False,False,False,True,CONSECUTIVE_PRIOR_YEAR,-0.06366180870572336,False,True,True,1,False,False,0,0,0.0,2022,2024,3,EXACT_PROGRAM_KEY,C,LIMITED,AMBIGUOUS,SINGLE_SIGNAL_REVIEW,budget_performance_mismatch,budget_performance_mismatch,budget_decrease_context;repeated_year_end_concentration,False,NOT_APPLICABLE,SINGLE_SIGNAL_REVIEW,원문에 이 신호의 예외 사유나 비교가능성 제한을 설명하는 근거가 있는가?,LIMITED,3,1,0,199,40
162:1600:bbc4586c11b9:2024,162:1600:bbc4586c11b9,162,2024,1600,과학기술,과학기술연구지원,과학기술기반조성,1,1,GENERAL_ACCOUNT,"[""162:2024:과학기술:과학기술연구지원:1600:GENERAL_ACCOUNT""]",True,True,True,False,RESOLVED_BY_FIELD_SECTOR,False,43663000000,73156480940,66495574420,0,1,1,ALL_COMPARABLE_AT_OR_ABOVE_TARGET,COMPLETE_REPORTED_RATE_COVERAGE,False,False,,False,False,False,,,False,False,False,False,False,,UNKNOWN_TYPE,CONFIRMED_STRUCTURED,STRUCTURED_CONTEXT_INVENTORY,NO_CONFIRMED_CONTEXT_TAG,NO_GRADE_CHANGE,0.0,0.0,1.0,"[{""candidate_id"": ""162:2024:과학기술:과학기술연구지원:1600:GENERAL_ACCOUNT"", ""account_type"": ""GENERAL_ACCOUNT"", ""review_grade"": ""C"", ""diagnostic_type"": ""LOW_EXECUTION_TARGET_MET"", ""execution_rate"": 0.9089498779272474}]",CONFIRMED,False,PROGRAM_YEAR_REVIEW,0.9089498779272474,0.0,0.0,False,False,False,False,CONSECUTIVE_PRIOR_YEAR,-0.3172962661830008,False,True,True,1,False,True,0,0,0.0,2022,2024,3,EXACT_METADATA_DISAMBIGUATION,C,LIMITED,AMBIGUOUS,SINGLE_SIGNAL_REVIEW,budget_performance_mismatch,budget_performance_mismatch,budget_decrease_context;structure_context,False,NOT_APPLICABLE,SINGLE_SIGNAL_REVIEW,원문에 이 신호의 예외 사유나 비교가능성 제한을 설명하는 근거가 있는가?,STRONG,3,1,0,200,41
102:4200:2024,102:4200,102,2024,4200,산업·중소기업및에너지,중소기업및소상공인육성,동반성장지원,1,1,GENERAL_ACCOUNT,"[""102:2024:산업·중소기업및에너지:중소기업및소상공인육성:4200:GENERAL_ACCOUNT""]",False,False,False,False,BASE_KEY_UNIQUE,False,35672000000,35672000000,35659990540,0,1,1,ALL_COMPARABLE_AT_OR_ABOVE_TARGET,COMPLETE_REPORTED_RATE_COVERAGE,False,False,,False,False,False,,,False,False,False,False,False,,UNKNOWN_TYPE,CONFIRMED_STRUCTURED,STRUCTURED_CONTEXT_INVENTORY,NO_CONFIRMED_CONTEXT_TAG,NO_GRADE_CHANGE,0.0,0.0,0.0,"[{""candidate_id"": ""102:2024:산업·중소기업및에너지:중소기업및소상공인육성:4200:GENERAL_ACCOUNT"", ""account_type"": ""GENERAL_ACCOUNT"", ""review_grade"": ""D"", ""diagnostic_type"": ""NO_STRUCTURED_SIGNAL_DETECTED"", ""execution_rate"": 0.9996633365104284}]",LIMITED,False,PROGRAM_YEAR_REVIEW,0.9996633365104284,0.0,0.0,False,False,False,True,CONSECUTIVE_PRIOR_YEAR,-0.09521635468979861,False,True,True,1,False,False,0,0,0.0,2022,2024,3,EXACT_PROGRAM_KEY,C,LIMITED,AMBIGUOUS,SINGLE_SIGNAL_REVIEW,budget_performance_mismatch,budget_performance_mismatch,budget_decrease_context,False,NOT_APPLICABLE,SINGLE_SIGNAL_REVIEW,원문에 이 신호의 예외 사유나 비교가능성 제한을 설명하는 근거가 있는가?,LIMITED,3,1,0,201,42
162:1500:2024,162:1500,162,2024,1500,과학기술,과학기술연구개발,사회문제해결,1,1,GENERAL_ACCOUNT,"[""162:2024:과학기술:과학기술연구개발:1500:GENERAL_ACCOUNT""]",False,False,False,False,BASE_KEY_UNIQUE,False,19084000000,19084000000,19084000000,0,1,1,ALL_COMPARABLE_AT_OR_ABOVE_TARGET,COMPLETE_REPORTED_RATE_COVERAGE,False,False,,False,False,False,,,False,False,False,False,False,,UNKNOWN_TYPE,CONFIRMED_STRUCTURED,STRUCTURED_CONTEXT_INVENTORY,NO_CONFIRMED_CONTEXT_TAG,NO_GRADE_CHANGE,0.0,0.0,0.0,"[{""candidate_id"": ""162:2024:과학기술:과학기술연구개발:1500:GENERAL_ACCOUNT"", ""account_type"": ""GENERAL_ACCOUNT"", ""review_grade"": ""C"", ""diagnostic_type"": ""CONTEXT_OR_SINGLE_SIGNAL_REVIEW"", ""execution_rate"": 1.0}]",LIMITED,False,PROGRAM_YEAR_REVIEW,1.0,0.0,0.0,False,False,False,True,CONSECUTIVE_PRIOR_YEAR,-0.696737593160546,False,True,True,1,False,False,0,0,0.0,2022,2024,3,EXACT_PROGRAM_KEY,C,LIMITED,AMBIGUOUS,SINGLE_SIGNAL_REVIEW,budget_performance_mismatch,budget_performance_mismatch,budget_decrease_context,False,NOT_APPLICABLE,SINGLE_SIGNAL_REVIEW,원문에 이 신호의 예외 사유나 비교가능성 제한을 설명하는 근거가 있는가?,LIMITED,3,1,0,202,43
162:2400:2024,162:2400,162,2024,2400,통신,방송통신,통신정책지원,2,2,FUND;GENERAL_ACCOUNT,"[""162:2024:통신:방송통신:2400:FUND"", ""162:2024:통신:방송통신:2400:GENERAL_ACCOUNT""]",False,False,False,False,BASE_KEY_UNIQUE,False,18869000000,19045225000,18801423990,0,1,1,ALL_COMPARABLE_AT_OR_ABOVE_TARGET,COMPLETE_REPORTED_RATE_COVERAGE,False,False,,False,False,False,,,False,False,False,False,False,,UNKNOWN_TYPE,CONFIRMED_STRUCTURED,STRUCTURED_CONTEXT_INVENTORY,NO_CONFIRMED_CONTEXT_TAG,NO_GRADE_CHANGE,0.0,0.0,0.0,"[{""candidate_id"": ""162:2024:통신:방송통신:2400:FUND"", ""account_type"": ""FUND"", ""review_grade"": ""C"", ""diagnostic_type"": ""LOW_EXECUTION_TARGET_MET"", ""execution_rate"": 0.9850173525747092}, {""candidate_id"": ""162:2024:통신:방송통신:2400:GENERAL_ACCOUNT"", ""account_type"": ""GENERAL_ACCOUNT"", ""review_grade"": ""D"", ""diagnostic_type"": ""NO_STRUCTURED_SIGNAL_DETECTED"", ""execution_rate"": 1.0}]",LIMITED,False,PROGRAM_YEAR_REVIEW,0.9871988380289548,0.0,0.0,False,False,False,True,CONSECUTIVE_PRIOR_YEAR,-0.480864995735549,False,True,True,1,False,False,0,0,0.0,2022,2024,3,EXACT_PROGRAM_KEY,C,LIMITED,AMBIGUOUS,SINGLE_SIGNAL_REVIEW,budget_performance_mismatch,budget_performance_mismatch,budget_decrease_context,False,NOT_APPLICABLE,SINGLE_SIGNAL_REVIEW,원문에 이 신호의 예외 사유나 비교가능성 제한을 설명하는 근거가 있는가?,LIMITED,3,1,0,203,44
075:3700:2024,075:3700,075,2024,3700,보건,보건의료,국립정신건강센터,1,1,RESPONSIBLE_OPERATION_ACCOUNT,"[""075:2024:보건:보건의료:3700:RESPONSIBLE_OPERATION_ACCOUNT""]",False,False,False,False,BASE_KEY_UNIQUE,False,18736000000,20067944000,17451605390,0,1,1,ALL_COMPARABLE_AT_OR_ABOVE_TARGET,COMPLETE_REPORTED_RATE_COVERAGE,False,False,,False,False,False,,,False,False,False,False,False,,UNKNOWN_TYPE,CONFIRMED_STRUCTURED,STRUCTURED_CONTEXT_INVENTORY,NO_CONFIRMED_CONTEXT_TAG,NO_GRADE_CHANGE,0.0,0.0,1.0,"[{""candidate_id"": ""075:2024:보건:보건의료:3700:RESPONSIBLE_OPERATION_ACCOUNT"", ""account_type"": ""RESPONSIBLE_OPERATION_ACCOUNT"", ""review_grade"": ""C"", ""diagnostic_type"": ""LOW_EXECUTION_TARGET_MET"", ""execution_rate"": 0.869625976133878}]",LIMITED,False,PROGRAM_YEAR_REVIEW,0.869625976133878,0.5,0.0,False,True,False,False,CONSECUTIVE_PRIOR_YEAR,0.05519261094841177,True,False,False,0,False,True,0,0,1.0,2022,2024,3,EXACT_PROGRAM_KEY,C,LIMITED,AMBIGUOUS,LOW_EXECUTION_TARGET_MET,execution,execution,budget_increase_context;structure_context,False,LOW_EXECUTION_WITH_REPORTED_TARGET_MET,LOW_EXECUTION_TARGET_MET,"집행률 분모와 성과지표 비교가능성을 확인한 뒤, 원문에 목표 적정성·수요 변화·비용 절감·측정 시차를 설명하는 근거가 있는가?",LIMITED,3,1,1,204,45
162:1600:599c8e014508:2024,162:1600:599c8e014508,162,2024,1600,문화및관광,문화예술,정보통신방송기반조성,2,2,FUND;GENERAL_ACCOUNT,"[""162:2024:문화및관광:문화예술:1600:FUND"", ""162:2024:문화및관광:문화예술:1600:GENERAL_ACCOUNT""]",True,True,True,False,RESOLVED_BY_FIELD_SECTOR,False,16763000000,16763000000,16744276000,0,1,1,ALL_COMPARABLE_AT_OR_ABOVE_TARGET,COMPLETE_REPORTED_RATE_COVERAGE,False,False,,False,False,False,,,False,False,False,False,False,,UNKNOWN_TYPE,CONFIRMED_STRUCTURED,STRUCTURED_CONTEXT_INVENTORY,NO_CONFIRMED_CONTEXT_TAG,NO_GRADE_CHANGE,0.0,0.03304897691344028,0.0,"[{""candidate_id"": ""162:2024:문화및관광:문화예술:1600:FUND"", ""account_type"": ""FUND"", ""review_grade"": ""C"", ""diagnostic_type"": ""CONTEXT_OR_SINGLE_SIGNAL_REVIEW"", ""execution_rate"": 0.9987316941001152}, {""candidate_id"": ""162:2024:문화및관광:문화예술:1600:GENERAL_ACCOUNT"", ""account_type"": ""GENERAL_ACCOUNT"", ""review_grade"": ""D"", ""diagnostic_type"": ""NO_STRUCTURED_SIGNAL_DETECTED"", ""execution_rate"": 1.0}]",LIMITED,False,PROGRAM_YEAR_REVIEW,0.9988830161665573,0.0,0.0,False,False,False,True,CONSECUTIVE_PRIOR_YEAR,-0.382623747790218,False,True,True,1,True,False,0,0,0.0,2022,2024,3,EXACT_METADATA_DISAMBIGUATION,C,LIMITED,AMBIGUOUS,SINGLE_SIGNAL_REVIEW,budget_performance_mismatch,budget_performance_mismatch,budget_decrease_context;accounting_context,False,NOT_APPLICABLE,SINGLE_SIGNAL_REVIEW,원문에 이 신호의 예외 사유나 비교가능성 제한을 설명하는 근거가 있는가?,LIMITED,3,1,0,205,46
075:3900:2024,075:3900,075,2024,3900,보건,보건의료,국립부곡병원,1,1,RESPONSIBLE_OPERATION_ACCOUNT,"[""075:2024:보건:보건의료:3900:RESPONSIBLE_OPERATION_ACCOUNT""]",False,False,False,False,BASE_KEY_UNIQUE,False,7700000000,7332379790,6175018870,0,1,1,ALL_COMPARABLE_AT_OR_ABOVE_TARGET,COMPLETE_REPORTED_RATE_COVERAGE,False,False,,False,False,False,,,False,False,False,False,False,,YEAR_END_CONCENTRATED,PATTERN_CANDIDATE,M3_MONTHLY_PATTERN,REPEATED_YEAR_END_CONCENTRATION_PATTERN,DISPLAY_ONLY,0.1568831168831168,0.0063636363636363,1.0,"[{""candidate_id"": ""075:2024:보건:보건의료:3900:RESPONSIBLE_OPERATION_ACCOUNT"", ""account_type"": ""RESPONSIBLE_OPERATION_ACCOUNT"", ""review_grade"": ""C"", ""diagnostic_type"": ""LOW_EXECUTION_TARGET_MET"", ""execution_rate"": 0.842157532322804}]",CONFIRMED,False,PROGRAM_YEAR_REVIEW,0.842157532322804,0.5,0.0,False,True,False,True,CONSECUTIVE_PRIOR_YEAR,0.0029959619643089574,True,False,False,0,True,True,0,0,1.0,2022,2024,3,EXACT_PROGRAM_KEY,C,LIMITED,AMBIGUOUS,LOW_EXECUTION_TARGET_MET,execution,execution,budget_increase_context;accounting_context;structure_context;repeated_year_end_concentration,False,LOW_EXECUTION_WITH_REPORTED_TARGET_MET,LOW_EXECUTION_TARGET_MET,"집행률 분모와 성과지표 비교가능성을 확인한 뒤, 원문에 목표 적정성·수요 변화·비용 절감·측정 시차를 설명하는 근거가 있는가?",LIMITED,3,1,1,206,47
075:4000:2024,075:4000,075,2024,4000,보건,보건의료,국립춘천병원,1,1,RESPONSIBLE_OPERATION_ACCOUNT,"[""075:2024:보건:보건의료:4000:RESPONSIBLE_OPERATION_ACCOUNT""]",False,False,False,False,BASE_KEY_UNIQUE,False,6864000000,7825776240,5639383970,0,1,1,ALL_COMPARABLE_AT_OR_ABOVE_TARGET,COMPLETE_REPORTED_RATE_COVERAGE,False,False,,False,False,False,,,False,False,False,False,False,,YEAR_END_CONCENTRATED,PATTERN_CANDIDATE,M3_MONTHLY_PATTERN,REPEATED_YEAR_END_CONCENTRATION_PATTERN,DISPLAY_ONLY,0.3602855477855478,0.0,0.0,"[{""candidate_id"": ""075:2024:보건:보건의료:4000:RESPONSIBLE_OPERATION_ACCOUNT"", ""account_type"": ""RESPONSIBLE_OPERATION_ACCOUNT"", ""review_grade"": ""C"", ""diagnostic_type"": ""LOW_EXECUTION_TARGET_MET"", ""execution_rate"": 0.7206165621213826}]",CONFIRMED,False,PROGRAM_YEAR_REVIEW,0.7206165621213826,1.0,0.0,False,True,False,False,CONSECUTIVE_PRIOR_YEAR,0.20547945205479445,True,False,False,0,False,False,0,0,1.0,2022,2024,3,EXACT_PROGRAM_KEY,C,LIMITED,AMBIGUOUS,LOW_EXECUTION_TARGET_MET,execution,execution,budget_increase_context;repeated_year_end_concentration,False,LOW_EXECUTION_WITH_REPORTED_TARGET_MET,LOW_EXECUTION_TARGET_MET,"집행률 분모와 성과지표 비교가능성을 확인한 뒤, 원문에 목표 적정성·수요 변화·비용 절감·측정 시차를 설명하는 근거가 있는가?",LIMITED,3,1,1,207,48
162:2300:f3d32026a540:2024,162:2300:f3d32026a540,162,2024,2300,과학기술,과학기술인력및문화,국립과천과학관운영,1,1,RESPONSIBLE_OPERATION_ACCOUNT,"[""162:2024:과학기술:과학기술인력및문화:2300:RESPONSIBLE_OPERATION_ACCOUNT""]",True,True,True,False,RESOLVED_BY_FIELD_SECTOR,False,3344000000,3344000000,2952037990,0,1,1,ALL_COMPARABLE_AT_OR_ABOVE_TARGET,COMPLETE_REPORTED_RATE_COVERAGE,False,False,,False,False,False,,,False,False,False,False,False,,UNKNOWN_TYPE,CONFIRMED_STRUCTURED,STRUCTURED_CONTEXT_INVENTORY,NO_CONFIRMED_CONTEXT_TAG,NO_GRADE_CHANGE,0.0,0.0702751196172248,1.0,"[{""candidate_id"": ""162:2024:과학기술:과학기술인력및문화:2300:RESPONSIBLE_OPERATION_ACCOUNT"", ""account_type"": ""RESPONSIBLE_OPERATION_ACCOUNT"", ""review_grade"": ""C"", ""diagnostic_type"": ""LOW_EXECUTION_TARGET_MET"", ""execution_rate"": 0.8827864802631579}]",CONFIRMED,False,PROGRAM_YEAR_REVIEW,0.8827864802631579,0.5,0.0,False,False,False,False,CONSECUTIVE_PRIOR_YEAR,0.11690046760187034,True,False,False,0,True,True,0,0,0.5,2022,2024,3,EXACT_METADATA_DISAMBIGUATION,C,LIMITED,AMBIGUOUS,LOW_EXECUTION_TARGET_MET,execution,execution,budget_increase_context;accounting_context;structure_context,False,LOW_EXECUTION_WITH_REPORTED_TARGET_MET,LOW_EXECUTION_TARGET_MET,"집행률 분모와 성과지표 비교가능성을 확인한 뒤, 원문에 목표 적정성·수요 변화·비용 절감·측정 시차를 설명하는 근거가 있는가?",LIMITED,3,1,0,208,49
075:7600:2024,075:7600,075,2024,7600,사회복지,공적연금,국민연금운영(급여지급),1,1,FUND,"[""075:2024:사회복지:공적연금:7600:FUND""]",False,False,False,False,BASE_KEY_UNIQUE,False,43833885000000,43833885000000,43704824715450,0,1,1,ALL_COMPARABLE_AT_OR_ABOVE_TARGET,COMPLETE_REPORTED_RATE_COVERAGE,False,False,,False,False,False,,,False,False,False,False,False,,UNKNOWN_TYPE,CONFIRMED_STRUCTURED,STRUCTURED_CONTEXT_INVENTORY,NO_CONFIRMED_CONTEXT_TAG,DISPLAY_ONLY_NO_GRADE_CHANGE,0.0,0.0,0.0,"[{""candidate_id"": ""075:2024:사회복지:공적연금:7600:FUND"", ""account_type"": ""FUND"", ""review_grade"": ""D"", ""diagnostic_type"": ""NO_STRUCTURED_SIGNAL_DETECTED"", ""execution_rate"": 0.997055695963294}]",CONFIRMED,False,PROGRAM_YEAR_REVIEW,0.9970556959632941,0.0,0.0,False,False,False,True,CONSECUTIVE_PRIOR_YEAR,0.12147538899504684,True,False,False,0,False,False,0,0,0.0,2022,2024,3,EXACT_PROGRAM_KEY,D,REVIEWABLE,NONE,NO_STRUCTURED_SIGNAL_DETECTED,NONE,NONE,budget_increase_context,True,NOT_APPLICABLE,NO_STRUCTURED_SIGNAL_DETECTED,현재 구조화 신호가 없다는 판단의 입력 범위가 충분한가?,STRONG,4,0,0,209,50
075:2100:2024,075:2100,075,2024,2100,사회복지,노인,노인생활안정,2,2,GENERAL_ACCOUNT;SPECIAL_ACCOUNT,"[""075:2024:사회복지:노인:2100:GENERAL_ACCOUNT"", ""075:2024:사회복지:노인:2100:SPECIAL_ACCOUNT""]",False,False,False,False,BASE_KEY_UNIQUE,False,22928108000000,22726975440000,22334665440060,0,1,1,ALL_COMPARABLE_AT_OR_ABOVE_TARGET,COMPLETE_REPORTED_RATE_COVERAGE,False,False,,False,False,False,,,False,False,False,False,False,,YEAR_END_CONCENTRATED,PATTERN_CANDIDATE,M3_MONTHLY_PATTERN,REPEATED_YEAR_END_CONCENTRATION_PATTERN,DISPLAY_ONLY_NO_GRADE_CHANGE,0.0003542376893897829,0.0,1.0,"[{""candidate_id"": ""075:2024:사회복지:노인:2100:GENERAL_ACCOUNT"", ""account_type"": ""GENERAL_ACCOUNT"", ""review_grade"": ""C"", ""diagnostic_type"": ""LOW_EXECUTION_TARGET_MET"", ""execution_rate"": 0.9823198791978844}, {""candidate_id"": ""075:2024:사회복지:노인:2100:SPECIAL_ACCOUNT"", ""account_type"": ""SPECIAL_ACCOUNT"", ""review_grade"": ""C"", ""diagnostic_type"": ""CONTEXT_OR_SINGLE_SIGNAL_REVIEW"", ""execution_rate"": 0.9984014339842714}]",LIMITED,False,PROGRAM_YEAR_REVIEW,0.9827381342063878,0.0,0.0,False,False,False,True,CONSECUTIVE_PRIOR_YEAR,0.10590041492775248,True,False,False,0,False,True,0,0,0.0,2022,2024,3,EXACT_PROGRAM_KEY,D,REVIEWABLE,NONE,NO_STRUCTURED_SIGNAL_DETECTED,NONE,NONE,budget_increase_context;structure_context;repeated_year_end_concentration,True,NOT_APPLICABLE,NO_STRUCTURED_SIGNAL_DETECTED,현재 구조화 신호가 없다는 판단의 입력 범위가 충분한가?,LIMITED,4,0,0,210,51
075:1100:2024,075:1100,075,2024,1100,사회복지,기초생활보장,기초생활보장,1,1,GENERAL_ACCOUNT,"[""075:2024:사회복지:기초생활보장:1100:GENERAL_ACCOUNT""]",False,False,False,False,BASE_KEY_UNIQUE,False,17919672000000,17893510000000,17238938966980,0,1,1,ALL_COMPARABLE_AT_OR_ABOVE_TARGET,COMPLETE_REPORTED_RATE_COVERAGE,False,False,,False,False,False,,,False,False,False,False,False,,UNKNOWN_TYPE,CONFIRMED_STRUCTURED,STRUCTURED_CONTEXT_INVENTORY,NO_CONFIRMED_CONTEXT_TAG,DISPLAY_ONLY_NO_GRADE_CHANGE,0.0,0.4208264526270346,0.0,"[{""candidate_id"": ""075:2024:사회복지:기초생활보장:1100:GENERAL_ACCOUNT"", ""account_type"": ""GENERAL_ACCOUNT"", ""review_grade"": ""C"", ""diagnostic_type"": ""LOW_EXECUTION_TARGET_MET"", ""execution_rate"": 0.9634185225246472}]",LIMITED,False,PROGRAM_YEAR_REVIEW,0.9634185225246472,0.0,0.0,False,False,False,False,CONSECUTIVE_PRIOR_YEAR,0.09226917711127558,True,False,False,0,True,False,0,0,0.0,2022,2024,3,EXACT_PROGRAM_KEY,D,REVIEWABLE,NONE,NO_STRUCTURED_SIGNAL_DETECTED,NONE,NONE,budget_increase_context;accounting_context,True,NOT_APPLICABLE,NO_STRUCTURED_SIGNAL_DETECTED,현재 구조화 신호가 없다는 판단의 입력 범위가 충분한가?,LIMITED,4,0,0,211,52
019:1200:2024,019:1200,019,2024,1200,사회복지,고용,고용안전망확충,2,2,FUND;GENERAL_ACCOUNT,"[""019:2024:사회복지:고용:1200:FUND"", ""019:2024:사회복지:고용:1200:GENERAL_ACCOUNT""]",False,False,False,False,BASE_KEY_UNIQUE,False,14216574000000,14318002000000,14252133072510,0,1,1,ALL_COMPARABLE_AT_OR_ABOVE_TARGET,COMPLETE_REPORTED_RATE_COVERAGE,False,False,,False,False,False,,,False,False,False,False,False,,UNKNOWN_TYPE,CONFIRMED_STRUCTURED,STRUCTURED_CONTEXT_INVENTORY,NO_CONFIRMED_CONTEXT_TAG,DISPLAY_ONLY_NO_GRADE_CHANGE,0.0,0.00142059542615533,1.0,"[{""candidate_id"": ""019:2024:사회복지:고용:1200:FUND"", ""account_type"": ""FUND"", ""review_grade"": ""C"", ""diagnostic_type"": ""CONTEXT_OR_SINGLE_SIGNAL_REVIEW"", ""execution_rate"": 0.9947900775517556}, {""candidate_id"": ""019:2024:사회복지:고용:1200:GENERAL_ACCOUNT"", ""account_type"": ""GENERAL_ACCOUNT"", ""review_grade"": ""C"", ""diagnostic_type"": ""CONTEXT_OR_SINGLE_SIGNAL_REVIEW"", ""execution_rate"": 0.9993408595782935}]",LIMITED,False,PROGRAM_YEAR_REVIEW,0.9953995726854906,0.0,0.0,False,False,False,False,CONSECUTIVE_PRIOR_YEAR,0.0002586383157046068,True,False,False,0,True,True,0,0,0.0,2022,2024,3,EXACT_PROGRAM_KEY,D,REVIEWABLE,NONE,NO_STRUCTURED_SIGNAL_DETECTED,NONE,NONE,budget_increase_context;accounting_context;structure_context,True,NOT_APPLICABLE,NO_STRUCTURED_SIGNAL_DETECTED,현재 구조화 신호가 없다는 판단의 입력 범위가 충분한가?,LIMITED,4,0,0,212,53
075:4900:2024,075:4900,075,2024,4900,보건,건강보험,건강보험제도 운영,2,2,FUND;GENERAL_ACCOUNT,"[""075:2024:보건:건강보험:4900:FUND"", ""075:2024:보건:건강보험:4900:GENERAL_ACCOUNT""]",False,False,False,False,BASE_KEY_UNIQUE,False,13706994000000,13707014000000,13706739338060,0,1,1,ALL_COMPARABLE_AT_OR_ABOVE_TARGET,COMPLETE_REPORTED_RATE_COVERAGE,False,False,,False,False,False,,,False,False,False,False,False,,YEAR_END_CONCENTRATED,PATTERN_CANDIDATE,M3_MONTHLY_PATTERN,REPEATED_YEAR_END_CONCENTRATION_PATTERN,DISPLAY_ONLY_NO_GRADE_CHANGE,0.8875613427714348,6.602468783454636e-05,1.0,"[{""candidate_id"": ""075:2024:보건:건강보험:4900:FUND"", ""account_type"": ""FUND"", ""review_grade"": ""C"", ""diagnostic_type"": ""CONTEXT_OR_SINGLE_SIGNAL_REVIEW"", ""execution_rate"": 1.0}, {""candidate_id"": ""075:2024:보건:건강보험:4900:GENERAL_ACCOUNT"", ""account_type"": ""GENERAL_ACCOUNT"", ""review_grade"": ""C"", ""diagnostic_type"": ""CONTEXT_OR_SINGLE_SIGNAL_REVIEW"", ""execution_rate"": 0.9999767330939794}]",CONFIRMED,False,PROGRAM_YEAR_REVIEW,0.9999799619421122,0.0,0.0,False,False,False,False,CONSECUTIVE_PRIOR_YEAR,0.10449429537753585,True,False,False,0,True,True,0,0,0.0,2022,2024,3,EXACT_PROGRAM_KEY,D,REVIEWABLE,NONE,NO_STRUCTURED_SIGNAL_DETECTED,NONE,NONE,budget_increase_context;accounting_context;structure_context;repeated_year_end_concentration,True,NOT_APPLICABLE,NO_STRUCTURED_SIGNAL_DETECTED,현재 구조화 신호가 없다는 판단의 입력 범위가 충분한가?,STRONG,4,0,0,213,54
019:4000:2024,019:4000,019,2024,4000,사회복지,노동,산재보험,1,1,FUND,"[""019:2024:사회복지:노동:4000:FUND""]",False,False,False,False,BASE_KEY_UNIQUE,False,8100653000000,8100653000000,7857775534510,0,1,1,ALL_COMPARABLE_AT_OR_ABOVE_TARGET,COMPLETE_REPORTED_RATE_COVERAGE,False,False,,False,False,False,,,False,False,False,False,False,,YEAR_END_CONCENTRATED,PATTERN_CANDIDATE,M3_MONTHLY_PATTERN,REPEATED_YEAR_END_CONCENTRATION_PATTERN,DISPLAY_ONLY_NO_GRADE_CHANGE,0.0008669671445005,0.0017651663390593,1.0,"[{""candidate_id"": ""019:2024:사회복지:노동:4000:FUND"", ""account_type"": ""FUND"", ""review_grade"": ""C"", ""diagnostic_type"": ""CONTEXT_OR_SINGLE_SIGNAL_REVIEW"", ""execution_rate"": 0.9700175448213866}]",LIMITED,False,PROGRAM_YEAR_REVIEW,0.9700175448213866,0.0,0.0,False,False,False,True,CONSECUTIVE_PRIOR_YEAR,0.010677760768152966,True,False,False,0,True,True,0,0,0.0,2022,2024,3,EXACT_PROGRAM_KEY,D,REVIEWABLE,NONE,NO_STRUCTURED_SIGNAL_DETECTED,NONE,NONE,budget_increase_context;accounting_context;structure_context;repeated_year_end_concentration,True,NOT_APPLICABLE,NO_STRUCTURED_SIGNAL_DETECTED,현재 구조화 신호가 없다는 판단의 입력 범위가 충분한가?,LIMITED,4,0,0,214,55
075:1500:2024,075:1500,075,2024,1500,사회복지,취약계층지원,장애인생활안정 및 재활 지원,3,3,FUND;GENERAL_ACCOUNT;SPECIAL_ACCOUNT,"[""075:2024:사회복지:취약계층지원:1500:FUND"", ""075:2024:사회복지:취약계층지원:1500:GENERAL_ACCOUNT"", ""075:2024:사회복지:취약계층지원:1500:SPECIAL_ACCOUNT""]",False,False,False,False,BASE_KEY_UNIQUE,False,5041192000000,5042230450000,5035653408840,0,1,1,ALL_COMPARABLE_AT_OR_ABOVE_TARGET,COMPLETE_REPORTED_RATE_COVERAGE,False,False,,False,False,False,,,False,False,False,False,False,,UNKNOWN_TYPE,CONFIRMED_STRUCTURED,STRUCTURED_CONTEXT_INVENTORY,NO_CONFIRMED_CONTEXT_TAG,DISPLAY_ONLY_NO_GRADE_CHANGE,0.0,0.047377286959116006,0.0,"[{""candidate_id"": ""075:2024:사회복지:취약계층지원:1500:FUND"", ""account_type"": ""FUND"", ""review_grade"": ""D"", ""diagnostic_type"": ""NO_STRUCTURED_SIGNAL_DETECTED"", ""execution_rate"": 1.0}, {""candidate_id"": ""075:2024:사회복지:취약계층지원:1500:GENERAL_ACCOUNT"", ""account_type"": ""GENERAL_ACCOUNT"", ""review_grade"": ""C"", ""diagnostic_type"": ""LOW_EXECUTION_TARGET_MET"", ""execution_rate"": 0.998691538938366}, {""candidate_id"": ""075:2024:사회복지:취약계층지원:1500:SPECIAL_ACCOUNT"", ""account_type"": ""SPECIAL_ACCOUNT"", ""review_grade"": ""D"", ""diagnostic_type"": ""NO_STRUCTURED_SIGNAL_DETECTED"", ""execution_rate"": 0.9998999649877456}]",LIMITED,False,PROGRAM_YEAR_REVIEW,0.9986956087736926,0.0,0.0,False,False,False,False,CONSECUTIVE_PRIOR_YEAR,0.10929323922413614,True,False,False,0,True,False,0,0,0.0,2022,2024,3,EXACT_PROGRAM_KEY,D,REVIEWABLE,NONE,NO_STRUCTURED_SIGNAL_DETECTED,NONE,NONE,budget_increase_context;accounting_context,True,NOT_APPLICABLE,NO_STRUCTURED_SIGNAL_DETECTED,현재 구조화 신호가 없다는 판단의 입력 범위가 충분한가?,LIMITED,4,0,0,215,56
102:4100:2024,102:4100,102,2024,4100,산업·중소기업및에너지,중소기업및소상공인육성,소상공인·전통시장지원,2,2,FUND;SPECIAL_ACCOUNT,"[""102:2024:산업·중소기업및에너지:중소기업및소상공인육성:4100:FUND"", ""102:2024:산업·중소기업및에너지:중소기업및소상공인육성:4100:SPECIAL_ACCOUNT""]",False,False,False,False,BASE_KEY_UNIQUE,False,4944243000000,4944243000000,4792056873790,0,1,1,ALL_COMPARABLE_AT_OR_ABOVE_TARGET,COMPLETE_REPORTED_RATE_COVERAGE,False,False,,False,False,False,,,False,False,False,False,False,,UNKNOWN_TYPE,CONFIRMED_STRUCTURED,STRUCTURED_CONTEXT_INVENTORY,NO_CONFIRMED_CONTEXT_TAG,DISPLAY_ONLY_NO_GRADE_CHANGE,0.0,0.05690234076278209,1.0,"[{""candidate_id"": ""102:2024:산업·중소기업및에너지:중소기업및소상공인육성:4100:FUND"", ""account_type"": ""FUND"", ""review_grade"": ""C"", ""diagnostic_type"": ""CONTEXT_OR_SINGLE_SIGNAL_REVIEW"", ""execution_rate"": 0.969298540459034}, {""candidate_id"": ""102:2024:산업·중소기업및에너지:중소기업및소상공인육성:4100:SPECIAL_ACCOUNT"", ""account_type"": ""SPECIAL_ACCOUNT"", ""review_grade"": ""C"", ""diagnostic_type"": ""CONTEXT_OR_SINGLE_SIGNAL_REVIEW"", ""execution_rate"": 0.9543000844659448}]",LIMITED,False,PROGRAM_YEAR_REVIEW,0.9692195294183559,0.0,0.0,False,False,False,False,CONSECUTIVE_PRIOR_YEAR,0.2692927378151062,True,False,False,0,True,True,0,0,0.0,2022,2024,3,EXACT_PROGRAM_KEY,D,REVIEWABLE,NONE,NO_STRUCTURED_SIGNAL_DETECTED,NONE,NONE,budget_increase_context;accounting_context;structure_context,True,NOT_APPLICABLE,NO_STRUCTURED_SIGNAL_DETECTED,현재 구조화 신호가 없다는 판단의 입력 범위가 충분한가?,LIMITED,4,0,0,216,57
019:1300:2024,019:1300,019,2024,1300,사회복지,고용,고용평등증진,3,3,FUND;GENERAL_ACCOUNT;SPECIAL_ACCOUNT,"[""019:2024:사회복지:고용:1300:FUND"", ""019:2024:사회복지:고용:1300:GENERAL_ACCOUNT"", ""019:2024:사회복지:고용:1300:SPECIAL_ACCOUNT""]",False,False,False,False,BASE_KEY_UNIQUE,False,3202824000000,3202838850000,3193178445210,0,1,1,ALL_COMPARABLE_AT_OR_ABOVE_TARGET,COMPLETE_REPORTED_RATE_COVERAGE,False,False,,False,False,False,,,False,False,False,False,False,,UNKNOWN_TYPE,CONFIRMED_STRUCTURED,STRUCTURED_CONTEXT_INVENTORY,NO_CONFIRMED_CONTEXT_TAG,DISPLAY_ONLY_NO_GRADE_CHANGE,0.0,0.0,1.0,"[{""candidate_id"": ""019:2024:사회복지:고용:1300:FUND"", ""account_type"": ""FUND"", ""review_grade"": ""C"", ""diagnostic_type"": ""CONTEXT_OR_SINGLE_SIGNAL_REVIEW"", ""execution_rate"": 0.9972755531585608}, {""candidate_id"": ""019:2024:사회복지:고용:1300:GENERAL_ACCOUNT"", ""account_type"": ""GENERAL_ACCOUNT"", ""review_grade"": ""C"", ""diagnostic_type"": ""CONTEXT_OR_SINGLE_SIGNAL_REVIEW"", ""execution_rate"": 0.9973331216395256}, {""candidate_id"": ""019:2024:사회복지:고용:1300:SPECIAL_ACCOUNT"", ""account_type"": ""SPECIAL_ACCOUNT"", ""review_grade"": ""C"", ""diagnostic_type"": ""CONTEXT_OR_SINGLE_SIGNAL_REVIEW"", ""execution_rate"": 0.9230501272324956}]",LIMITED,False,PROGRAM_YEAR_REVIEW,0.9969837992973015,0.0,0.0,False,False,False,False,CONSECUTIVE_PRIOR_YEAR,0.1515548102616615,True,False,False,0,False,True,0,0,0.0,2022,2024,3,EXACT_PROGRAM_KEY,D,REVIEWABLE,NONE,NO_STRUCTURED_SIGNAL_DETECTED,NONE,NONE,budget_increase_context;structure_context,True,NOT_APPLICABLE,NO_STRUCTURED_SIGNAL_DETECTED,현재 구조화 신호가 없다는 판단의 입력 범위가 충분한가?,LIMITED,4,0,0,217,58
075:2200:2024,075:2200,075,2024,2200,사회복지,노인,노인의료보장,3,3,FUND;GENERAL_ACCOUNT;SPECIAL_ACCOUNT,"[""075:2024:사회복지:노인:2200:FUND"", ""075:2024:사회복지:노인:2200:GENERAL_ACCOUNT"", ""075:2024:사회복지:노인:2200:SPECIAL_ACCOUNT""]",False,False,False,False,BASE_KEY_UNIQUE,False,2720165000000,2719199160000,2712667188570,0,1,1,ALL_COMPARABLE_AT_OR_ABOVE_TARGET,COMPLETE_REPORTED_RATE_COVERAGE,False,False,,False,False,False,,,False,False,False,False,False,,UNKNOWN_TYPE,CONFIRMED_STRUCTURED,STRUCTURED_CONTEXT_INVENTORY,NO_CONFIRMED_CONTEXT_TAG,DISPLAY_ONLY_NO_GRADE_CHANGE,0.0,0.007981501122174574,1.0,"[{""candidate_id"": ""075:2024:사회복지:노인:2200:FUND"", ""account_type"": ""FUND"", ""review_grade"": ""C"", ""diagnostic_type"": ""CONTEXT_OR_SINGLE_SIGNAL_REVIEW"", ""execution_rate"": 0.9913206785997504}, {""candidate_id"": ""075:2024:사회복지:노인:2200:GENERAL_ACCOUNT"", ""account_type"": ""GENERAL_ACCOUNT"", ""review_grade"": ""C"", ""diagnostic_type"": ""CONTEXT_OR_SINGLE_SIGNAL_REVIEW"", ""execution_rate"": 0.9984305588231996}, {""candidate_id"": ""075:2024:사회복지:노인:2200:SPECIAL_ACCOUNT"", ""account_type"": ""SPECIAL_ACCOUNT"", ""review_grade"": ""C"", ""diagnostic_type"": ""CONTEXT_OR_SINGLE_SIGNAL_REVIEW"", ""execution_rate"": 0.959944350329326}]",LIMITED,False,PROGRAM_YEAR_REVIEW,0.9975978326537877,0.0,0.0,False,False,False,False,CONSECUTIVE_PRIOR_YEAR,0.08965689907264607,True,False,False,0,True,True,0,0,0.0,2022,2024,3,EXACT_PROGRAM_KEY,D,REVIEWABLE,NONE,NO_STRUCTURED_SIGNAL_DETECTED,NONE,NONE,budget_increase_context;accounting_context;structure_context,True,NOT_APPLICABLE,NO_STRUCTURED_SIGNAL_DETECTED,현재 구조화 신호가 없다는 판단의 입력 범위가 충분한가?,LIMITED,4,0,0,218,59
102:1200:2024,102:1200,102,2024,1200,산업·중소기업및에너지,중소기업및소상공인육성,중소기업성장안정지원,2,2,FUND;GENERAL_ACCOUNT,"[""102:2024:산업·중소기업및에너지:중소기업및소상공인육성:1200:FUND"", ""102:2024:산업·중소기업및에너지:중소기업및소상공인육성:1200:GENERAL_ACCOUNT""]",False,False,False,False,BASE_KEY_UNIQUE,False,2693576000000,2693576000000,2612827427308,0,3,3,ALL_COMPARABLE_AT_OR_ABOVE_TARGET,COMPLETE_REPORTED_RATE_COVERAGE,False,False,,False,False,False,,,False,False,False,False,False,,UNKNOWN_TYPE,CONFIRMED_STRUCTURED,STRUCTURED_CONTEXT_INVENTORY,NO_CONFIRMED_CONTEXT_TAG,DISPLAY_ONLY_NO_GRADE_CHANGE,0.0,0.0,0.0,"[{""candidate_id"": ""102:2024:산업·중소기업및에너지:중소기업및소상공인육성:1200:FUND"", ""account_type"": ""FUND"", ""review_grade"": ""D"", ""diagnostic_type"": ""NO_STRUCTURED_SIGNAL_DETECTED"", ""execution_rate"": 0.9688659315585894}, {""candidate_id"": ""102:2024:산업·중소기업및에너지:중소기업및소상공인육성:1200:GENERAL_ACCOUNT"", ""account_type"": ""GENERAL_ACCOUNT"", ""review_grade"": ""D"", ""diagnostic_type"": ""NO_STRUCTURED_SIGNAL_DETECTED"", ""execution_rate"": 1.0}]",LIMITED,False,PROGRAM_YEAR_REVIEW,0.9700217953040865,0.0,0.0,False,False,False,True,CONSECUTIVE_PRIOR_YEAR,0.25135236084759716,True,False,False,0,False,False,0,0,0.0,2022,2024,3,EXACT_PROGRAM_KEY,D,REVIEWABLE,NONE,NO_STRUCTURED_SIGNAL_DETECTED,NONE,NONE,budget_increase_context,True,NOT_APPLICABLE,NO_STRUCTURED_SIGNAL_DETECTED,현재 구조화 신호가 없다는 판단의 입력 범위가 충분한가?,LIMITED,4,0,0,219,60
162:1200:65acaef042b4:2024,162:1200:65acaef042b4,162,2024,1200,과학기술,과학기술연구개발,기초연구진흥,3,3,FUND;GENERAL_ACCOUNT;SPECIAL_ACCOUNT,"[""162:2024:과학기술:과학기술연구개발:1200:FUND"", ""162:2024:과학기술:과학기술연구개발:1200:GENERAL_ACCOUNT"", ""162:2024:과학기술:과학기술연구개발:1200:SPECIAL_ACCOUNT""]",True,True,True,False,RESOLVED_BY_FIELD_SECTOR,False,2253290000000,2253290000000,2238707000000,0,1,1,ALL_COMPARABLE_AT_OR_ABOVE_TARGET,COMPLETE_REPORTED_RATE_COVERAGE,False,False,,False,False,False,,,False,False,False,False,False,,YEAR_END_CONCENTRATED,PATTERN_CANDIDATE,M3_MONTHLY_PATTERN,REPEATED_YEAR_END_CONCENTRATION_PATTERN,DISPLAY_ONLY_NO_GRADE_CHANGE,0.023521162389217545,0.0,1.0,"[{""candidate_id"": ""162:2024:과학기술:과학기술연구개발:1200:FUND"", ""account_type"": ""FUND"", ""review_grade"": ""C"", ""diagnostic_type"": ""CONTEXT_OR_SINGLE_SIGNAL_REVIEW"", ""execution_rate"": 1.0}, {""candidate_id"": ""162:2024:과학기술:과학기술연구개발:1200:GENERAL_ACCOUNT"", ""account_type"": ""GENERAL_ACCOUNT"", ""review_grade"": ""C"", ""diagnostic_type"": ""CONTEXT_OR_SINGLE_SIGNAL_REVIEW"", ""execution_rate"": 1.0}, {""candidate_id"": ""162:2024:과학기술:과학기술연구개발:1200:SPECIAL_ACCOUNT"", ""account_type"": ""SPECIAL_ACCOUNT"", ""review_grade"": ""C"", ""diagnostic_type"": ""LOW_EXECUTION_TARGET_MET"", ""execution_rate"": 0.7248490566037736}]",CONFIRMED,False,PROGRAM_YEAR_REVIEW,0.993528129978831,0.0,0.0,False,False,False,True,CONSECUTIVE_PRIOR_YEAR,0.02880136096600827,True,False,False,0,False,True,0,0,0.0,2022,2024,3,EXACT_METADATA_DISAMBIGUATION,D,REVIEWABLE,NONE,NO_STRUCTURED_SIGNAL_DETECTED,NONE,NONE,budget_increase_context;structure_context;repeated_year_end_concentration,True,NOT_APPLICABLE,NO_STRUCTURED_SIGNAL_DETECTED,현재 구조화 신호가 없다는 판단의 입력 범위가 충분한가?,STRONG,4,0,0,220,61
102:2400:2024,102:2400,102,2024,2400,산업·중소기업및에너지,창업및벤처,기술금융지원,1,1,FUND,"[""102:2024:산업·중소기업및에너지:창업및벤처:2400:FUND""]",False,False,False,False,BASE_KEY_UNIQUE,False,1594802000000,1594802000000,1589929624209,0,1,1,ALL_COMPARABLE_AT_OR_ABOVE_TARGET,COMPLETE_REPORTED_RATE_COVERAGE,False,False,,False,False,False,,,False,False,False,False,False,,YEAR_END_CONCENTRATED,PATTERN_CANDIDATE,M3_MONTHLY_PATTERN,REPEATED_YEAR_END_CONCENTRATION_PATTERN,DISPLAY_ONLY_NO_GRADE_CHANGE,0.0686078898822549,0.0,1.0,"[{""candidate_id"": ""102:2024:산업·중소기업및에너지:창업및벤처:2400:FUND"", ""account_type"": ""FUND"", ""review_grade"": ""C"", ""diagnostic_type"": ""LOW_EXECUTION_TARGET_MET"", ""execution_rate"": 0.9969448396785306}]",LIMITED,False,PROGRAM_YEAR_REVIEW,0.9969448396785306,0.0,0.0,False,False,False,True,CONSECUTIVE_PRIOR_YEAR,0.16512831153043073,True,False,False,0,False,True,0,0,0.0,2023,2024,2,EXACT_PROGRAM_KEY,D,REVIEWABLE,NONE,NO_STRUCTURED_SIGNAL_DETECTED,NONE,NONE,budget_increase_context;structure_context;repeated_year_end_concentration,True,NOT_APPLICABLE,NO_STRUCTURED_SIGNAL_DETECTED,현재 구조화 신호가 없다는 판단의 입력 범위가 충분한가?,LIMITED,4,0,0,221,62
019:4100:2024,019:4100,019,2024,4100,사회복지,노동,산업재해예방,3,3,FUND;GENERAL_ACCOUNT;SPECIAL_ACCOUNT,"[""019:2024:사회복지:노동:4100:FUND"", ""019:2024:사회복지:노동:4100:GENERAL_ACCOUNT"", ""019:2024:사회복지:노동:4100:SPECIAL_ACCOUNT""]",False,False,False,False,BASE_KEY_UNIQUE,False,1377392000000,1377507980000,1364623541990,0,1,1,ALL_COMPARABLE_AT_OR_ABOVE_TARGET,COMPLETE_REPORTED_RATE_COVERAGE,False,False,,False,False,False,,,False,False,False,False,False,,UNKNOWN_TYPE,CONFIRMED_STRUCTURED,STRUCTURED_CONTEXT_INVENTORY,NO_CONFIRMED_CONTEXT_TAG,DISPLAY_ONLY_NO_GRADE_CHANGE,0.0,0.013983673493094146,0.0,"[{""candidate_id"": ""019:2024:사회복지:노동:4100:FUND"", ""account_type"": ""FUND"", ""review_grade"": ""C"", ""diagnostic_type"": ""CONTEXT_OR_SINGLE_SIGNAL_REVIEW"", ""execution_rate"": 0.9900101585910144}, {""candidate_id"": ""019:2024:사회복지:노동:4100:GENERAL_ACCOUNT"", ""account_type"": ""GENERAL_ACCOUNT"", ""review_grade"": ""D"", ""diagnostic_type"": ""NO_STRUCTURED_SIGNAL_DETECTED"", ""execution_rate"": 0.9824116326831256}, {""candidate_id"": ""019:2024:사회복지:노동:4100:SPECIAL_ACCOUNT"", ""account_type"": ""SPECIAL_ACCOUNT"", ""review_grade"": ""C"", ""diagnostic_type"": ""CONTEXT_OR_SINGLE_SIGNAL_REVIEW"", ""execution_rate"": 0.9999936958220752}]",LIMITED,False,PROGRAM_YEAR_REVIEW,0.9906465601672957,0.0,0.0,False,False,False,False,CONSECUTIVE_PRIOR_YEAR,0.06571427023990695,True,False,False,0,True,False,0,0,0.0,2022,2024,3,EXACT_PROGRAM_KEY,D,REVIEWABLE,NONE,NO_STRUCTURED_SIGNAL_DETECTED,NONE,NONE,budget_increase_context;accounting_context,True,NOT_APPLICABLE,NO_STRUCTURED_SIGNAL_DETECTED,현재 구조화 신호가 없다는 판단의 입력 범위가 충분한가?,LIMITED,4,0,0,222,63
075:3000:2024,075:3000,075,2024,3000,보건,보건의료,보건산업육성,3,3,FUND;GENERAL_ACCOUNT;SPECIAL_ACCOUNT,"[""075:2024:보건:보건의료:3000:FUND"", ""075:2024:보건:보건의료:3000:GENERAL_ACCOUNT"", ""075:2024:보건:보건의료:3000:SPECIAL_ACCOUNT""]",False,False,False,False,BASE_KEY_UNIQUE,False,1002246000000,1009082606400,983969980550,0,1,1,ALL_COMPARABLE_AT_OR_ABOVE_TARGET,COMPLETE_REPORTED_RATE_COVERAGE,False,False,,False,False,False,,,False,False,False,False,False,,UNKNOWN_TYPE,CONFIRMED_STRUCTURED,STRUCTURED_CONTEXT_INVENTORY,NO_CONFIRMED_CONTEXT_TAG,DISPLAY_ONLY_NO_GRADE_CHANGE,0.0,0.020152736952803976,0.0,"[{""candidate_id"": ""075:2024:보건:보건의료:3000:FUND"", ""account_type"": ""FUND"", ""review_grade"": ""D"", ""diagnostic_type"": ""NO_STRUCTURED_SIGNAL_DETECTED"", ""execution_rate"": 1.0}, {""candidate_id"": ""075:2024:보건:보건의료:3000:GENERAL_ACCOUNT"", ""account_type"": ""GENERAL_ACCOUNT"", ""review_grade"": ""C"", ""diagnostic_type"": ""CONTEXT_OR_SINGLE_SIGNAL_REVIEW"", ""execution_rate"": 0.973712689297338}, {""candidate_id"": ""075:2024:보건:보건의료:3000:SPECIAL_ACCOUNT"", ""account_type"": ""SPECIAL_ACCOUNT"", ""review_grade"": ""D"", ""diagnostic_type"": ""NO_STRUCTURED_SIGNAL_DETECTED"", ""execution_rate"": 0.994225340445976}]",LIMITED,False,PROGRAM_YEAR_REVIEW,0.9751134092583443,0.0,0.0,False,False,False,False,CONSECUTIVE_PRIOR_YEAR,0.09688285933796048,True,False,False,0,True,False,0,0,0.0,2022,2024,3,EXACT_PROGRAM_KEY,D,REVIEWABLE,NONE,NO_STRUCTURED_SIGNAL_DETECTED,NONE,NONE,budget_increase_context;accounting_context,True,NOT_APPLICABLE,NO_STRUCTURED_SIGNAL_DETECTED,현재 구조화 신호가 없다는 판단의 입력 범위가 충분한가?,LIMITED,4,0,0,223,64
019:1400:2024,019:1400,019,2024,1400,사회복지,고용,장애인고용증진,1,1,FUND,"[""019:2024:사회복지:고용:1400:FUND""]",False,False,False,False,BASE_KEY_UNIQUE,False,853918000000,853918000000,851734290590,0,1,1,ALL_COMPARABLE_AT_OR_ABOVE_TARGET,COMPLETE_REPORTED_RATE_COVERAGE,False,False,,False,False,False,,,False,False,False,False,False,,UNKNOWN_TYPE,CONFIRMED_STRUCTURED,STRUCTURED_CONTEXT_INVENTORY,NO_CONFIRMED_CONTEXT_TAG,DISPLAY_ONLY_NO_GRADE_CHANGE,0.0,0.0,0.0,"[{""candidate_id"": ""019:2024:사회복지:고용:1400:FUND"", ""account_type"": ""FUND"", ""review_grade"": ""D"", ""diagnostic_type"": ""NO_STRUCTURED_SIGNAL_DETECTED"", ""execution_rate"": 0.9974427176731256}]",LIMITED,False,PROGRAM_YEAR_REVIEW,0.9974427176731255,0.0,0.0,False,False,False,True,CONSECUTIVE_PRIOR_YEAR,0.0761764090568815,True,False,False,0,False,False,0,0,0.0,2022,2024,3,EXACT_PROGRAM_KEY,D,REVIEWABLE,NONE,NO_STRUCTURED_SIGNAL_DETECTED,NONE,NONE,budget_increase_context,True,NOT_APPLICABLE,NO_STRUCTURED_SIGNAL_DETECTED,현재 구조화 신호가 없다는 판단의 입력 범위가 충분한가?,LIMITED,4,0,0,224,65
102:5200:2024,102:5200,102,2024,5200,산업·중소기업및에너지,창업및벤처,벤처기업활성화지원,3,3,FUND;GENERAL_ACCOUNT;SPECIAL_ACCOUNT,"[""102:2024:산업·중소기업및에너지:창업및벤처:5200:FUND"", ""102:2024:산업·중소기업및에너지:창업및벤처:5200:GENERAL_ACCOUNT"", ""102:2024:산업·중소기업및에너지:창업및벤처:5200:SPECIAL_ACCOUNT""]",False,False,False,False,BASE_KEY_UNIQUE,False,464547000000,464547000000,464546959462,0,1,1,ALL_COMPARABLE_AT_OR_ABOVE_TARGET,COMPLETE_REPORTED_RATE_COVERAGE,False,False,,False,False,False,,,False,False,False,False,False,,UNKNOWN_TYPE,CONFIRMED_STRUCTURED,STRUCTURED_CONTEXT_INVENTORY,NO_CONFIRMED_CONTEXT_TAG,DISPLAY_ONLY_NO_GRADE_CHANGE,0.0,0.0,1.0,"[{""candidate_id"": ""102:2024:산업·중소기업및에너지:창업및벤처:5200:FUND"", ""account_type"": ""FUND"", ""review_grade"": ""C"", ""diagnostic_type"": ""CONTEXT_OR_SINGLE_SIGNAL_REVIEW"", ""execution_rate"": 0.9999999982516125}, {""candidate_id"": ""102:2024:산업·중소기업및에너지:창업및벤처:5200:GENERAL_ACCOUNT"", ""account_type"": ""GENERAL_ACCOUNT"", ""review_grade"": ""C"", ""diagnostic_type"": ""CONTEXT_OR_SINGLE_SIGNAL_REVIEW"", ""execution_rate"": 0.9999959628275442}, {""candidate_id"": ""102:2024:산업·중소기업및에너지:창업및벤처:5200:SPECIAL_ACCOUNT"", ""account_type"": ""SPECIAL_ACCOUNT"", ""review_grade"": ""C"", ""diagnostic_type"": ""CONTEXT_OR_SINGLE_SIGNAL_REVIEW"", ""execution_rate"": 1.0}]",LIMITED,False,PROGRAM_YEAR_REVIEW,0.9999999127364938,0.0,0.0,False,False,False,True,CONSECUTIVE_PRIOR_YEAR,0.36170892569251056,True,False,False,0,False,True,0,0,0.0,2022,2024,3,EXACT_PROGRAM_KEY,D,REVIEWABLE,NONE,NO_STRUCTURED_SIGNAL_DETECTED,NONE,NONE,budget_increase_context;structure_context,True,NOT_APPLICABLE,NO_STRUCTURED_SIGNAL_DETECTED,현재 구조화 신호가 없다는 판단의 입력 범위가 충분한가?,LIMITED,4,0,0,225,66
162:1300:2024,162:1300,162,2024,1300,과학기술,과학기술연구개발,우주개발진흥,2,2,FUND;GENERAL_ACCOUNT,"[""162:2024:과학기술:과학기술연구개발:1300:FUND"", ""162:2024:과학기술:과학기술연구개발:1300:GENERAL_ACCOUNT""]",False,False,False,False,BASE_KEY_UNIQUE,False,434787000000,226539600160,226539600160,0,1,1,ALL_COMPARABLE_AT_OR_ABOVE_TARGET,COMPLETE_REPORTED_RATE_COVERAGE,False,False,,False,False,False,,,False,False,False,False,False,,UNKNOWN_TYPE,CONFIRMED_STRUCTURED,STRUCTURED_CONTEXT_INVENTORY,NO_CONFIRMED_CONTEXT_TAG,DISPLAY_ONLY_NO_GRADE_CHANGE,0.0,0.003955960044803455,0.0,"[{""candidate_id"": ""162:2024:과학기술:과학기술연구개발:1300:FUND"", ""account_type"": ""FUND"", ""review_grade"": ""D"", ""diagnostic_type"": ""NO_STRUCTURED_SIGNAL_DETECTED"", ""execution_rate"": 1.0}, {""candidate_id"": ""162:2024:과학기술:과학기술연구개발:1300:GENERAL_ACCOUNT"", ""account_type"": ""GENERAL_ACCOUNT"", ""review_grade"": ""C"", ""diagnostic_type"": ""CONTEXT_OR_SINGLE_SIGNAL_REVIEW"", ""execution_rate"": 1.0}]",LIMITED,False,PROGRAM_YEAR_REVIEW,1.0,0.0,0.0,False,False,False,True,CONSECUTIVE_PRIOR_YEAR,0.00213663393721486,True,False,False,0,True,False,0,0,0.0,2022,2024,3,EXACT_PROGRAM_KEY,D,REVIEWABLE,NONE,NO_STRUCTURED_SIGNAL_DETECTED,NONE,NONE,budget_increase_context;accounting_context,True,NOT_APPLICABLE,NO_STRUCTURED_SIGNAL_DETECTED,현재 구조화 신호가 없다는 판단의 입력 범위가 충분한가?,LIMITED,4,0,0,226,67
075:7400:2024,075:7400,075,2024,7400,사회복지,공적연금,국민연금운영(여유자금운영위탁 등),1,1,FUND,"[""075:2024:사회복지:공적연금:7400:FUND""]",False,False,False,False,BASE_KEY_UNIQUE,False,349971000000,357836290830,337482849874,0,1,1,ALL_COMPARABLE_AT_OR_ABOVE_TARGET,COMPLETE_REPORTED_RATE_COVERAGE,False,False,,False,False,False,,,False,False,False,False,False,,YEAR_END_CONCENTRATED,PATTERN_CANDIDATE,M3_MONTHLY_PATTERN,REPEATED_YEAR_END_CONCENTRATION_PATTERN,DISPLAY_ONLY_NO_GRADE_CHANGE,0.0179386292007052,0.1558986316009041,0.0,"[{""candidate_id"": ""075:2024:사회복지:공적연금:7400:FUND"", ""account_type"": ""FUND"", ""review_grade"": ""C"", ""diagnostic_type"": ""LOW_EXECUTION_TARGET_MET"", ""execution_rate"": 0.943120802787246}]",LIMITED,False,PROGRAM_YEAR_REVIEW,0.9431208027872459,0.0,0.0,False,False,False,True,CONSECUTIVE_PRIOR_YEAR,0.02831932254585956,True,False,False,0,True,False,0,0,0.0,2022,2024,3,EXACT_PROGRAM_KEY,D,REVIEWABLE,NONE,NO_STRUCTURED_SIGNAL_DETECTED,NONE,NONE,budget_increase_context;accounting_context;repeated_year_end_concentration,True,NOT_APPLICABLE,NO_STRUCTURED_SIGNAL_DETECTED,현재 구조화 신호가 없다는 판단의 입력 범위가 충분한가?,LIMITED,4,0,0,227,68
075:2800:2024,075:2800,075,2024,2800,보건,보건의료,응급의료체계운영지원,2,2,FUND;SPECIAL_ACCOUNT,"[""075:2024:보건:보건의료:2800:FUND"", ""075:2024:보건:보건의료:2800:SPECIAL_ACCOUNT""]",False,False,False,False,BASE_KEY_UNIQUE,False,308076000000,308471095680,299256611080,0,1,1,ALL_COMPARABLE_AT_OR_ABOVE_TARGET,COMPLETE_REPORTED_RATE_COVERAGE,False,False,,False,False,False,,,False,False,False,False,False,,YEAR_END_CONCENTRATED,PATTERN_CANDIDATE,M3_MONTHLY_PATTERN,REPEATED_YEAR_END_CONCENTRATION_PATTERN,DISPLAY_ONLY_NO_GRADE_CHANGE,0.036994118334436936,0.0,0.0,"[{""candidate_id"": ""075:2024:보건:보건의료:2800:FUND"", ""account_type"": ""FUND"", ""review_grade"": ""C"", ""diagnostic_type"": ""CONTEXT_OR_SINGLE_SIGNAL_REVIEW"", ""execution_rate"": 0.9682903968925044}, {""candidate_id"": ""075:2024:보건:보건의료:2800:SPECIAL_ACCOUNT"", ""account_type"": ""SPECIAL_ACCOUNT"", ""review_grade"": ""D"", ""diagnostic_type"": ""NO_STRUCTURED_SIGNAL_DETECTED"", ""execution_rate"": 0.9876641425496292}]",LIMITED,False,PROGRAM_YEAR_REVIEW,0.9701285315575925,0.0,0.0,False,False,False,True,CONSECUTIVE_PRIOR_YEAR,0.11036384278531663,True,False,False,0,False,False,0,0,0.0,2022,2024,3,EXACT_PROGRAM_KEY,D,REVIEWABLE,NONE,NO_STRUCTURED_SIGNAL_DETECTED,NONE,NONE,budget_increase_context;repeated_year_end_concentration,True,NOT_APPLICABLE,NO_STRUCTURED_SIGNAL_DETECTED,현재 구조화 신호가 없다는 판단의 입력 범위가 충분한가?,LIMITED,4,0,0,228,69
162:2300:948fe92e436a:2024,162:2300:948fe92e436a,162,2024,2300,통신,정보통신,정보보호및활용,2,2,FUND;GENERAL_ACCOUNT,"[""162:2024:통신:정보통신:2300:FUND"", ""162:2024:통신:정보통신:2300:GENERAL_ACCOUNT""]",True,True,True,False,RESOLVED_BY_FIELD_SECTOR,False,296969000000,296969000000,296969000000,0,1,1,ALL_COMPARABLE_AT_OR_ABOVE_TARGET,COMPLETE_REPORTED_RATE_COVERAGE,False,False,,False,False,False,,,False,False,False,False,False,,UNKNOWN_TYPE,CONFIRMED_STRUCTURED,STRUCTURED_CONTEXT_INVENTORY,NO_CONFIRMED_CONTEXT_TAG,DISPLAY_ONLY_NO_GRADE_CHANGE,0.0,0.0,0.0,"[{""candidate_id"": ""162:2024:통신:정보통신:2300:FUND"", ""account_type"": ""FUND"", ""review_grade"": ""D"", ""diagnostic_type"": ""NO_STRUCTURED_SIGNAL_DETECTED"", ""execution_rate"": 1.0}, {""candidate_id"": ""162:2024:통신:정보통신:2300:GENERAL_ACCOUNT"", ""account_type"": ""GENERAL_ACCOUNT"", ""review_grade"": ""C"", ""diagnostic_type"": ""CONTEXT_OR_SINGLE_SIGNAL_REVIEW"", ""execution_rate"": 1.0}]",LIMITED,False,PROGRAM_YEAR_REVIEW,1.0,0.0,0.0,False,False,False,True,CONSECUTIVE_PRIOR_YEAR,0.28778213828841515,True,False,False,0,False,False,0,0,0.0,2022,2024,3,EXACT_METADATA_DISAMBIGUATION,D,REVIEWABLE,NONE,NO_STRUCTURED_SIGNAL_DETECTED,NONE,NONE,budget_increase_context,True,NOT_APPLICABLE,NO_STRUCTURED_SIGNAL_DETECTED,현재 구조화 신호가 없다는 판단의 입력 범위가 충분한가?,LIMITED,4,0,0,229,70
162:1400:2024,162:1400,162,2024,1400,과학기술,과학기술연구개발,원자력 진흥,3,3,FUND;GENERAL_ACCOUNT;SPECIAL_ACCOUNT,"[""162:2024:과학기술:과학기술연구개발:1400:FUND"", ""162:2024:과학기술:과학기술연구개발:1400:GENERAL_ACCOUNT"", ""162:2024:과학기술:과학기술연구개발:1400:SPECIAL_ACCOUNT""]",False,False,False,False,BASE_KEY_UNIQUE,False,285678000000,285678000000,285678000000,0,1,1,ALL_COMPARABLE_AT_OR_ABOVE_TARGET,COMPLETE_REPORTED_RATE_COVERAGE,False,False,,False,False,False,,,False,False,False,False,False,,YEAR_END_CONCENTRATED,PATTERN_CANDIDATE,M3_MONTHLY_PATTERN,REPEATED_YEAR_END_CONCENTRATION_PATTERN,DISPLAY_ONLY_NO_GRADE_CHANGE,0.04893621489929218,0.0,0.0,"[{""candidate_id"": ""162:2024:과학기술:과학기술연구개발:1400:FUND"", ""account_type"": ""FUND"", ""review_grade"": ""C"", ""diagnostic_type"": ""CONTEXT_OR_SINGLE_SIGNAL_REVIEW"", ""execution_rate"": 1.0}, {""candidate_id"": ""162:2024:과학기술:과학기술연구개발:1400:GENERAL_ACCOUNT"", ""account_type"": ""GENERAL_ACCOUNT"", ""review_grade"": ""C"", ""diagnostic_type"": ""CONTEXT_OR_SINGLE_SIGNAL_REVIEW"", ""execution_rate"": 1.0}, {""candidate_id"": ""162:2024:과학기술:과학기술연구개발:1400:SPECIAL_ACCOUNT"", ""account_type"": ""SPECIAL_ACCOUNT"", ""review_grade"": ""C"", ""diagnostic_type"": ""CONTEXT_OR_SINGLE_SIGNAL_REVIEW"", ""execution_rate"": 1.0}]",LIMITED,False,PROGRAM_YEAR_REVIEW,1.0,0.0,0.0,False,False,False,False,LEFT_CENSORED_OR_FIRST_OBSERVATION,,False,False,False,0,False,False,0,0,0.0,2024,2024,1,EXACT_PROGRAM_KEY,D,REVIEWABLE,NONE,NO_STRUCTURED_SIGNAL_DETECTED,NONE,NONE,repeated_year_end_concentration,True,NOT_APPLICABLE,NO_STRUCTURED_SIGNAL_DETECTED,현재 구조화 신호가 없다는 판단의 입력 범위가 충분한가?,LIMITED,4,0,0,230,71
075:4300:2024,075:4300,075,2024,4300,보건,보건의료,보건의료서비스지원,1,1,GENERAL_ACCOUNT,"[""075:2024:보건:보건의료:4300:GENERAL_ACCOUNT""]",False,False,False,False,BASE_KEY_UNIQUE,False,122779000000,122900880000,120793326650,0,1,1,ALL_COMPARABLE_AT_OR_ABOVE_TARGET,COMPLETE_REPORTED_RATE_COVERAGE,False,False,,False,False,False,,,False,False,False,False,False,,UNKNOWN_TYPE,CONFIRMED_STRUCTURED,STRUCTURED_CONTEXT_INVENTORY,NO_CONFIRMED_CONTEXT_TAG,DISPLAY_ONLY_NO_GRADE_CHANGE,0.0,0.0,0.0,"[{""candidate_id"": ""075:2024:보건:보건의료:4300:GENERAL_ACCOUNT"", ""account_type"": ""GENERAL_ACCOUNT"", ""review_grade"": ""C"", ""diagnostic_type"": ""CONTEXT_OR_SINGLE_SIGNAL_REVIEW"", ""execution_rate"": 0.9828516008184808}]",LIMITED,False,PROGRAM_YEAR_REVIEW,0.9828516008184807,0.0,0.0,False,False,False,True,CONSECUTIVE_PRIOR_YEAR,0.13114497346698117,True,False,False,0,False,False,0,0,0.0,2022,2024,3,EXACT_PROGRAM_KEY,D,REVIEWABLE,NONE,NO_STRUCTURED_SIGNAL_DETECTED,NONE,NONE,budget_increase_context,True,NOT_APPLICABLE,NO_STRUCTURED_SIGNAL_DETECTED,현재 구조화 신호가 없다는 판단의 입력 범위가 충분한가?,LIMITED,4,0,0,231,72
019:2000:2024,019:2000,019,2024,2000,사회복지,노동,노사정책,1,1,GENERAL_ACCOUNT,"[""019:2024:사회복지:노동:2000:GENERAL_ACCOUNT""]",False,False,False,False,BASE_KEY_UNIQUE,False,60808000000,60888070000,60292890000,0,1,1,ALL_COMPARABLE_AT_OR_ABOVE_TARGET,COMPLETE_REPORTED_RATE_COVERAGE,False,False,,False,False,False,,,False,False,False,False,False,,UNKNOWN_TYPE,CONFIRMED_STRUCTURED,STRUCTURED_CONTEXT_INVENTORY,NO_CONFIRMED_CONTEXT_TAG,DISPLAY_ONLY_NO_GRADE_CHANGE,0.0,0.0,0.0,"[{""candidate_id"": ""019:2024:사회복지:노동:2000:GENERAL_ACCOUNT"", ""account_type"": ""GENERAL_ACCOUNT"", ""review_grade"": ""D"", ""diagnostic_type"": ""NO_STRUCTURED_SIGNAL_DETECTED"", ""execution_rate"": 0.9902250145225492}]",LIMITED,False,PROGRAM_YEAR_REVIEW,0.9902250145225493,0.0,0.0,False,False,False,False,CONSECUTIVE_PRIOR_YEAR,0.14567789584746405,True,False,False,0,False,False,0,0,0.0,2022,2024,3,EXACT_PROGRAM_KEY,D,REVIEWABLE,NONE,NO_STRUCTURED_SIGNAL_DETECTED,NONE,NONE,budget_increase_context,True,NOT_APPLICABLE,NO_STRUCTURED_SIGNAL_DETECTED,현재 구조화 신호가 없다는 판단의 입력 범위가 충분한가?,LIMITED,4,0,0,232,73
162:4700:2024,162:4700,162,2024,4700,과학기술,과학기술연구지원,과학기술국제협력,1,1,GENERAL_ACCOUNT,"[""162:2024:과학기술:과학기술연구지원:4700:GENERAL_ACCOUNT""]",False,False,False,False,BASE_KEY_UNIQUE,False,55438000000,55438000000,54431908620,0,1,1,ALL_COMPARABLE_AT_OR_ABOVE_TARGET,COMPLETE_REPORTED_RATE_COVERAGE,False,False,,False,False,False,,,False,False,False,False,False,,UNKNOWN_TYPE,CONFIRMED_STRUCTURED,STRUCTURED_CONTEXT_INVENTORY,NO_CONFIRMED_CONTEXT_TAG,DISPLAY_ONLY_NO_GRADE_CHANGE,0.0,0.0,0.0,"[{""candidate_id"": ""162:2024:과학기술:과학기술연구지원:4700:GENERAL_ACCOUNT"", ""account_type"": ""GENERAL_ACCOUNT"", ""review_grade"": ""C"", ""diagnostic_type"": ""CONTEXT_OR_SINGLE_SIGNAL_REVIEW"", ""execution_rate"": 0.9818519538944408}]",LIMITED,False,PROGRAM_YEAR_REVIEW,0.9818519538944407,0.0,0.0,False,False,False,True,CONSECUTIVE_PRIOR_YEAR,0.10317791972618551,True,False,False,0,False,False,0,0,0.0,2022,2024,3,EXACT_PROGRAM_KEY,D,REVIEWABLE,NONE,NO_STRUCTURED_SIGNAL_DETECTED,NONE,NONE,budget_increase_context,True,NOT_APPLICABLE,NO_STRUCTURED_SIGNAL_DETECTED,현재 구조화 신호가 없다는 판단의 입력 범위가 충분한가?,LIMITED,4,0,0,233,74
162:4200:2024,162:4200,162,2024,4200,산업·중소기업및에너지,산업혁신지원,지역경제활성화,1,1,SPECIAL_ACCOUNT,"[""162:2024:산업·중소기업및에너지:산업혁신지원:4200:SPECIAL_ACCOUNT""]",False,False,False,False,BASE_KEY_UNIQUE,False,45907000000,45907000000,45907000000,0,1,1,ALL_COMPARABLE_AT_OR_ABOVE_TARGET,COMPLETE_REPORTED_RATE_COVERAGE,False,False,,False,False,False,,,False,False,False,False,False,,UNKNOWN_TYPE,CONFIRMED_STRUCTURED,STRUCTURED_CONTEXT_INVENTORY,NO_CONFIRMED_CONTEXT_TAG,DISPLAY_ONLY_NO_GRADE_CHANGE,0.0,0.0,0.0,"[{""candidate_id"": ""162:2024:산업·중소기업및에너지:산업혁신지원:4200:SPECIAL_ACCOUNT"", ""account_type"": ""SPECIAL_ACCOUNT"", ""review_grade"": ""C"", ""diagnostic_type"": ""CONTEXT_OR_SINGLE_SIGNAL_REVIEW"", ""execution_rate"": 1.0}]",LIMITED,False,PROGRAM_YEAR_REVIEW,1.0,0.0,0.0,False,False,False,True,CONSECUTIVE_PRIOR_YEAR,0.582018057757254,True,False,False,0,False,False,0,0,0.0,2022,2024,3,EXACT_PROGRAM_KEY,D,REVIEWABLE,NONE,NO_STRUCTURED_SIGNAL_DETECTED,NONE,NONE,budget_increase_context,True,NOT_APPLICABLE,NO_STRUCTURED_SIGNAL_DETECTED,현재 구조화 신호가 없다는 판단의 입력 범위가 충분한가?,LIMITED,4,0,0,234,75
162:1200:599c8e014508:2024,162:1200:599c8e014508,162,2024,1200,문화및관광,문화예술,정보통신방송국제협력,1,1,FUND,"[""162:2024:문화및관광:문화예술:1200:FUND""]",True,True,True,False,RESOLVED_BY_FIELD_SECTOR,False,15304000000,15304000000,15273672200,0,1,1,ALL_COMPARABLE_AT_OR_ABOVE_TARGET,COMPLETE_REPORTED_RATE_COVERAGE,False,False,,False,False,False,,,False,False,False,False,False,,YEAR_END_CONCENTRATED,PATTERN_CANDIDATE,M3_MONTHLY_PATTERN,REPEATED_YEAR_END_CONCENTRATION_PATTERN,DISPLAY_ONLY_NO_GRADE_CHANGE,0.1751829587036069,0.0,0.0,"[{""candidate_id"": ""162:2024:문화및관광:문화예술:1200:FUND"", ""account_type"": ""FUND"", ""review_grade"": ""C"", ""diagnostic_type"": ""CONTEXT_OR_SINGLE_SIGNAL_REVIEW"", ""execution_rate"": 0.9980183089388396}]",LIMITED,False,PROGRAM_YEAR_REVIEW,0.9980183089388395,0.0,0.0,False,False,False,True,CONSECUTIVE_PRIOR_YEAR,0.28024092354023766,True,False,False,0,False,False,0,0,0.0,2022,2024,3,EXACT_METADATA_DISAMBIGUATION,D,REVIEWABLE,NONE,NO_STRUCTURED_SIGNAL_DETECTED,NONE,NONE,budget_increase_context;repeated_year_end_concentration,True,NOT_APPLICABLE,NO_STRUCTURED_SIGNAL_DETECTED,현재 구조화 신호가 없다는 판단의 입력 범위가 충분한가?,LIMITED,4,0,0,235,76
162:3200:2024,162:3200,162,2024,3200,문화및관광,문화예술,이용자보호및공정경쟁,1,1,FUND,"[""162:2024:문화및관광:문화예술:3200:FUND""]",False,False,False,False,BASE_KEY_UNIQUE,False,3213000000,3213000000,3168000000,0,1,1,ALL_COMPARABLE_AT_OR_ABOVE_TARGET,COMPLETE_REPORTED_RATE_COVERAGE,False,False,,False,False,False,,,False,False,False,False,False,,UNKNOWN_TYPE,CONFIRMED_STRUCTURED,STRUCTURED_CONTEXT_INVENTORY,NO_CONFIRMED_CONTEXT_TAG,DISPLAY_ONLY_NO_GRADE_CHANGE,0.0,0.0,0.0,"[{""candidate_id"": ""162:2024:문화및관광:문화예술:3200:FUND"", ""account_type"": ""FUND"", ""review_grade"": ""C"", ""diagnostic_type"": ""CONTEXT_OR_SINGLE_SIGNAL_REVIEW"", ""execution_rate"": 0.9859943977591036}]",LIMITED,False,PROGRAM_YEAR_REVIEW,0.9859943977591037,0.0,0.0,False,False,False,True,CONSECUTIVE_PRIOR_YEAR,0.7576586433260395,True,False,False,0,False,False,0,0,0.0,2022,2024,3,EXACT_PROGRAM_KEY,D,REVIEWABLE,NONE,NO_STRUCTURED_SIGNAL_DETECTED,NONE,NONE,budget_increase_context,True,NOT_APPLICABLE,NO_STRUCTURED_SIGNAL_DETECTED,현재 구조화 신호가 없다는 판단의 입력 범위가 충분한가?,LIMITED,4,0,0,236,77
