candidate_id,ministry_code,field_name,sector_name,program_code,fiscal_year,account_type,performance_program_name,priority_tier,priority_reason,account_original_budget,fiscal_impact_within_ministry,performance_gap,execution_management,budget_performance_mismatch,fiscal_impact,scenario,scenario_score,scenario_score_within_ministry,scenario_rank_min,scenario_rank_average,scenario_rank_max,scenario_rank_percentile,scenario_rank_min_within_ministry,scenario_rank_average_within_ministry,scenario_rank_max_within_ministry,scenario_rank_percentile_within_ministry,scenario_weights
075:2022:보건:건강보험:4900:GENERAL_ACCOUNT,075,보건,건강보험,4900,2022,GENERAL_ACCOUNT,건강보험제도 운영,MULTIPLE_SIGNAL_REVIEW,PERFORMANCE_BELOW_TARGET;EXECUTION_MANAGEMENT;PROGRAM_STRUCTURE_CONTEXT,10109249000000,0.9142857142857143,0.5,7.418948727051831e-06,0.0,0.9612403100775194,equal,0.3653119322565616,0.3535732833086103,46,46.0,46,0.8043478260869565,22,22.0,22,0.7375,"{""budget_performance_mismatch"": 0.25, ""execution_management"": 0.25, ""fiscal_impact"": 0.25, ""performance_gap"": 0.25}"
075:2022:보건:보건의료:4100:RESPONSIBLE_OPERATION_ACCOUNT,075,보건,보건의료,4100,2022,RESPONSIBLE_OPERATION_ACCOUNT,국립공주병원,MULTIPLE_SIGNAL_REVIEW,PERFORMANCE_BELOW_TARGET;EXECUTION_MANAGEMENT;PROGRAM_STRUCTURE_CONTEXT;LOW_PERFORMANCE_BUDGET_INCREASE_T1;LOW_PERFORMANCE_BUDGET_INCREASE_T2,5622000000,0.05714285714285714,1.0,0.7440412664532194,0.0,0.07751937984496124,equal,0.45539016157454515,0.45029603089901915,22,22.0,22,0.908695652173913,8,8.0,8,0.9125,"{""budget_performance_mismatch"": 0.25, ""execution_management"": 0.25, ""fiscal_impact"": 0.25, ""performance_gap"": 0.25}"
075:2022:보건:보건의료:3800:RESPONSIBLE_OPERATION_ACCOUNT,075,보건,보건의료,3800,2022,RESPONSIBLE_OPERATION_ACCOUNT,국립나주병원,MULTIPLE_SIGNAL_REVIEW,PERFORMANCE_BELOW_TARGET;EXECUTION_MANAGEMENT;PROGRAM_STRUCTURE_CONTEXT;LOW_PERFORMANCE_BUDGET_INCREASE_T1;LOW_PERFORMANCE_BUDGET_INCREASE_T2,7193000000,0.08571428571428572,1.0,0.7318226053107187,0.0,0.09302325581395349,equal,0.456211465281168,0.45438422275625107,21,21.0,21,0.9130434782608696,7,7.0,7,0.925,"{""budget_performance_mismatch"": 0.25, ""execution_management"": 0.25, ""fiscal_impact"": 0.25, ""performance_gap"": 0.25}"
075:2022:보건:보건의료:4000:RESPONSIBLE_OPERATION_ACCOUNT,075,보건,보건의료,4000,2022,RESPONSIBLE_OPERATION_ACCOUNT,국립춘천병원,MULTIPLE_SIGNAL_REVIEW,PERFORMANCE_BELOW_TARGET;EXECUTION_MANAGEMENT;PROGRAM_STRUCTURE_CONTEXT;LOW_PERFORMANCE_BUDGET_INCREASE_T1;LOW_PERFORMANCE_BUDGET_INCREASE_T2,5324000000,0.02857142857142857,1.0,1.0,0.0,0.06976744186046512,equal,0.5174418604651163,0.5071428571428571,7,7.0,7,0.9739130434782609,2,2.0,2,0.9875,"{""budget_performance_mismatch"": 0.25, ""execution_management"": 0.25, ""fiscal_impact"": 0.25, ""performance_gap"": 0.25}"
075:2022:보건:보건의료:3300:GENERAL_ACCOUNT,075,보건,보건의료,3300,2022,GENERAL_ACCOUNT,국민건강생활실천,MULTIPLE_SIGNAL_REVIEW,PERFORMANCE_BELOW_TARGET;EXECUTION_MANAGEMENT,179703000000,0.45714285714285713,0.5,0.11708207431150287,0.0,0.5658914728682171,equal,0.29574338679492995,0.26855623286359,80,80.0,80,0.6565217391304348,43,43.0,43,0.475,"{""budget_performance_mismatch"": 0.25, ""execution_management"": 0.25, ""fiscal_impact"": 0.25, ""performance_gap"": 0.25}"
075:2022:사회복지:취약계층지원:1900:GENERAL_ACCOUNT,075,사회복지,취약계층지원,1900,2022,GENERAL_ACCOUNT,노숙인의사상자지원,MULTIPLE_SIGNAL_REVIEW,PERFORMANCE_BELOW_TARGET;EXECUTION_MANAGEMENT,7812000000,0.14285714285714285,0.5,1.0,0.0,0.10852713178294573,equal,0.4021317829457364,0.4107142857142857,41,41.0,41,0.8260869565217391,13,13.0,13,0.85,"{""budget_performance_mismatch"": 0.25, ""execution_management"": 0.25, ""fiscal_impact"": 0.25, ""performance_gap"": 0.25}"
075:2022:보건:보건의료:3000:GENERAL_ACCOUNT,075,보건,보건의료,3000,2022,GENERAL_ACCOUNT,보건산업육성,MULTIPLE_SIGNAL_REVIEW,PERFORMANCE_BELOW_TARGET;EXECUTION_MANAGEMENT,872066500000,0.7142857142857143,0.5,0.5,0.0,0.7751937984496124,equal,0.4437984496124031,0.4285714285714286,27,27.0,27,0.8869565217391304,11,11.0,11,0.875,"{""budget_performance_mismatch"": 0.25, ""execution_management"": 0.25, ""fiscal_impact"": 0.25, ""performance_gap"": 0.25}"
075:2022:보건:보건의료:2800:FUND,075,보건,보건의료,2800,2022,FUND,응급의료체계운영지원,MULTIPLE_SIGNAL_REVIEW,PERFORMANCE_BELOW_TARGET;EXECUTION_MANAGEMENT,291787800000,0.5428571428571428,0.5,0.010055252481426571,0.0,0.6511627906976745,equal,0.29030451079477526,0.2632280988346424,83,83.0,83,0.6434782608695653,44,44.0,44,0.4625,"{""budget_performance_mismatch"": 0.25, ""execution_management"": 0.25, ""fiscal_impact"": 0.25, ""performance_gap"": 0.25}"
075:2022:사회복지:아동·보육:2500:FUND,075,사회복지,아동·보육,2500,2022,FUND,저출산대응및인구정책 지원,MULTIPLE_SIGNAL_REVIEW,PERFORMANCE_BELOW_TARGET;EXECUTION_MANAGEMENT;PROGRAM_STRUCTURE_CONTEXT,20934000000,0.22857142857142856,0.5,0.3024505588993981,0.0,0.1937984496124031,equal,0.2490622521279503,0.25775549686770666,107,107.0,107,0.5391304347826087,45,45.0,45,0.44999999999999996,"{""budget_performance_mismatch"": 0.25, ""execution_management"": 0.25, ""fiscal_impact"": 0.25, ""performance_gap"": 0.25}"
075:2022:사회복지:아동·보육:2500:GENERAL_ACCOUNT,075,사회복지,아동·보육,2500,2022,GENERAL_ACCOUNT,저출산대응및인구정책 지원,MULTIPLE_SIGNAL_REVIEW,PERFORMANCE_BELOW_TARGET;EXECUTION_MANAGEMENT;PROGRAM_STRUCTURE_CONTEXT,2784322000000,0.8,0.5,0.0010463947776155201,0.0,0.8914728682170543,equal,0.3481298157486674,0.32526159869440385,53,53.0,53,0.7739130434782608,27,27.0,27,0.675,"{""budget_performance_mismatch"": 0.25, ""execution_management"": 0.25, ""fiscal_impact"": 0.25, ""performance_gap"": 0.25}"
075:2023:보건:건강보험:4900:FUND,075,보건,건강보험,4900,2023,FUND,건강보험제도 운영,MULTIPLE_SIGNAL_REVIEW,PERFORMANCE_BELOW_TARGET;EXECUTION_MANAGEMENT;PROGRAM_STRUCTURE_CONTEXT,1820839000000,0.7948717948717948,0.5,0.5,0.0,0.8623188405797102,equal,0.46557971014492755,0.4487179487179487,17,17.0,17,0.9304347826086956,9,9.0,9,0.9,"{""budget_performance_mismatch"": 0.25, ""execution_management"": 0.25, ""fiscal_impact"": 0.25, ""performance_gap"": 0.25}"
075:2023:보건:건강보험:4900:GENERAL_ACCOUNT,075,보건,건강보험,4900,2023,GENERAL_ACCOUNT,건강보험제도 운영,MULTIPLE_SIGNAL_REVIEW,PERFORMANCE_BELOW_TARGET;EXECUTION_MANAGEMENT;ACCOUNTING_ADJUSTMENT_CONTEXT;PROGRAM_STRUCTURE_CONTEXT,10589360000000,0.9230769230769231,0.5,0.43200948876985956,0.0,0.9710144927536232,equal,0.47575599538087066,0.4637716029616956,16,16.0,16,0.9347826086956522,5,5.0,5,0.95,"{""budget_performance_mismatch"": 0.25, ""execution_management"": 0.25, ""fiscal_impact"": 0.25, ""performance_gap"": 0.25}"
019:2023:사회복지:고용:1200:GENERAL_ACCOUNT,019,사회복지,고용,1200,2023,GENERAL_ACCOUNT,고용안전망확충,MULTIPLE_SIGNAL_REVIEW,PERFORMANCE_BELOW_TARGET;EXECUTION_MANAGEMENT;BUDGET_PERFORMANCE_MISMATCH;PROGRAM_STRUCTURE_CONTEXT,2342583000000,0.8421052631578947,0.3333333333333333,1.0,0.0017029634951390552,0.9130434782608695,equal,0.5620199437723354,0.5442853899965917,5,5.0,5,0.9826086956521739,3,3.0,3,0.9487179487179487,"{""budget_performance_mismatch"": 0.25, ""execution_management"": 0.25, ""fiscal_impact"": 0.25, ""performance_gap"": 0.25}"
019:2023:사회복지:고용:1000:FUND,019,사회복지,고용,1000,2023,FUND,고용창출,MULTIPLE_SIGNAL_REVIEW,PERFORMANCE_BELOW_TARGET;EXECUTION_MANAGEMENT;BUDGET_PERFORMANCE_MISMATCH;ACCOUNTING_ADJUSTMENT_CONTEXT,913800000000,0.5263157894736842,0.25,1.0,0.30732353906762966,0.7971014492753623,equal,0.588606247085748,0.5209098321353285,3,3.0,3,0.991304347826087,4,4.0,4,0.9230769230769231,"{""budget_performance_mismatch"": 0.25, ""execution_management"": 0.25, ""fiscal_impact"": 0.25, ""performance_gap"": 0.25}"
019:2023:사회복지:고용:1000:GENERAL_ACCOUNT,019,사회복지,고용,1000,2023,GENERAL_ACCOUNT,고용창출,MULTIPLE_SIGNAL_REVIEW,PERFORMANCE_BELOW_TARGET;EXECUTION_MANAGEMENT;BUDGET_PERFORMANCE_MISMATCH,1952025000000,0.7894736842105263,0.25,0.5,0.16705882352941176,0.8768115942028986,equal,0.44846760443307754,0.42663312693498445,25,25.0,25,0.8956521739130435,7,7.0,7,0.8461538461538461,"{""budget_performance_mismatch"": 0.25, ""execution_management"": 0.25, ""fiscal_impact"": 0.25, ""performance_gap"": 0.25}"
019:2023:사회복지:고용:1000:SPECIAL_ACCOUNT,019,사회복지,고용,1000,2023,SPECIAL_ACCOUNT,고용창출,MULTIPLE_SIGNAL_REVIEW,PERFORMANCE_BELOW_TARGET;BUDGET_PERFORMANCE_MISMATCH,255818000000,0.42105263157894735,0.25,0.0,0.14414935618291128,0.6666666666666666,equal,0.26520400571239444,0.20380049694046462,102,102.0,102,0.5608695652173913,27,27.0,27,0.33333333333333337,"{""budget_performance_mismatch"": 0.25, ""execution_management"": 0.25, ""fiscal_impact"": 0.25, ""performance_gap"": 0.25}"
019:2023:사회복지:고용:1300:FUND,019,사회복지,고용,1300,2023,FUND,고용평등증진,MULTIPLE_SIGNAL_REVIEW,PERFORMANCE_BELOW_TARGET;BUDGET_PERFORMANCE_MISMATCH;PROGRAM_STRUCTURE_CONTEXT,2715275000000,0.8947368421052632,0.25,0.0,0.008816970656747474,0.927536231884058,equal,0.29658830063520136,0.28838845319050266,79,79.0,79,0.6608695652173913,18,18.0,18,0.5641025641025641,"{""budget_performance_mismatch"": 0.25, ""execution_management"": 0.25, ""fiscal_impact"": 0.25, ""performance_gap"": 0.25}"
075:2023:보건:보건의료:2700:GENERAL_ACCOUNT,075,보건,보건의료,2700,2023,GENERAL_ACCOUNT,공공보건의료확충,MULTIPLE_SIGNAL_REVIEW,EXECUTION_MANAGEMENT;BUDGET_PERFORMANCE_MISMATCH;ACCOUNTING_ADJUSTMENT_CONTEXT,1108174000000,0.7692307692307693,0.0,0.0017456644895115748,0.04428817135215228,0.8188405797101449,equal,0.2162186038879522,0.2038161512681083,137,137.0,137,0.408695652173913,61,61.0,61,0.25,"{""budget_performance_mismatch"": 0.25, ""execution_management"": 0.25, ""fiscal_impact"": 0.25, ""performance_gap"": 0.25}"
162:2023:과학기술:과학기술연구지원:1600:GENERAL_ACCOUNT,162,과학기술,과학기술연구지원,1600,2023,GENERAL_ACCOUNT,과학기술기반조성,MULTIPLE_SIGNAL_REVIEW,PERFORMANCE_BELOW_TARGET;EXECUTION_MANAGEMENT;PROGRAM_STRUCTURE_CONTEXT,63956000000,0.5,0.5,1.0,0.0,0.42028985507246375,equal,0.48007246376811596,0.5,14,14.0,14,0.9434782608695652,1,1.0,1,1.0,"{""budget_performance_mismatch"": 0.25, ""execution_management"": 0.25, ""fiscal_impact"": 0.25, ""performance_gap"": 0.25}"
162:2023:과학기술:과학기술인력및문화:1700:FUND,162,과학기술,과학기술인력및문화,1700,2023,FUND,과학기술인력양성,MULTIPLE_SIGNAL_REVIEW,PERFORMANCE_BELOW_TARGET;EXECUTION_MANAGEMENT,41481000000,0.3103448275862069,0.3333333333333333,0.0210096188616475,0.0,0.2898550724637681,equal,0.16104950616468722,0.1661719449452969,184,184.0,184,0.20434782608695656,45,45.0,45,0.34328358208955223,"{""budget_performance_mismatch"": 0.25, ""execution_management"": 0.25, ""fiscal_impact"": 0.25, ""performance_gap"": 0.25}"
075:2023:보건:보건의료:4100:RESPONSIBLE_OPERATION_ACCOUNT,075,보건,보건의료,4100,2023,RESPONSIBLE_OPERATION_ACCOUNT,국립공주병원,MULTIPLE_SIGNAL_REVIEW,PERFORMANCE_BELOW_TARGET;EXECUTION_MANAGEMENT;PROGRAM_STRUCTURE_CONTEXT;LOW_PERFORMANCE_BUDGET_INCREASE_T1,5872000000,0.07692307692307693,1.0,0.5,0.0,0.09420289855072464,equal,0.39855072463768115,0.3942307692307692,42,42.0,42,0.8217391304347826,17,17.0,17,0.8,"{""budget_performance_mismatch"": 0.25, ""execution_management"": 0.25, ""fiscal_impact"": 0.25, ""performance_gap"": 0.25}"
075:2023:보건:보건의료:3800:RESPONSIBLE_OPERATION_ACCOUNT,075,보건,보건의료,3800,2023,RESPONSIBLE_OPERATION_ACCOUNT,국립나주병원,MULTIPLE_SIGNAL_REVIEW,PERFORMANCE_BELOW_TARGET;EXECUTION_MANAGEMENT;BUDGET_PERFORMANCE_MISMATCH;PROGRAM_STRUCTURE_CONTEXT;LOW_PERFORMANCE_BUDGET_INCREASE_T1,7306000000,0.1282051282051282,0.5,0.7340542020257322,0.07966055297016152,0.10869565217391304,equal,0.3556026017924517,0.36047997080025546,51,51.0,51,0.782608695652174,21,21.0,21,0.75,"{""budget_performance_mismatch"": 0.25, ""execution_management"": 0.25, ""fiscal_impact"": 0.25, ""performance_gap"": 0.25}"
075:2023:사회복지:취약계층지원:1800:RESPONSIBLE_OPERATION_ACCOUNT,075,사회복지,취약계층지원,1800,2023,RESPONSIBLE_OPERATION_ACCOUNT,국립재활원,MULTIPLE_SIGNAL_REVIEW,PERFORMANCE_BELOW_TARGET;EXECUTION_MANAGEMENT;BUDGET_PERFORMANCE_MISMATCH,32119000000,0.3333333333333333,0.5,0.5,0.07263613437529189,0.2608695652173913,equal,0.3333764248981708,0.3514923669271563,58,58.0,58,0.7521739130434782,23,23.0,23,0.725,"{""budget_performance_mismatch"": 0.25, ""execution_management"": 0.25, ""fiscal_impact"": 0.25, ""performance_gap"": 0.25}"
075:2023:보건:보건의료:3700:RESPONSIBLE_OPERATION_ACCOUNT,075,보건,보건의료,3700,2023,RESPONSIBLE_OPERATION_ACCOUNT,국립정신건강센터,MULTIPLE_SIGNAL_REVIEW,PERFORMANCE_BELOW_TARGET;EXECUTION_MANAGEMENT;BUDGET_PERFORMANCE_MISMATCH;PROGRAM_STRUCTURE_CONTEXT;LOW_PERFORMANCE_BUDGET_INCREASE_T1,17756000000,0.23076923076923078,0.5,0.5,0.010559810768191034,0.18115942028985507,equal,0.2979298077645115,0.31033226038435546,77,77.0,77,0.6695652173913044,32,32.0,32,0.6125,"{""budget_performance_mismatch"": 0.25, ""execution_management"": 0.25, ""fiscal_impact"": 0.25, ""performance_gap"": 0.25}"
162:2023:과학기술:과학기술인력및문화:2200:RESPONSIBLE_OPERATION_ACCOUNT,162,과학기술,과학기술인력및문화,2200,2023,RESPONSIBLE_OPERATION_ACCOUNT,국립중앙과학관운영,MULTIPLE_SIGNAL_REVIEW,PERFORMANCE_BELOW_TARGET;EXECUTION_MANAGEMENT;LOW_PERFORMANCE_BUDGET_INCREASE_T1,11718000000,0.1896551724137931,0.3333333333333333,0.11648745519713262,0.0,0.15942028985507245,equal,0.1523102695963846,0.15986899023606477,187,187.0,187,0.19130434782608696,46,46.0,46,0.32835820895522383,"{""budget_performance_mismatch"": 0.25, ""execution_management"": 0.25, ""fiscal_impact"": 0.25, ""performance_gap"": 0.25}"
075:2023:보건:보건의료:4000:RESPONSIBLE_OPERATION_ACCOUNT,075,보건,보건의료,4000,2023,RESPONSIBLE_OPERATION_ACCOUNT,국립춘천병원,MULTIPLE_SIGNAL_REVIEW,PERFORMANCE_BELOW_TARGET;EXECUTION_MANAGEMENT;BUDGET_PERFORMANCE_MISMATCH;LOW_PERFORMANCE_BUDGET_INCREASE_T1,5694000000,0.05128205128205128,1.0,1.0,0.21742184755883387,0.08695652173913043,equal,0.576094592324491,0.5671759747102212,4,4.0,4,0.9869565217391304,1,1.0,1,1.0,"{""budget_performance_mismatch"": 0.25, ""execution_management"": 0.25, ""fiscal_impact"": 0.25, ""performance_gap"": 0.25}"
075:2023:보건:보건의료:3300:GENERAL_ACCOUNT,075,보건,보건의료,3300,2023,GENERAL_ACCOUNT,국민건강생활실천,MULTIPLE_SIGNAL_REVIEW,PERFORMANCE_BELOW_TARGET;EXECUTION_MANAGEMENT;ACCOUNTING_ADJUSTMENT_CONTEXT,172081000000,0.46153846153846156,1.0,0.07345378048709619,0.0,0.5869565217391305,equal,0.4151025755565567,0.38374806050638954,36,36.0,36,0.8478260869565217,19,19.0,19,0.775,"{""budget_performance_mismatch"": 0.25, ""execution_management"": 0.25, ""fiscal_impact"": 0.25, ""performance_gap"": 0.25}"
019:2023:사회복지:노동:3000:FUND,019,사회복지,노동,3000,2023,FUND,근로조건보호및복지증진,MULTIPLE_SIGNAL_REVIEW,EXECUTION_MANAGEMENT;BUDGET_PERFORMANCE_MISMATCH;ACCOUNTING_ADJUSTMENT_CONTEXT,1029040000000,0.5789473684210527,0.0,0.015183083262069502,0.00539531990981886,0.8115942028985508,equal,0.20804315151760977,0.14988144289823524,142,142.0,142,0.3869565217391304,30,30.0,30,0.2564102564102564,"{""budget_performance_mismatch"": 0.25, ""execution_management"": 0.25, ""fiscal_impact"": 0.25, ""performance_gap"": 0.25}"
075:2023:사회복지:기초생활보장:1100:GENERAL_ACCOUNT,075,사회복지,기초생활보장,1100,2023,GENERAL_ACCOUNT,기초생활보장,MULTIPLE_SIGNAL_REVIEW,PERFORMANCE_BELOW_TARGET;EXECUTION_MANAGEMENT;BUDGET_PERFORMANCE_MISMATCH;LOW_PERFORMANCE_BUDGET_INCREASE_T1,16405912000000,0.9487179487179487,1.0,1.2190727342679882e-07,0.013875851583258523,0.9855072463768116,equal,0.49984580496683584,0.4906484805521201,9,9.0,9,0.9652173913043478,4,4.0,4,0.9625,"{""budget_performance_mismatch"": 0.25, ""execution_management"": 0.25, ""fiscal_impact"": 0.25, ""performance_gap"": 0.25}"
075:2023:사회복지:아동·보육:3100:GENERAL_ACCOUNT,075,사회복지,아동·보육,3100,2023,GENERAL_ACCOUNT,보육지원강화,MULTIPLE_SIGNAL_REVIEW,PERFORMANCE_BELOW_TARGET;EXECUTION_MANAGEMENT;BUDGET_PERFORMANCE_MISMATCH;LOW_PERFORMANCE_BUDGET_INCREASE_T1,6678017000000,0.8974358974358975,0.5,0.0003485316075116311,0.12140235641808039,0.9565217391304348,equal,0.3945681567890067,0.3797966963653724,43,43.0,43,0.817391304347826,20,20.0,20,0.7625,"{""budget_performance_mismatch"": 0.25, ""execution_management"": 0.25, ""fiscal_impact"": 0.25, ""performance_gap"": 0.25}"
019:2023:사회복지:노동:4100:FUND,019,사회복지,노동,4100,2023,FUND,산업재해예방,MULTIPLE_SIGNAL_REVIEW,PERFORMANCE_BELOW_TARGET;BUDGET_PERFORMANCE_MISMATCH,1198698000000,0.6842105263157895,0.3333333333333333,0.0,0.0024590569656966696,0.8333333333333334,equal,0.29228143090809083,0.25500072915370486,82,82.0,82,0.6478260869565218,19,19.0,19,0.5384615384615384,"{""budget_performance_mismatch"": 0.25, ""execution_management"": 0.25, ""fiscal_impact"": 0.25, ""performance_gap"": 0.25}"
019:2023:사회복지:노동:4000:FUND,019,사회복지,노동,4000,2023,FUND,산재보험,MULTIPLE_SIGNAL_REVIEW,EXECUTION_MANAGEMENT;BUDGET_PERFORMANCE_MISMATCH;ACCOUNTING_ADJUSTMENT_CONTEXT;PROGRAM_STRUCTURE_CONTEXT,8015070000000,0.9473684210526315,0.0,0.0011050433745432042,0.004046252871153963,0.9637681159420289,equal,0.24222985304693154,0.23812992932458218,114,114.0,114,0.508695652173913,21,21.0,21,0.4871794871794872,"{""budget_performance_mismatch"": 0.25, ""execution_management"": 0.25, ""fiscal_impact"": 0.25, ""performance_gap"": 0.25}"
162:2023:통신:우정:5100:SPECIAL_ACCOUNT,162,통신,우정,5100,2023,SPECIAL_ACCOUNT,우정서비스,MULTIPLE_SIGNAL_REVIEW,PERFORMANCE_BELOW_TARGET;EXECUTION_MANAGEMENT;BUDGET_PERFORMANCE_MISMATCH;ACCOUNTING_ADJUSTMENT_CONTEXT,1982736000000,0.9827586206896551,0.5,0.092414219543096,0.05734575858813276,0.8840579710144928,equal,0.3834544872864304,0.408129649705221,45,45.0,45,0.808695652173913,4,4.0,4,0.9552238805970149,"{""budget_performance_mismatch"": 0.25, ""execution_management"": 0.25, ""fiscal_impact"": 0.25, ""performance_gap"": 0.25}"
162:2023:과학기술:과학기술연구개발:1400:GENERAL_ACCOUNT,162,과학기술,과학기술연구개발,1400,2023,GENERAL_ACCOUNT,원자력 진흥,MULTIPLE_SIGNAL_REVIEW,EXECUTION_MANAGEMENT;BUDGET_PERFORMANCE_MISMATCH,62661000000,0.46551724137931033,0.0,0.003989722474904645,0.03191777979923716,0.39855072463768115,equal,0.10861455672795574,0.12535618591336303,209,209.0,209,0.09565217391304348,54,54.0,54,0.20895522388059706,"{""budget_performance_mismatch"": 0.25, ""execution_management"": 0.25, ""fiscal_impact"": 0.25, ""performance_gap"": 0.25}"
162:2023:통신:정보통신:2600:FUND,162,통신,정보통신,2600,2023,FUND,인공지능데이터진흥,MULTIPLE_SIGNAL_REVIEW,EXECUTION_MANAGEMENT;BUDGET_PERFORMANCE_MISMATCH;ACCOUNTING_ADJUSTMENT_CONTEXT,598257000000,0.9310344827586207,0.0,0.08887066929429994,0.06263528884743513,0.7608695652173914,equal,0.2280938808397816,0.2706351102250889,127,127.0,127,0.4521739130434783,19,19.0,19,0.7313432835820896,"{""budget_performance_mismatch"": 0.25, ""execution_management"": 0.25, ""fiscal_impact"": 0.25, ""performance_gap"": 0.25}"
162:2023:통신:정보통신:2000:FUND,162,통신,정보통신,2000,2023,FUND,인터넷융합산업,MULTIPLE_SIGNAL_REVIEW,PERFORMANCE_BELOW_TARGET;BUDGET_PERFORMANCE_MISMATCH,159344000000,0.7241379310344828,0.5,0.0,0.04079224821769254,0.5652173913043478,equal,0.2765024098805101,0.31623254481304386,95,95.0,95,0.5913043478260869,11,11.0,11,0.8507462686567164,"{""budget_performance_mismatch"": 0.25, ""execution_management"": 0.25, ""fiscal_impact"": 0.25, ""performance_gap"": 0.25}"
162:2023:통신:정보통신:2000:GENERAL_ACCOUNT,162,통신,정보통신,2000,2023,GENERAL_ACCOUNT,인터넷융합산업,MULTIPLE_SIGNAL_REVIEW,PERFORMANCE_BELOW_TARGET;BUDGET_PERFORMANCE_MISMATCH,100556000000,0.6206896551724138,0.5,0.0,0.03977882970683003,0.4927536231884058,equal,0.25813311322380894,0.2901171212198109,106,106.0,106,0.5434782608695652,14,14.0,14,0.8059701492537313,"{""budget_performance_mismatch"": 0.25, ""execution_management"": 0.25, ""fiscal_impact"": 0.25, ""performance_gap"": 0.25}"
162:2023:통신:정보통신:2000:SPECIAL_ACCOUNT,162,통신,정보통신,2000,2023,SPECIAL_ACCOUNT,인터넷융합산업,MULTIPLE_SIGNAL_REVIEW,PERFORMANCE_BELOW_TARGET;BUDGET_PERFORMANCE_MISMATCH,75094000000,0.5344827586206896,0.5,0.0,0.059259061975657175,0.43478260869565216,equal,0.24851041766782733,0.27343545514908674,108,108.0,108,0.5347826086956522,18,18.0,18,0.7462686567164178,"{""budget_performance_mismatch"": 0.25, ""execution_management"": 0.25, ""fiscal_impact"": 0.25, ""performance_gap"": 0.25}"
019:2023:사회복지:고용:1400:FUND,019,사회복지,고용,1400,2023,FUND,장애인고용증진,MULTIPLE_SIGNAL_REVIEW,EXECUTION_MANAGEMENT;BUDGET_PERFORMANCE_MISMATCH;ACCOUNTING_ADJUSTMENT_CONTEXT,793474000000,0.47368421052631576,0.0,0.0028999059830567856,0.0003831253450018526,0.782608695652174,equal,0.19647293174505814,0.1192418104635936,155,155.0,155,0.33043478260869563,32,32.0,32,0.20512820512820518,"{""budget_performance_mismatch"": 0.25, ""execution_management"": 0.25, ""fiscal_impact"": 0.25, ""performance_gap"": 0.25}"
075:2023:사회복지:취약계층지원:1500:FUND,075,사회복지,취약계층지원,1500,2023,FUND,장애인생활안정 및 재활 지원,MULTIPLE_SIGNAL_REVIEW,PERFORMANCE_BELOW_TARGET;BUDGET_PERFORMANCE_MISMATCH,7224000000,0.10256410256410256,0.5,0.0,0.2768549280177187,0.10144927536231885,equal,0.2195760508450094,0.2198547576454553,134,134.0,134,0.4217391304347826,54,54.0,54,0.3375,"{""budget_performance_mismatch"": 0.25, ""execution_management"": 0.25, ""fiscal_impact"": 0.25, ""performance_gap"": 0.25}"
075:2023:사회복지:취약계층지원:1500:GENERAL_ACCOUNT,075,사회복지,취약계층지원,1500,2023,GENERAL_ACCOUNT,장애인생활안정 및 재활 지원,MULTIPLE_SIGNAL_REVIEW,PERFORMANCE_BELOW_TARGET;BUDGET_PERFORMANCE_MISMATCH;ACCOUNTING_ADJUSTMENT_CONTEXT,4532450000000,0.8717948717948718,0.5,0.0,6.905757371840837e-05,0.9492753623188406,equal,0.3623361049731397,0.34296598234214754,50,50.0,50,0.7869565217391304,24,24.0,24,0.7125,"{""budget_performance_mismatch"": 0.25, ""execution_management"": 0.25, ""fiscal_impact"": 0.25, ""performance_gap"": 0.25}"
075:2023:사회복지:아동·보육:2500:FUND,075,사회복지,아동·보육,2500,2023,FUND,저출산대응및인구정책지원,MULTIPLE_SIGNAL_REVIEW,PERFORMANCE_BELOW_TARGET;EXECUTION_MANAGEMENT;PROGRAM_STRUCTURE_CONTEXT,19906000000,0.2564102564102564,1.0,0.33648146287551495,0.0,0.2028985507246377,equal,0.38484500340003813,0.3982229298214428,44,44.0,44,0.8130434782608695,16,16.0,16,0.8125,"{""budget_performance_mismatch"": 0.25, ""execution_management"": 0.25, ""fiscal_impact"": 0.25, ""performance_gap"": 0.25}"
075:2023:사회복지:아동·보육:2500:GENERAL_ACCOUNT,075,사회복지,아동·보육,2500,2023,GENERAL_ACCOUNT,저출산대응및인구정책지원,MULTIPLE_SIGNAL_REVIEW,PERFORMANCE_BELOW_TARGET;EXECUTION_MANAGEMENT;PROGRAM_STRUCTURE_CONTEXT,2625301000000,0.8461538461538461,1.0,0.0010497843866284285,0.0,0.9202898550724637,equal,0.480334909864773,0.4618009076351186,13,13.0,13,0.9478260869565217,6,6.0,6,0.9375,"{""budget_performance_mismatch"": 0.25, ""execution_management"": 0.25, ""fiscal_impact"": 0.25, ""performance_gap"": 0.25}"
162:2023:통신:정보통신:2100:FUND,162,통신,정보통신,2100,2023,FUND,정보통신융합산업,MULTIPLE_SIGNAL_REVIEW,EXECUTION_MANAGEMENT;BUDGET_PERFORMANCE_MISMATCH;ACCOUNTING_ADJUSTMENT_CONTEXT,598251000000,0.9137931034482759,0.0,0.15619781663549245,0.16725254115747404,0.7536231884057971,equal,0.2692683865496909,0.3093108653103106,100,100.0,100,0.5695652173913044,12,12.0,12,0.835820895522388,"{""budget_performance_mismatch"": 0.25, ""execution_management"": 0.25, ""fiscal_impact"": 0.25, ""performance_gap"": 0.25}"
102:2023:산업·중소기업및에너지:중소기업및소상공인육성:2100:GENERAL_ACCOUNT,102,산업·중소기업및에너지,중소기업및소상공인육성,2100,2023,GENERAL_ACCOUNT,중소기업기술개발지원,MULTIPLE_SIGNAL_REVIEW,PERFORMANCE_BELOW_TARGET;BUDGET_PERFORMANCE_MISMATCH,1481056000000,0.8636363636363636,1.0,0.0,0.0038708867186656006,0.855072463768116,equal,0.4647358376216954,0.46687681258875735,18,18.0,18,0.9260869565217391,4,4.0,4,0.926829268292683,"{""budget_performance_mismatch"": 0.25, ""execution_management"": 0.25, ""fiscal_impact"": 0.25, ""performance_gap"": 0.25}"
102:2023:산업·중소기업및에너지:중소기업및소상공인육성:2100:SPECIAL_ACCOUNT,102,산업·중소기업및에너지,중소기업및소상공인육성,2100,2023,SPECIAL_ACCOUNT,중소기업기술개발지원,MULTIPLE_SIGNAL_REVIEW,PERFORMANCE_BELOW_TARGET;BUDGET_PERFORMANCE_MISMATCH,271720000000,0.6363636363636364,1.0,0.0,0.05712866185779479,0.6739130434782609,equal,0.4327604263340139,0.4233730745553578,29,29.0,29,0.8782608695652174,7,7.0,7,0.8536585365853658,"{""budget_performance_mismatch"": 0.25, ""execution_management"": 0.25, ""fiscal_impact"": 0.25, ""performance_gap"": 0.25}"
102:2023:산업·중소기업및에너지:중소기업및소상공인육성:4800:GENERAL_ACCOUNT,102,산업·중소기업및에너지,중소기업및소상공인육성,4800,2023,GENERAL_ACCOUNT,중소기업육성지원,MULTIPLE_SIGNAL_REVIEW,PERFORMANCE_BELOW_TARGET;EXECUTION_MANAGEMENT,138899000000,0.5,0.3333333333333333,0.015075702488858811,0.0,0.5362318840579711,equal,0.2211602299700408,0.21210225895554805,131,131.0,131,0.4347826086956522,30,30.0,30,0.29268292682926833,"{""budget_performance_mismatch"": 0.25, ""execution_management"": 0.25, ""fiscal_impact"": 0.25, ""performance_gap"": 0.25}"
102:2023:산업·중소기업및에너지:중소기업및소상공인육성:5400:FUND,102,산업·중소기업및에너지,중소기업및소상공인육성,5400,2023,FUND,중소기업인력지원,MULTIPLE_SIGNAL_REVIEW,PERFORMANCE_BELOW_TARGET;EXECUTION_MANAGEMENT,53660000000,0.36363636363636365,0.5,0.018775624301155425,0.0,0.34057971014492755,equal,0.21483883361152073,0.22060299698437977,138,138.0,138,0.4043478260869565,27,27.0,27,0.36585365853658536,"{""budget_performance_mismatch"": 0.25, ""execution_management"": 0.25, ""fiscal_impact"": 0.25, ""performance_gap"": 0.25}"
019:2023:사회복지:고용:1100:FUND,019,사회복지,고용,1100,2023,FUND,직업능력개발,MULTIPLE_SIGNAL_REVIEW,PERFORMANCE_BELOW_TARGET;EXECUTION_MANAGEMENT;ACCOUNTING_ADJUSTMENT_CONTEXT,1894749000000,0.7368421052631579,1.0,0.5,0.0,0.8695652173913043,equal,0.592391304347826,0.5592105263157895,1,1.0,1,1.0,2,2.0,2,0.9743589743589743,"{""budget_performance_mismatch"": 0.25, ""execution_management"": 0.25, ""fiscal_impact"": 0.25, ""performance_gap"": 0.25}"
019:2023:사회복지:고용:1100:GENERAL_ACCOUNT,019,사회복지,고용,1100,2023,GENERAL_ACCOUNT,직업능력개발,MULTIPLE_SIGNAL_REVIEW,PERFORMANCE_BELOW_TARGET;EXECUTION_MANAGEMENT,1123902000000,0.631578947368421,1.0,0.010070717909568629,0.0,0.8260869565217391,equal,0.45903941860782693,0.4104124163194974,19,19.0,19,0.9217391304347826,8,8.0,8,0.8205128205128205,"{""budget_performance_mismatch"": 0.25, ""execution_management"": 0.25, ""fiscal_impact"": 0.25, ""performance_gap"": 0.25}"
019:2023:사회복지:고용:1100:SPECIAL_ACCOUNT,019,사회복지,고용,1100,2023,SPECIAL_ACCOUNT,직업능력개발,MULTIPLE_SIGNAL_REVIEW,PERFORMANCE_BELOW_TARGET;EXECUTION_MANAGEMENT,83600000000,0.3157894736842105,1.0,0.2007476076555024,0.0,0.463768115942029,equal,0.41612893089938285,0.3791342703349282,35,35.0,35,0.8521739130434782,11,11.0,11,0.7435897435897436,"{""budget_performance_mismatch"": 0.25, ""execution_management"": 0.25, ""fiscal_impact"": 0.25, ""performance_gap"": 0.25}"
075:2023:보건:보건의료:3200:GENERAL_ACCOUNT,075,보건,보건의료,3200,2023,GENERAL_ACCOUNT,한의학연구및정책개발,MULTIPLE_SIGNAL_REVIEW,EXECUTION_MANAGEMENT;BUDGET_PERFORMANCE_MISMATCH;ACCOUNTING_ADJUSTMENT_CONTEXT;GOOD_PERFORMANCE_BUDGET_DECREASE_T1_CONTEXT,51805000000,0.358974358974359,0.0,0.010163111668757841,0.08570601293311457,0.3188405797101449,equal,0.10367742607800433,0.11371087089405785,213,213.0,213,0.07826086956521738,79,79.0,79,0.025000000000000022,"{""budget_performance_mismatch"": 0.25, ""execution_management"": 0.25, ""fiscal_impact"": 0.25, ""performance_gap"": 0.25}"
019:2024:사회복지:고용:1000:FUND,019,사회복지,고용,1000,2024,FUND,고용창출,MULTIPLE_SIGNAL_REVIEW,EXECUTION_MANAGEMENT;BUDGET_PERFORMANCE_MISMATCH;ACCOUNTING_ADJUSTMENT_CONTEXT,338823000000,0.42105263157894735,0.0,0.5,0.48726326134884584,0.7226277372262774,equal,0.4274727496437808,0.35207897323194826,31,31.0,31,0.8695652173913043,13,13.0,13,0.6923076923076923,"{""budget_performance_mismatch"": 0.25, ""execution_management"": 0.25, ""fiscal_impact"": 0.25, ""performance_gap"": 0.25}"
019:2024:사회복지:고용:1000:GENERAL_ACCOUNT,019,사회복지,고용,1000,2024,GENERAL_ACCOUNT,고용창출,MULTIPLE_SIGNAL_REVIEW,EXECUTION_MANAGEMENT;BUDGET_PERFORMANCE_MISMATCH;ACCOUNTING_ADJUSTMENT_CONTEXT,1531584000000,0.7368421052631579,0.0,0.5,0.10697878797375789,0.8467153284671532,equal,0.3634235291102278,0.33595522330922895,48,48.0,48,0.7956521739130434,14,14.0,14,0.6666666666666667,"{""budget_performance_mismatch"": 0.25, ""execution_management"": 0.25, ""fiscal_impact"": 0.25, ""performance_gap"": 0.25}"
075:2024:보건:보건의료:2700:GENERAL_ACCOUNT,075,보건,보건의료,2700,2024,GENERAL_ACCOUNT,공공보건의료확충,MULTIPLE_SIGNAL_REVIEW,EXECUTION_MANAGEMENT;BUDGET_PERFORMANCE_MISMATCH;ACCOUNTING_ADJUSTMENT_CONTEXT,177230000000,0.48717948717948717,0.0,0.017866614004401062,0.07310274784178751,0.6131386861313869,equal,0.17602701199439386,0.1445372122564189,169,169.0,169,0.26956521739130435,75,75.0,75,0.07499999999999996,"{""budget_performance_mismatch"": 0.25, ""execution_management"": 0.25, ""fiscal_impact"": 0.25, ""performance_gap"": 0.25}"
075:2024:보건:보건의료:4100:RESPONSIBLE_OPERATION_ACCOUNT,075,보건,보건의료,4100,2024,RESPONSIBLE_OPERATION_ACCOUNT,국립공주병원,MULTIPLE_SIGNAL_REVIEW,PERFORMANCE_BELOW_TARGET;EXECUTION_MANAGEMENT;PROGRAM_STRUCTURE_CONTEXT,5855000000,0.02564102564102564,1.0,1.0,0.0,0.08759124087591241,equal,0.5218978102189781,0.5064102564102564,6,6.0,6,0.9782608695652174,3,3.0,3,0.975,"{""budget_performance_mismatch"": 0.25, ""execution_management"": 0.25, ""fiscal_impact"": 0.25, ""performance_gap"": 0.25}"
075:2024:보건:보건의료:3800:RESPONSIBLE_OPERATION_ACCOUNT,075,보건,보건의료,3800,2024,RESPONSIBLE_OPERATION_ACCOUNT,국립나주병원,MULTIPLE_SIGNAL_REVIEW,EXECUTION_MANAGEMENT;BUDGET_PERFORMANCE_MISMATCH;PROGRAM_STRUCTURE_CONTEXT,7044000000,0.1282051282051282,0.0,0.5,0.008375922771152754,0.11678832116788321,equal,0.15629106098475898,0.15914526274407023,186,186.0,186,0.19565217391304346,72,72.0,72,0.11250000000000004,"{""budget_performance_mismatch"": 0.25, ""execution_management"": 0.25, ""fiscal_impact"": 0.25, ""performance_gap"": 0.25}"
075:2024:사회복지:취약계층지원:1800:RESPONSIBLE_OPERATION_ACCOUNT,075,사회복지,취약계층지원,1800,2024,RESPONSIBLE_OPERATION_ACCOUNT,국립재활원,MULTIPLE_SIGNAL_REVIEW,EXECUTION_MANAGEMENT;BUDGET_PERFORMANCE_MISMATCH,30746000000,0.3333333333333333,0.0,1.0,0.007285500552917453,0.26277372262773724,equal,0.31751480579516367,0.33515470847156265,64,64.0,64,0.7260869565217392,26,26.0,26,0.6875,"{""budget_performance_mismatch"": 0.25, ""execution_management"": 0.25, ""fiscal_impact"": 0.25, ""performance_gap"": 0.25}"
162:2024:과학기술:과학기술인력및문화:2200:RESPONSIBLE_OPERATION_ACCOUNT,162,과학기술,과학기술인력및문화,2200,2024,RESPONSIBLE_OPERATION_ACCOUNT,국립중앙과학관운영,MULTIPLE_SIGNAL_REVIEW,PERFORMANCE_BELOW_TARGET;EXECUTION_MANAGEMENT,11925000000,0.1864406779661017,1.0,0.5,0.0,0.1678832116788321,equal,0.416970802919708,0.4216101694915254,33,33.0,33,0.8608695652173913,3,3.0,3,0.9701492537313433,"{""budget_performance_mismatch"": 0.25, ""execution_management"": 0.25, ""fiscal_impact"": 0.25, ""performance_gap"": 0.25}"
075:2024:보건:보건의료:3300:GENERAL_ACCOUNT,075,보건,보건의료,3300,2024,GENERAL_ACCOUNT,국민건강생활실천,MULTIPLE_SIGNAL_REVIEW,PERFORMANCE_BELOW_TARGET;EXECUTION_MANAGEMENT;ACCOUNTING_ADJUSTMENT_CONTEXT,231439000000,0.5897435897435898,1.0,0.025533725949386233,0.0,0.6642335766423357,equal,0.4224418256479305,0.403819328923244,32,32.0,32,0.8652173913043478,15,15.0,15,0.825,"{""budget_performance_mismatch"": 0.25, ""execution_management"": 0.25, ""fiscal_impact"": 0.25, ""performance_gap"": 0.25}"
075:2024:보건:보건의료:4500:GENERAL_ACCOUNT,075,보건,보건의료,4500,2024,GENERAL_ACCOUNT,소록도병원,MULTIPLE_SIGNAL_REVIEW,PERFORMANCE_BELOW_TARGET;EXECUTION_MANAGEMENT,9529000000,0.20512820512820512,1.0,0.5,0.0,0.1386861313868613,equal,0.4096715328467153,0.42628205128205127,39,39.0,39,0.8347826086956522,12,12.0,12,0.8625,"{""budget_performance_mismatch"": 0.25, ""execution_management"": 0.25, ""fiscal_impact"": 0.25, ""performance_gap"": 0.25}"
162:2024:통신:우정:5100:SPECIAL_ACCOUNT,162,통신,우정,5100,2024,SPECIAL_ACCOUNT,우정서비스,MULTIPLE_SIGNAL_REVIEW,EXECUTION_MANAGEMENT;BUDGET_PERFORMANCE_MISMATCH;ACCOUNTING_ADJUSTMENT_CONTEXT,1957179000000,0.9661016949152542,0.0,0.08081836152952795,0.08217184018426521,0.8832116788321168,equal,0.2615504701364775,0.2822729741572618,104,104.0,104,0.5521739130434782,15,15.0,15,0.791044776119403,"{""budget_performance_mismatch"": 0.25, ""execution_management"": 0.25, ""fiscal_impact"": 0.25, ""performance_gap"": 0.25}"
162:2024:과학기술:과학기술연구개발:1400:GENERAL_ACCOUNT,162,과학기술,과학기술연구개발,1400,2024,GENERAL_ACCOUNT,원자력 진흥,MULTIPLE_SIGNAL_REVIEW,EXECUTION_MANAGEMENT;BUDGET_PERFORMANCE_MISMATCH,51780000000,0.423728813559322,0.0,0.014484356894553883,0.010428736964078795,0.36496350364963503,equal,0.09746914937706692,0.11216047685448867,215,215.0,215,0.06956521739130439,57,57.0,57,0.16417910447761197,"{""budget_performance_mismatch"": 0.25, ""execution_management"": 0.25, ""fiscal_impact"": 0.25, ""performance_gap"": 0.25}"
075:2024:사회복지:취약계층지원:1500:GENERAL_ACCOUNT,075,사회복지,취약계층지원,1500,2024,GENERAL_ACCOUNT,장애인생활안정 및 재활 지원,MULTIPLE_SIGNAL_REVIEW,EXECUTION_MANAGEMENT;BUDGET_PERFORMANCE_MISMATCH;ACCOUNTING_ADJUSTMENT_CONTEXT,5025066000000,0.8717948717948718,0.0,3.8208453381507824e-05,3.2437384902009246e-05,0.948905109489051,equal,0.23724393883183365,0.21796637940828884,119,119.0,119,0.4869565217391304,55,55.0,55,0.32499999999999996,"{""budget_performance_mismatch"": 0.25, ""execution_management"": 0.25, ""fiscal_impact"": 0.25, ""performance_gap"": 0.25}"
162:2024:통신:방송통신:2500:FUND,162,통신,방송통신,2500,2024,FUND,전파활용방송서비스산업,MULTIPLE_SIGNAL_REVIEW,EXECUTION_MANAGEMENT;BUDGET_PERFORMANCE_MISMATCH,21614000000,0.2711864406779661,0.0,0.2671185342833349,0.04770056444896826,0.22627737226277372,equal,0.1352741177487692,0.1465013848525673,199,199.0,199,0.13913043478260867,48,48.0,48,0.29850746268656714,"{""budget_performance_mismatch"": 0.25, ""execution_management"": 0.25, ""fiscal_impact"": 0.25, ""performance_gap"": 0.25}"
162:2024:통신:방송통신:2500:GENERAL_ACCOUNT,162,통신,방송통신,2500,2024,GENERAL_ACCOUNT,전파활용방송서비스산업,MULTIPLE_SIGNAL_REVIEW,EXECUTION_MANAGEMENT;BUDGET_PERFORMANCE_MISMATCH;ACCOUNTING_ADJUSTMENT_CONTEXT,52205000000,0.4406779661016949,0.0,0.02088880375442965,0.03945982185614405,0.3722627737226277,equal,0.10815284983330035,0.12525664792806715,210,210.0,210,0.09130434782608698,55,55.0,55,0.19402985074626866,"{""budget_performance_mismatch"": 0.25, ""execution_management"": 0.25, ""fiscal_impact"": 0.25, ""performance_gap"": 0.25}"
162:2024:통신:정보통신:2100:FUND,162,통신,정보통신,2100,2024,FUND,정보통신융합산업,MULTIPLE_SIGNAL_REVIEW,EXECUTION_MANAGEMENT;BUDGET_PERFORMANCE_MISMATCH,519479000000,0.9322033898305084,0.0,0.17707549294581687,0.0034650101351546454,0.7737226277372263,equal,0.23856578270454948,0.27818597322787,118,118.0,118,0.491304347826087,17,17.0,17,0.7611940298507462,"{""budget_performance_mismatch"": 0.25, ""execution_management"": 0.25, ""fiscal_impact"": 0.25, ""performance_gap"": 0.25}"
102:2024:산업·중소기업및에너지:중소기업및소상공인육성:5400:FUND,102,산업·중소기업및에너지,중소기업및소상공인육성,5400,2024,FUND,중소기업인력지원,MULTIPLE_SIGNAL_REVIEW,EXECUTION_MANAGEMENT;BUDGET_PERFORMANCE_MISMATCH,35542000000,0.25,0.0,0.19118226323785945,0.004670530639806427,0.2773722627737226,equal,0.11830626416284712,0.11146319846941646,204,204.0,204,0.11739130434782608,38,38.0,38,0.09756097560975607,"{""budget_performance_mismatch"": 0.25, ""execution_management"": 0.25, ""fiscal_impact"": 0.25, ""performance_gap"": 0.25}"
019:2024:사회복지:고용:1100:FUND,019,사회복지,고용,1100,2024,FUND,직업능력개발,MULTIPLE_SIGNAL_REVIEW,PERFORMANCE_BELOW_TARGET;EXECUTION_MANAGEMENT;ACCOUNTING_ADJUSTMENT_CONTEXT,1628382000000,0.7894736842105263,1.0,0.5,0.0,0.8613138686131386,equal,0.5903284671532847,0.5723684210526316,2,2.0,2,0.9956521739130435,1,1.0,1,1.0,"{""budget_performance_mismatch"": 0.25, ""execution_management"": 0.25, ""fiscal_impact"": 0.25, ""performance_gap"": 0.25}"
019:2024:사회복지:고용:1100:GENERAL_ACCOUNT,019,사회복지,고용,1100,2024,GENERAL_ACCOUNT,직업능력개발,MULTIPLE_SIGNAL_REVIEW,PERFORMANCE_BELOW_TARGET;EXECUTION_MANAGEMENT,932436000000,0.5789473684210527,1.0,0.00986341153709209,0.0,0.8102189781021898,equal,0.4550205974098205,0.3972026949895362,23,23.0,23,0.9043478260869565,9,9.0,9,0.7948717948717949,"{""budget_performance_mismatch"": 0.25, ""execution_management"": 0.25, ""fiscal_impact"": 0.25, ""performance_gap"": 0.25}"
019:2024:사회복지:고용:1100:SPECIAL_ACCOUNT,019,사회복지,고용,1100,2024,SPECIAL_ACCOUNT,직업능력개발,MULTIPLE_SIGNAL_REVIEW,PERFORMANCE_BELOW_TARGET;EXECUTION_MANAGEMENT,411057000000,0.47368421052631576,1.0,0.04922188406960592,0.0,0.7518248175182481,equal,0.4502616753969635,0.38072652364898035,24,24.0,24,0.9,10,10.0,10,0.7692307692307692,"{""budget_performance_mismatch"": 0.25, ""execution_management"": 0.25, ""fiscal_impact"": 0.25, ""performance_gap"": 0.25}"
019:2022:사회복지:고용:1000:FUND,019,사회복지,고용,1000,2022,FUND,고용창출,STRONG_SINGLE_SIGNAL_REVIEW,EXECUTION_MANAGEMENT,2891133000000,0.8125,0.0,1.0,0.0,0.9069767441860465,equal,0.4767441860465116,0.453125,15,15.0,15,0.9391304347826087,6,6.0,6,0.8717948717948718,"{""budget_performance_mismatch"": 0.25, ""execution_management"": 0.25, ""fiscal_impact"": 0.25, ""performance_gap"": 0.25}"
075:2022:보건:보건의료:3900:RESPONSIBLE_OPERATION_ACCOUNT,075,보건,보건의료,3900,2022,RESPONSIBLE_OPERATION_ACCOUNT,국립부곡병원,STRONG_SINGLE_SIGNAL_REVIEW,EXECUTION_MANAGEMENT;PROGRAM_STRUCTURE_CONTEXT;GOOD_PERFORMANCE_BUDGET_DECREASE_T2_CONTEXT,7512000000,0.11428571428571428,0.0,1.0,0.0,0.10077519379844961,equal,0.2751937984496124,0.2785714285714286,96,96.0,96,0.5869565217391304,40,40.0,40,0.5125,"{""budget_performance_mismatch"": 0.25, ""execution_management"": 0.25, ""fiscal_impact"": 0.25, ""performance_gap"": 0.25}"
075:2022:보건:보건의료:3700:RESPONSIBLE_OPERATION_ACCOUNT,075,보건,보건의료,3700,2022,RESPONSIBLE_OPERATION_ACCOUNT,국립정신건강센터,STRONG_SINGLE_SIGNAL_REVIEW,PERFORMANCE_BELOW_TARGET;PROGRAM_STRUCTURE_CONTEXT;LOW_PERFORMANCE_BUDGET_INCREASE_T1;LOW_PERFORMANCE_BUDGET_INCREASE_T2,16726000000,0.2,1.0,0.0,0.0,0.15503875968992248,equal,0.28875968992248063,0.3,84,84.0,84,0.6391304347826087,33,33.0,33,0.6,"{""budget_performance_mismatch"": 0.25, ""execution_management"": 0.25, ""fiscal_impact"": 0.25, ""performance_gap"": 0.25}"
075:2022:보건:보건의료:4500:GENERAL_ACCOUNT,075,보건,보건의료,4500,2022,GENERAL_ACCOUNT,소록도병원,STRONG_SINGLE_SIGNAL_REVIEW,PERFORMANCE_BELOW_TARGET;LOW_PERFORMANCE_BUDGET_INCREASE_T1,10444000000,0.17142857142857143,1.0,0.0,0.0,0.13953488372093023,equal,0.28488372093023256,0.29285714285714287,87,87.5,88,0.6239130434782609,35,35.0,35,0.575,"{""budget_performance_mismatch"": 0.25, ""execution_management"": 0.25, ""fiscal_impact"": 0.25, ""performance_gap"": 0.25}"
162:2022:통신:우정:5300:SPECIAL_ACCOUNT,162,통신,우정,5300,2022,SPECIAL_ACCOUNT,우체국보험,STRONG_SINGLE_SIGNAL_REVIEW,PERFORMANCE_BELOW_TARGET;LOW_PERFORMANCE_BUDGET_INCREASE_T1,295339000000,0.8571428571428571,1.0,0.0,0.0,0.6589147286821705,equal,0.4147286821705426,0.46428571428571425,37,37.0,37,0.8434782608695652,2,2.0,2,0.9850746268656716,"{""budget_performance_mismatch"": 0.25, ""execution_management"": 0.25, ""fiscal_impact"": 0.25, ""performance_gap"": 0.25}"
075:2023:보건:보건의료:3900:RESPONSIBLE_OPERATION_ACCOUNT,075,보건,보건의료,3900,2023,RESPONSIBLE_OPERATION_ACCOUNT,국립부곡병원,STRONG_SINGLE_SIGNAL_REVIEW,EXECUTION_MANAGEMENT;PROGRAM_STRUCTURE_CONTEXT;GOOD_PERFORMANCE_BUDGET_DECREASE_T1_CONTEXT,7677000000,0.15384615384615385,0.0,1.0,0.0,0.11594202898550725,equal,0.27898550724637683,0.28846153846153844,92,92.0,92,0.6043478260869566,37,38.0,39,0.5375,"{""budget_performance_mismatch"": 0.25, ""execution_management"": 0.25, ""fiscal_impact"": 0.25, ""performance_gap"": 0.25}"
019:2023:사회복지:노동:2000:GENERAL_ACCOUNT,019,사회복지,노동,2000,2023,GENERAL_ACCOUNT,노사정책,STRONG_SINGLE_SIGNAL_REVIEW,PERFORMANCE_BELOW_TARGET;LOW_PERFORMANCE_BUDGET_INCREASE_T1,53076000000,0.21052631578947367,1.0,0.0,0.0,0.3333333333333333,equal,0.3333333333333333,0.3026315789473684,59,59.0,59,0.7478260869565218,16,16.0,16,0.6153846153846154,"{""budget_performance_mismatch"": 0.25, ""execution_management"": 0.25, ""fiscal_impact"": 0.25, ""performance_gap"": 0.25}"
075:2023:사회복지:아동·보육:1300:GENERAL_ACCOUNT,075,사회복지,아동·보육,1300,2023,GENERAL_ACCOUNT,아동보호 및 복지 강화,STRONG_SINGLE_SIGNAL_REVIEW,PERFORMANCE_BELOW_TARGET;LOW_PERFORMANCE_BUDGET_INCREASE_T1,237208000000,0.5641025641025641,1.0,0.0,0.0,0.6521739130434783,equal,0.41304347826086957,0.391025641025641,38,38.0,38,0.8391304347826087,18,18.0,18,0.7875,"{""budget_performance_mismatch"": 0.25, ""execution_management"": 0.25, ""fiscal_impact"": 0.25, ""performance_gap"": 0.25}"
075:2024:보건:보건의료:4000:RESPONSIBLE_OPERATION_ACCOUNT,075,보건,보건의료,4000,2024,RESPONSIBLE_OPERATION_ACCOUNT,국립춘천병원,STRONG_SINGLE_SIGNAL_REVIEW,EXECUTION_MANAGEMENT,6864000000,0.10256410256410256,0.0,1.0,0.0,0.10948905109489052,equal,0.2773722627737226,0.27564102564102566,93,93.0,93,0.6,41,41.0,41,0.5,"{""budget_performance_mismatch"": 0.25, ""execution_management"": 0.25, ""fiscal_impact"": 0.25, ""performance_gap"": 0.25}"
162:2024:과학기술:과학기술연구개발:1200:SPECIAL_ACCOUNT,162,과학기술,과학기술연구개발,1200,2024,SPECIAL_ACCOUNT,기초연구진흥,STRONG_SINGLE_SIGNAL_REVIEW,EXECUTION_MANAGEMENT;PROGRAM_STRUCTURE_CONTEXT,53000000000,0.4745762711864407,0.0,1.0,0.0,0.38686131386861317,equal,0.3467153284671533,0.3686440677966102,54,54.0,54,0.7695652173913043,5,5.0,5,0.9402985074626866,"{""budget_performance_mismatch"": 0.25, ""execution_management"": 0.25, ""fiscal_impact"": 0.25, ""performance_gap"": 0.25}"
075:2024:사회복지:취약계층지원:1900:GENERAL_ACCOUNT,075,사회복지,취약계층지원,1900,2024,GENERAL_ACCOUNT,노숙인의사상자지원,STRONG_SINGLE_SIGNAL_REVIEW,EXECUTION_MANAGEMENT;ACCOUNTING_ADJUSTMENT_CONTEXT,7136000000,0.15384615384615385,0.0,1.0,0.0,0.12408759124087591,equal,0.28102189781021897,0.28846153846153844,91,91.0,91,0.6086956521739131,37,38.0,39,0.5375,"{""budget_performance_mismatch"": 0.25, ""execution_management"": 0.25, ""fiscal_impact"": 0.25, ""performance_gap"": 0.25}"
075:2022:보건:건강보험:4900:FUND,075,보건,건강보험,4900,2022,FUND,건강보험제도 운영,MODERATE_OR_CONTEXT_REVIEW,PERFORMANCE_BELOW_TARGET;PROGRAM_STRUCTURE_CONTEXT,1814940000000,0.7428571428571429,0.5,0.0,0.0,0.8449612403100775,equal,0.33624031007751937,0.3107142857142857,57,57.0,57,0.7565217391304347,31,31.0,31,0.625,"{""budget_performance_mismatch"": 0.25, ""execution_management"": 0.25, ""fiscal_impact"": 0.25, ""performance_gap"": 0.25}"
019:2022:사회복지:고용:1200:FUND,019,사회복지,고용,1200,2022,FUND,고용안전망확충,MODERATE_OR_CONTEXT_REVIEW,PERFORMANCE_BELOW_TARGET;PROGRAM_STRUCTURE_CONTEXT,11775073000000,1.0,1.0,0.0,0.0,0.9689922480620154,equal,0.49224806201550386,0.5,10,10.0,10,0.9608695652173913,5,5.0,5,0.8974358974358975,"{""budget_performance_mismatch"": 0.25, ""execution_management"": 0.25, ""fiscal_impact"": 0.25, ""performance_gap"": 0.25}"
019:2022:사회복지:고용:1000:GENERAL_ACCOUNT,019,사회복지,고용,1000,2022,GENERAL_ACCOUNT,고용창출,MODERATE_OR_CONTEXT_REVIEW,EXECUTION_MANAGEMENT,2206587000000,0.6875,0.0,0.5,0.0,0.875968992248062,equal,0.3439922480620155,0.296875,55,55.0,55,0.7652173913043478,17,17.0,17,0.5897435897435898,"{""budget_performance_mismatch"": 0.25, ""execution_management"": 0.25, ""fiscal_impact"": 0.25, ""performance_gap"": 0.25}"
019:2022:사회복지:고용:1300:FUND,019,사회복지,고용,1300,2022,FUND,고용평등증진,MODERATE_OR_CONTEXT_REVIEW,PERFORMANCE_BELOW_TARGET;PROGRAM_STRUCTURE_CONTEXT,2503235000000,0.75,0.2,0.0,0.0,0.8837209302325582,equal,0.2709302325581395,0.2375,99,99.0,99,0.5739130434782609,22,22.0,22,0.46153846153846156,"{""budget_performance_mismatch"": 0.25, ""execution_management"": 0.25, ""fiscal_impact"": 0.25, ""performance_gap"": 0.25}"
019:2022:사회복지:고용:1300:GENERAL_ACCOUNT,019,사회복지,고용,1300,2022,GENERAL_ACCOUNT,고용평등증진,MODERATE_OR_CONTEXT_REVIEW,PERFORMANCE_BELOW_TARGET;PROGRAM_STRUCTURE_CONTEXT,66040000000,0.1875,0.2,0.0,0.0,0.3875968992248062,equal,0.14689922480620154,0.09687499999999999,193,193.0,193,0.16521739130434787,36,36.0,36,0.10256410256410253,"{""budget_performance_mismatch"": 0.25, ""execution_management"": 0.25, ""fiscal_impact"": 0.25, ""performance_gap"": 0.25}"
075:2022:보건:보건의료:2700:FUND,075,보건,보건의료,2700,2022,FUND,공공보건의료확충,MODERATE_OR_CONTEXT_REVIEW,PERFORMANCE_BELOW_TARGET;PROGRAM_STRUCTURE_CONTEXT,337781000000,0.6,0.5,0.0,0.0,0.6821705426356589,equal,0.2955426356589147,0.27499999999999997,81,81.0,81,0.6521739130434783,42,42.0,42,0.48750000000000004,"{""budget_performance_mismatch"": 0.25, ""execution_management"": 0.25, ""fiscal_impact"": 0.25, ""performance_gap"": 0.25}"
075:2022:보건:보건의료:2700:SPECIAL_ACCOUNT,075,보건,보건의료,2700,2022,SPECIAL_ACCOUNT,공공보건의료확충,MODERATE_OR_CONTEXT_REVIEW,PERFORMANCE_BELOW_TARGET;PROGRAM_STRUCTURE_CONTEXT,48982000000,0.34285714285714286,0.5,0.0,0.0,0.29457364341085274,equal,0.1986434108527132,0.21071428571428572,153,153.0,153,0.33913043478260874,58,58.0,58,0.2875,"{""budget_performance_mismatch"": 0.25, ""execution_management"": 0.25, ""fiscal_impact"": 0.25, ""performance_gap"": 0.25}"
162:2022:과학기술:과학기술연구지원:1600:GENERAL_ACCOUNT,162,과학기술,과학기술연구지원,1600,2022,GENERAL_ACCOUNT,과학기술기반 조성,MODERATE_OR_CONTEXT_REVIEW,EXECUTION_MANAGEMENT;PROGRAM_STRUCTURE_CONTEXT;GOOD_PERFORMANCE_BUDGET_DECREASE_T2_CONTEXT,54291000000,0.39285714285714285,0.0,0.5,0.0,0.31007751937984496,equal,0.20251937984496124,0.2232142857142857,146,146.0,146,0.3695652173913043,33,33.0,33,0.5223880597014925,"{""budget_performance_mismatch"": 0.25, ""execution_management"": 0.25, ""fiscal_impact"": 0.25, ""performance_gap"": 0.25}"
162:2022:과학기술:과학기술인력및문화:1800:GENERAL_ACCOUNT,162,과학기술,과학기술인력및문화,1800,2022,GENERAL_ACCOUNT,과학문화창달,MODERATE_OR_CONTEXT_REVIEW,EXECUTION_MANAGEMENT,66321000000,0.48214285714285715,0.0,0.2113206978181873,0.0,0.3953488372093023,equal,0.1516673837568724,0.1733658887402611,189,189.0,189,0.18260869565217386,44,44.0,44,0.35820895522388063,"{""budget_performance_mismatch"": 0.25, ""execution_management"": 0.25, ""fiscal_impact"": 0.25, ""performance_gap"": 0.25}"
075:2022:사회복지:취약계층지원:1800:RESPONSIBLE_OPERATION_ACCOUNT,075,사회복지,취약계층지원,1800,2022,RESPONSIBLE_OPERATION_ACCOUNT,국립재활원,MODERATE_OR_CONTEXT_REVIEW,EXECUTION_MANAGEMENT,28671000000,0.2857142857142857,0.0,0.061281434201806706,0.0,0.2248062015503876,equal,0.07152190893804858,0.0867489299790231,224,224.0,224,0.0304347826086957,81,81.0,81,0.0,"{""budget_performance_mismatch"": 0.25, ""execution_management"": 0.25, ""fiscal_impact"": 0.25, ""performance_gap"": 0.25}"
162:2022:과학기술:과학기술인력및문화:2200:RESPONSIBLE_OPERATION_ACCOUNT,162,과학기술,과학기술인력및문화,2200,2022,RESPONSIBLE_OPERATION_ACCOUNT,국립중앙과학관 운영,MODERATE_OR_CONTEXT_REVIEW,PERFORMANCE_BELOW_TARGET;PROGRAM_STRUCTURE_CONTEXT;LOW_PERFORMANCE_BUDGET_INCREASE_T1;LOW_PERFORMANCE_BUDGET_INCREASE_T2,10069000000,0.17857142857142858,0.3333333333333333,0.0,0.0,0.12403100775193798,equal,0.11434108527131782,0.12797619047619047,208,208.0,208,0.09999999999999998,52,52.0,52,0.23880597014925375,"{""budget_performance_mismatch"": 0.25, ""execution_management"": 0.25, ""fiscal_impact"": 0.25, ""performance_gap"": 0.25}"
075:2022:보건:보건의료:3300:FUND,075,보건,보건의료,3300,2022,FUND,국민건강생활실천,MODERATE_OR_CONTEXT_REVIEW,PERFORMANCE_BELOW_TARGET,374509000000,0.6571428571428571,0.5,0.0,0.0,0.6976744186046512,equal,0.29941860465116277,0.28928571428571426,76,76.0,76,0.6739130434782609,36,36.0,36,0.5625,"{""budget_performance_mismatch"": 0.25, ""execution_management"": 0.25, ""fiscal_impact"": 0.25, ""performance_gap"": 0.25}"
019:2022:사회복지:노동:3000:FUND,019,사회복지,노동,3000,2022,FUND,근로조건보호 및 복지증진,MODERATE_OR_CONTEXT_REVIEW,EXECUTION_MANAGEMENT,992515000000,0.4375,0.0,0.5,0.0,0.7906976744186046,equal,0.3226744186046512,0.23437500000000003,62,62.0,62,0.7347826086956522,24,24.0,24,0.41025641025641024,"{""budget_performance_mismatch"": 0.25, ""execution_management"": 0.25, ""fiscal_impact"": 0.25, ""performance_gap"": 0.25}"
075:2022:사회복지:기초생활보장:1100:GENERAL_ACCOUNT,075,사회복지,기초생활보장,1100,2022,GENERAL_ACCOUNT,기초생활보장,MODERATE_OR_CONTEXT_REVIEW,EXECUTION_MANAGEMENT,15537221000000,0.9428571428571428,0.0,2.574462962198967e-07,0.0,0.9767441860465116,equal,0.24418611087320194,0.23571435007585975,113,113.0,113,0.5130434782608695,50,50.0,50,0.38749999999999996,"{""budget_performance_mismatch"": 0.25, ""execution_management"": 0.25, ""fiscal_impact"": 0.25, ""performance_gap"": 0.25}"
019:2022:사회복지:노동:2000:GENERAL_ACCOUNT,019,사회복지,노동,2000,2022,GENERAL_ACCOUNT,노사정책,MODERATE_OR_CONTEXT_REVIEW,PERFORMANCE_BELOW_TARGET;LOW_PERFORMANCE_BUDGET_INCREASE_T2,57554000000,0.0625,0.3333333333333333,0.0,0.0,0.3333333333333333,equal,0.16666666666666666,0.09895833333333333,179,179.0,179,0.22608695652173916,35,35.0,35,0.1282051282051282,"{""budget_performance_mismatch"": 0.25, ""execution_management"": 0.25, ""fiscal_impact"": 0.25, ""performance_gap"": 0.25}"
075:2022:사회복지:노인:2100:GENERAL_ACCOUNT,075,사회복지,노인,2100,2022,GENERAL_ACCOUNT,노인생활안정,MODERATE_OR_CONTEXT_REVIEW,EXECUTION_MANAGEMENT;PROGRAM_STRUCTURE_CONTEXT,18322701000000,0.9714285714285714,0.0,1.1352038108355312e-05,0.0,0.9844961240310077,equal,0.246126869017279,0.24285998086666993,112,112.0,112,0.5173913043478261,48,48.0,48,0.4125,"{""budget_performance_mismatch"": 0.25, ""execution_management"": 0.25, ""fiscal_impact"": 0.25, ""performance_gap"": 0.25}"
162:2022:과학기술:과학기술연구개발:1100:FUND,162,과학기술,과학기술연구개발,1100,2022,FUND,미래유망원천 기술개발,MODERATE_OR_CONTEXT_REVIEW,PERFORMANCE_BELOW_TARGET,65856000000,0.4642857142857143,0.5,0.0,0.0,0.3798449612403101,equal,0.21996124031007752,0.24107142857142858,133,133.0,133,0.4260869565217391,25,25.0,25,0.6417910447761195,"{""budget_performance_mismatch"": 0.25, ""execution_management"": 0.25, ""fiscal_impact"": 0.25, ""performance_gap"": 0.25}"
162:2022:과학기술:과학기술연구개발:1100:GENERAL_ACCOUNT,162,과학기술,과학기술연구개발,1100,2022,GENERAL_ACCOUNT,미래유망원천 기술개발,MODERATE_OR_CONTEXT_REVIEW,PERFORMANCE_BELOW_TARGET,855420500000,0.9285714285714286,0.5,0.0,0.0,0.7674418604651163,equal,0.3168604651162791,0.35714285714285715,66,66.0,66,0.7173913043478262,6,6.0,6,0.9253731343283582,"{""budget_performance_mismatch"": 0.25, ""execution_management"": 0.25, ""fiscal_impact"": 0.25, ""performance_gap"": 0.25}"
162:2022:과학기술:과학기술연구개발:1100:SPECIAL_ACCOUNT,162,과학기술,과학기술연구개발,1100,2022,SPECIAL_ACCOUNT,미래유망원천 기술개발,MODERATE_OR_CONTEXT_REVIEW,PERFORMANCE_BELOW_TARGET,282736000000,0.8392857142857143,0.5,0.0,0.0,0.6434108527131783,equal,0.2858527131782946,0.3348214285714286,86,86.0,86,0.6304347826086957,8,8.0,8,0.8955223880597015,"{""budget_performance_mismatch"": 0.25, ""execution_management"": 0.25, ""fiscal_impact"": 0.25, ""performance_gap"": 0.25}"
102:2022:산업·중소기업및에너지:창업및벤처:5200:FUND,102,산업·중소기업및에너지,창업및벤처,5200,2022,FUND,벤처기업활성화지원,MODERATE_OR_CONTEXT_REVIEW,PERFORMANCE_BELOW_TARGET;PROGRAM_STRUCTURE_CONTEXT,461591000000,0.7272727272727273,0.3333333333333333,0.0,0.0,0.7364341085271318,equal,0.26744186046511625,0.26515151515151514,101,101.0,101,0.5652173913043479,22,22.0,22,0.4878048780487805,"{""budget_performance_mismatch"": 0.25, ""execution_management"": 0.25, ""fiscal_impact"": 0.25, ""performance_gap"": 0.25}"
102:2022:산업·중소기업및에너지:창업및벤처:5200:GENERAL_ACCOUNT,102,산업·중소기업및에너지,창업및벤처,5200,2022,GENERAL_ACCOUNT,벤처기업활성화지원,MODERATE_OR_CONTEXT_REVIEW,PERFORMANCE_BELOW_TARGET;PROGRAM_STRUCTURE_CONTEXT,54710000000,0.2727272727272727,0.3333333333333333,0.0,0.0,0.32558139534883723,equal,0.16472868217054265,0.15151515151515152,180,180.0,180,0.22173913043478266,36,36.0,36,0.14634146341463417,"{""budget_performance_mismatch"": 0.25, ""execution_management"": 0.25, ""fiscal_impact"": 0.25, ""performance_gap"": 0.25}"
102:2022:산업·중소기업및에너지:창업및벤처:5200:SPECIAL_ACCOUNT,102,산업·중소기업및에너지,창업및벤처,5200,2022,SPECIAL_ACCOUNT,벤처기업활성화지원,MODERATE_OR_CONTEXT_REVIEW,PERFORMANCE_BELOW_TARGET;PROGRAM_STRUCTURE_CONTEXT,60000000000,0.3181818181818182,0.3333333333333333,0.0,0.0,0.35658914728682173,equal,0.17248062015503876,0.16287878787878787,171,171.0,171,0.26086956521739135,34,34.0,34,0.19512195121951215,"{""budget_performance_mismatch"": 0.25, ""execution_management"": 0.25, ""fiscal_impact"": 0.25, ""performance_gap"": 0.25}"
075:2022:보건:보건의료:3000:FUND,075,보건,보건의료,3000,2022,FUND,보건산업육성,MODERATE_OR_CONTEXT_REVIEW,PERFORMANCE_BELOW_TARGET,51930000000,0.37142857142857144,0.5,0.0,0.0,0.3023255813953488,equal,0.2005813953488372,0.21785714285714286,150,150.0,150,0.3521739130434782,56,56.0,56,0.3125,"{""budget_performance_mismatch"": 0.25, ""execution_management"": 0.25, ""fiscal_impact"": 0.25, ""performance_gap"": 0.25}"
075:2022:보건:보건의료:3000:SPECIAL_ACCOUNT,075,보건,보건의료,3000,2022,SPECIAL_ACCOUNT,보건산업육성,MODERATE_OR_CONTEXT_REVIEW,PERFORMANCE_BELOW_TARGET,82761000000,0.4,0.5,0.0,0.0,0.4573643410852713,equal,0.2393410852713178,0.22499999999999998,117,117.0,117,0.4956521739130435,51,51.0,51,0.375,"{""budget_performance_mismatch"": 0.25, ""execution_management"": 0.25, ""fiscal_impact"": 0.25, ""performance_gap"": 0.25}"
075:2022:사회복지:아동·보육:3100:GENERAL_ACCOUNT,075,사회복지,아동·보육,3100,2022,GENERAL_ACCOUNT,보육지원강화,MODERATE_OR_CONTEXT_REVIEW,EXECUTION_MANAGEMENT,5818712000000,0.8857142857142857,0.0,0.0004846433368759272,0.0,0.9457364341085271,equal,0.23655526936135077,0.2215497322627904,120,120.0,120,0.4826086956521739,52,52.0,52,0.36250000000000004,"{""budget_performance_mismatch"": 0.25, ""execution_management"": 0.25, ""fiscal_impact"": 0.25, ""performance_gap"": 0.25}"
075:2022:사회복지:사회복지일반:2600:GENERAL_ACCOUNT,075,사회복지,사회복지일반,2600,2022,GENERAL_ACCOUNT,사회복지기반조성,MODERATE_OR_CONTEXT_REVIEW,EXECUTION_MANAGEMENT,366803000000,0.6285714285714286,0.0,0.03630831808900145,0.0,0.689922480620155,equal,0.18155769967728913,0.1662199366651075,163,163.0,163,0.29565217391304344,70,70.0,70,0.13749999999999996,"{""budget_performance_mismatch"": 0.25, ""execution_management"": 0.25, ""fiscal_impact"": 0.25, ""performance_gap"": 0.25}"
019:2022:사회복지:노동:4100:FUND,019,사회복지,노동,4100,2022,FUND,산업재해예방,MODERATE_OR_CONTEXT_REVIEW,PERFORMANCE_BELOW_TARGET,1092165000000,0.5625,0.3333333333333333,0.0,0.0,0.8062015503875969,equal,0.28488372093023256,0.22395833333333334,87,87.5,88,0.6239130434782609,25,25.0,25,0.3846153846153846,"{""budget_performance_mismatch"": 0.25, ""execution_management"": 0.25, ""fiscal_impact"": 0.25, ""performance_gap"": 0.25}"
019:2022:사회복지:노동:4100:SPECIAL_ACCOUNT,019,사회복지,노동,4100,2022,SPECIAL_ACCOUNT,산업재해예방,MODERATE_OR_CONTEXT_REVIEW,PERFORMANCE_BELOW_TARGET,90955000000,0.25,0.3333333333333333,0.0,0.0,0.46511627906976744,equal,0.1996124031007752,0.14583333333333331,152,152.0,152,0.34347826086956523,31,31.0,31,0.23076923076923073,"{""budget_performance_mismatch"": 0.25, ""execution_management"": 0.25, ""fiscal_impact"": 0.25, ""performance_gap"": 0.25}"
019:2022:사회복지:노동:4000:FUND,019,사회복지,노동,4000,2022,FUND,산재보험,MODERATE_OR_CONTEXT_REVIEW,PERFORMANCE_BELOW_TARGET;PROGRAM_STRUCTURE_CONTEXT;LOW_PERFORMANCE_BUDGET_INCREASE_T1;LOW_PERFORMANCE_BUDGET_INCREASE_T2,7373606000000,0.9375,0.5,0.0,0.0,0.9534883720930233,equal,0.3633720930232558,0.359375,49,49.0,49,0.7913043478260869,12,12.0,12,0.717948717948718,"{""budget_performance_mismatch"": 0.25, ""execution_management"": 0.25, ""fiscal_impact"": 0.25, ""performance_gap"": 0.25}"
102:2022:산업·중소기업및에너지:중소기업및소상공인육성:4100:FUND,102,산업·중소기업및에너지,중소기업및소상공인육성,4100,2022,FUND,소상공인·전통시장지원,MODERATE_OR_CONTEXT_REVIEW,PERFORMANCE_BELOW_TARGET;PROGRAM_STRUCTURE_CONTEXT,47119751000000,1.0,1.0,0.0,0.0,1.0,equal,0.5,0.5,8,8.0,8,0.9695652173913043,1,1.5,2,0.9878048780487805,"{""budget_performance_mismatch"": 0.25, ""execution_management"": 0.25, ""fiscal_impact"": 0.25, ""performance_gap"": 0.25}"
075:2022:사회복지:아동·보육:1300:GENERAL_ACCOUNT,075,사회복지,아동·보육,1300,2022,GENERAL_ACCOUNT,아동보호 및 복지 강화,MODERATE_OR_CONTEXT_REVIEW,PERFORMANCE_BELOW_TARGET,453361000000,0.6857142857142857,0.5,0.0,0.0,0.7286821705426356,equal,0.3071705426356589,0.29642857142857143,72,72.0,72,0.691304347826087,34,34.0,34,0.5875,"{""budget_performance_mismatch"": 0.25, ""execution_management"": 0.25, ""fiscal_impact"": 0.25, ""performance_gap"": 0.25}"
019:2022:사회복지:고용:1400:FUND,019,사회복지,고용,1400,2022,FUND,장애인고용증진,MODERATE_OR_CONTEXT_REVIEW,EXECUTION_MANAGEMENT,697413000000,0.375,0.0,0.003968953833668142,0.0,0.7441860465116279,equal,0.187038750086324,0.09474223845841703,157,157.0,157,0.32173913043478264,38,38.0,38,0.05128205128205132,"{""budget_performance_mismatch"": 0.25, ""execution_management"": 0.25, ""fiscal_impact"": 0.25, ""performance_gap"": 0.25}"
075:2022:사회복지:취약계층지원:1500:GENERAL_ACCOUNT,075,사회복지,취약계층지원,1500,2022,GENERAL_ACCOUNT,장애인생활안정 및 재활 지원,MODERATE_OR_CONTEXT_REVIEW,EXECUTION_MANAGEMENT,4064068000000,0.8285714285714286,0.0,3.666277237487168e-05,0.0,0.9224806201550387,equal,0.2306293207318534,0.20715202283595088,125,125.0,125,0.4608695652173913,59,59.0,59,0.275,"{""budget_performance_mismatch"": 0.25, ""execution_management"": 0.25, ""fiscal_impact"": 0.25, ""performance_gap"": 0.25}"
162:2022:통신:정보통신:2100:FUND,162,통신,정보통신,2100,2022,FUND,정보통신융합 산업,MODERATE_OR_CONTEXT_REVIEW,PERFORMANCE_BELOW_TARGET,701803000000,0.9107142857142857,0.5,0.0,0.0,0.751937984496124,equal,0.312984496124031,0.3526785714285714,67,67.0,67,0.7130434782608696,7,7.0,7,0.9104477611940298,"{""budget_performance_mismatch"": 0.25, ""execution_management"": 0.25, ""fiscal_impact"": 0.25, ""performance_gap"": 0.25}"
162:2022:통신:정보통신:2100:GENERAL_ACCOUNT,162,통신,정보통신,2100,2022,GENERAL_ACCOUNT,정보통신융합 산업,MODERATE_OR_CONTEXT_REVIEW,PERFORMANCE_BELOW_TARGET,146843000000,0.7142857142857143,0.5,0.0,0.0,0.5503875968992248,equal,0.2625968992248062,0.3035714285714286,103,103.0,103,0.5565217391304348,13,13.0,13,0.8208955223880597,"{""budget_performance_mismatch"": 0.25, ""execution_management"": 0.25, ""fiscal_impact"": 0.25, ""performance_gap"": 0.25}"
162:2022:통신:정보통신:2100:SPECIAL_ACCOUNT,162,통신,정보통신,2100,2022,SPECIAL_ACCOUNT,정보통신융합 산업,MODERATE_OR_CONTEXT_REVIEW,PERFORMANCE_BELOW_TARGET,25367000000,0.2857142857142857,0.5,0.0,0.0,0.21705426356589147,equal,0.17926356589147285,0.1964285714285714,166,166.0,166,0.28260869565217395,36,36.0,36,0.4776119402985075,"{""budget_performance_mismatch"": 0.25, ""execution_management"": 0.25, ""fiscal_impact"": 0.25, ""performance_gap"": 0.25}"
102:2022:산업·중소기업및에너지:중소기업및소상공인육성:2100:FUND,102,산업·중소기업및에너지,중소기업및소상공인육성,2100,2022,FUND,중소기업기술개발지원,MODERATE_OR_CONTEXT_REVIEW,PERFORMANCE_BELOW_TARGET,10155000000,0.09090909090909091,1.0,0.0,0.0,0.13178294573643412,equal,0.28294573643410853,0.2727272727272727,89,89.0,89,0.6173913043478261,20,20.5,21,0.524390243902439,"{""budget_performance_mismatch"": 0.25, ""execution_management"": 0.25, ""fiscal_impact"": 0.25, ""performance_gap"": 0.25}"
102:2022:산업·중소기업및에너지:중소기업및소상공인육성:2100:GENERAL_ACCOUNT,102,산업·중소기업및에너지,중소기업및소상공인육성,2100,2022,GENERAL_ACCOUNT,중소기업기술개발지원,MODERATE_OR_CONTEXT_REVIEW,PERFORMANCE_BELOW_TARGET,1598924000000,0.8636363636363636,1.0,0.0,0.0,0.8294573643410853,equal,0.45736434108527135,0.46590909090909094,20,20.0,20,0.9173913043478261,5,5.0,5,0.9024390243902439,"{""budget_performance_mismatch"": 0.25, ""execution_management"": 0.25, ""fiscal_impact"": 0.25, ""performance_gap"": 0.25}"
102:2022:산업·중소기업및에너지:중소기업및소상공인육성:2100:SPECIAL_ACCOUNT,102,산업·중소기업및에너지,중소기업및소상공인육성,2100,2022,SPECIAL_ACCOUNT,중소기업기술개발지원,MODERATE_OR_CONTEXT_REVIEW,PERFORMANCE_BELOW_TARGET,301194800000,0.6363636363636364,1.0,0.0,0.0,0.6666666666666666,equal,0.41666666666666663,0.40909090909090906,34,34.0,34,0.8565217391304347,8,8.0,8,0.8292682926829268,"{""budget_performance_mismatch"": 0.25, ""execution_management"": 0.25, ""fiscal_impact"": 0.25, ""performance_gap"": 0.25}"
102:2022:산업·중소기업및에너지:무역및투자유치:3100:FUND,102,산업·중소기업및에너지,무역및투자유치,3100,2022,FUND,중소기업수출촉진지원,MODERATE_OR_CONTEXT_REVIEW,PERFORMANCE_BELOW_TARGET,36847000000,0.22727272727272727,1.0,0.0,0.0,0.24806201550387597,equal,0.312015503875969,0.3068181818181818,68,68.0,68,0.7086956521739131,13,13.5,14,0.6951219512195121,"{""budget_performance_mismatch"": 0.25, ""execution_management"": 0.25, ""fiscal_impact"": 0.25, ""performance_gap"": 0.25}"
102:2022:산업·중소기업및에너지:무역및투자유치:3100:GENERAL_ACCOUNT,102,산업·중소기업및에너지,무역및투자유치,3100,2022,GENERAL_ACCOUNT,중소기업수출촉진지원,MODERATE_OR_CONTEXT_REVIEW,PERFORMANCE_BELOW_TARGET,198876000000,0.5909090909090909,1.0,0.0,0.0,0.6124031007751938,equal,0.40310077519379844,0.3977272727272727,40,40.0,40,0.8304347826086956,9,9.0,9,0.8048780487804879,"{""budget_performance_mismatch"": 0.25, ""execution_management"": 0.25, ""fiscal_impact"": 0.25, ""performance_gap"": 0.25}"
102:2022:산업·중소기업및에너지:중소기업및소상공인육성:5400:FUND,102,산업·중소기업및에너지,중소기업및소상공인육성,5400,2022,FUND,중소기업인력지원,MODERATE_OR_CONTEXT_REVIEW,PERFORMANCE_BELOW_TARGET,31605000000,0.18181818181818182,0.5,0.0,0.0,0.23255813953488372,equal,0.18313953488372092,0.17045454545454547,161,161.0,161,0.30434782608695654,33,33.0,33,0.2195121951219512,"{""budget_performance_mismatch"": 0.25, ""execution_management"": 0.25, ""fiscal_impact"": 0.25, ""performance_gap"": 0.25}"
102:2022:산업·중소기업및에너지:중소기업및소상공인육성:5400:GENERAL_ACCOUNT,102,산업·중소기업및에너지,중소기업및소상공인육성,5400,2022,GENERAL_ACCOUNT,중소기업인력지원,MODERATE_OR_CONTEXT_REVIEW,PERFORMANCE_BELOW_TARGET,394312000000,0.6818181818181818,0.5,0.0,0.0,0.7131782945736435,equal,0.30329457364341084,0.2954545454545454,74,74.0,74,0.682608695652174,16,16.0,16,0.6341463414634146,"{""budget_performance_mismatch"": 0.25, ""execution_management"": 0.25, ""fiscal_impact"": 0.25, ""performance_gap"": 0.25}"
102:2022:산업·중소기업및에너지:중소기업및소상공인육성:3300:GENERAL_ACCOUNT,102,산업·중소기업및에너지,중소기업및소상공인육성,3300,2022,GENERAL_ACCOUNT,지역중소기업육성,MODERATE_OR_CONTEXT_REVIEW,PERFORMANCE_BELOW_TARGET,18796000000,0.13636363636363635,0.5,0.0,0.0,0.17054263565891473,equal,0.16763565891472867,0.1590909090909091,178,178.0,178,0.23043478260869565,35,35.0,35,0.1707317073170732,"{""budget_performance_mismatch"": 0.25, ""execution_management"": 0.25, ""fiscal_impact"": 0.25, ""performance_gap"": 0.25}"
102:2022:산업·중소기업및에너지:중소기업및소상공인육성:3300:SPECIAL_ACCOUNT,102,산업·중소기업및에너지,중소기업및소상공인육성,3300,2022,SPECIAL_ACCOUNT,지역중소기업육성,MODERATE_OR_CONTEXT_REVIEW,PERFORMANCE_BELOW_TARGET,143217000000,0.5,0.5,0.0,0.0,0.5348837209302325,equal,0.25872093023255816,0.25,105,105.0,105,0.5478260869565217,24,24.0,24,0.4390243902439024,"{""budget_performance_mismatch"": 0.25, ""execution_management"": 0.25, ""fiscal_impact"": 0.25, ""performance_gap"": 0.25}"
019:2022:사회복지:고용:1100:GENERAL_ACCOUNT,019,사회복지,고용,1100,2022,GENERAL_ACCOUNT,직업능력개발,MODERATE_OR_CONTEXT_REVIEW,EXECUTION_MANAGEMENT,1035261000000,0.5,0.0,0.5,0.0,0.7984496124031008,equal,0.3246124031007752,0.25,61,61.0,61,0.7391304347826086,20,20.0,20,0.5128205128205128,"{""budget_performance_mismatch"": 0.25, ""execution_management"": 0.25, ""fiscal_impact"": 0.25, ""performance_gap"": 0.25}"
102:2022:산업·중소기업및에너지:창업및벤처:5100:FUND,102,산업·중소기업및에너지,창업및벤처,5100,2022,FUND,창업환경조성,MODERATE_OR_CONTEXT_REVIEW,PERFORMANCE_BELOW_TARGET,2829489000000,0.9090909090909091,0.3333333333333333,0.0,0.0,0.8992248062015504,equal,0.3081395348837209,0.31060606060606055,71,71.0,71,0.6956521739130435,12,12.0,12,0.7317073170731707,"{""budget_performance_mismatch"": 0.25, ""execution_management"": 0.25, ""fiscal_impact"": 0.25, ""performance_gap"": 0.25}"
102:2022:산업·중소기업및에너지:창업및벤처:5100:GENERAL_ACCOUNT,102,산업·중소기업및에너지,창업및벤처,5100,2022,GENERAL_ACCOUNT,창업환경조성,MODERATE_OR_CONTEXT_REVIEW,PERFORMANCE_BELOW_TARGET,726637000000,0.7727272727272727,0.3333333333333333,0.0,0.0,0.7596899224806202,equal,0.27325581395348836,0.2765151515151515,98,98.0,98,0.5782608695652174,18,18.5,19,0.5731707317073171,"{""budget_performance_mismatch"": 0.25, ""execution_management"": 0.25, ""fiscal_impact"": 0.25, ""performance_gap"": 0.25}"
102:2022:산업·중소기업및에너지:창업및벤처:5100:SPECIAL_ACCOUNT,102,산업·중소기업및에너지,창업및벤처,5100,2022,SPECIAL_ACCOUNT,창업환경조성,MODERATE_OR_CONTEXT_REVIEW,PERFORMANCE_BELOW_TARGET,62014000000,0.36363636363636365,0.3333333333333333,0.0,0.0,0.37209302325581395,equal,0.1763565891472868,0.17424242424242423,168,168.0,168,0.27391304347826084,32,32.0,32,0.24390243902439024,"{""budget_performance_mismatch"": 0.25, ""execution_management"": 0.25, ""fiscal_impact"": 0.25, ""performance_gap"": 0.25}"
162:2022:문화및관광:문화예술:1100:FUND,162,문화및관광,문화예술,1100,2022,FUND,콘텐츠방송산업 육성,MODERATE_OR_CONTEXT_REVIEW,PERFORMANCE_BELOW_TARGET,190408000000,0.8035714285714286,0.5,0.0,0.0,0.5968992248062015,equal,0.2742248062015504,0.32589285714285715,97,97.0,97,0.5826086956521739,10,10.0,10,0.8656716417910448,"{""budget_performance_mismatch"": 0.25, ""execution_management"": 0.25, ""fiscal_impact"": 0.25, ""performance_gap"": 0.25}"
162:2022:문화및관광:문화예술:1100:GENERAL_ACCOUNT,162,문화및관광,문화예술,1100,2022,GENERAL_ACCOUNT,콘텐츠방송산업 육성,MODERATE_OR_CONTEXT_REVIEW,PERFORMANCE_BELOW_TARGET,82283000000,0.5535714285714286,0.5,0.0,0.0,0.43410852713178294,equal,0.23352713178294573,0.26339285714285715,123,123.0,123,0.4695652173913043,20,20.0,20,0.7164179104477613,"{""budget_performance_mismatch"": 0.25, ""execution_management"": 0.25, ""fiscal_impact"": 0.25, ""performance_gap"": 0.25}"
162:2022:교육:평생·직업교육:4100:GENERAL_ACCOUNT,162,교육,평생·직업교육,4100,2022,GENERAL_ACCOUNT,평생직업교육 체제 구축,MODERATE_OR_CONTEXT_REVIEW,PERFORMANCE_BELOW_TARGET,19364000000,0.23214285714285715,0.5,0.0,0.0,0.17829457364341086,equal,0.1695736434108527,0.1830357142857143,176,176.0,176,0.23913043478260865,43,43.0,43,0.3731343283582089,"{""budget_performance_mismatch"": 0.25, ""execution_management"": 0.25, ""fiscal_impact"": 0.25, ""performance_gap"": 0.25}"
019:2023:사회복지:고용:1200:FUND,019,사회복지,고용,1200,2023,FUND,고용안전망확충,MODERATE_OR_CONTEXT_REVIEW,PERFORMANCE_BELOW_TARGET;PROGRAM_STRUCTURE_CONTEXT,11870315000000,1.0,0.3333333333333333,0.0,0.0,0.9782608695652174,equal,0.3278985507246377,0.33333333333333337,60,60.0,60,0.7434782608695651,15,15.0,15,0.641025641025641,"{""budget_performance_mismatch"": 0.25, ""execution_management"": 0.25, ""fiscal_impact"": 0.25, ""performance_gap"": 0.25}"
019:2023:사회복지:고용:1300:GENERAL_ACCOUNT,019,사회복지,고용,1300,2023,GENERAL_ACCOUNT,고용평등증진,MODERATE_OR_CONTEXT_REVIEW,PERFORMANCE_BELOW_TARGET;PROGRAM_STRUCTURE_CONTEXT,40333000000,0.15789473684210525,0.25,0.0,0.0,0.2826086956521739,equal,0.13315217391304346,0.1019736842105263,201,201.0,201,0.13043478260869568,33,33.0,33,0.17948717948717952,"{""budget_performance_mismatch"": 0.25, ""execution_management"": 0.25, ""fiscal_impact"": 0.25, ""performance_gap"": 0.25}"
019:2023:사회복지:고용:1300:SPECIAL_ACCOUNT,019,사회복지,고용,1300,2023,SPECIAL_ACCOUNT,고용평등증진,MODERATE_OR_CONTEXT_REVIEW,PERFORMANCE_BELOW_TARGET;PROGRAM_STRUCTURE_CONTEXT,25696000000,0.10526315789473684,0.25,0.0,0.0,0.21739130434782608,equal,0.11684782608695651,0.08881578947368421,205,205.0,205,0.11304347826086958,39,39.0,39,0.02564102564102566,"{""budget_performance_mismatch"": 0.25, ""execution_management"": 0.25, ""fiscal_impact"": 0.25, ""performance_gap"": 0.25}"
162:2023:과학기술:과학기술인력및문화:1700:GENERAL_ACCOUNT,162,과학기술,과학기술인력및문화,1700,2023,GENERAL_ACCOUNT,과학기술인력양성,MODERATE_OR_CONTEXT_REVIEW,PERFORMANCE_BELOW_TARGET,139397000000,0.6896551724137931,0.3333333333333333,0.0,0.0,0.5434782608695652,equal,0.2192028985507246,0.2557471264367816,135,135.0,135,0.4173913043478261,21,21.0,21,0.7014925373134329,"{""budget_performance_mismatch"": 0.25, ""execution_management"": 0.25, ""fiscal_impact"": 0.25, ""performance_gap"": 0.25}"
162:2023:교육:고등교육:2200:GENERAL_ACCOUNT,162,교육,고등교육,2200,2023,GENERAL_ACCOUNT,과학기술인력양성,MODERATE_OR_CONTEXT_REVIEW,EXECUTION_MANAGEMENT;GOOD_PERFORMANCE_BUDGET_DECREASE_T1_CONTEXT,191049000000,0.7758620689655172,0.0,0.12789650822563844,0.0,0.5942028985507246,equal,0.18052485169409077,0.22593964429778893,164,164.0,164,0.29130434782608694,30,30.0,30,0.5671641791044777,"{""budget_performance_mismatch"": 0.25, ""execution_management"": 0.25, ""fiscal_impact"": 0.25, ""performance_gap"": 0.25}"
162:2023:과학기술:과학기술인력및문화:1700:SPECIAL_ACCOUNT,162,과학기술,과학기술인력및문화,1700,2023,SPECIAL_ACCOUNT,과학기술인력양성,MODERATE_OR_CONTEXT_REVIEW,PERFORMANCE_BELOW_TARGET,8980000000,0.15517241379310345,0.3333333333333333,0.0,0.0,0.13043478260869565,equal,0.11594202898550723,0.12212643678160917,206,206.0,206,0.10869565217391308,56,56.0,56,0.17910447761194026,"{""budget_performance_mismatch"": 0.25, ""execution_management"": 0.25, ""fiscal_impact"": 0.25, ""performance_gap"": 0.25}"
162:2023:통신:방송통신:7000:GENERAL_ACCOUNT,162,통신,방송통신,7000,2023,GENERAL_ACCOUNT,과학기술정보통신부운영지원,MODERATE_OR_CONTEXT_REVIEW,EXECUTION_MANAGEMENT,18942000000,0.2413793103448276,0.0,0.06021011508816387,0.0,0.1956521739130435,equal,0.06396557225030183,0.07539735635824786,230,230.0,230,0.004347826086956497,66,66.0,66,0.02985074626865669,"{""budget_performance_mismatch"": 0.25, ""execution_management"": 0.25, ""fiscal_impact"": 0.25, ""performance_gap"": 0.25}"
162:2023:과학기술:과학기술인력및문화:1800:GENERAL_ACCOUNT,162,과학기술,과학기술인력및문화,1800,2023,GENERAL_ACCOUNT,과학문화창달,MODERATE_OR_CONTEXT_REVIEW,EXECUTION_MANAGEMENT,71642000000,0.5172413793103449,0.0,0.5,0.0,0.427536231884058,equal,0.2318840579710145,0.2543103448275862,124,124.0,124,0.4652173913043478,22,22.0,22,0.6865671641791045,"{""budget_performance_mismatch"": 0.25, ""execution_management"": 0.25, ""fiscal_impact"": 0.25, ""performance_gap"": 0.25}"
162:2023:일반·지방행정:정부자원관리:1900:GENERAL_ACCOUNT,162,일반·지방행정,정부자원관리,1900,2023,GENERAL_ACCOUNT,국가사회정보화,MODERATE_OR_CONTEXT_REVIEW,PERFORMANCE_BELOW_TARGET,202573000000,0.8103448275862069,0.5,0.0,0.0,0.6304347826086957,equal,0.28260869565217395,0.3275862068965517,90,90.0,90,0.6130434782608696,9,9.0,9,0.8805970149253731,"{""budget_performance_mismatch"": 0.25, ""execution_management"": 0.25, ""fiscal_impact"": 0.25, ""performance_gap"": 0.25}"
162:2023:과학기술:과학기술인력및문화:2300:RESPONSIBLE_OPERATION_ACCOUNT,162,과학기술,과학기술인력및문화,2300,2023,RESPONSIBLE_OPERATION_ACCOUNT,국립과천과학관운영,MODERATE_OR_CONTEXT_REVIEW,PERFORMANCE_BELOW_TARGET;PROGRAM_STRUCTURE_CONTEXT;LOW_PERFORMANCE_BUDGET_INCREASE_T1,2994000000,0.08620689655172414,0.3333333333333333,0.0,0.0,0.043478260869565216,equal,0.09420289855072464,0.10488505747126438,217,217.0,217,0.060869565217391286,59,59.0,59,0.13432835820895528,"{""budget_performance_mismatch"": 0.25, ""execution_management"": 0.25, ""fiscal_impact"": 0.25, ""performance_gap"": 0.25}"
075:2023:보건:보건의료:3300:FUND,075,보건,보건의료,3300,2023,FUND,국민건강생활실천,MODERATE_OR_CONTEXT_REVIEW,PERFORMANCE_BELOW_TARGET,385630000000,0.6410256410256411,1.0,0.0,0.0,0.717391304347826,equal,0.42934782608695654,0.41025641025641024,30,30.0,30,0.8739130434782609,14,14.0,14,0.8375,"{""budget_performance_mismatch"": 0.25, ""execution_management"": 0.25, ""fiscal_impact"": 0.25, ""performance_gap"": 0.25}"
075:2023:사회복지:공적연금:7400:FUND,075,사회복지,공적연금,7400,2023,FUND,국민연금운영(여유자금운영위탁 등),MODERATE_OR_CONTEXT_REVIEW,EXECUTION_MANAGEMENT;ACCOUNTING_ADJUSTMENT_CONTEXT,340333000000,0.6153846153846154,0.0,0.0843306408723221,0.0,0.7101449275362319,equal,0.1986188921021385,0.17492881406423438,154,154.0,154,0.33478260869565213,68,68.0,68,0.16249999999999998,"{""budget_performance_mismatch"": 0.25, ""execution_management"": 0.25, ""fiscal_impact"": 0.25, ""performance_gap"": 0.25}"
019:2023:사회복지:노동:3000:GENERAL_ACCOUNT,019,사회복지,노동,3000,2023,GENERAL_ACCOUNT,근로조건보호및복지증진,MODERATE_OR_CONTEXT_REVIEW,EXECUTION_MANAGEMENT,63169000000,0.2631578947368421,0.0,0.14125599582073486,0.0,0.41304347826086957,equal,0.1385748685204011,0.10110347263939423,197,197.0,197,0.14782608695652177,34,34.0,34,0.15384615384615385,"{""budget_performance_mismatch"": 0.25, ""execution_management"": 0.25, ""fiscal_impact"": 0.25, ""performance_gap"": 0.25}"
102:2023:산업·중소기업및에너지:창업및벤처:2400:FUND,102,산업·중소기업및에너지,창업및벤처,2400,2023,FUND,기술금융지원,MODERATE_OR_CONTEXT_REVIEW,EXECUTION_MANAGEMENT;PROGRAM_STRUCTURE_CONTEXT,1368778000000,0.8181818181818182,0.0,0.04817435698119052,0.0,0.8405797101449275,equal,0.2221885167815295,0.2165890437907522,129,129.0,129,0.4434782608695652,29,29.0,29,0.31707317073170727,"{""budget_performance_mismatch"": 0.25, ""execution_management"": 0.25, ""fiscal_impact"": 0.25, ""performance_gap"": 0.25}"
162:2023:과학기술:과학기술연구개발:1200:SPECIAL_ACCOUNT,162,과학기술,과학기술연구개발,1200,2023,SPECIAL_ACCOUNT,기초연구진흥,MODERATE_OR_CONTEXT_REVIEW,EXECUTION_MANAGEMENT;PROGRAM_STRUCTURE_CONTEXT,60000000000,0.43103448275862066,0.0,0.5,0.0,0.38405797101449274,equal,0.22101449275362317,0.23275862068965514,132,132.0,132,0.4304347826086956,28,28.0,28,0.5970149253731343,"{""budget_performance_mismatch"": 0.25, ""execution_management"": 0.25, ""fiscal_impact"": 0.25, ""performance_gap"": 0.25}"
075:2023:사회복지:노인:2100:GENERAL_ACCOUNT,075,사회복지,노인,2100,2023,GENERAL_ACCOUNT,노인생활안정,MODERATE_OR_CONTEXT_REVIEW,EXECUTION_MANAGEMENT;ACCOUNTING_ADJUSTMENT_CONTEXT;PROGRAM_STRUCTURE_CONTEXT,20178595000000,0.9743589743589743,0.0,0.00020224401153796882,0.0,0.9927536231884058,equal,0.24823896679998594,0.2436403045926281,109,109.0,109,0.5304347826086957,46,46.0,46,0.4375,"{""budget_performance_mismatch"": 0.25, ""execution_management"": 0.25, ""fiscal_impact"": 0.25, ""performance_gap"": 0.25}"
075:2023:사회복지:노인:2200:FUND,075,사회복지,노인,2200,2023,FUND,노인의료보장,MODERATE_OR_CONTEXT_REVIEW,PERFORMANCE_BELOW_TARGET;PROGRAM_STRUCTURE_CONTEXT,196461000000,0.48717948717948717,0.3333333333333333,0.0,0.0,0.6086956521739131,equal,0.23550724637681159,0.20512820512820512,122,122.0,122,0.4739130434782609,60,60.0,60,0.26249999999999996,"{""budget_performance_mismatch"": 0.25, ""execution_management"": 0.25, ""fiscal_impact"": 0.25, ""performance_gap"": 0.25}"
075:2023:사회복지:노인:2200:GENERAL_ACCOUNT,075,사회복지,노인,2200,2023,GENERAL_ACCOUNT,노인의료보장,MODERATE_OR_CONTEXT_REVIEW,PERFORMANCE_BELOW_TARGET;PROGRAM_STRUCTURE_CONTEXT,2245124000000,0.8205128205128205,0.3333333333333333,0.0,0.0,0.9057971014492754,equal,0.30978260869565216,0.28846153846153844,69,69.0,69,0.7043478260869565,37,38.0,39,0.5375,"{""budget_performance_mismatch"": 0.25, ""execution_management"": 0.25, ""fiscal_impact"": 0.25, ""performance_gap"": 0.25}"
075:2023:사회복지:노인:2200:SPECIAL_ACCOUNT,075,사회복지,노인,2200,2023,SPECIAL_ACCOUNT,노인의료보장,MODERATE_OR_CONTEXT_REVIEW,PERFORMANCE_BELOW_TARGET;PROGRAM_STRUCTURE_CONTEXT,54765000000,0.41025641025641024,0.3333333333333333,0.0,0.0,0.34782608695652173,equal,0.17028985507246375,0.18589743589743588,173,173.0,173,0.25217391304347825,65,65.0,65,0.19999999999999996,"{""budget_performance_mismatch"": 0.25, ""execution_management"": 0.25, ""fiscal_impact"": 0.25, ""performance_gap"": 0.25}"
162:2023:과학기술:과학기술연구개발:1100:GENERAL_ACCOUNT,162,과학기술,과학기술연구개발,1100,2023,GENERAL_ACCOUNT,미래유망원천기술개발,MODERATE_OR_CONTEXT_REVIEW,BUDGET_PERFORMANCE_MISMATCH,931362000000,0.9482758620689655,0.0,0.0,0.0355382762019494,0.8043478260869565,equal,0.20997152557222648,0.24595353456772873,140,140.0,140,0.3956521739130435,23,23.0,23,0.6716417910447761,"{""budget_performance_mismatch"": 0.25, ""execution_management"": 0.25, ""fiscal_impact"": 0.25, ""performance_gap"": 0.25}"
102:2023:산업·중소기업및에너지:창업및벤처:5200:GENERAL_ACCOUNT,102,산업·중소기업및에너지,창업및벤처,5200,2023,GENERAL_ACCOUNT,벤처기업활성화지원,MODERATE_OR_CONTEXT_REVIEW,BUDGET_PERFORMANCE_MISMATCH;PROGRAM_STRUCTURE_CONTEXT,26299000000,0.18181818181818182,0.0,0.0,0.049431537320810674,0.2246376811594203,equal,0.06851730462005774,0.057812429784748126,227,227.0,227,0.017391304347826098,41,41.0,41,0.024390243902439046,"{""budget_performance_mismatch"": 0.25, ""execution_management"": 0.25, ""fiscal_impact"": 0.25, ""performance_gap"": 0.25}"
075:2023:보건:보건의료:3000:FUND,075,보건,보건의료,3000,2023,FUND,보건산업육성,MODERATE_OR_CONTEXT_REVIEW,PERFORMANCE_BELOW_TARGET,27889000000,0.28205128205128205,0.5,0.0,0.0,0.2318840579710145,equal,0.18297101449275363,0.1955128205128205,162,162.0,162,0.30000000000000004,62,62.0,62,0.23750000000000004,"{""budget_performance_mismatch"": 0.25, ""execution_management"": 0.25, ""fiscal_impact"": 0.25, ""performance_gap"": 0.25}"
075:2023:보건:보건의료:3000:GENERAL_ACCOUNT,075,보건,보건의료,3000,2023,GENERAL_ACCOUNT,보건산업육성,MODERATE_OR_CONTEXT_REVIEW,PERFORMANCE_BELOW_TARGET;ACCOUNTING_ADJUSTMENT_CONTEXT,833877000000,0.7435897435897436,0.5,0.0,0.0,0.7898550724637681,equal,0.322463768115942,0.3108974358974359,63,63.0,63,0.7304347826086957,30,30.0,30,0.6375,"{""budget_performance_mismatch"": 0.25, ""execution_management"": 0.25, ""fiscal_impact"": 0.25, ""performance_gap"": 0.25}"
075:2023:보건:보건의료:3000:SPECIAL_ACCOUNT,075,보건,보건의료,3000,2023,SPECIAL_ACCOUNT,보건산업육성,MODERATE_OR_CONTEXT_REVIEW,PERFORMANCE_BELOW_TARGET,51956000000,0.38461538461538464,0.5,0.0,0.0,0.32608695652173914,equal,0.20652173913043478,0.22115384615384615,143,143.0,143,0.3826086956521739,53,53.0,53,0.35,"{""budget_performance_mismatch"": 0.25, ""execution_management"": 0.25, ""fiscal_impact"": 0.25, ""performance_gap"": 0.25}"
075:2023:사회복지:사회복지일반:2600:GENERAL_ACCOUNT,075,사회복지,사회복지일반,2600,2023,GENERAL_ACCOUNT,사회복지기반조성,MODERATE_OR_CONTEXT_REVIEW,EXECUTION_MANAGEMENT;ACCOUNTING_ADJUSTMENT_CONTEXT,201741000000,0.5384615384615384,0.0,0.05671132789071136,0.0,0.6231884057971014,equal,0.1699749334219532,0.14879321658806244,175,175.0,175,0.24347826086956526,74,74.0,74,0.08750000000000002,"{""budget_performance_mismatch"": 0.25, ""execution_management"": 0.25, ""fiscal_impact"": 0.25, ""performance_gap"": 0.25}"
075:2023:사회복지:사회복지일반:2600:SPECIAL_ACCOUNT,075,사회복지,사회복지일반,2600,2023,SPECIAL_ACCOUNT,사회복지기반조성,MODERATE_OR_CONTEXT_REVIEW,BUDGET_PERFORMANCE_MISMATCH,399085000000,0.6666666666666666,0.0,0.0,0.06734154378139995,0.7318840579710145,equal,0.1998064004381036,0.18350205261201663,151,151.0,151,0.34782608695652173,66,66.0,66,0.1875,"{""budget_performance_mismatch"": 0.25, ""execution_management"": 0.25, ""fiscal_impact"": 0.25, ""performance_gap"": 0.25}"
019:2023:사회복지:노동:4100:GENERAL_ACCOUNT,019,사회복지,노동,4100,2023,GENERAL_ACCOUNT,산업재해예방,MODERATE_OR_CONTEXT_REVIEW,PERFORMANCE_BELOW_TARGET,4629000000,0.05263157894736842,0.3333333333333333,0.0,0.0,0.06521739130434782,equal,0.09963768115942029,0.09649122807017543,214,214.0,214,0.07391304347826089,37,37.0,37,0.07692307692307687,"{""budget_performance_mismatch"": 0.25, ""execution_management"": 0.25, ""fiscal_impact"": 0.25, ""performance_gap"": 0.25}"
019:2023:사회복지:노동:4100:SPECIAL_ACCOUNT,019,사회복지,노동,4100,2023,SPECIAL_ACCOUNT,산업재해예방,MODERATE_OR_CONTEXT_REVIEW,PERFORMANCE_BELOW_TARGET;ACCOUNTING_ADJUSTMENT_CONTEXT,89132000000,0.3684210526315789,0.3333333333333333,0.0,0.0,0.47101449275362317,equal,0.20108695652173914,0.17543859649122806,149,149.0,149,0.35652173913043483,28,28.0,28,0.3076923076923077,"{""budget_performance_mismatch"": 0.25, ""execution_management"": 0.25, ""fiscal_impact"": 0.25, ""performance_gap"": 0.25}"
075:2023:보건:보건의료:4500:GENERAL_ACCOUNT,075,보건,보건의료,4500,2023,GENERAL_ACCOUNT,소록도병원,MODERATE_OR_CONTEXT_REVIEW,EXECUTION_MANAGEMENT;GOOD_PERFORMANCE_BUDGET_DECREASE_T1_CONTEXT,11317000000,0.20512820512820512,0.0,0.5,0.0,0.15217391304347827,equal,0.16304347826086957,0.17628205128205127,183,183.0,183,0.20869565217391306,67,67.0,67,0.17500000000000004,"{""budget_performance_mismatch"": 0.25, ""execution_management"": 0.25, ""fiscal_impact"": 0.25, ""performance_gap"": 0.25}"
102:2023:산업·중소기업및에너지:중소기업및소상공인육성:4100:FUND,102,산업·중소기업및에너지,중소기업및소상공인육성,4100,2023,FUND,소상공인·전통시장지원,MODERATE_OR_CONTEXT_REVIEW,PERFORMANCE_BELOW_TARGET;PROGRAM_STRUCTURE_CONTEXT,3895274000000,1.0,1.0,0.0,0.0,0.9420289855072463,equal,0.4855072463768116,0.5,11,11.0,11,0.9565217391304348,1,1.5,2,0.9878048780487805,"{""budget_performance_mismatch"": 0.25, ""execution_management"": 0.25, ""fiscal_impact"": 0.25, ""performance_gap"": 0.25}"
162:2023:과학기술:과학기술연구개발:1300:GENERAL_ACCOUNT,162,과학기술,과학기술연구개발,1300,2023,GENERAL_ACCOUNT,우주개발진흥,MODERATE_OR_CONTEXT_REVIEW,BUDGET_PERFORMANCE_MISMATCH,424860000000,0.896551724137931,0.0,0.0,0.22537071035164524,0.7391304347826086,equal,0.24112528628356347,0.2804806086223941,115,115.0,115,0.5043478260869565,16,16.0,16,0.7761194029850746,"{""budget_performance_mismatch"": 0.25, ""execution_management"": 0.25, ""fiscal_impact"": 0.25, ""performance_gap"": 0.25}"
162:2023:통신:우정:5300:SPECIAL_ACCOUNT,162,통신,우정,5300,2023,SPECIAL_ACCOUNT,우체국보험,MODERATE_OR_CONTEXT_REVIEW,EXECUTION_MANAGEMENT;GOOD_PERFORMANCE_BUDGET_DECREASE_T1_CONTEXT,295686000000,0.8620689655172413,0.0,0.03975670136563787,0.0,0.6956521739130435,equal,0.18385221881967034,0.2254564167207198,160,160.0,160,0.30869565217391304,31,31.0,31,0.5522388059701493,"{""budget_performance_mismatch"": 0.25, ""execution_management"": 0.25, ""fiscal_impact"": 0.25, ""performance_gap"": 0.25}"
162:2023:과학기술:과학기술연구개발:1400:FUND,162,과학기술,과학기술연구개발,1400,2023,FUND,원자력 진흥,MODERATE_OR_CONTEXT_REVIEW,EXECUTION_MANAGEMENT,146293000000,0.7068965517241379,0.0,0.0563936757056045,0.0,0.5507246376811594,equal,0.15177957834669098,0.1908225568574356,188,188.0,188,0.18695652173913047,39,39.0,39,0.4328358208955224,"{""budget_performance_mismatch"": 0.25, ""execution_management"": 0.25, ""fiscal_impact"": 0.25, ""performance_gap"": 0.25}"
075:2023:보건:보건의료:2800:FUND,075,보건,보건의료,2800,2023,FUND,응급의료체계운영지원,MODERATE_OR_CONTEXT_REVIEW,EXECUTION_MANAGEMENT,248941000000,0.5897435897435898,0.0,0.028585086426100963,0.0,0.6594202898550725,equal,0.17200134407029335,0.15458216904242267,172,172.0,172,0.25652173913043474,73,73.0,73,0.09999999999999998,"{""budget_performance_mismatch"": 0.25, ""execution_management"": 0.25, ""fiscal_impact"": 0.25, ""performance_gap"": 0.25}"
075:2023:사회복지:취약계층지원:1500:SPECIAL_ACCOUNT,075,사회복지,취약계층지원,1500,2023,SPECIAL_ACCOUNT,장애인생활안정 및 재활 지원,MODERATE_OR_CONTEXT_REVIEW,PERFORMANCE_BELOW_TARGET,4834000000,0.02564102564102564,0.5,0.0,0.0,0.07971014492753623,equal,0.14492753623188406,0.13141025641025642,194,194.0,194,0.16086956521739126,78,78.0,78,0.03749999999999998,"{""budget_performance_mismatch"": 0.25, ""execution_management"": 0.25, ""fiscal_impact"": 0.25, ""performance_gap"": 0.25}"
162:2023:통신:방송통신:2500:FUND,162,통신,방송통신,2500,2023,FUND,전파활용방송서비스산업,MODERATE_OR_CONTEXT_REVIEW,EXECUTION_MANAGEMENT,48633000000,0.3275862068965517,0.0,0.12090555795447536,0.0,0.2971014492753623,equal,0.10450175180745941,0.11212294121275676,212,212.0,212,0.08260869565217388,58,58.0,58,0.14925373134328357,"{""budget_performance_mismatch"": 0.25, ""execution_management"": 0.25, ""fiscal_impact"": 0.25, ""performance_gap"": 0.25}"
162:2023:통신:방송통신:2500:GENERAL_ACCOUNT,162,통신,방송통신,2500,2023,GENERAL_ACCOUNT,전파활용방송서비스산업,MODERATE_OR_CONTEXT_REVIEW,EXECUTION_MANAGEMENT;ACCOUNTING_ADJUSTMENT_CONTEXT,56759000000,0.3793103448275862,0.0,0.01701932733134833,0.0,0.36231884057971014,equal,0.09483454197776461,0.09908241803973362,216,216.0,216,0.06521739130434778,60,60.0,60,0.11940298507462688,"{""budget_performance_mismatch"": 0.25, ""execution_management"": 0.25, ""fiscal_impact"": 0.25, ""performance_gap"": 0.25}"
162:2023:문화및관광:문화예술:1200:FUND,162,문화및관광,문화예술,1200,2023,FUND,정보통신방송국제협력,MODERATE_OR_CONTEXT_REVIEW,EXECUTION_MANAGEMENT,11954000000,0.20689655172413793,0.0,0.09189392671908984,0.0,0.16666666666666666,equal,0.06464014834643912,0.07469761961080694,229,229.0,229,0.008695652173912993,67,67.0,67,0.014925373134328401,"{""budget_performance_mismatch"": 0.25, ""execution_management"": 0.25, ""fiscal_impact"": 0.25, ""performance_gap"": 0.25}"
162:2023:통신:정보통신:2100:GENERAL_ACCOUNT,162,통신,정보통신,2100,2023,GENERAL_ACCOUNT,정보통신융합산업,MODERATE_OR_CONTEXT_REVIEW,BUDGET_PERFORMANCE_MISMATCH,165554000000,0.7413793103448276,0.0,0.0,0.03324594996194595,0.572463768115942,equal,0.151427429519472,0.1936563150766934,190,190.0,190,0.17826086956521736,38,38.0,38,0.4477611940298507,"{""budget_performance_mismatch"": 0.25, ""execution_management"": 0.25, ""fiscal_impact"": 0.25, ""performance_gap"": 0.25}"
102:2023:산업·중소기업및에너지:중소기업및소상공인육성:2100:FUND,102,산업·중소기업및에너지,중소기업및소상공인육성,2100,2023,FUND,중소기업기술개발지원,MODERATE_OR_CONTEXT_REVIEW,PERFORMANCE_BELOW_TARGET,10155000000,0.09090909090909091,1.0,0.0,0.0,0.14492753623188406,equal,0.286231884057971,0.2727272727272727,85,85.0,85,0.6347826086956522,20,20.5,21,0.524390243902439,"{""budget_performance_mismatch"": 0.25, ""execution_management"": 0.25, ""fiscal_impact"": 0.25, ""performance_gap"": 0.25}"
102:2023:산업·중소기업및에너지:중소기업및소상공인육성:1200:GENERAL_ACCOUNT,102,산업·중소기업및에너지,중소기업및소상공인육성,1200,2023,GENERAL_ACCOUNT,중소기업성장안정지원,MODERATE_OR_CONTEXT_REVIEW,BUDGET_PERFORMANCE_MISMATCH,118700000000,0.45454545454545453,0.0,0.0,0.7051390058972199,0.5144927536231884,equal,0.30490793988010206,0.2899211151106686,73,73.0,73,0.6869565217391305,17,17.0,17,0.6097560975609756,"{""budget_performance_mismatch"": 0.25, ""execution_management"": 0.25, ""fiscal_impact"": 0.25, ""performance_gap"": 0.25}"
102:2023:산업·중소기업및에너지:무역및투자유치:3100:FUND,102,산업·중소기업및에너지,무역및투자유치,3100,2023,FUND,중소기업수출촉진지원,MODERATE_OR_CONTEXT_REVIEW,EXECUTION_MANAGEMENT,50752000000,0.3181818181818182,0.0,0.5,0.0,0.3115942028985507,equal,0.2028985507246377,0.20454545454545453,144,144.0,144,0.37826086956521743,31,31.0,31,0.2682926829268293,"{""budget_performance_mismatch"": 0.25, ""execution_management"": 0.25, ""fiscal_impact"": 0.25, ""performance_gap"": 0.25}"
102:2023:산업·중소기업및에너지:중소기업및소상공인육성:4800:FUND,102,산업·중소기업및에너지,중소기업및소상공인육성,4800,2023,FUND,중소기업육성지원,MODERATE_OR_CONTEXT_REVIEW,PERFORMANCE_BELOW_TARGET,1948000000,0.045454545454545456,0.3333333333333333,0.0,0.0,0.028985507246376812,equal,0.09057971014492754,0.0946969696969697,219,219.0,219,0.05217391304347829,39,39.0,39,0.07317073170731703,"{""budget_performance_mismatch"": 0.25, ""execution_management"": 0.25, ""fiscal_impact"": 0.25, ""performance_gap"": 0.25}"
102:2023:산업·중소기업및에너지:중소기업및소상공인육성:5400:GENERAL_ACCOUNT,102,산업·중소기업및에너지,중소기업및소상공인육성,5400,2023,GENERAL_ACCOUNT,중소기업인력지원,MODERATE_OR_CONTEXT_REVIEW,PERFORMANCE_BELOW_TARGET,327285000000,0.7272727272727273,0.5,0.0,0.0,0.7028985507246377,equal,0.3007246376811594,0.3068181818181818,75,75.0,75,0.6782608695652175,13,13.5,14,0.6951219512195121,"{""budget_performance_mismatch"": 0.25, ""execution_management"": 0.25, ""fiscal_impact"": 0.25, ""performance_gap"": 0.25}"
102:2023:산업·중소기업및에너지:중소기업및소상공인육성:3300:SPECIAL_ACCOUNT,102,산업·중소기업및에너지,중소기업및소상공인육성,3300,2023,SPECIAL_ACCOUNT,지역중소기업육성,MODERATE_OR_CONTEXT_REVIEW,BUDGET_PERFORMANCE_MISMATCH,77979000000,0.4090909090909091,0.0,0.0,0.11591582349093987,0.4492753623188406,equal,0.1412977964524451,0.13125168314546226,196,196.0,196,0.15217391304347827,37,37.0,37,0.12195121951219512,"{""budget_performance_mismatch"": 0.25, ""execution_management"": 0.25, ""fiscal_impact"": 0.25, ""performance_gap"": 0.25}"
102:2023:산업·중소기업및에너지:창업및벤처:5100:FUND,102,산업·중소기업및에너지,창업및벤처,5100,2023,FUND,창업환경조성,MODERATE_OR_CONTEXT_REVIEW,PERFORMANCE_BELOW_TARGET,2860529000000,0.9545454545454546,0.3333333333333333,0.0,0.0,0.9347826086956522,equal,0.3170289855072464,0.321969696969697,65,65.0,65,0.7217391304347827,11,11.0,11,0.7560975609756098,"{""budget_performance_mismatch"": 0.25, ""execution_management"": 0.25, ""fiscal_impact"": 0.25, ""performance_gap"": 0.25}"
102:2023:산업·중소기업및에너지:창업및벤처:5100:GENERAL_ACCOUNT,102,산업·중소기업및에너지,창업및벤처,5100,2023,GENERAL_ACCOUNT,창업환경조성,MODERATE_OR_CONTEXT_REVIEW,PERFORMANCE_BELOW_TARGET,707120000000,0.7727272727272727,0.3333333333333333,0.0,0.0,0.7753623188405797,equal,0.27717391304347827,0.2765151515151515,94,94.0,94,0.5956521739130435,18,18.5,19,0.5731707317073171,"{""budget_performance_mismatch"": 0.25, ""execution_management"": 0.25, ""fiscal_impact"": 0.25, ""performance_gap"": 0.25}"
102:2023:산업·중소기업및에너지:창업및벤처:5100:SPECIAL_ACCOUNT,102,산업·중소기업및에너지,창업및벤처,5100,2023,SPECIAL_ACCOUNT,창업환경조성,MODERATE_OR_CONTEXT_REVIEW,PERFORMANCE_BELOW_TARGET,152403000000,0.5454545454545454,0.3333333333333333,0.0,0.0,0.5579710144927537,equal,0.22282608695652173,0.21969696969696967,128,128.0,128,0.4478260869565217,28,28.0,28,0.3414634146341463,"{""budget_performance_mismatch"": 0.25, ""execution_management"": 0.25, ""fiscal_impact"": 0.25, ""performance_gap"": 0.25}"
162:2023:통신:방송통신:2400:FUND,162,통신,방송통신,2400,2023,FUND,통신정책지원,MODERATE_OR_CONTEXT_REVIEW,EXECUTION_MANAGEMENT;ACCOUNTING_ADJUSTMENT_CONTEXT;PROGRAM_STRUCTURE_CONTEXT,32881000000,0.29310344827586204,0.0,0.02673276360208023,0.0,0.26811594202898553,equal,0.07371217640776644,0.07995905296948556,221,221.0,221,0.04347826086956519,64,64.0,64,0.05970149253731338,"{""budget_performance_mismatch"": 0.25, ""execution_management"": 0.25, ""fiscal_impact"": 0.25, ""performance_gap"": 0.25}"
162:2024:통신:정보통신:2200:FUND,162,통신,정보통신,2200,2024,FUND,SW산업진흥,MODERATE_OR_CONTEXT_REVIEW,BUDGET_PERFORMANCE_MISMATCH,353937000000,0.8983050847457628,0.0,0.0,0.0015822024823626804,0.7372262773722628,equal,0.18470211996365635,0.22497182180703135,159,159.0,159,0.31304347826086953,32,32.0,32,0.5373134328358209,"{""budget_performance_mismatch"": 0.25, ""execution_management"": 0.25, ""fiscal_impact"": 0.25, ""performance_gap"": 0.25}"
075:2024:보건:건강보험:4900:FUND,075,보건,건강보험,4900,2024,FUND,건강보험제도 운영,MODERATE_OR_CONTEXT_REVIEW,EXECUTION_MANAGEMENT;PROGRAM_STRUCTURE_CONTEXT,1902181000000,0.7948717948717948,0.0,0.5,0.0,0.8759124087591241,equal,0.34397810218978103,0.3237179487179487,56,56.0,56,0.7608695652173914,28,28.0,28,0.6625,"{""budget_performance_mismatch"": 0.25, ""execution_management"": 0.25, ""fiscal_impact"": 0.25, ""performance_gap"": 0.25}"
075:2024:보건:건강보험:4900:GENERAL_ACCOUNT,075,보건,건강보험,4900,2024,GENERAL_ACCOUNT,건강보험제도 운영,MODERATE_OR_CONTEXT_REVIEW,EXECUTION_MANAGEMENT;ACCOUNTING_ADJUSTMENT_CONTEXT;PROGRAM_STRUCTURE_CONTEXT,11804813000000,0.9230769230769231,0.0,0.43472171054297937,0.0,0.9708029197080292,equal,0.3513811575627521,0.3394496584049756,52,52.0,52,0.7782608695652173,25,25.0,25,0.7,"{""budget_performance_mismatch"": 0.25, ""execution_management"": 0.25, ""fiscal_impact"": 0.25, ""performance_gap"": 0.25}"
019:2024:사회복지:고용:1200:GENERAL_ACCOUNT,019,사회복지,고용,1200,2024,GENERAL_ACCOUNT,고용안전망확충,MODERATE_OR_CONTEXT_REVIEW,BUDGET_PERFORMANCE_MISMATCH;PROGRAM_STRUCTURE_CONTEXT,1816210000000,0.8421052631578947,0.0,0.0,0.0012493048711327435,0.8686131386861314,equal,0.21746561088931604,0.21083864200725685,136,136.0,136,0.4130434782608695,26,26.0,26,0.3589743589743589,"{""budget_performance_mismatch"": 0.25, ""execution_management"": 0.25, ""fiscal_impact"": 0.25, ""performance_gap"": 0.25}"
162:2024:과학기술:과학기술연구지원:4600:GENERAL_ACCOUNT,162,과학기술,과학기술연구지원,4600,2024,GENERAL_ACCOUNT,공공연구성과활성화,MODERATE_OR_CONTEXT_REVIEW,BUDGET_PERFORMANCE_MISMATCH,63630000000,0.5423728813559322,0.0,0.0,0.023840955524123842,0.43795620437956206,equal,0.11544928997592148,0.141553459220014,207,207.0,207,0.10434782608695647,50,50.0,50,0.26865671641791045,"{""budget_performance_mismatch"": 0.25, ""execution_management"": 0.25, ""fiscal_impact"": 0.25, ""performance_gap"": 0.25}"
162:2024:과학기술:과학기술연구지원:1600:GENERAL_ACCOUNT,162,과학기술,과학기술연구지원,1600,2024,GENERAL_ACCOUNT,과학기술기반조성,MODERATE_OR_CONTEXT_REVIEW,EXECUTION_MANAGEMENT;PROGRAM_STRUCTURE_CONTEXT,43663000000,0.3559322033898305,0.0,0.38218858072051853,0.0,0.32116788321167883,equal,0.17583911598304935,0.18453019602758727,170,170.0,170,0.26521739130434785,42,42.0,42,0.3880597014925373,"{""budget_performance_mismatch"": 0.25, ""execution_management"": 0.25, ""fiscal_impact"": 0.25, ""performance_gap"": 0.25}"
162:2024:과학기술:과학기술인력및문화:1700:FUND,162,과학기술,과학기술인력및문화,1700,2024,FUND,과학기술인력양성,MODERATE_OR_CONTEXT_REVIEW,EXECUTION_MANAGEMENT,38149000000,0.3220338983050847,0.0,0.02125874859105088,0.0,0.29927007299270075,equal,0.0801322053959379,0.0858231617240339,220,220.0,220,0.047826086956521685,61,61.0,61,0.10447761194029848,"{""budget_performance_mismatch"": 0.25, ""execution_management"": 0.25, ""fiscal_impact"": 0.25, ""performance_gap"": 0.25}"
162:2024:교육:고등교육:2200:GENERAL_ACCOUNT,162,교육,고등교육,2200,2024,GENERAL_ACCOUNT,과학기술인력양성,MODERATE_OR_CONTEXT_REVIEW,EXECUTION_MANAGEMENT,188107000000,0.8135593220338984,0.0,0.1367253743879813,0.0,0.6204379562043796,equal,0.1892908326480902,0.2375711741054699,156,156.0,156,0.32608695652173914,27,27.0,27,0.6119402985074627,"{""budget_performance_mismatch"": 0.25, ""execution_management"": 0.25, ""fiscal_impact"": 0.25, ""performance_gap"": 0.25}"
162:2024:통신:방송통신:7000:GENERAL_ACCOUNT,162,통신,방송통신,7000,2024,GENERAL_ACCOUNT,과학기술정보통신부운영지원,MODERATE_OR_CONTEXT_REVIEW,EXECUTION_MANAGEMENT;ACCOUNTING_ADJUSTMENT_CONTEXT,22184000000,0.288135593220339,0.0,0.043544897223223945,0.0,0.24087591240875914,equal,0.07110520240799577,0.08292012261089074,225,225.0,225,0.02608695652173909,62,62.0,62,0.08955223880597019,"{""budget_performance_mismatch"": 0.25, ""execution_management"": 0.25, ""fiscal_impact"": 0.25, ""performance_gap"": 0.25}"
162:2024:과학기술:과학기술인력및문화:2300:RESPONSIBLE_OPERATION_ACCOUNT,162,과학기술,과학기술인력및문화,2300,2024,RESPONSIBLE_OPERATION_ACCOUNT,국립과천과학관운영,MODERATE_OR_CONTEXT_REVIEW,EXECUTION_MANAGEMENT;ACCOUNTING_ADJUSTMENT_CONTEXT;PROGRAM_STRUCTURE_CONTEXT,3344000000,0.0847457627118644,0.0,0.5,0.0,0.043795620437956206,equal,0.13594890510948904,0.1461864406779661,198,198.0,198,0.14347826086956517,49,49.0,49,0.28358208955223885,"{""budget_performance_mismatch"": 0.25, ""execution_management"": 0.25, ""fiscal_impact"": 0.25, ""performance_gap"": 0.25}"
075:2024:보건:보건의료:3900:RESPONSIBLE_OPERATION_ACCOUNT,075,보건,보건의료,3900,2024,RESPONSIBLE_OPERATION_ACCOUNT,국립부곡병원,MODERATE_OR_CONTEXT_REVIEW,EXECUTION_MANAGEMENT;ACCOUNTING_ADJUSTMENT_CONTEXT;PROGRAM_STRUCTURE_CONTEXT,7700000000,0.1794871794871795,0.0,0.5,0.0,0.13138686131386862,equal,0.15784671532846717,0.16987179487179488,185,185.0,185,0.19999999999999996,69,69.0,69,0.15000000000000002,"{""budget_performance_mismatch"": 0.25, ""execution_management"": 0.25, ""fiscal_impact"": 0.25, ""performance_gap"": 0.25}"
075:2024:보건:보건의료:3700:RESPONSIBLE_OPERATION_ACCOUNT,075,보건,보건의료,3700,2024,RESPONSIBLE_OPERATION_ACCOUNT,국립정신건강센터,MODERATE_OR_CONTEXT_REVIEW,EXECUTION_MANAGEMENT;PROGRAM_STRUCTURE_CONTEXT,18736000000,0.2564102564102564,0.0,0.5,0.0,0.2116788321167883,equal,0.17791970802919707,0.1891025641025641,167,167.0,167,0.27826086956521734,64,64.0,64,0.21250000000000002,"{""budget_performance_mismatch"": 0.25, ""execution_management"": 0.25, ""fiscal_impact"": 0.25, ""performance_gap"": 0.25}"
075:2024:보건:보건의료:3300:FUND,075,보건,보건의료,3300,2024,FUND,국민건강생활실천,MODERATE_OR_CONTEXT_REVIEW,PERFORMANCE_BELOW_TARGET,362739000000,0.717948717948718,1.0,0.0,0.0,0.7445255474452555,equal,0.43613138686131386,0.4294871794871795,28,28.0,28,0.8826086956521739,10,10.0,10,0.8875,"{""budget_performance_mismatch"": 0.25, ""execution_management"": 0.25, ""fiscal_impact"": 0.25, ""performance_gap"": 0.25}"
075:2024:사회복지:공적연금:7400:FUND,075,사회복지,공적연금,7400,2024,FUND,국민연금운영(여유자금운영위탁 등),MODERATE_OR_CONTEXT_REVIEW,EXECUTION_MANAGEMENT;ACCOUNTING_ADJUSTMENT_CONTEXT,349971000000,0.6923076923076923,0.0,0.07779501730143355,0.0,0.7299270072992701,equal,0.2019305061501759,0.19252567740228146,147,147.0,147,0.3652173913043478,63,63.0,63,0.22499999999999998,"{""budget_performance_mismatch"": 0.25, ""execution_management"": 0.25, ""fiscal_impact"": 0.25, ""performance_gap"": 0.25}"
019:2024:사회복지:노동:3000:FUND,019,사회복지,노동,3000,2024,FUND,근로조건보호및복지증진,MODERATE_OR_CONTEXT_REVIEW,EXECUTION_MANAGEMENT;ACCOUNTING_ADJUSTMENT_CONTEXT,1024671000000,0.631578947368421,0.0,0.021786505131891114,0.0,0.8248175182481752,equal,0.21165100584501656,0.16334136312507802,139,139.0,139,0.4,29,29.0,29,0.28205128205128205,"{""budget_performance_mismatch"": 0.25, ""execution_management"": 0.25, ""fiscal_impact"": 0.25, ""performance_gap"": 0.25}"
019:2024:사회복지:노동:3000:GENERAL_ACCOUNT,019,사회복지,노동,3000,2024,GENERAL_ACCOUNT,근로조건보호및복지증진,MODERATE_OR_CONTEXT_REVIEW,EXECUTION_MANAGEMENT;ACCOUNTING_ADJUSTMENT_CONTEXT,62340000000,0.21052631578947367,0.0,0.10290343278793712,0.0,0.4306569343065693,equal,0.1333900917736266,0.07835743714435268,200,200.0,200,0.13478260869565217,40,40.0,40,0.0,"{""budget_performance_mismatch"": 0.25, ""execution_management"": 0.25, ""fiscal_impact"": 0.25, ""performance_gap"": 0.25}"
102:2024:산업·중소기업및에너지:창업및벤처:2400:FUND,102,산업·중소기업및에너지,창업및벤처,2400,2024,FUND,기술금융지원,MODERATE_OR_CONTEXT_REVIEW,EXECUTION_MANAGEMENT;PROGRAM_STRUCTURE_CONTEXT,1594802000000,0.85,0.0,0.03430394494112749,0.0,0.8540145985401459,equal,0.22207963587031837,0.22107598623528188,130,130.0,130,0.4391304347826087,26,26.0,26,0.3902439024390244,"{""budget_performance_mismatch"": 0.25, ""execution_management"": 0.25, ""fiscal_impact"": 0.25, ""performance_gap"": 0.25}"
075:2024:사회복지:기초생활보장:1100:GENERAL_ACCOUNT,075,사회복지,기초생활보장,1100,2024,GENERAL_ACCOUNT,기초생활보장,MODERATE_OR_CONTEXT_REVIEW,EXECUTION_MANAGEMENT;ACCOUNTING_ADJUSTMENT_CONTEXT,17919672000000,0.9487179487179487,0.0,3.9063214996345917e-07,0.0,0.9854014598540146,equal,0.24635046262154114,0.23717958483752466,111,111.0,111,0.5217391304347826,49,49.0,49,0.4,"{""budget_performance_mismatch"": 0.25, ""execution_management"": 0.25, ""fiscal_impact"": 0.25, ""performance_gap"": 0.25}"
075:2024:사회복지:노인:2100:GENERAL_ACCOUNT,075,사회복지,노인,2100,2024,GENERAL_ACCOUNT,노인생활안정,MODERATE_OR_CONTEXT_REVIEW,EXECUTION_MANAGEMENT;PROGRAM_STRUCTURE_CONTEXT,22337160000000,0.9743589743589743,0.0,0.0001818046698864135,0.0,0.9927007299270073,equal,0.24822063364922342,0.24363519475721518,110,110.0,110,0.5260869565217392,47,47.0,47,0.42500000000000004,"{""budget_performance_mismatch"": 0.25, ""execution_management"": 0.25, ""fiscal_impact"": 0.25, ""performance_gap"": 0.25}"
075:2024:사회복지:노인:2200:FUND,075,사회복지,노인,2200,2024,FUND,노인의료보장,MODERATE_OR_CONTEXT_REVIEW,EXECUTION_MANAGEMENT;PROGRAM_STRUCTURE_CONTEXT,200322000000,0.5384615384615384,0.0,0.02079901358812312,0.0,0.635036496350365,equal,0.163958877484622,0.13981513801241538,181,181.0,181,0.21739130434782605,76,76.0,76,0.0625,"{""budget_performance_mismatch"": 0.25, ""execution_management"": 0.25, ""fiscal_impact"": 0.25, ""performance_gap"": 0.25}"
075:2024:사회복지:노인:2200:SPECIAL_ACCOUNT,075,사회복지,노인,2200,2024,SPECIAL_ACCOUNT,노인의료보장,MODERATE_OR_CONTEXT_REVIEW,BUDGET_PERFORMANCE_MISMATCH;ACCOUNTING_ADJUSTMENT_CONTEXT;PROGRAM_STRUCTURE_CONTEXT,21711000000,0.28205128205128205,0.0,0.0,1.0,0.23357664233576642,equal,0.3083941605839416,0.3205128205128205,70,70.0,70,0.7,29,29.0,29,0.65,"{""budget_performance_mismatch"": 0.25, ""execution_management"": 0.25, ""fiscal_impact"": 0.25, ""performance_gap"": 0.25}"
162:2024:과학기술:과학기술연구개발:1100:GENERAL_ACCOUNT,162,과학기술,과학기술연구개발,1100,2024,GENERAL_ACCOUNT,미래유망원천기술개발,MODERATE_OR_CONTEXT_REVIEW,BUDGET_PERFORMANCE_MISMATCH;ACCOUNTING_ADJUSTMENT_CONTEXT,912332000000,0.9491525423728814,0.0,0.0,0.0031929166136888763,0.8029197080291971,equal,0.2015281561607215,0.23808636474664258,148,148.0,148,0.36086956521739133,26,26.0,26,0.6268656716417911,"{""budget_performance_mismatch"": 0.25, ""execution_management"": 0.25, ""fiscal_impact"": 0.25, ""performance_gap"": 0.25}"
162:2024:과학기술:과학기술연구개발:1100:SPECIAL_ACCOUNT,162,과학기술,과학기술연구개발,1100,2024,SPECIAL_ACCOUNT,미래유망원천기술개발,MODERATE_OR_CONTEXT_REVIEW,BUDGET_PERFORMANCE_MISMATCH,234200000000,0.8305084745762712,0.0,0.0,0.0012809564474807857,0.6715328467153284,equal,0.1682034507907023,0.207947357755938,177,177.0,177,0.23478260869565215,35,35.0,35,0.4925373134328358,"{""budget_performance_mismatch"": 0.25, ""execution_management"": 0.25, ""fiscal_impact"": 0.25, ""performance_gap"": 0.25}"
102:2024:산업·중소기업및에너지:창업및벤처:5200:GENERAL_ACCOUNT,102,산업·중소기업및에너지,창업및벤처,5200,2024,GENERAL_ACCOUNT,벤처기업활성화지원,MODERATE_OR_CONTEXT_REVIEW,BUDGET_PERFORMANCE_MISMATCH;PROGRAM_STRUCTURE_CONTEXT,9846000000,0.1,0.0,0.0,0.08947796059313427,0.145985401459854,equal,0.05886584051324707,0.04736949014828357,231,231.0,231,0.0,42,42.0,42,0.0,"{""budget_performance_mismatch"": 0.25, ""execution_management"": 0.25, ""fiscal_impact"": 0.25, ""performance_gap"": 0.25}"
162:2024:과학기술:과학기술연구개발:1500:GENERAL_ACCOUNT,162,과학기술,과학기술연구개발,1500,2024,GENERAL_ACCOUNT,사회문제해결,MODERATE_OR_CONTEXT_REVIEW,BUDGET_PERFORMANCE_MISMATCH,19084000000,0.2542372881355932,0.0,0.0,0.06759589184657304,0.21897810218978103,equal,0.07164349850908852,0.08045829499554157,223,223.0,223,0.034782608695652195,63,63.0,63,0.07462686567164178,"{""budget_performance_mismatch"": 0.25, ""execution_management"": 0.25, ""fiscal_impact"": 0.25, ""performance_gap"": 0.25}"
075:2024:사회복지:사회복지일반:2600:GENERAL_ACCOUNT,075,사회복지,사회복지일반,2600,2024,GENERAL_ACCOUNT,사회복지기반조성,MODERATE_OR_CONTEXT_REVIEW,EXECUTION_MANAGEMENT;ACCOUNTING_ADJUSTMENT_CONTEXT,199538000000,0.5128205128205128,0.0,0.026481171506179273,0.0,0.6277372262773723,equal,0.16355459944588788,0.134825421081673,182,182.0,182,0.21304347826086956,77,77.0,77,0.050000000000000044,"{""budget_performance_mismatch"": 0.25, ""execution_management"": 0.25, ""fiscal_impact"": 0.25, ""performance_gap"": 0.25}"
019:2024:사회복지:노동:4000:FUND,019,사회복지,노동,4000,2024,FUND,산재보험,MODERATE_OR_CONTEXT_REVIEW,EXECUTION_MANAGEMENT;ACCOUNTING_ADJUSTMENT_CONTEXT;PROGRAM_STRUCTURE_CONTEXT,8100653000000,0.9473684210526315,0.0,0.0004334835722502865,0.0,0.9635036496350365,equal,0.2409842833018217,0.23695047615622045,116,116.0,116,0.5,23,23.0,23,0.4358974358974359,"{""budget_performance_mismatch"": 0.25, ""execution_management"": 0.25, ""fiscal_impact"": 0.25, ""performance_gap"": 0.25}"
102:2024:산업·중소기업및에너지:중소기업및소상공인육성:4100:FUND,102,산업·중소기업및에너지,중소기업및소상공인육성,4100,2024,FUND,소상공인·전통시장지원,MODERATE_OR_CONTEXT_REVIEW,BUDGET_PERFORMANCE_MISMATCH;ACCOUNTING_ADJUSTMENT_CONTEXT;PROGRAM_STRUCTURE_CONTEXT,4918197000000,1.0,0.0,0.0,0.00047680074628974803,0.9416058394160584,equal,0.23552066004058703,0.2501192001865724,121,121.0,121,0.4782608695652174,23,23.0,23,0.46341463414634143,"{""budget_performance_mismatch"": 0.25, ""execution_management"": 0.25, ""fiscal_impact"": 0.25, ""performance_gap"": 0.25}"
102:2024:산업·중소기업및에너지:중소기업및소상공인육성:4100:SPECIAL_ACCOUNT,102,산업·중소기업및에너지,중소기업및소상공인육성,4100,2024,SPECIAL_ACCOUNT,소상공인·전통시장지원,MODERATE_OR_CONTEXT_REVIEW,EXECUTION_MANAGEMENT;PROGRAM_STRUCTURE_CONTEXT,26046000000,0.2,0.0,0.04565000383936113,0.0,0.24817518248175183,equal,0.07345629658027825,0.06141250095984029,222,222.0,222,0.03913043478260869,40,40.0,40,0.04878048780487809,"{""budget_performance_mismatch"": 0.25, ""execution_management"": 0.25, ""fiscal_impact"": 0.25, ""performance_gap"": 0.25}"
162:2024:통신:우정:5300:SPECIAL_ACCOUNT,162,통신,우정,5300,2024,SPECIAL_ACCOUNT,우체국보험,MODERATE_OR_CONTEXT_REVIEW,EXECUTION_MANAGEMENT;PROGRAM_STRUCTURE_CONTEXT,292782000000,0.8813559322033898,0.0,0.03996318079663367,0.0,0.708029197080292,equal,0.1869980944692314,0.23032977825000586,158,158.0,158,0.31739130434782614,29,29.0,29,0.582089552238806,"{""budget_performance_mismatch"": 0.25, ""execution_management"": 0.25, ""fiscal_impact"": 0.25, ""performance_gap"": 0.25}"
162:2024:과학기술:과학기술연구개발:1400:FUND,162,과학기술,과학기술연구개발,1400,2024,FUND,원자력 진흥,MODERATE_OR_CONTEXT_REVIEW,EXECUTION_MANAGEMENT,125611000000,0.711864406779661,0.0,0.049677177954160066,0.0,0.5547445255474452,equal,0.15110542587540132,0.19038539618345526,191,191.0,191,0.17391304347826086,40,40.0,40,0.417910447761194,"{""budget_performance_mismatch"": 0.25, ""execution_management"": 0.25, ""fiscal_impact"": 0.25, ""performance_gap"": 0.25}"
075:2024:보건:보건의료:2800:FUND,075,보건,보건의료,2800,2024,FUND,응급의료체계운영지원,MODERATE_OR_CONTEXT_REVIEW,EXECUTION_MANAGEMENT,278809000000,0.6410256410256411,0.0,0.02043872328368166,0.0,0.7007299270072993,equal,0.18029216257274525,0.1653660910773307,165,165.0,165,0.28695652173913044,71,71.0,71,0.125,"{""budget_performance_mismatch"": 0.25, ""execution_management"": 0.25, ""fiscal_impact"": 0.25, ""performance_gap"": 0.25}"
162:2024:통신:정보통신:2600:FUND,162,통신,정보통신,2600,2024,FUND,인공지능데이터진흥,MODERATE_OR_CONTEXT_REVIEW,EXECUTION_MANAGEMENT;ACCOUNTING_ADJUSTMENT_CONTEXT,260821000000,0.864406779661017,0.0,0.1176860758911284,0.0,0.6934306569343066,equal,0.20277918320635874,0.24552321388803633,145,145.0,145,0.3739130434782608,24,24.0,24,0.6567164179104478,"{""budget_performance_mismatch"": 0.25, ""execution_management"": 0.25, ""fiscal_impact"": 0.25, ""performance_gap"": 0.25}"
162:2024:통신:정보통신:2600:GENERAL_ACCOUNT,162,통신,정보통신,2600,2024,GENERAL_ACCOUNT,인공지능데이터진흥,MODERATE_OR_CONTEXT_REVIEW,BUDGET_PERFORMANCE_MISMATCH,235840000000,0.847457627118644,0.0,0.0,0.0020352781546811396,0.6788321167883211,equal,0.17021684873575058,0.2123732263183313,174,174.0,174,0.24782608695652175,34,34.0,34,0.5074626865671642,"{""budget_performance_mismatch"": 0.25, ""execution_management"": 0.25, ""fiscal_impact"": 0.25, ""performance_gap"": 0.25}"
162:2024:통신:정보통신:2000:GENERAL_ACCOUNT,162,통신,정보통신,2000,2024,GENERAL_ACCOUNT,인터넷융합산업,MODERATE_OR_CONTEXT_REVIEW,BUDGET_PERFORMANCE_MISMATCH,87571000000,0.5932203389830508,0.0,0.0,0.013703166573409005,0.4744525547445255,equal,0.12203893032948364,0.15173087638911498,203,203.0,203,0.12173913043478257,47,47.0,47,0.31343283582089554,"{""budget_performance_mismatch"": 0.25, ""execution_management"": 0.25, ""fiscal_impact"": 0.25, ""performance_gap"": 0.25}"
075:2024:사회복지:아동·보육:2500:GENERAL_ACCOUNT,075,사회복지,아동·보육,2500,2024,GENERAL_ACCOUNT,저출산대응및인구정책지원,MODERATE_OR_CONTEXT_REVIEW,EXECUTION_MANAGEMENT;PROGRAM_STRUCTURE_CONTEXT,2559864000000,0.8461538461538461,0.0,0.00016563379929558758,0.0,0.9124087591240876,equal,0.2281435982308458,0.21157986998828543,126,126.0,126,0.4565217391304348,57,57.0,57,0.30000000000000004,"{""budget_performance_mismatch"": 0.25, ""execution_management"": 0.25, ""fiscal_impact"": 0.25, ""performance_gap"": 0.25}"
162:2024:통신:정보통신:2300:GENERAL_ACCOUNT,162,통신,정보통신,2300,2024,GENERAL_ACCOUNT,정보보호및활용,MODERATE_OR_CONTEXT_REVIEW,BUDGET_PERFORMANCE_MISMATCH,127718000000,0.7457627118644068,0.0,0.0,0.004384659953961071,0.5693430656934306,equal,0.14343193141184793,0.18753684295459197,195,195.0,195,0.15652173913043477,41,41.0,41,0.4029850746268657,"{""budget_performance_mismatch"": 0.25, ""execution_management"": 0.25, ""fiscal_impact"": 0.25, ""performance_gap"": 0.25}"
162:2024:문화및관광:문화예술:1200:FUND,162,문화및관광,문화예술,1200,2024,FUND,정보통신방송국제협력,MODERATE_OR_CONTEXT_REVIEW,EXECUTION_MANAGEMENT,15304000000,0.22033898305084745,0.0,0.08759147935180345,0.0,0.1897810218978102,equal,0.06934312531240341,0.07698261560066272,226,226.0,226,0.021739130434782594,65,65.0,65,0.04477611940298509,"{""budget_performance_mismatch"": 0.25, ""execution_management"": 0.25, ""fiscal_impact"": 0.25, ""performance_gap"": 0.25}"
162:2024:문화및관광:문화예술:1600:FUND,162,문화및관광,문화예술,1600,2024,FUND,정보통신방송기반조성,MODERATE_OR_CONTEXT_REVIEW,BUDGET_PERFORMANCE_MISMATCH;ACCOUNTING_ADJUSTMENT_CONTEXT,14763000000,0.2033898305084746,0.0,0.0,0.3409198672356567,0.18248175182481752,equal,0.13085040476511856,0.13607742443603282,202,202.0,202,0.12608695652173918,51,51.0,51,0.25373134328358204,"{""budget_performance_mismatch"": 0.25, ""execution_management"": 0.25, ""fiscal_impact"": 0.25, ""performance_gap"": 0.25}"
162:2024:통신:정보통신:2100:GENERAL_ACCOUNT,162,통신,정보통신,2100,2024,GENERAL_ACCOUNT,정보통신융합산업,MODERATE_OR_CONTEXT_REVIEW,BUDGET_PERFORMANCE_MISMATCH,138052000000,0.7627118644067796,0.0,0.0,0.017239880624692144,0.5766423357664233,equal,0.14847055409777887,0.19498793625786795,192,192.0,192,0.16956521739130437,37,37.0,37,0.4626865671641791,"{""budget_performance_mismatch"": 0.25, ""execution_management"": 0.25, ""fiscal_impact"": 0.25, ""performance_gap"": 0.25}"
102:2024:산업·중소기업및에너지:무역및투자유치:3100:FUND,102,산업·중소기업및에너지,무역및투자유치,3100,2024,FUND,중소기업수출촉진지원,MODERATE_OR_CONTEXT_REVIEW,EXECUTION_MANAGEMENT,45557000000,0.4,0.0,0.5,0.0,0.3357664233576642,equal,0.20894160583941607,0.225,141,141.0,141,0.3913043478260869,25,25.0,25,0.41463414634146345,"{""budget_performance_mismatch"": 0.25, ""execution_management"": 0.25, ""fiscal_impact"": 0.25, ""performance_gap"": 0.25}"
102:2024:산업·중소기업및에너지:중소기업및소상공인육성:5400:GENERAL_ACCOUNT,102,산업·중소기업및에너지,중소기업및소상공인육성,5400,2024,GENERAL_ACCOUNT,중소기업인력지원,MODERATE_OR_CONTEXT_REVIEW,BUDGET_PERFORMANCE_MISMATCH,231315000000,0.65,0.0,0.0,0.5332079631671098,0.656934306569343,equal,0.29753556743411325,0.2958019907917775,78,78.0,78,0.6652173913043478,15,15.0,15,0.6585365853658536,"{""budget_performance_mismatch"": 0.25, ""execution_management"": 0.25, ""fiscal_impact"": 0.25, ""performance_gap"": 0.25}"
102:2024:산업·중소기업및에너지:창업및벤처:5100:FUND,102,산업·중소기업및에너지,창업및벤처,5100,2024,FUND,창업환경조성,MODERATE_OR_CONTEXT_REVIEW,PERFORMANCE_BELOW_TARGET,2728640000000,0.95,1.0,0.0,0.0,0.927007299270073,equal,0.4817518248175182,0.48749999999999993,12,12.0,12,0.9521739130434783,3,3.0,3,0.9512195121951219,"{""budget_performance_mismatch"": 0.25, ""execution_management"": 0.25, ""fiscal_impact"": 0.25, ""performance_gap"": 0.25}"
102:2024:산업·중소기업및에너지:창업및벤처:5100:GENERAL_ACCOUNT,102,산업·중소기업및에너지,창업및벤처,5100,2024,GENERAL_ACCOUNT,창업환경조성,MODERATE_OR_CONTEXT_REVIEW,PERFORMANCE_BELOW_TARGET,706371000000,0.75,1.0,0.0,0.0,0.7883211678832117,equal,0.4470802919708029,0.4375,26,26.0,26,0.8913043478260869,6,6.0,6,0.8780487804878049,"{""budget_performance_mismatch"": 0.25, ""execution_management"": 0.25, ""fiscal_impact"": 0.25, ""performance_gap"": 0.25}"
102:2024:산업·중소기업및에너지:창업및벤처:5100:SPECIAL_ACCOUNT,102,산업·중소기업및에너지,창업및벤처,5100,2024,SPECIAL_ACCOUNT,창업환경조성,MODERATE_OR_CONTEXT_REVIEW,PERFORMANCE_BELOW_TARGET,81886000000,0.45,1.0,0.0,0.0,0.45985401459854014,equal,0.36496350364963503,0.3625,47,47.0,47,0.8,10,10.0,10,0.7804878048780488,"{""budget_performance_mismatch"": 0.25, ""execution_management"": 0.25, ""fiscal_impact"": 0.25, ""performance_gap"": 0.25}"
162:2024:문화및관광:문화예술:1100:GENERAL_ACCOUNT,162,문화및관광,문화예술,1100,2024,GENERAL_ACCOUNT,콘텐츠방송산업육성,MODERATE_OR_CONTEXT_REVIEW,BUDGET_PERFORMANCE_MISMATCH,52385000000,0.4576271186440678,0.0,0.0,0.050033406509496996,0.3795620437956204,equal,0.10739886257627936,0.12691513128839121,211,211.0,211,0.08695652173913049,53,53.0,53,0.22388059701492535,"{""budget_performance_mismatch"": 0.25, ""execution_management"": 0.25, ""fiscal_impact"": 0.25, ""performance_gap"": 0.25}"
162:2024:통신:방송통신:2400:FUND,162,통신,방송통신,2400,2024,FUND,통신정책지원,MODERATE_OR_CONTEXT_REVIEW,EXECUTION_MANAGEMENT,16096000000,0.23728813559322035,0.0,0.054858349900596425,0.0,0.20437956204379562,equal,0.06480947798609801,0.0730366213734542,228,228.0,228,0.013043478260869601,68,68.0,68,0.0,"{""budget_performance_mismatch"": 0.25, ""execution_management"": 0.25, ""fiscal_impact"": 0.25, ""performance_gap"": 0.25}"
075:2024:보건:보건의료:3200:GENERAL_ACCOUNT,075,보건,보건의료,3200,2024,GENERAL_ACCOUNT,한의학연구및정책개발,MODERATE_OR_CONTEXT_REVIEW,EXECUTION_MANAGEMENT,48507000000,0.38461538461538464,0.0,0.011183952831550086,0.0,0.35766423357664234,equal,0.09221204660204811,0.09894983436173369,218,218.0,218,0.05652173913043479,80,80.0,80,0.012499999999999956,"{""budget_performance_mismatch"": 0.25, ""execution_management"": 0.25, ""fiscal_impact"": 0.25, ""performance_gap"": 0.25}"
075:2022:보건:건강보험:4900:GENERAL_ACCOUNT,075,보건,건강보험,4900,2022,GENERAL_ACCOUNT,건강보험제도 운영,MULTIPLE_SIGNAL_REVIEW,PERFORMANCE_BELOW_TARGET;EXECUTION_MANAGEMENT;PROGRAM_STRUCTURE_CONTEXT,10109249000000,0.9142857142857143,0.5,7.418948727051831e-06,0.0,0.9612403100775194,performance_focus,0.34612551479749737,0.3414300552183168,53,53.0,53,0.7739130434782608,26,26.0,26,0.6875,"{""budget_performance_mismatch"": 0.2, ""execution_management"": 0.2, ""fiscal_impact"": 0.1, ""performance_gap"": 0.5}"
075:2022:보건:보건의료:4100:RESPONSIBLE_OPERATION_ACCOUNT,075,보건,보건의료,4100,2022,RESPONSIBLE_OPERATION_ACCOUNT,국립공주병원,MULTIPLE_SIGNAL_REVIEW,PERFORMANCE_BELOW_TARGET;EXECUTION_MANAGEMENT;PROGRAM_STRUCTURE_CONTEXT;LOW_PERFORMANCE_BUDGET_INCREASE_T1;LOW_PERFORMANCE_BUDGET_INCREASE_T2,5622000000,0.05714285714285714,1.0,0.7440412664532194,0.0,0.07751937984496124,performance_focus,0.65656019127514,0.6545225390049295,6,6.0,6,0.9782608695652174,5,5.0,5,0.95,"{""budget_performance_mismatch"": 0.2, ""execution_management"": 0.2, ""fiscal_impact"": 0.1, ""performance_gap"": 0.5}"
075:2022:보건:보건의료:3800:RESPONSIBLE_OPERATION_ACCOUNT,075,보건,보건의료,3800,2022,RESPONSIBLE_OPERATION_ACCOUNT,국립나주병원,MULTIPLE_SIGNAL_REVIEW,PERFORMANCE_BELOW_TARGET;EXECUTION_MANAGEMENT;PROGRAM_STRUCTURE_CONTEXT;LOW_PERFORMANCE_BUDGET_INCREASE_T1;LOW_PERFORMANCE_BUDGET_INCREASE_T2,7193000000,0.08571428571428572,1.0,0.7318226053107187,0.0,0.09302325581395349,performance_focus,0.6556668466435391,0.6549359496335724,7,7.0,7,0.9739130434782609,4,4.0,4,0.9625,"{""budget_performance_mismatch"": 0.2, ""execution_management"": 0.2, ""fiscal_impact"": 0.1, ""performance_gap"": 0.5}"
075:2022:보건:보건의료:4000:RESPONSIBLE_OPERATION_ACCOUNT,075,보건,보건의료,4000,2022,RESPONSIBLE_OPERATION_ACCOUNT,국립춘천병원,MULTIPLE_SIGNAL_REVIEW,PERFORMANCE_BELOW_TARGET;EXECUTION_MANAGEMENT;PROGRAM_STRUCTURE_CONTEXT;LOW_PERFORMANCE_BUDGET_INCREASE_T1;LOW_PERFORMANCE_BUDGET_INCREASE_T2,5324000000,0.02857142857142857,1.0,1.0,0.0,0.06976744186046512,performance_focus,0.7069767441860465,0.7028571428571428,3,3.0,3,0.991304347826087,2,2.0,2,0.9875,"{""budget_performance_mismatch"": 0.2, ""execution_management"": 0.2, ""fiscal_impact"": 0.1, ""performance_gap"": 0.5}"
075:2022:보건:보건의료:3300:GENERAL_ACCOUNT,075,보건,보건의료,3300,2022,GENERAL_ACCOUNT,국민건강생활실천,MULTIPLE_SIGNAL_REVIEW,PERFORMANCE_BELOW_TARGET;EXECUTION_MANAGEMENT,179703000000,0.45714285714285713,0.5,0.11708207431150287,0.0,0.5658914728682171,performance_focus,0.33000556214912224,0.3191307005765862,59,59.0,59,0.7478260869565218,32,32.0,32,0.6125,"{""budget_performance_mismatch"": 0.2, ""execution_management"": 0.2, ""fiscal_impact"": 0.1, ""performance_gap"": 0.5}"
075:2022:사회복지:취약계층지원:1900:GENERAL_ACCOUNT,075,사회복지,취약계층지원,1900,2022,GENERAL_ACCOUNT,노숙인의사상자지원,MULTIPLE_SIGNAL_REVIEW,PERFORMANCE_BELOW_TARGET;EXECUTION_MANAGEMENT,7812000000,0.14285714285714285,0.5,1.0,0.0,0.10852713178294573,performance_focus,0.46085271317829457,0.4642857142857143,43,43.0,43,0.817391304347826,18,18.0,18,0.7875,"{""budget_performance_mismatch"": 0.2, ""execution_management"": 0.2, ""fiscal_impact"": 0.1, ""performance_gap"": 0.5}"
075:2022:보건:보건의료:3000:GENERAL_ACCOUNT,075,보건,보건의료,3000,2022,GENERAL_ACCOUNT,보건산업육성,MULTIPLE_SIGNAL_REVIEW,PERFORMANCE_BELOW_TARGET;EXECUTION_MANAGEMENT,872066500000,0.7142857142857143,0.5,0.5,0.0,0.7751937984496124,performance_focus,0.42751937984496124,0.42142857142857143,47,47.0,47,0.8,22,22.0,22,0.7375,"{""budget_performance_mismatch"": 0.2, ""execution_management"": 0.2, ""fiscal_impact"": 0.1, ""performance_gap"": 0.5}"
075:2022:보건:보건의료:2800:FUND,075,보건,보건의료,2800,2022,FUND,응급의료체계운영지원,MULTIPLE_SIGNAL_REVIEW,PERFORMANCE_BELOW_TARGET;EXECUTION_MANAGEMENT,291787800000,0.5428571428571428,0.5,0.010055252481426571,0.0,0.6511627906976745,performance_focus,0.3171273295660528,0.3062967647819996,69,69.0,69,0.7043478260869565,37,37.0,37,0.55,"{""budget_performance_mismatch"": 0.2, ""execution_management"": 0.2, ""fiscal_impact"": 0.1, ""performance_gap"": 0.5}"
075:2022:사회복지:아동·보육:2500:FUND,075,사회복지,아동·보육,2500,2022,FUND,저출산대응및인구정책 지원,MULTIPLE_SIGNAL_REVIEW,PERFORMANCE_BELOW_TARGET;EXECUTION_MANAGEMENT;PROGRAM_STRUCTURE_CONTEXT,20934000000,0.22857142857142856,0.5,0.3024505588993981,0.0,0.1937984496124031,performance_focus,0.3298699567411199,0.33334725463702247,60,60.0,60,0.7434782608695651,28,28.0,28,0.6625,"{""budget_performance_mismatch"": 0.2, ""execution_management"": 0.2, ""fiscal_impact"": 0.1, ""performance_gap"": 0.5}"
075:2022:사회복지:아동·보육:2500:GENERAL_ACCOUNT,075,사회복지,아동·보육,2500,2022,GENERAL_ACCOUNT,저출산대응및인구정책 지원,MULTIPLE_SIGNAL_REVIEW,PERFORMANCE_BELOW_TARGET;EXECUTION_MANAGEMENT;PROGRAM_STRUCTURE_CONTEXT,2784322000000,0.8,0.5,0.0010463947776155201,0.0,0.8914728682170543,performance_focus,0.3393565657772285,0.3302092789555231,57,57.0,57,0.7565217391304347,29,29.0,29,0.65,"{""budget_performance_mismatch"": 0.2, ""execution_management"": 0.2, ""fiscal_impact"": 0.1, ""performance_gap"": 0.5}"
075:2023:보건:건강보험:4900:FUND,075,보건,건강보험,4900,2023,FUND,건강보험제도 운영,MULTIPLE_SIGNAL_REVIEW,PERFORMANCE_BELOW_TARGET;EXECUTION_MANAGEMENT;PROGRAM_STRUCTURE_CONTEXT,1820839000000,0.7948717948717948,0.5,0.5,0.0,0.8623188405797102,performance_focus,0.436231884057971,0.42948717948717946,45,45.0,45,0.808695652173913,19,19.0,19,0.775,"{""budget_performance_mismatch"": 0.2, ""execution_management"": 0.2, ""fiscal_impact"": 0.1, ""performance_gap"": 0.5}"
075:2023:보건:건강보험:4900:GENERAL_ACCOUNT,075,보건,건강보험,4900,2023,GENERAL_ACCOUNT,건강보험제도 운영,MULTIPLE_SIGNAL_REVIEW,PERFORMANCE_BELOW_TARGET;EXECUTION_MANAGEMENT;ACCOUNTING_ADJUSTMENT_CONTEXT;PROGRAM_STRUCTURE_CONTEXT,10589360000000,0.9230769230769231,0.5,0.43200948876985956,0.0,0.9710144927536232,performance_focus,0.43350334702933424,0.4287095900616642,46,46.0,46,0.8043478260869565,20,20.0,20,0.7625,"{""budget_performance_mismatch"": 0.2, ""execution_management"": 0.2, ""fiscal_impact"": 0.1, ""performance_gap"": 0.5}"
019:2023:사회복지:고용:1200:GENERAL_ACCOUNT,019,사회복지,고용,1200,2023,GENERAL_ACCOUNT,고용안전망확충,MULTIPLE_SIGNAL_REVIEW,PERFORMANCE_BELOW_TARGET;EXECUTION_MANAGEMENT;BUDGET_PERFORMANCE_MISMATCH;PROGRAM_STRUCTURE_CONTEXT,2342583000000,0.8421052631578947,0.3333333333333333,1.0,0.0017029634951390552,0.9130434782608695,performance_focus,0.45831160719178143,0.4512177856814839,44,44.0,44,0.8130434782608695,9,9.0,9,0.7948717948717949,"{""budget_performance_mismatch"": 0.2, ""execution_management"": 0.2, ""fiscal_impact"": 0.1, ""performance_gap"": 0.5}"
019:2023:사회복지:고용:1000:FUND,019,사회복지,고용,1000,2023,FUND,고용창출,MULTIPLE_SIGNAL_REVIEW,PERFORMANCE_BELOW_TARGET;EXECUTION_MANAGEMENT;BUDGET_PERFORMANCE_MISMATCH;ACCOUNTING_ADJUSTMENT_CONTEXT,913800000000,0.5263157894736842,0.25,1.0,0.30732353906762966,0.7971014492753623,performance_focus,0.4661748527410622,0.43909628676089435,42,42.0,42,0.8217391304347826,10,10.0,10,0.7692307692307692,"{""budget_performance_mismatch"": 0.2, ""execution_management"": 0.2, ""fiscal_impact"": 0.1, ""performance_gap"": 0.5}"
019:2023:사회복지:고용:1000:GENERAL_ACCOUNT,019,사회복지,고용,1000,2023,GENERAL_ACCOUNT,고용창출,MULTIPLE_SIGNAL_REVIEW,PERFORMANCE_BELOW_TARGET;EXECUTION_MANAGEMENT;BUDGET_PERFORMANCE_MISMATCH,1952025000000,0.7894736842105263,0.25,0.5,0.16705882352941176,0.8768115942028986,performance_focus,0.3460929241261722,0.337359133126935,54,54.0,54,0.7695652173913043,12,12.0,12,0.717948717948718,"{""budget_performance_mismatch"": 0.2, ""execution_management"": 0.2, ""fiscal_impact"": 0.1, ""performance_gap"": 0.5}"
019:2023:사회복지:고용:1000:SPECIAL_ACCOUNT,019,사회복지,고용,1000,2023,SPECIAL_ACCOUNT,고용창출,MULTIPLE_SIGNAL_REVIEW,PERFORMANCE_BELOW_TARGET;BUDGET_PERFORMANCE_MISMATCH,255818000000,0.42105263157894735,0.25,0.0,0.14414935618291128,0.6666666666666666,performance_focus,0.2204965379032489,0.195935134394477,110,110.0,110,0.5260869565217392,20,20.0,20,0.5128205128205128,"{""budget_performance_mismatch"": 0.2, ""execution_management"": 0.2, ""fiscal_impact"": 0.1, ""performance_gap"": 0.5}"
019:2023:사회복지:고용:1300:FUND,019,사회복지,고용,1300,2023,FUND,고용평등증진,MULTIPLE_SIGNAL_REVIEW,PERFORMANCE_BELOW_TARGET;BUDGET_PERFORMANCE_MISMATCH;PROGRAM_STRUCTURE_CONTEXT,2715275000000,0.8947368421052632,0.25,0.0,0.008816970656747474,0.927536231884058,performance_focus,0.2195170173197553,0.2162370783418758,111,111.0,111,0.5217391304347826,18,18.0,18,0.5641025641025641,"{""budget_performance_mismatch"": 0.2, ""execution_management"": 0.2, ""fiscal_impact"": 0.1, ""performance_gap"": 0.5}"
075:2023:보건:보건의료:2700:GENERAL_ACCOUNT,075,보건,보건의료,2700,2023,GENERAL_ACCOUNT,공공보건의료확충,MULTIPLE_SIGNAL_REVIEW,EXECUTION_MANAGEMENT;BUDGET_PERFORMANCE_MISMATCH;ACCOUNTING_ADJUSTMENT_CONTEXT,1108174000000,0.7692307692307693,0.0,0.0017456644895115748,0.04428817135215228,0.8188405797101449,performance_focus,0.09109082513934727,0.0861298440914097,173,173.0,173,0.25217391304347825,66,66.0,66,0.1875,"{""budget_performance_mismatch"": 0.2, ""execution_management"": 0.2, ""fiscal_impact"": 0.1, ""performance_gap"": 0.5}"
162:2023:과학기술:과학기술연구지원:1600:GENERAL_ACCOUNT,162,과학기술,과학기술연구지원,1600,2023,GENERAL_ACCOUNT,과학기술기반조성,MULTIPLE_SIGNAL_REVIEW,PERFORMANCE_BELOW_TARGET;EXECUTION_MANAGEMENT;PROGRAM_STRUCTURE_CONTEXT,63956000000,0.5,0.5,1.0,0.0,0.42028985507246375,performance_focus,0.4920289855072464,0.5,41,41.0,41,0.8260869565217391,3,3.0,3,0.9701492537313433,"{""budget_performance_mismatch"": 0.2, ""execution_management"": 0.2, ""fiscal_impact"": 0.1, ""performance_gap"": 0.5}"
162:2023:과학기술:과학기술인력및문화:1700:FUND,162,과학기술,과학기술인력및문화,1700,2023,FUND,과학기술인력양성,MULTIPLE_SIGNAL_REVIEW,PERFORMANCE_BELOW_TARGET;EXECUTION_MANAGEMENT,41481000000,0.3103448275862069,0.3333333333333333,0.0210096188616475,0.0,0.2898550724637681,performance_focus,0.199854097685373,0.20190307319761686,124,124.0,124,0.4652173913043478,21,21.0,21,0.7014925373134329,"{""budget_performance_mismatch"": 0.2, ""execution_management"": 0.2, ""fiscal_impact"": 0.1, ""performance_gap"": 0.5}"
075:2023:보건:보건의료:4100:RESPONSIBLE_OPERATION_ACCOUNT,075,보건,보건의료,4100,2023,RESPONSIBLE_OPERATION_ACCOUNT,국립공주병원,MULTIPLE_SIGNAL_REVIEW,PERFORMANCE_BELOW_TARGET;EXECUTION_MANAGEMENT;PROGRAM_STRUCTURE_CONTEXT;LOW_PERFORMANCE_BUDGET_INCREASE_T1,5872000000,0.07692307692307693,1.0,0.5,0.0,0.09420289855072464,performance_focus,0.6094202898550725,0.6076923076923076,10,10.0,10,0.9608695652173913,7,7.0,7,0.925,"{""budget_performance_mismatch"": 0.2, ""execution_management"": 0.2, ""fiscal_impact"": 0.1, ""performance_gap"": 0.5}"
075:2023:보건:보건의료:3800:RESPONSIBLE_OPERATION_ACCOUNT,075,보건,보건의료,3800,2023,RESPONSIBLE_OPERATION_ACCOUNT,국립나주병원,MULTIPLE_SIGNAL_REVIEW,PERFORMANCE_BELOW_TARGET;EXECUTION_MANAGEMENT;BUDGET_PERFORMANCE_MISMATCH;PROGRAM_STRUCTURE_CONTEXT;LOW_PERFORMANCE_BUDGET_INCREASE_T1,7306000000,0.1282051282051282,0.5,0.7340542020257322,0.07966055297016152,0.10869565217391304,performance_focus,0.4236125162165701,0.4255634638196916,48,48.0,48,0.7956521739130434,21,21.0,21,0.75,"{""budget_performance_mismatch"": 0.2, ""execution_management"": 0.2, ""fiscal_impact"": 0.1, ""performance_gap"": 0.5}"
075:2023:사회복지:취약계층지원:1800:RESPONSIBLE_OPERATION_ACCOUNT,075,사회복지,취약계층지원,1800,2023,RESPONSIBLE_OPERATION_ACCOUNT,국립재활원,MULTIPLE_SIGNAL_REVIEW,PERFORMANCE_BELOW_TARGET;EXECUTION_MANAGEMENT;BUDGET_PERFORMANCE_MISMATCH,32119000000,0.3333333333333333,0.5,0.5,0.07263613437529189,0.2608695652173913,performance_focus,0.3906141833967975,0.39786056020839167,49,49.0,49,0.7913043478260869,23,23.0,23,0.725,"{""budget_performance_mismatch"": 0.2, ""execution_management"": 0.2, ""fiscal_impact"": 0.1, ""performance_gap"": 0.5}"
075:2023:보건:보건의료:3700:RESPONSIBLE_OPERATION_ACCOUNT,075,보건,보건의료,3700,2023,RESPONSIBLE_OPERATION_ACCOUNT,국립정신건강센터,MULTIPLE_SIGNAL_REVIEW,PERFORMANCE_BELOW_TARGET;EXECUTION_MANAGEMENT;BUDGET_PERFORMANCE_MISMATCH;PROGRAM_STRUCTURE_CONTEXT;LOW_PERFORMANCE_BUDGET_INCREASE_T1,17756000000,0.23076923076923078,0.5,0.5,0.010559810768191034,0.18115942028985507,performance_focus,0.3702279041826237,0.37518888523056126,50,50.0,50,0.7869565217391304,24,24.0,24,0.7125,"{""budget_performance_mismatch"": 0.2, ""execution_management"": 0.2, ""fiscal_impact"": 0.1, ""performance_gap"": 0.5}"
162:2023:과학기술:과학기술인력및문화:2200:RESPONSIBLE_OPERATION_ACCOUNT,162,과학기술,과학기술인력및문화,2200,2023,RESPONSIBLE_OPERATION_ACCOUNT,국립중앙과학관운영,MULTIPLE_SIGNAL_REVIEW,PERFORMANCE_BELOW_TARGET;EXECUTION_MANAGEMENT;LOW_PERFORMANCE_BUDGET_INCREASE_T1,11718000000,0.1896551724137931,0.3333333333333333,0.11648745519713262,0.0,0.15942028985507245,performance_focus,0.20590618669160043,0.2089296749474725,119,119.0,119,0.4869565217391304,20,20.0,20,0.7164179104477613,"{""budget_performance_mismatch"": 0.2, ""execution_management"": 0.2, ""fiscal_impact"": 0.1, ""performance_gap"": 0.5}"
075:2023:보건:보건의료:4000:RESPONSIBLE_OPERATION_ACCOUNT,075,보건,보건의료,4000,2023,RESPONSIBLE_OPERATION_ACCOUNT,국립춘천병원,MULTIPLE_SIGNAL_REVIEW,PERFORMANCE_BELOW_TARGET;EXECUTION_MANAGEMENT;BUDGET_PERFORMANCE_MISMATCH;LOW_PERFORMANCE_BUDGET_INCREASE_T1,5694000000,0.05128205128205128,1.0,1.0,0.21742184755883387,0.08695652173913043,performance_focus,0.7521800216856798,0.7486125746399719,1,1.0,1,1.0,1,1.0,1,1.0,"{""budget_performance_mismatch"": 0.2, ""execution_management"": 0.2, ""fiscal_impact"": 0.1, ""performance_gap"": 0.5}"
075:2023:보건:보건의료:3300:GENERAL_ACCOUNT,075,보건,보건의료,3300,2023,GENERAL_ACCOUNT,국민건강생활실천,MULTIPLE_SIGNAL_REVIEW,PERFORMANCE_BELOW_TARGET;EXECUTION_MANAGEMENT;ACCOUNTING_ADJUSTMENT_CONTEXT,172081000000,0.46153846153846156,1.0,0.07345378048709619,0.0,0.5869565217391305,performance_focus,0.5733864082713322,0.5608446022512654,27,27.0,27,0.8869565217391304,14,14.0,14,0.8375,"{""budget_performance_mismatch"": 0.2, ""execution_management"": 0.2, ""fiscal_impact"": 0.1, ""performance_gap"": 0.5}"
019:2023:사회복지:노동:3000:FUND,019,사회복지,노동,3000,2023,FUND,근로조건보호및복지증진,MULTIPLE_SIGNAL_REVIEW,EXECUTION_MANAGEMENT;BUDGET_PERFORMANCE_MISMATCH;ACCOUNTING_ADJUSTMENT_CONTEXT,1029040000000,0.5789473684210527,0.0,0.015183083262069502,0.00539531990981886,0.8115942028985508,performance_focus,0.08527510092423275,0.06201041747648294,183,183.0,183,0.20869565217391306,36,36.0,36,0.10256410256410253,"{""budget_performance_mismatch"": 0.2, ""execution_management"": 0.2, ""fiscal_impact"": 0.1, ""performance_gap"": 0.5}"
075:2023:사회복지:기초생활보장:1100:GENERAL_ACCOUNT,075,사회복지,기초생활보장,1100,2023,GENERAL_ACCOUNT,기초생활보장,MULTIPLE_SIGNAL_REVIEW,PERFORMANCE_BELOW_TARGET;EXECUTION_MANAGEMENT;BUDGET_PERFORMANCE_MISMATCH;LOW_PERFORMANCE_BUDGET_INCREASE_T1,16405912000000,0.9487179487179487,1.0,1.2190727342679882e-07,0.013875851583258523,0.9855072463768116,performance_focus,0.6013259193357876,0.5976469895699014,11,11.0,11,0.9565217391304348,8,8.0,8,0.9125,"{""budget_performance_mismatch"": 0.2, ""execution_management"": 0.2, ""fiscal_impact"": 0.1, ""performance_gap"": 0.5}"
075:2023:사회복지:아동·보육:3100:GENERAL_ACCOUNT,075,사회복지,아동·보육,3100,2023,GENERAL_ACCOUNT,보육지원강화,MULTIPLE_SIGNAL_REVIEW,PERFORMANCE_BELOW_TARGET;EXECUTION_MANAGEMENT;BUDGET_PERFORMANCE_MISMATCH;LOW_PERFORMANCE_BUDGET_INCREASE_T1,6678017000000,0.8974358974358975,0.5,0.0003485316075116311,0.12140235641808039,0.9565217391304348,performance_focus,0.3700023515181619,0.3640937673487082,51,51.0,51,0.782608695652174,25,25.0,25,0.7,"{""budget_performance_mismatch"": 0.2, ""execution_management"": 0.2, ""fiscal_impact"": 0.1, ""performance_gap"": 0.5}"
019:2023:사회복지:노동:4100:FUND,019,사회복지,노동,4100,2023,FUND,산업재해예방,MULTIPLE_SIGNAL_REVIEW,PERFORMANCE_BELOW_TARGET;BUDGET_PERFORMANCE_MISMATCH,1198698000000,0.6842105263157895,0.3333333333333333,0.0,0.0024590569656966696,0.8333333333333334,performance_focus,0.25049181139313936,0.235579530691385,98,98.0,98,0.5782608695652174,16,16.0,16,0.6153846153846154,"{""budget_performance_mismatch"": 0.2, ""execution_management"": 0.2, ""fiscal_impact"": 0.1, ""performance_gap"": 0.5}"
019:2023:사회복지:노동:4000:FUND,019,사회복지,노동,4000,2023,FUND,산재보험,MULTIPLE_SIGNAL_REVIEW,EXECUTION_MANAGEMENT;BUDGET_PERFORMANCE_MISMATCH;ACCOUNTING_ADJUSTMENT_CONTEXT;PROGRAM_STRUCTURE_CONTEXT,8015070000000,0.9473684210526315,0.0,0.0011050433745432042,0.004046252871153963,0.9637681159420289,performance_focus,0.09740707084334234,0.0957671013544026,163,163.0,163,0.29565217391304344,32,32.0,32,0.20512820512820518,"{""budget_performance_mismatch"": 0.2, ""execution_management"": 0.2, ""fiscal_impact"": 0.1, ""performance_gap"": 0.5}"
162:2023:통신:우정:5100:SPECIAL_ACCOUNT,162,통신,우정,5100,2023,SPECIAL_ACCOUNT,우정서비스,MULTIPLE_SIGNAL_REVIEW,PERFORMANCE_BELOW_TARGET;EXECUTION_MANAGEMENT;BUDGET_PERFORMANCE_MISMATCH;ACCOUNTING_ADJUSTMENT_CONTEXT,1982736000000,0.9827586206896551,0.5,0.092414219543096,0.05734575858813276,0.8840579710144928,performance_focus,0.36835779272769503,0.3782278576952113,52,52.0,52,0.7782608695652173,4,4.0,4,0.9552238805970149,"{""budget_performance_mismatch"": 0.2, ""execution_management"": 0.2, ""fiscal_impact"": 0.1, ""performance_gap"": 0.5}"
162:2023:과학기술:과학기술연구개발:1400:GENERAL_ACCOUNT,162,과학기술,과학기술연구개발,1400,2023,GENERAL_ACCOUNT,원자력 진흥,MULTIPLE_SIGNAL_REVIEW,EXECUTION_MANAGEMENT;BUDGET_PERFORMANCE_MISMATCH,62661000000,0.46551724137931033,0.0,0.003989722474904645,0.03191777979923716,0.39855072463768115,performance_focus,0.04703657291859648,0.0537332245927594,216,216.0,216,0.06521739130434778,58,58.0,58,0.14925373134328357,"{""budget_performance_mismatch"": 0.2, ""execution_management"": 0.2, ""fiscal_impact"": 0.1, ""performance_gap"": 0.5}"
162:2023:통신:정보통신:2600:FUND,162,통신,정보통신,2600,2023,FUND,인공지능데이터진흥,MULTIPLE_SIGNAL_REVIEW,EXECUTION_MANAGEMENT;BUDGET_PERFORMANCE_MISMATCH;ACCOUNTING_ADJUSTMENT_CONTEXT,598257000000,0.9310344827586207,0.0,0.08887066929429994,0.06263528884743513,0.7608695652173914,performance_focus,0.10638814815008615,0.12340463990420909,156,156.0,156,0.32608695652173914,32,32.0,32,0.5373134328358209,"{""budget_performance_mismatch"": 0.2, ""execution_management"": 0.2, ""fiscal_impact"": 0.1, ""performance_gap"": 0.5}"
162:2023:통신:정보통신:2000:FUND,162,통신,정보통신,2000,2023,FUND,인터넷융합산업,MULTIPLE_SIGNAL_REVIEW,PERFORMANCE_BELOW_TARGET;BUDGET_PERFORMANCE_MISMATCH,159344000000,0.7241379310344828,0.5,0.0,0.04079224821769254,0.5652173913043478,performance_focus,0.3146801887739733,0.3305722427469868,71,71.0,71,0.6956521739130435,9,9.0,9,0.8805970149253731,"{""budget_performance_mismatch"": 0.2, ""execution_management"": 0.2, ""fiscal_impact"": 0.1, ""performance_gap"": 0.5}"
162:2023:통신:정보통신:2000:GENERAL_ACCOUNT,162,통신,정보통신,2000,2023,GENERAL_ACCOUNT,인터넷융합산업,MULTIPLE_SIGNAL_REVIEW,PERFORMANCE_BELOW_TARGET;BUDGET_PERFORMANCE_MISMATCH,100556000000,0.6206896551724138,0.5,0.0,0.03977882970683003,0.4927536231884058,performance_focus,0.3072311282602066,0.32002473145860744,75,75.0,75,0.6782608695652175,12,12.0,12,0.835820895522388,"{""budget_performance_mismatch"": 0.2, ""execution_management"": 0.2, ""fiscal_impact"": 0.1, ""performance_gap"": 0.5}"
162:2023:통신:정보통신:2000:SPECIAL_ACCOUNT,162,통신,정보통신,2000,2023,SPECIAL_ACCOUNT,인터넷융합산업,MULTIPLE_SIGNAL_REVIEW,PERFORMANCE_BELOW_TARGET;BUDGET_PERFORMANCE_MISMATCH,75094000000,0.5344827586206896,0.5,0.0,0.059259061975657175,0.43478260869565216,performance_focus,0.30533007326469663,0.3153000882572004,76,76.0,76,0.6739130434782609,13,13.0,13,0.8208955223880597,"{""budget_performance_mismatch"": 0.2, ""execution_management"": 0.2, ""fiscal_impact"": 0.1, ""performance_gap"": 0.5}"
019:2023:사회복지:고용:1400:FUND,019,사회복지,고용,1400,2023,FUND,장애인고용증진,MULTIPLE_SIGNAL_REVIEW,EXECUTION_MANAGEMENT;BUDGET_PERFORMANCE_MISMATCH;ACCOUNTING_ADJUSTMENT_CONTEXT,793474000000,0.47368421052631576,0.0,0.0028999059830567856,0.0003831253450018526,0.782608695652174,performance_focus,0.07891747583082913,0.04802502731824331,188,188.0,188,0.18695652173913047,38,38.0,38,0.05128205128205132,"{""budget_performance_mismatch"": 0.2, ""execution_management"": 0.2, ""fiscal_impact"": 0.1, ""performance_gap"": 0.5}"
075:2023:사회복지:취약계층지원:1500:FUND,075,사회복지,취약계층지원,1500,2023,FUND,장애인생활안정 및 재활 지원,MULTIPLE_SIGNAL_REVIEW,PERFORMANCE_BELOW_TARGET;BUDGET_PERFORMANCE_MISMATCH,7224000000,0.10256410256410256,0.5,0.0,0.2768549280177187,0.10144927536231885,performance_focus,0.3155159131397756,0.31562739585995403,70,70.0,70,0.7,35,35.0,35,0.575,"{""budget_performance_mismatch"": 0.2, ""execution_management"": 0.2, ""fiscal_impact"": 0.1, ""performance_gap"": 0.5}"
075:2023:사회복지:취약계층지원:1500:GENERAL_ACCOUNT,075,사회복지,취약계층지원,1500,2023,GENERAL_ACCOUNT,장애인생활안정 및 재활 지원,MULTIPLE_SIGNAL_REVIEW,PERFORMANCE_BELOW_TARGET;BUDGET_PERFORMANCE_MISMATCH;ACCOUNTING_ADJUSTMENT_CONTEXT,4532450000000,0.8717948717948718,0.5,0.0,6.905757371840837e-05,0.9492753623188406,performance_focus,0.3449413477466277,0.33719329869423087,56,56.0,56,0.7608695652173914,27,27.0,27,0.675,"{""budget_performance_mismatch"": 0.2, ""execution_management"": 0.2, ""fiscal_impact"": 0.1, ""performance_gap"": 0.5}"
075:2023:사회복지:아동·보육:2500:FUND,075,사회복지,아동·보육,2500,2023,FUND,저출산대응및인구정책지원,MULTIPLE_SIGNAL_REVIEW,PERFORMANCE_BELOW_TARGET;EXECUTION_MANAGEMENT;PROGRAM_STRUCTURE_CONTEXT,19906000000,0.2564102564102564,1.0,0.33648146287551495,0.0,0.2028985507246377,performance_focus,0.5875861476475667,0.5929373182161286,17,17.0,17,0.9304347826086956,9,9.0,9,0.9,"{""budget_performance_mismatch"": 0.2, ""execution_management"": 0.2, ""fiscal_impact"": 0.1, ""performance_gap"": 0.5}"
075:2023:사회복지:아동·보육:2500:GENERAL_ACCOUNT,075,사회복지,아동·보육,2500,2023,GENERAL_ACCOUNT,저출산대응및인구정책지원,MULTIPLE_SIGNAL_REVIEW,PERFORMANCE_BELOW_TARGET;EXECUTION_MANAGEMENT;PROGRAM_STRUCTURE_CONTEXT,2625301000000,0.8461538461538461,1.0,0.0010497843866284285,0.0,0.9202898550724637,performance_focus,0.5922389423845721,0.5848253414927104,16,16.0,16,0.9347826086956522,10,10.0,10,0.8875,"{""budget_performance_mismatch"": 0.2, ""execution_management"": 0.2, ""fiscal_impact"": 0.1, ""performance_gap"": 0.5}"
162:2023:통신:정보통신:2100:FUND,162,통신,정보통신,2100,2023,FUND,정보통신융합산업,MULTIPLE_SIGNAL_REVIEW,EXECUTION_MANAGEMENT;BUDGET_PERFORMANCE_MISMATCH;ACCOUNTING_ADJUSTMENT_CONTEXT,598251000000,0.9137931034482759,0.0,0.15619781663549245,0.16725254115747404,0.7536231884057971,performance_focus,0.140052390399173,0.1560693819034209,142,142.0,142,0.3869565217391304,25,25.0,25,0.6417910447761195,"{""budget_performance_mismatch"": 0.2, ""execution_management"": 0.2, ""fiscal_impact"": 0.1, ""performance_gap"": 0.5}"
102:2023:산업·중소기업및에너지:중소기업및소상공인육성:2100:GENERAL_ACCOUNT,102,산업·중소기업및에너지,중소기업및소상공인육성,2100,2023,GENERAL_ACCOUNT,중소기업기술개발지원,MULTIPLE_SIGNAL_REVIEW,PERFORMANCE_BELOW_TARGET;BUDGET_PERFORMANCE_MISMATCH,1481056000000,0.8636363636363636,1.0,0.0,0.0038708867186656006,0.855072463768116,performance_focus,0.5862814237205447,0.5871378137073695,19,19.0,19,0.9217391304347826,4,4.0,4,0.926829268292683,"{""budget_performance_mismatch"": 0.2, ""execution_management"": 0.2, ""fiscal_impact"": 0.1, ""performance_gap"": 0.5}"
102:2023:산업·중소기업및에너지:중소기업및소상공인육성:2100:SPECIAL_ACCOUNT,102,산업·중소기업및에너지,중소기업및소상공인육성,2100,2023,SPECIAL_ACCOUNT,중소기업기술개발지원,MULTIPLE_SIGNAL_REVIEW,PERFORMANCE_BELOW_TARGET;BUDGET_PERFORMANCE_MISMATCH,271720000000,0.6363636363636364,1.0,0.0,0.05712866185779479,0.6739130434782609,performance_focus,0.578817036719385,0.5750620960079226,25,25.0,25,0.8956521739130435,6,6.0,6,0.8780487804878049,"{""budget_performance_mismatch"": 0.2, ""execution_management"": 0.2, ""fiscal_impact"": 0.1, ""performance_gap"": 0.5}"
102:2023:산업·중소기업및에너지:중소기업및소상공인육성:4800:GENERAL_ACCOUNT,102,산업·중소기업및에너지,중소기업및소상공인육성,4800,2023,GENERAL_ACCOUNT,중소기업육성지원,MULTIPLE_SIGNAL_REVIEW,PERFORMANCE_BELOW_TARGET;EXECUTION_MANAGEMENT,138899000000,0.5,0.3333333333333333,0.015075702488858811,0.0,0.5362318840579711,performance_focus,0.22330499557023553,0.21968180716443841,107,107.0,107,0.5391304347826087,26,26.0,26,0.3902439024390244,"{""budget_performance_mismatch"": 0.2, ""execution_management"": 0.2, ""fiscal_impact"": 0.1, ""performance_gap"": 0.5}"
102:2023:산업·중소기업및에너지:중소기업및소상공인육성:5400:FUND,102,산업·중소기업및에너지,중소기업및소상공인육성,5400,2023,FUND,중소기업인력지원,MULTIPLE_SIGNAL_REVIEW,PERFORMANCE_BELOW_TARGET;EXECUTION_MANAGEMENT,53660000000,0.36363636363636365,0.5,0.018775624301155425,0.0,0.34057971014492755,performance_focus,0.28781309587472387,0.2901187612238675,83,83.0,83,0.6434782608695653,17,17.0,17,0.6097560975609756,"{""budget_performance_mismatch"": 0.2, ""execution_management"": 0.2, ""fiscal_impact"": 0.1, ""performance_gap"": 0.5}"
019:2023:사회복지:고용:1100:FUND,019,사회복지,고용,1100,2023,FUND,직업능력개발,MULTIPLE_SIGNAL_REVIEW,PERFORMANCE_BELOW_TARGET;EXECUTION_MANAGEMENT;ACCOUNTING_ADJUSTMENT_CONTEXT,1894749000000,0.7368421052631579,1.0,0.5,0.0,0.8695652173913043,performance_focus,0.6869565217391305,0.6736842105263159,4,4.0,4,0.9869565217391304,2,2.0,2,0.9743589743589743,"{""budget_performance_mismatch"": 0.2, ""execution_management"": 0.2, ""fiscal_impact"": 0.1, ""performance_gap"": 0.5}"
019:2023:사회복지:고용:1100:GENERAL_ACCOUNT,019,사회복지,고용,1100,2023,GENERAL_ACCOUNT,직업능력개발,MULTIPLE_SIGNAL_REVIEW,PERFORMANCE_BELOW_TARGET;EXECUTION_MANAGEMENT,1123902000000,0.631578947368421,1.0,0.010070717909568629,0.0,0.8260869565217391,performance_focus,0.5846228392340876,0.5651720383187558,21,21.0,21,0.9130434782608696,5,5.0,5,0.8974358974358975,"{""budget_performance_mismatch"": 0.2, ""execution_management"": 0.2, ""fiscal_impact"": 0.1, ""performance_gap"": 0.5}"
019:2023:사회복지:고용:1100:SPECIAL_ACCOUNT,019,사회복지,고용,1100,2023,SPECIAL_ACCOUNT,직업능력개발,MULTIPLE_SIGNAL_REVIEW,PERFORMANCE_BELOW_TARGET;EXECUTION_MANAGEMENT,83600000000,0.3157894736842105,1.0,0.2007476076555024,0.0,0.463768115942029,performance_focus,0.5865263331253034,0.5717284688995216,18,18.0,18,0.9260869565217391,4,4.0,4,0.9230769230769231,"{""budget_performance_mismatch"": 0.2, ""execution_management"": 0.2, ""fiscal_impact"": 0.1, ""performance_gap"": 0.5}"
075:2023:보건:보건의료:3200:GENERAL_ACCOUNT,075,보건,보건의료,3200,2023,GENERAL_ACCOUNT,한의학연구및정책개발,MULTIPLE_SIGNAL_REVIEW,EXECUTION_MANAGEMENT;BUDGET_PERFORMANCE_MISMATCH;ACCOUNTING_ADJUSTMENT_CONTEXT;GOOD_PERFORMANCE_BUDGET_DECREASE_T1_CONTEXT,51805000000,0.358974358974359,0.0,0.010163111668757841,0.08570601293311457,0.3188405797101449,performance_focus,0.051057882891388975,0.055071260817810386,211,211.0,211,0.08695652173913049,79,79.0,79,0.025000000000000022,"{""budget_performance_mismatch"": 0.2, ""execution_management"": 0.2, ""fiscal_impact"": 0.1, ""performance_gap"": 0.5}"
019:2024:사회복지:고용:1000:FUND,019,사회복지,고용,1000,2024,FUND,고용창출,MULTIPLE_SIGNAL_REVIEW,EXECUTION_MANAGEMENT;BUDGET_PERFORMANCE_MISMATCH;ACCOUNTING_ADJUSTMENT_CONTEXT,338823000000,0.42105263157894735,0.0,0.5,0.48726326134884584,0.7226277372262774,performance_focus,0.26971542599239695,0.23955791542766394,90,90.0,90,0.6130434782608696,15,15.0,15,0.641025641025641,"{""budget_performance_mismatch"": 0.2, ""execution_management"": 0.2, ""fiscal_impact"": 0.1, ""performance_gap"": 0.5}"
019:2024:사회복지:고용:1000:GENERAL_ACCOUNT,019,사회복지,고용,1000,2024,GENERAL_ACCOUNT,고용창출,MULTIPLE_SIGNAL_REVIEW,EXECUTION_MANAGEMENT;BUDGET_PERFORMANCE_MISMATCH;ACCOUNTING_ADJUSTMENT_CONTEXT,1531584000000,0.7368421052631579,0.0,0.5,0.10697878797375789,0.8467153284671532,performance_focus,0.20606729044146693,0.19507996812106737,118,118.0,118,0.491304347826087,21,21.0,21,0.4871794871794872,"{""budget_performance_mismatch"": 0.2, ""execution_management"": 0.2, ""fiscal_impact"": 0.1, ""performance_gap"": 0.5}"
075:2024:보건:보건의료:2700:GENERAL_ACCOUNT,075,보건,보건의료,2700,2024,GENERAL_ACCOUNT,공공보건의료확충,MULTIPLE_SIGNAL_REVIEW,EXECUTION_MANAGEMENT;BUDGET_PERFORMANCE_MISMATCH;ACCOUNTING_ADJUSTMENT_CONTEXT,177230000000,0.48717948717948717,0.0,0.017866614004401062,0.07310274784178751,0.6131386861313869,performance_focus,0.07950774098237641,0.06691182108718643,187,187.0,187,0.19130434782608696,74,74.0,74,0.08750000000000002,"{""budget_performance_mismatch"": 0.2, ""execution_management"": 0.2, ""fiscal_impact"": 0.1, ""performance_gap"": 0.5}"
075:2024:보건:보건의료:4100:RESPONSIBLE_OPERATION_ACCOUNT,075,보건,보건의료,4100,2024,RESPONSIBLE_OPERATION_ACCOUNT,국립공주병원,MULTIPLE_SIGNAL_REVIEW,PERFORMANCE_BELOW_TARGET;EXECUTION_MANAGEMENT;PROGRAM_STRUCTURE_CONTEXT,5855000000,0.02564102564102564,1.0,1.0,0.0,0.08759124087591241,performance_focus,0.7087591240875912,0.7025641025641025,2,2.0,2,0.9956521739130435,3,3.0,3,0.975,"{""budget_performance_mismatch"": 0.2, ""execution_management"": 0.2, ""fiscal_impact"": 0.1, ""performance_gap"": 0.5}"
075:2024:보건:보건의료:3800:RESPONSIBLE_OPERATION_ACCOUNT,075,보건,보건의료,3800,2024,RESPONSIBLE_OPERATION_ACCOUNT,국립나주병원,MULTIPLE_SIGNAL_REVIEW,EXECUTION_MANAGEMENT;BUDGET_PERFORMANCE_MISMATCH;PROGRAM_STRUCTURE_CONTEXT,7044000000,0.1282051282051282,0.0,0.5,0.008375922771152754,0.11678832116788321,performance_focus,0.11335401667101888,0.11449569737474337,153,153.0,153,0.33913043478260874,58,58.0,58,0.2875,"{""budget_performance_mismatch"": 0.2, ""execution_management"": 0.2, ""fiscal_impact"": 0.1, ""performance_gap"": 0.5}"
075:2024:사회복지:취약계층지원:1800:RESPONSIBLE_OPERATION_ACCOUNT,075,사회복지,취약계층지원,1800,2024,RESPONSIBLE_OPERATION_ACCOUNT,국립재활원,MULTIPLE_SIGNAL_REVIEW,EXECUTION_MANAGEMENT;BUDGET_PERFORMANCE_MISMATCH,30746000000,0.3333333333333333,0.0,1.0,0.007285500552917453,0.26277372262773724,performance_focus,0.22773447237335726,0.23479043344391687,104,104.0,104,0.5521739130434782,45,45.0,45,0.44999999999999996,"{""budget_performance_mismatch"": 0.2, ""execution_management"": 0.2, ""fiscal_impact"": 0.1, ""performance_gap"": 0.5}"
162:2024:과학기술:과학기술인력및문화:2200:RESPONSIBLE_OPERATION_ACCOUNT,162,과학기술,과학기술인력및문화,2200,2024,RESPONSIBLE_OPERATION_ACCOUNT,국립중앙과학관운영,MULTIPLE_SIGNAL_REVIEW,PERFORMANCE_BELOW_TARGET;EXECUTION_MANAGEMENT,11925000000,0.1864406779661017,1.0,0.5,0.0,0.1678832116788321,performance_focus,0.6167883211678832,0.6186440677966102,8,8.0,8,0.9695652173913043,1,1.0,1,1.0,"{""budget_performance_mismatch"": 0.2, ""execution_management"": 0.2, ""fiscal_impact"": 0.1, ""performance_gap"": 0.5}"
075:2024:보건:보건의료:3300:GENERAL_ACCOUNT,075,보건,보건의료,3300,2024,GENERAL_ACCOUNT,국민건강생활실천,MULTIPLE_SIGNAL_REVIEW,PERFORMANCE_BELOW_TARGET;EXECUTION_MANAGEMENT;ACCOUNTING_ADJUSTMENT_CONTEXT,231439000000,0.5897435897435898,1.0,0.025533725949386233,0.0,0.6642335766423357,performance_focus,0.5715301028541108,0.5640811041642362,29,29.0,29,0.8782608695652174,13,13.0,13,0.85,"{""budget_performance_mismatch"": 0.2, ""execution_management"": 0.2, ""fiscal_impact"": 0.1, ""performance_gap"": 0.5}"
075:2024:보건:보건의료:4500:GENERAL_ACCOUNT,075,보건,보건의료,4500,2024,GENERAL_ACCOUNT,소록도병원,MULTIPLE_SIGNAL_REVIEW,PERFORMANCE_BELOW_TARGET;EXECUTION_MANAGEMENT,9529000000,0.20512820512820512,1.0,0.5,0.0,0.1386861313868613,performance_focus,0.6138686131386861,0.6205128205128205,9,9.0,9,0.9652173913043478,6,6.0,6,0.9375,"{""budget_performance_mismatch"": 0.2, ""execution_management"": 0.2, ""fiscal_impact"": 0.1, ""performance_gap"": 0.5}"
162:2024:통신:우정:5100:SPECIAL_ACCOUNT,162,통신,우정,5100,2024,SPECIAL_ACCOUNT,우정서비스,MULTIPLE_SIGNAL_REVIEW,EXECUTION_MANAGEMENT;BUDGET_PERFORMANCE_MISMATCH;ACCOUNTING_ADJUSTMENT_CONTEXT,1957179000000,0.9661016949152542,0.0,0.08081836152952795,0.08217184018426521,0.8832116788321168,performance_focus,0.12091920822597033,0.12920820983428405,149,149.0,149,0.35652173913043483,31,31.0,31,0.5522388059701493,"{""budget_performance_mismatch"": 0.2, ""execution_management"": 0.2, ""fiscal_impact"": 0.1, ""performance_gap"": 0.5}"
162:2024:과학기술:과학기술연구개발:1400:GENERAL_ACCOUNT,162,과학기술,과학기술연구개발,1400,2024,GENERAL_ACCOUNT,원자력 진흥,MULTIPLE_SIGNAL_REVIEW,EXECUTION_MANAGEMENT;BUDGET_PERFORMANCE_MISMATCH,51780000000,0.423728813559322,0.0,0.014484356894553883,0.010428736964078795,0.36496350364963503,performance_focus,0.041478969136690046,0.04735550012765874,217,217.0,217,0.060869565217391286,59,59.0,59,0.13432835820895528,"{""budget_performance_mismatch"": 0.2, ""execution_management"": 0.2, ""fiscal_impact"": 0.1, ""performance_gap"": 0.5}"
075:2024:사회복지:취약계층지원:1500:GENERAL_ACCOUNT,075,사회복지,취약계층지원,1500,2024,GENERAL_ACCOUNT,장애인생활안정 및 재활 지원,MULTIPLE_SIGNAL_REVIEW,EXECUTION_MANAGEMENT;BUDGET_PERFORMANCE_MISMATCH;ACCOUNTING_ADJUSTMENT_CONTEXT,5025066000000,0.8717948717948718,0.0,3.8208453381507824e-05,3.2437384902009246e-05,0.948905109489051,performance_focus,0.09490464011656181,0.0871936163471439,165,165.0,165,0.28695652173913044,65,65.0,65,0.19999999999999996,"{""budget_performance_mismatch"": 0.2, ""execution_management"": 0.2, ""fiscal_impact"": 0.1, ""performance_gap"": 0.5}"
162:2024:통신:방송통신:2500:FUND,162,통신,방송통신,2500,2024,FUND,전파활용방송서비스산업,MULTIPLE_SIGNAL_REVIEW,EXECUTION_MANAGEMENT;BUDGET_PERFORMANCE_MISMATCH,21614000000,0.2711864406779661,0.0,0.2671185342833349,0.04770056444896826,0.22627737226277372,performance_focus,0.08559155697273799,0.09008246381425723,182,182.0,182,0.21304347826086956,44,44.0,44,0.35820895522388063,"{""budget_performance_mismatch"": 0.2, ""execution_management"": 0.2, ""fiscal_impact"": 0.1, ""performance_gap"": 0.5}"
162:2024:통신:방송통신:2500:GENERAL_ACCOUNT,162,통신,방송통신,2500,2024,GENERAL_ACCOUNT,전파활용방송서비스산업,MULTIPLE_SIGNAL_REVIEW,EXECUTION_MANAGEMENT;BUDGET_PERFORMANCE_MISMATCH;ACCOUNTING_ADJUSTMENT_CONTEXT,52205000000,0.4406779661016949,0.0,0.02088880375442965,0.03945982185614405,0.3722627737226277,performance_focus,0.04929600249437752,0.056137521732284236,213,213.0,213,0.07826086956521738,56,56.0,56,0.17910447761194026,"{""budget_performance_mismatch"": 0.2, ""execution_management"": 0.2, ""fiscal_impact"": 0.1, ""performance_gap"": 0.5}"
162:2024:통신:정보통신:2100:FUND,162,통신,정보통신,2100,2024,FUND,정보통신융합산업,MULTIPLE_SIGNAL_REVIEW,EXECUTION_MANAGEMENT;BUDGET_PERFORMANCE_MISMATCH,519479000000,0.9322033898305084,0.0,0.17707549294581687,0.0034650101351546454,0.7737226277372263,performance_focus,0.11348036338991695,0.12932843959924517,152,152.0,152,0.34347826086956523,30,30.0,30,0.5671641791044777,"{""budget_performance_mismatch"": 0.2, ""execution_management"": 0.2, ""fiscal_impact"": 0.1, ""performance_gap"": 0.5}"
102:2024:산업·중소기업및에너지:중소기업및소상공인육성:5400:FUND,102,산업·중소기업및에너지,중소기업및소상공인육성,5400,2024,FUND,중소기업인력지원,MULTIPLE_SIGNAL_REVIEW,EXECUTION_MANAGEMENT;BUDGET_PERFORMANCE_MISMATCH,35542000000,0.25,0.0,0.19118226323785945,0.004670530639806427,0.2773722627737226,performance_focus,0.06690778505290544,0.06417055877553318,203,203.0,203,0.12173913043478257,38,38.0,38,0.09756097560975607,"{""budget_performance_mismatch"": 0.2, ""execution_management"": 0.2, ""fiscal_impact"": 0.1, ""performance_gap"": 0.5}"
019:2024:사회복지:고용:1100:FUND,019,사회복지,고용,1100,2024,FUND,직업능력개발,MULTIPLE_SIGNAL_REVIEW,PERFORMANCE_BELOW_TARGET;EXECUTION_MANAGEMENT;ACCOUNTING_ADJUSTMENT_CONTEXT,1628382000000,0.7894736842105263,1.0,0.5,0.0,0.8613138686131386,performance_focus,0.6861313868613138,0.6789473684210526,5,5.0,5,0.9826086956521739,1,1.0,1,1.0,"{""budget_performance_mismatch"": 0.2, ""execution_management"": 0.2, ""fiscal_impact"": 0.1, ""performance_gap"": 0.5}"
019:2024:사회복지:고용:1100:GENERAL_ACCOUNT,019,사회복지,고용,1100,2024,GENERAL_ACCOUNT,직업능력개발,MULTIPLE_SIGNAL_REVIEW,PERFORMANCE_BELOW_TARGET;EXECUTION_MANAGEMENT,932436000000,0.5789473684210527,1.0,0.00986341153709209,0.0,0.8102189781021898,performance_focus,0.5829945801176374,0.5598674191495236,22,22.0,22,0.908695652173913,6,6.0,6,0.8717948717948718,"{""budget_performance_mismatch"": 0.2, ""execution_management"": 0.2, ""fiscal_impact"": 0.1, ""performance_gap"": 0.5}"
019:2024:사회복지:고용:1100:SPECIAL_ACCOUNT,019,사회복지,고용,1100,2024,SPECIAL_ACCOUNT,직업능력개발,MULTIPLE_SIGNAL_REVIEW,PERFORMANCE_BELOW_TARGET;EXECUTION_MANAGEMENT,411057000000,0.47368421052631576,1.0,0.04922188406960592,0.0,0.7518248175182481,performance_focus,0.585026858565746,0.5572127978665528,20,20.0,20,0.9173913043478261,7,7.0,7,0.8461538461538461,"{""budget_performance_mismatch"": 0.2, ""execution_management"": 0.2, ""fiscal_impact"": 0.1, ""performance_gap"": 0.5}"
019:2022:사회복지:고용:1000:FUND,019,사회복지,고용,1000,2022,FUND,고용창출,STRONG_SINGLE_SIGNAL_REVIEW,EXECUTION_MANAGEMENT,2891133000000,0.8125,0.0,1.0,0.0,0.9069767441860465,performance_focus,0.29069767441860467,0.28125,81,81.0,81,0.6521739130434783,13,13.0,13,0.6923076923076923,"{""budget_performance_mismatch"": 0.2, ""execution_management"": 0.2, ""fiscal_impact"": 0.1, ""performance_gap"": 0.5}"
075:2022:보건:보건의료:3900:RESPONSIBLE_OPERATION_ACCOUNT,075,보건,보건의료,3900,2022,RESPONSIBLE_OPERATION_ACCOUNT,국립부곡병원,STRONG_SINGLE_SIGNAL_REVIEW,EXECUTION_MANAGEMENT;PROGRAM_STRUCTURE_CONTEXT;GOOD_PERFORMANCE_BUDGET_DECREASE_T2_CONTEXT,7512000000,0.11428571428571428,0.0,1.0,0.0,0.10077519379844961,performance_focus,0.21007751937984498,0.21142857142857144,117,117.0,117,0.4956521739130435,50,50.0,50,0.38749999999999996,"{""budget_performance_mismatch"": 0.2, ""execution_management"": 0.2, ""fiscal_impact"": 0.1, ""performance_gap"": 0.5}"
075:2022:보건:보건의료:3700:RESPONSIBLE_OPERATION_ACCOUNT,075,보건,보건의료,3700,2022,RESPONSIBLE_OPERATION_ACCOUNT,국립정신건강센터,STRONG_SINGLE_SIGNAL_REVIEW,PERFORMANCE_BELOW_TARGET;PROGRAM_STRUCTURE_CONTEXT;LOW_PERFORMANCE_BUDGET_INCREASE_T1;LOW_PERFORMANCE_BUDGET_INCREASE_T2,16726000000,0.2,1.0,0.0,0.0,0.15503875968992248,performance_focus,0.5155038759689923,0.52,37,37.0,37,0.8434782608695652,16,16.0,16,0.8125,"{""budget_performance_mismatch"": 0.2, ""execution_management"": 0.2, ""fiscal_impact"": 0.1, ""performance_gap"": 0.5}"
075:2022:보건:보건의료:4500:GENERAL_ACCOUNT,075,보건,보건의료,4500,2022,GENERAL_ACCOUNT,소록도병원,STRONG_SINGLE_SIGNAL_REVIEW,PERFORMANCE_BELOW_TARGET;LOW_PERFORMANCE_BUDGET_INCREASE_T1,10444000000,0.17142857142857143,1.0,0.0,0.0,0.13953488372093023,performance_focus,0.513953488372093,0.5171428571428571,39,39.0,39,0.8347826086956522,17,17.0,17,0.8,"{""budget_performance_mismatch"": 0.2, ""execution_management"": 0.2, ""fiscal_impact"": 0.1, ""performance_gap"": 0.5}"
162:2022:통신:우정:5300:SPECIAL_ACCOUNT,162,통신,우정,5300,2022,SPECIAL_ACCOUNT,우체국보험,STRONG_SINGLE_SIGNAL_REVIEW,PERFORMANCE_BELOW_TARGET;LOW_PERFORMANCE_BUDGET_INCREASE_T1,295339000000,0.8571428571428571,1.0,0.0,0.0,0.6589147286821705,performance_focus,0.5658914728682171,0.5857142857142857,31,31.0,31,0.8695652173913043,2,2.0,2,0.9850746268656716,"{""budget_performance_mismatch"": 0.2, ""execution_management"": 0.2, ""fiscal_impact"": 0.1, ""performance_gap"": 0.5}"
075:2023:보건:보건의료:3900:RESPONSIBLE_OPERATION_ACCOUNT,075,보건,보건의료,3900,2023,RESPONSIBLE_OPERATION_ACCOUNT,국립부곡병원,STRONG_SINGLE_SIGNAL_REVIEW,EXECUTION_MANAGEMENT;PROGRAM_STRUCTURE_CONTEXT;GOOD_PERFORMANCE_BUDGET_DECREASE_T1_CONTEXT,7677000000,0.15384615384615385,0.0,1.0,0.0,0.11594202898550725,performance_focus,0.21159420289855074,0.2153846153846154,115,115.0,115,0.5043478260869565,47,47.5,48,0.41874999999999996,"{""budget_performance_mismatch"": 0.2, ""execution_management"": 0.2, ""fiscal_impact"": 0.1, ""performance_gap"": 0.5}"
019:2023:사회복지:노동:2000:GENERAL_ACCOUNT,019,사회복지,노동,2000,2023,GENERAL_ACCOUNT,노사정책,STRONG_SINGLE_SIGNAL_REVIEW,PERFORMANCE_BELOW_TARGET;LOW_PERFORMANCE_BUDGET_INCREASE_T1,53076000000,0.21052631578947367,1.0,0.0,0.0,0.3333333333333333,performance_focus,0.5333333333333333,0.5210526315789473,35,35.0,35,0.8521739130434782,8,8.0,8,0.8205128205128205,"{""budget_performance_mismatch"": 0.2, ""execution_management"": 0.2, ""fiscal_impact"": 0.1, ""performance_gap"": 0.5}"
075:2023:사회복지:아동·보육:1300:GENERAL_ACCOUNT,075,사회복지,아동·보육,1300,2023,GENERAL_ACCOUNT,아동보호 및 복지 강화,STRONG_SINGLE_SIGNAL_REVIEW,PERFORMANCE_BELOW_TARGET;LOW_PERFORMANCE_BUDGET_INCREASE_T1,237208000000,0.5641025641025641,1.0,0.0,0.0,0.6521739130434783,performance_focus,0.5652173913043478,0.5564102564102563,32,32.0,32,0.8652173913043478,15,15.0,15,0.825,"{""budget_performance_mismatch"": 0.2, ""execution_management"": 0.2, ""fiscal_impact"": 0.1, ""performance_gap"": 0.5}"
075:2024:보건:보건의료:4000:RESPONSIBLE_OPERATION_ACCOUNT,075,보건,보건의료,4000,2024,RESPONSIBLE_OPERATION_ACCOUNT,국립춘천병원,STRONG_SINGLE_SIGNAL_REVIEW,EXECUTION_MANAGEMENT,6864000000,0.10256410256410256,0.0,1.0,0.0,0.10948905109489052,performance_focus,0.21094890510948905,0.21025641025641026,116,116.0,116,0.5,51,51.0,51,0.375,"{""budget_performance_mismatch"": 0.2, ""execution_management"": 0.2, ""fiscal_impact"": 0.1, ""performance_gap"": 0.5}"
162:2024:과학기술:과학기술연구개발:1200:SPECIAL_ACCOUNT,162,과학기술,과학기술연구개발,1200,2024,SPECIAL_ACCOUNT,기초연구진흥,STRONG_SINGLE_SIGNAL_REVIEW,EXECUTION_MANAGEMENT;PROGRAM_STRUCTURE_CONTEXT,53000000000,0.4745762711864407,0.0,1.0,0.0,0.38686131386861317,performance_focus,0.23868613138686134,0.24745762711864408,103,103.0,103,0.5565217391304348,18,18.0,18,0.7462686567164178,"{""budget_performance_mismatch"": 0.2, ""execution_management"": 0.2, ""fiscal_impact"": 0.1, ""performance_gap"": 0.5}"
075:2024:사회복지:취약계층지원:1900:GENERAL_ACCOUNT,075,사회복지,취약계층지원,1900,2024,GENERAL_ACCOUNT,노숙인의사상자지원,STRONG_SINGLE_SIGNAL_REVIEW,EXECUTION_MANAGEMENT;ACCOUNTING_ADJUSTMENT_CONTEXT,7136000000,0.15384615384615385,0.0,1.0,0.0,0.12408759124087591,performance_focus,0.2124087591240876,0.2153846153846154,114,114.0,114,0.508695652173913,47,47.5,48,0.41874999999999996,"{""budget_performance_mismatch"": 0.2, ""execution_management"": 0.2, ""fiscal_impact"": 0.1, ""performance_gap"": 0.5}"
075:2022:보건:건강보험:4900:FUND,075,보건,건강보험,4900,2022,FUND,건강보험제도 운영,MODERATE_OR_CONTEXT_REVIEW,PERFORMANCE_BELOW_TARGET;PROGRAM_STRUCTURE_CONTEXT,1814940000000,0.7428571428571429,0.5,0.0,0.0,0.8449612403100775,performance_focus,0.33449612403100776,0.3242857142857143,58,58.0,58,0.7521739130434782,31,31.0,31,0.625,"{""budget_performance_mismatch"": 0.2, ""execution_management"": 0.2, ""fiscal_impact"": 0.1, ""performance_gap"": 0.5}"
019:2022:사회복지:고용:1200:FUND,019,사회복지,고용,1200,2022,FUND,고용안전망확충,MODERATE_OR_CONTEXT_REVIEW,PERFORMANCE_BELOW_TARGET;PROGRAM_STRUCTURE_CONTEXT,11775073000000,1.0,1.0,0.0,0.0,0.9689922480620154,performance_focus,0.5968992248062015,0.6,13,13.0,13,0.9478260869565217,3,3.0,3,0.9487179487179487,"{""budget_performance_mismatch"": 0.2, ""execution_management"": 0.2, ""fiscal_impact"": 0.1, ""performance_gap"": 0.5}"
019:2022:사회복지:고용:1000:GENERAL_ACCOUNT,019,사회복지,고용,1000,2022,GENERAL_ACCOUNT,고용창출,MODERATE_OR_CONTEXT_REVIEW,EXECUTION_MANAGEMENT,2206587000000,0.6875,0.0,0.5,0.0,0.875968992248062,performance_focus,0.1875968992248062,0.16875,128,128.0,128,0.4478260869565217,26,26.0,26,0.3589743589743589,"{""budget_performance_mismatch"": 0.2, ""execution_management"": 0.2, ""fiscal_impact"": 0.1, ""performance_gap"": 0.5}"
019:2022:사회복지:고용:1300:FUND,019,사회복지,고용,1300,2022,FUND,고용평등증진,MODERATE_OR_CONTEXT_REVIEW,PERFORMANCE_BELOW_TARGET;PROGRAM_STRUCTURE_CONTEXT,2503235000000,0.75,0.2,0.0,0.0,0.8837209302325582,performance_focus,0.18837209302325583,0.17500000000000002,127,127.0,127,0.4521739130434783,23,23.0,23,0.4358974358974359,"{""budget_performance_mismatch"": 0.2, ""execution_management"": 0.2, ""fiscal_impact"": 0.1, ""performance_gap"": 0.5}"
019:2022:사회복지:고용:1300:GENERAL_ACCOUNT,019,사회복지,고용,1300,2022,GENERAL_ACCOUNT,고용평등증진,MODERATE_OR_CONTEXT_REVIEW,PERFORMANCE_BELOW_TARGET;PROGRAM_STRUCTURE_CONTEXT,66040000000,0.1875,0.2,0.0,0.0,0.3875968992248062,performance_focus,0.13875968992248064,0.11875000000000001,143,143.0,143,0.3826086956521739,31,31.0,31,0.23076923076923073,"{""budget_performance_mismatch"": 0.2, ""execution_management"": 0.2, ""fiscal_impact"": 0.1, ""performance_gap"": 0.5}"
075:2022:보건:보건의료:2700:FUND,075,보건,보건의료,2700,2022,FUND,공공보건의료확충,MODERATE_OR_CONTEXT_REVIEW,PERFORMANCE_BELOW_TARGET;PROGRAM_STRUCTURE_CONTEXT,337781000000,0.6,0.5,0.0,0.0,0.6821705426356589,performance_focus,0.3182170542635659,0.31,68,68.0,68,0.7086956521739131,36,36.0,36,0.5625,"{""budget_performance_mismatch"": 0.2, ""execution_management"": 0.2, ""fiscal_impact"": 0.1, ""performance_gap"": 0.5}"
075:2022:보건:보건의료:2700:SPECIAL_ACCOUNT,075,보건,보건의료,2700,2022,SPECIAL_ACCOUNT,공공보건의료확충,MODERATE_OR_CONTEXT_REVIEW,PERFORMANCE_BELOW_TARGET;PROGRAM_STRUCTURE_CONTEXT,48982000000,0.34285714285714286,0.5,0.0,0.0,0.29457364341085274,performance_focus,0.27945736434108526,0.28428571428571425,86,86.0,86,0.6304347826086957,41,41.0,41,0.5,"{""budget_performance_mismatch"": 0.2, ""execution_management"": 0.2, ""fiscal_impact"": 0.1, ""performance_gap"": 0.5}"
162:2022:과학기술:과학기술연구지원:1600:GENERAL_ACCOUNT,162,과학기술,과학기술연구지원,1600,2022,GENERAL_ACCOUNT,과학기술기반 조성,MODERATE_OR_CONTEXT_REVIEW,EXECUTION_MANAGEMENT;PROGRAM_STRUCTURE_CONTEXT;GOOD_PERFORMANCE_BUDGET_DECREASE_T2_CONTEXT,54291000000,0.39285714285714285,0.0,0.5,0.0,0.31007751937984496,performance_focus,0.1310077519379845,0.1392857142857143,147,147.0,147,0.3652173913043478,28,28.0,28,0.5970149253731343,"{""budget_performance_mismatch"": 0.2, ""execution_management"": 0.2, ""fiscal_impact"": 0.1, ""performance_gap"": 0.5}"
162:2022:과학기술:과학기술인력및문화:1800:GENERAL_ACCOUNT,162,과학기술,과학기술인력및문화,1800,2022,GENERAL_ACCOUNT,과학문화창달,MODERATE_OR_CONTEXT_REVIEW,EXECUTION_MANAGEMENT,66321000000,0.48214285714285715,0.0,0.2113206978181873,0.0,0.3953488372093023,performance_focus,0.0817990232845677,0.09047842527792319,185,185.0,185,0.19999999999999996,42,42.0,42,0.3880597014925373,"{""budget_performance_mismatch"": 0.2, ""execution_management"": 0.2, ""fiscal_impact"": 0.1, ""performance_gap"": 0.5}"
075:2022:사회복지:취약계층지원:1800:RESPONSIBLE_OPERATION_ACCOUNT,075,사회복지,취약계층지원,1800,2022,RESPONSIBLE_OPERATION_ACCOUNT,국립재활원,MODERATE_OR_CONTEXT_REVIEW,EXECUTION_MANAGEMENT,28671000000,0.2857142857142857,0.0,0.061281434201806706,0.0,0.2248062015503876,performance_focus,0.03473690699540011,0.040827715411789915,223,223.0,223,0.034782608695652195,80,80.0,80,0.012499999999999956,"{""budget_performance_mismatch"": 0.2, ""execution_management"": 0.2, ""fiscal_impact"": 0.1, ""performance_gap"": 0.5}"
162:2022:과학기술:과학기술인력및문화:2200:RESPONSIBLE_OPERATION_ACCOUNT,162,과학기술,과학기술인력및문화,2200,2022,RESPONSIBLE_OPERATION_ACCOUNT,국립중앙과학관 운영,MODERATE_OR_CONTEXT_REVIEW,PERFORMANCE_BELOW_TARGET;PROGRAM_STRUCTURE_CONTEXT;LOW_PERFORMANCE_BUDGET_INCREASE_T1;LOW_PERFORMANCE_BUDGET_INCREASE_T2,10069000000,0.17857142857142858,0.3333333333333333,0.0,0.0,0.12403100775193798,performance_focus,0.17906976744186046,0.1845238095238095,134,134.0,134,0.4217391304347826,22,22.0,22,0.6865671641791045,"{""budget_performance_mismatch"": 0.2, ""execution_management"": 0.2, ""fiscal_impact"": 0.1, ""performance_gap"": 0.5}"
075:2022:보건:보건의료:3300:FUND,075,보건,보건의료,3300,2022,FUND,국민건강생활실천,MODERATE_OR_CONTEXT_REVIEW,PERFORMANCE_BELOW_TARGET,374509000000,0.6571428571428571,0.5,0.0,0.0,0.6976744186046512,performance_focus,0.31976744186046513,0.3157142857142857,67,67.0,67,0.7130434782608696,34,34.0,34,0.5875,"{""budget_performance_mismatch"": 0.2, ""execution_management"": 0.2, ""fiscal_impact"": 0.1, ""performance_gap"": 0.5}"
019:2022:사회복지:노동:3000:FUND,019,사회복지,노동,3000,2022,FUND,근로조건보호 및 복지증진,MODERATE_OR_CONTEXT_REVIEW,EXECUTION_MANAGEMENT,992515000000,0.4375,0.0,0.5,0.0,0.7906976744186046,performance_focus,0.17906976744186048,0.14375000000000002,133,133.0,133,0.4260869565217391,28,28.0,28,0.3076923076923077,"{""budget_performance_mismatch"": 0.2, ""execution_management"": 0.2, ""fiscal_impact"": 0.1, ""performance_gap"": 0.5}"
075:2022:사회복지:기초생활보장:1100:GENERAL_ACCOUNT,075,사회복지,기초생활보장,1100,2022,GENERAL_ACCOUNT,기초생활보장,MODERATE_OR_CONTEXT_REVIEW,EXECUTION_MANAGEMENT,15537221000000,0.9428571428571428,0.0,2.574462962198967e-07,0.0,0.9767441860465116,performance_focus,0.0976744700939104,0.09428576577497354,162,162.0,162,0.30000000000000004,63,63.0,63,0.22499999999999998,"{""budget_performance_mismatch"": 0.2, ""execution_management"": 0.2, ""fiscal_impact"": 0.1, ""performance_gap"": 0.5}"
019:2022:사회복지:노동:2000:GENERAL_ACCOUNT,019,사회복지,노동,2000,2022,GENERAL_ACCOUNT,노사정책,MODERATE_OR_CONTEXT_REVIEW,PERFORMANCE_BELOW_TARGET;LOW_PERFORMANCE_BUDGET_INCREASE_T2,57554000000,0.0625,0.3333333333333333,0.0,0.0,0.3333333333333333,performance_focus,0.19999999999999998,0.17291666666666666,123,123.0,123,0.4695652173913043,24,24.0,24,0.41025641025641024,"{""budget_performance_mismatch"": 0.2, ""execution_management"": 0.2, ""fiscal_impact"": 0.1, ""performance_gap"": 0.5}"
075:2022:사회복지:노인:2100:GENERAL_ACCOUNT,075,사회복지,노인,2100,2022,GENERAL_ACCOUNT,노인생활안정,MODERATE_OR_CONTEXT_REVIEW,EXECUTION_MANAGEMENT;PROGRAM_STRUCTURE_CONTEXT,18322701000000,0.9714285714285714,0.0,1.1352038108355312e-05,0.0,0.9844961240310077,performance_focus,0.09845188281072245,0.09714512755047881,161,161.0,161,0.30434782608695654,61,61.0,61,0.25,"{""budget_performance_mismatch"": 0.2, ""execution_management"": 0.2, ""fiscal_impact"": 0.1, ""performance_gap"": 0.5}"
162:2022:과학기술:과학기술연구개발:1100:FUND,162,과학기술,과학기술연구개발,1100,2022,FUND,미래유망원천 기술개발,MODERATE_OR_CONTEXT_REVIEW,PERFORMANCE_BELOW_TARGET,65856000000,0.4642857142857143,0.5,0.0,0.0,0.3798449612403101,performance_focus,0.287984496124031,0.2964285714285714,82,82.0,82,0.6478260869565218,15,15.0,15,0.791044776119403,"{""budget_performance_mismatch"": 0.2, ""execution_management"": 0.2, ""fiscal_impact"": 0.1, ""performance_gap"": 0.5}"
162:2022:과학기술:과학기술연구개발:1100:GENERAL_ACCOUNT,162,과학기술,과학기술연구개발,1100,2022,GENERAL_ACCOUNT,미래유망원천 기술개발,MODERATE_OR_CONTEXT_REVIEW,PERFORMANCE_BELOW_TARGET,855420500000,0.9285714285714286,0.5,0.0,0.0,0.7674418604651163,performance_focus,0.3267441860465116,0.34285714285714286,62,62.0,62,0.7347826086956522,5,5.0,5,0.9402985074626866,"{""budget_performance_mismatch"": 0.2, ""execution_management"": 0.2, ""fiscal_impact"": 0.1, ""performance_gap"": 0.5}"
162:2022:과학기술:과학기술연구개발:1100:SPECIAL_ACCOUNT,162,과학기술,과학기술연구개발,1100,2022,SPECIAL_ACCOUNT,미래유망원천 기술개발,MODERATE_OR_CONTEXT_REVIEW,PERFORMANCE_BELOW_TARGET,282736000000,0.8392857142857143,0.5,0.0,0.0,0.6434108527131783,performance_focus,0.3143410852713178,0.33392857142857146,72,72.0,72,0.691304347826087,7,7.0,7,0.9104477611940298,"{""budget_performance_mismatch"": 0.2, ""execution_management"": 0.2, ""fiscal_impact"": 0.1, ""performance_gap"": 0.5}"
102:2022:산업·중소기업및에너지:창업및벤처:5200:FUND,102,산업·중소기업및에너지,창업및벤처,5200,2022,FUND,벤처기업활성화지원,MODERATE_OR_CONTEXT_REVIEW,PERFORMANCE_BELOW_TARGET;PROGRAM_STRUCTURE_CONTEXT,461591000000,0.7272727272727273,0.3333333333333333,0.0,0.0,0.7364341085271318,performance_focus,0.24031007751937983,0.23939393939393938,102,102.0,102,0.5608695652173913,24,24.0,24,0.4390243902439024,"{""budget_performance_mismatch"": 0.2, ""execution_management"": 0.2, ""fiscal_impact"": 0.1, ""performance_gap"": 0.5}"
102:2022:산업·중소기업및에너지:창업및벤처:5200:GENERAL_ACCOUNT,102,산업·중소기업및에너지,창업및벤처,5200,2022,GENERAL_ACCOUNT,벤처기업활성화지원,MODERATE_OR_CONTEXT_REVIEW,PERFORMANCE_BELOW_TARGET;PROGRAM_STRUCTURE_CONTEXT,54710000000,0.2727272727272727,0.3333333333333333,0.0,0.0,0.32558139534883723,performance_focus,0.1992248062015504,0.19393939393939394,125,125.0,125,0.4608695652173913,29,29.0,29,0.31707317073170727,"{""budget_performance_mismatch"": 0.2, ""execution_management"": 0.2, ""fiscal_impact"": 0.1, ""performance_gap"": 0.5}"
102:2022:산업·중소기업및에너지:창업및벤처:5200:SPECIAL_ACCOUNT,102,산업·중소기업및에너지,창업및벤처,5200,2022,SPECIAL_ACCOUNT,벤처기업활성화지원,MODERATE_OR_CONTEXT_REVIEW,PERFORMANCE_BELOW_TARGET;PROGRAM_STRUCTURE_CONTEXT,60000000000,0.3181818181818182,0.3333333333333333,0.0,0.0,0.35658914728682173,performance_focus,0.20232558139534884,0.1984848484848485,121,121.0,121,0.4782608695652174,28,28.0,28,0.3414634146341463,"{""budget_performance_mismatch"": 0.2, ""execution_management"": 0.2, ""fiscal_impact"": 0.1, ""performance_gap"": 0.5}"
075:2022:보건:보건의료:3000:FUND,075,보건,보건의료,3000,2022,FUND,보건산업육성,MODERATE_OR_CONTEXT_REVIEW,PERFORMANCE_BELOW_TARGET,51930000000,0.37142857142857144,0.5,0.0,0.0,0.3023255813953488,performance_focus,0.2802325581395349,0.28714285714285714,85,85.0,85,0.6347826086956522,40,40.0,40,0.5125,"{""budget_performance_mismatch"": 0.2, ""execution_management"": 0.2, ""fiscal_impact"": 0.1, ""performance_gap"": 0.5}"
075:2022:보건:보건의료:3000:SPECIAL_ACCOUNT,075,보건,보건의료,3000,2022,SPECIAL_ACCOUNT,보건산업육성,MODERATE_OR_CONTEXT_REVIEW,PERFORMANCE_BELOW_TARGET,82761000000,0.4,0.5,0.0,0.0,0.4573643410852713,performance_focus,0.2957364341085271,0.29000000000000004,79,79.0,79,0.6608695652173913,38,38.0,38,0.5375,"{""budget_performance_mismatch"": 0.2, ""execution_management"": 0.2, ""fiscal_impact"": 0.1, ""performance_gap"": 0.5}"
075:2022:사회복지:아동·보육:3100:GENERAL_ACCOUNT,075,사회복지,아동·보육,3100,2022,GENERAL_ACCOUNT,보육지원강화,MODERATE_OR_CONTEXT_REVIEW,EXECUTION_MANAGEMENT,5818712000000,0.8857142857142857,0.0,0.0004846433368759272,0.0,0.9457364341085271,performance_focus,0.0946705720782279,0.08866835723880376,166,166.0,166,0.28260869565217395,64,64.0,64,0.21250000000000002,"{""budget_performance_mismatch"": 0.2, ""execution_management"": 0.2, ""fiscal_impact"": 0.1, ""performance_gap"": 0.5}"
075:2022:사회복지:사회복지일반:2600:GENERAL_ACCOUNT,075,사회복지,사회복지일반,2600,2022,GENERAL_ACCOUNT,사회복지기반조성,MODERATE_OR_CONTEXT_REVIEW,EXECUTION_MANAGEMENT,366803000000,0.6285714285714286,0.0,0.03630831808900145,0.0,0.689922480620155,performance_focus,0.0762539116798158,0.07011880647494315,191,191.0,191,0.17391304347826086,72,72.0,72,0.11250000000000004,"{""budget_performance_mismatch"": 0.2, ""execution_management"": 0.2, ""fiscal_impact"": 0.1, ""performance_gap"": 0.5}"
019:2022:사회복지:노동:4100:FUND,019,사회복지,노동,4100,2022,FUND,산업재해예방,MODERATE_OR_CONTEXT_REVIEW,PERFORMANCE_BELOW_TARGET,1092165000000,0.5625,0.3333333333333333,0.0,0.0,0.8062015503875969,performance_focus,0.24728682170542635,0.22291666666666665,99,99.0,99,0.5739130434782609,17,17.0,17,0.5897435897435898,"{""budget_performance_mismatch"": 0.2, ""execution_management"": 0.2, ""fiscal_impact"": 0.1, ""performance_gap"": 0.5}"
019:2022:사회복지:노동:4100:SPECIAL_ACCOUNT,019,사회복지,노동,4100,2022,SPECIAL_ACCOUNT,산업재해예방,MODERATE_OR_CONTEXT_REVIEW,PERFORMANCE_BELOW_TARGET,90955000000,0.25,0.3333333333333333,0.0,0.0,0.46511627906976744,performance_focus,0.2131782945736434,0.19166666666666665,113,113.0,113,0.5130434782608695,22,22.0,22,0.46153846153846156,"{""budget_performance_mismatch"": 0.2, ""execution_management"": 0.2, ""fiscal_impact"": 0.1, ""performance_gap"": 0.5}"
019:2022:사회복지:노동:4000:FUND,019,사회복지,노동,4000,2022,FUND,산재보험,MODERATE_OR_CONTEXT_REVIEW,PERFORMANCE_BELOW_TARGET;PROGRAM_STRUCTURE_CONTEXT;LOW_PERFORMANCE_BUDGET_INCREASE_T1;LOW_PERFORMANCE_BUDGET_INCREASE_T2,7373606000000,0.9375,0.5,0.0,0.0,0.9534883720930233,performance_focus,0.3453488372093023,0.34375,55,55.0,55,0.7652173913043478,11,11.0,11,0.7435897435897436,"{""budget_performance_mismatch"": 0.2, ""execution_management"": 0.2, ""fiscal_impact"": 0.1, ""performance_gap"": 0.5}"
102:2022:산업·중소기업및에너지:중소기업및소상공인육성:4100:FUND,102,산업·중소기업및에너지,중소기업및소상공인육성,4100,2022,FUND,소상공인·전통시장지원,MODERATE_OR_CONTEXT_REVIEW,PERFORMANCE_BELOW_TARGET;PROGRAM_STRUCTURE_CONTEXT,47119751000000,1.0,1.0,0.0,0.0,1.0,performance_focus,0.6,0.6,12,12.0,12,0.9521739130434783,1,1.5,2,0.9878048780487805,"{""budget_performance_mismatch"": 0.2, ""execution_management"": 0.2, ""fiscal_impact"": 0.1, ""performance_gap"": 0.5}"
075:2022:사회복지:아동·보육:1300:GENERAL_ACCOUNT,075,사회복지,아동·보육,1300,2022,GENERAL_ACCOUNT,아동보호 및 복지 강화,MODERATE_OR_CONTEXT_REVIEW,PERFORMANCE_BELOW_TARGET,453361000000,0.6857142857142857,0.5,0.0,0.0,0.7286821705426356,performance_focus,0.32286821705426355,0.31857142857142856,64,64.0,64,0.7260869565217392,33,33.0,33,0.6,"{""budget_performance_mismatch"": 0.2, ""execution_management"": 0.2, ""fiscal_impact"": 0.1, ""performance_gap"": 0.5}"
019:2022:사회복지:고용:1400:FUND,019,사회복지,고용,1400,2022,FUND,장애인고용증진,MODERATE_OR_CONTEXT_REVIEW,EXECUTION_MANAGEMENT,697413000000,0.375,0.0,0.003968953833668142,0.0,0.7441860465116279,performance_focus,0.07521239541789641,0.03829379076673363,192,192.0,192,0.16956521739130437,40,40.0,40,0.0,"{""budget_performance_mismatch"": 0.2, ""execution_management"": 0.2, ""fiscal_impact"": 0.1, ""performance_gap"": 0.5}"
075:2022:사회복지:취약계층지원:1500:GENERAL_ACCOUNT,075,사회복지,취약계층지원,1500,2022,GENERAL_ACCOUNT,장애인생활안정 및 재활 지원,MODERATE_OR_CONTEXT_REVIEW,EXECUTION_MANAGEMENT,4064068000000,0.8285714285714286,0.0,3.666277237487168e-05,0.0,0.9224806201550387,performance_focus,0.09225539456997886,0.08286447541161784,171,171.0,171,0.26086956521739135,69,69.0,69,0.15000000000000002,"{""budget_performance_mismatch"": 0.2, ""execution_management"": 0.2, ""fiscal_impact"": 0.1, ""performance_gap"": 0.5}"
162:2022:통신:정보통신:2100:FUND,162,통신,정보통신,2100,2022,FUND,정보통신융합 산업,MODERATE_OR_CONTEXT_REVIEW,PERFORMANCE_BELOW_TARGET,701803000000,0.9107142857142857,0.5,0.0,0.0,0.751937984496124,performance_focus,0.3251937984496124,0.3410714285714286,63,63.0,63,0.7304347826086957,6,6.0,6,0.9253731343283582,"{""budget_performance_mismatch"": 0.2, ""execution_management"": 0.2, ""fiscal_impact"": 0.1, ""performance_gap"": 0.5}"
162:2022:통신:정보통신:2100:GENERAL_ACCOUNT,162,통신,정보통신,2100,2022,GENERAL_ACCOUNT,정보통신융합 산업,MODERATE_OR_CONTEXT_REVIEW,PERFORMANCE_BELOW_TARGET,146843000000,0.7142857142857143,0.5,0.0,0.0,0.5503875968992248,performance_focus,0.3050387596899225,0.32142857142857145,77,77.0,77,0.6695652173913044,11,11.0,11,0.8507462686567164,"{""budget_performance_mismatch"": 0.2, ""execution_management"": 0.2, ""fiscal_impact"": 0.1, ""performance_gap"": 0.5}"
162:2022:통신:정보통신:2100:SPECIAL_ACCOUNT,162,통신,정보통신,2100,2022,SPECIAL_ACCOUNT,정보통신융합 산업,MODERATE_OR_CONTEXT_REVIEW,PERFORMANCE_BELOW_TARGET,25367000000,0.2857142857142857,0.5,0.0,0.0,0.21705426356589147,performance_focus,0.2717054263565891,0.2785714285714285,89,89.0,89,0.6173913043478261,16,16.0,16,0.7761194029850746,"{""budget_performance_mismatch"": 0.2, ""execution_management"": 0.2, ""fiscal_impact"": 0.1, ""performance_gap"": 0.5}"
102:2022:산업·중소기업및에너지:중소기업및소상공인육성:2100:FUND,102,산업·중소기업및에너지,중소기업및소상공인육성,2100,2022,FUND,중소기업기술개발지원,MODERATE_OR_CONTEXT_REVIEW,PERFORMANCE_BELOW_TARGET,10155000000,0.09090909090909091,1.0,0.0,0.0,0.13178294573643412,performance_focus,0.5131782945736434,0.509090909090909,40,40.0,40,0.8304347826086956,12,12.5,13,0.7195121951219512,"{""budget_performance_mismatch"": 0.2, ""execution_management"": 0.2, ""fiscal_impact"": 0.1, ""performance_gap"": 0.5}"
102:2022:산업·중소기업및에너지:중소기업및소상공인육성:2100:GENERAL_ACCOUNT,102,산업·중소기업및에너지,중소기업및소상공인육성,2100,2022,GENERAL_ACCOUNT,중소기업기술개발지원,MODERATE_OR_CONTEXT_REVIEW,PERFORMANCE_BELOW_TARGET,1598924000000,0.8636363636363636,1.0,0.0,0.0,0.8294573643410853,performance_focus,0.5829457364341085,0.5863636363636364,23,23.0,23,0.9043478260869565,5,5.0,5,0.9024390243902439,"{""budget_performance_mismatch"": 0.2, ""execution_management"": 0.2, ""fiscal_impact"": 0.1, ""performance_gap"": 0.5}"
102:2022:산업·중소기업및에너지:중소기업및소상공인육성:2100:SPECIAL_ACCOUNT,102,산업·중소기업및에너지,중소기업및소상공인육성,2100,2022,SPECIAL_ACCOUNT,중소기업기술개발지원,MODERATE_OR_CONTEXT_REVIEW,PERFORMANCE_BELOW_TARGET,301194800000,0.6363636363636364,1.0,0.0,0.0,0.6666666666666666,performance_focus,0.5666666666666667,0.5636363636363636,30,30.0,30,0.8739130434782609,8,8.0,8,0.8292682926829268,"{""budget_performance_mismatch"": 0.2, ""execution_management"": 0.2, ""fiscal_impact"": 0.1, ""performance_gap"": 0.5}"
102:2022:산업·중소기업및에너지:무역및투자유치:3100:FUND,102,산업·중소기업및에너지,무역및투자유치,3100,2022,FUND,중소기업수출촉진지원,MODERATE_OR_CONTEXT_REVIEW,PERFORMANCE_BELOW_TARGET,36847000000,0.22727272727272727,1.0,0.0,0.0,0.24806201550387597,performance_focus,0.5248062015503876,0.5227272727272727,36,36.0,36,0.8478260869565217,11,11.0,11,0.7560975609756098,"{""budget_performance_mismatch"": 0.2, ""execution_management"": 0.2, ""fiscal_impact"": 0.1, ""performance_gap"": 0.5}"
102:2022:산업·중소기업및에너지:무역및투자유치:3100:GENERAL_ACCOUNT,102,산업·중소기업및에너지,무역및투자유치,3100,2022,GENERAL_ACCOUNT,중소기업수출촉진지원,MODERATE_OR_CONTEXT_REVIEW,PERFORMANCE_BELOW_TARGET,198876000000,0.5909090909090909,1.0,0.0,0.0,0.6124031007751938,performance_focus,0.5612403100775194,0.5590909090909091,33,33.0,33,0.8608695652173913,9,9.0,9,0.8048780487804879,"{""budget_performance_mismatch"": 0.2, ""execution_management"": 0.2, ""fiscal_impact"": 0.1, ""performance_gap"": 0.5}"
102:2022:산업·중소기업및에너지:중소기업및소상공인육성:5400:FUND,102,산업·중소기업및에너지,중소기업및소상공인육성,5400,2022,FUND,중소기업인력지원,MODERATE_OR_CONTEXT_REVIEW,PERFORMANCE_BELOW_TARGET,31605000000,0.18181818181818182,0.5,0.0,0.0,0.23255813953488372,performance_focus,0.27325581395348836,0.2681818181818182,87,87.0,87,0.6260869565217391,18,18.0,18,0.5853658536585367,"{""budget_performance_mismatch"": 0.2, ""execution_management"": 0.2, ""fiscal_impact"": 0.1, ""performance_gap"": 0.5}"
102:2022:산업·중소기업및에너지:중소기업및소상공인육성:5400:GENERAL_ACCOUNT,102,산업·중소기업및에너지,중소기업및소상공인육성,5400,2022,GENERAL_ACCOUNT,중소기업인력지원,MODERATE_OR_CONTEXT_REVIEW,PERFORMANCE_BELOW_TARGET,394312000000,0.6818181818181818,0.5,0.0,0.0,0.7131782945736435,performance_focus,0.32131782945736437,0.3181818181818182,65,65.0,65,0.7217391304347827,15,15.0,15,0.6585365853658536,"{""budget_performance_mismatch"": 0.2, ""execution_management"": 0.2, ""fiscal_impact"": 0.1, ""performance_gap"": 0.5}"
102:2022:산업·중소기업및에너지:중소기업및소상공인육성:3300:GENERAL_ACCOUNT,102,산업·중소기업및에너지,중소기업및소상공인육성,3300,2022,GENERAL_ACCOUNT,지역중소기업육성,MODERATE_OR_CONTEXT_REVIEW,PERFORMANCE_BELOW_TARGET,18796000000,0.13636363636363635,0.5,0.0,0.0,0.17054263565891473,performance_focus,0.26705426356589146,0.2636363636363636,92,92.0,92,0.6043478260869566,19,19.0,19,0.5609756097560976,"{""budget_performance_mismatch"": 0.2, ""execution_management"": 0.2, ""fiscal_impact"": 0.1, ""performance_gap"": 0.5}"
102:2022:산업·중소기업및에너지:중소기업및소상공인육성:3300:SPECIAL_ACCOUNT,102,산업·중소기업및에너지,중소기업및소상공인육성,3300,2022,SPECIAL_ACCOUNT,지역중소기업육성,MODERATE_OR_CONTEXT_REVIEW,PERFORMANCE_BELOW_TARGET,143217000000,0.5,0.5,0.0,0.0,0.5348837209302325,performance_focus,0.30348837209302326,0.3,78,78.0,78,0.6652173913043478,16,16.0,16,0.6341463414634146,"{""budget_performance_mismatch"": 0.2, ""execution_management"": 0.2, ""fiscal_impact"": 0.1, ""performance_gap"": 0.5}"
019:2022:사회복지:고용:1100:GENERAL_ACCOUNT,019,사회복지,고용,1100,2022,GENERAL_ACCOUNT,직업능력개발,MODERATE_OR_CONTEXT_REVIEW,EXECUTION_MANAGEMENT,1035261000000,0.5,0.0,0.5,0.0,0.7984496124031008,performance_focus,0.17984496124031008,0.15,131,131.0,131,0.4347826086956522,27,27.0,27,0.33333333333333337,"{""budget_performance_mismatch"": 0.2, ""execution_management"": 0.2, ""fiscal_impact"": 0.1, ""performance_gap"": 0.5}"
102:2022:산업·중소기업및에너지:창업및벤처:5100:FUND,102,산업·중소기업및에너지,창업및벤처,5100,2022,FUND,창업환경조성,MODERATE_OR_CONTEXT_REVIEW,PERFORMANCE_BELOW_TARGET,2829489000000,0.9090909090909091,0.3333333333333333,0.0,0.0,0.8992248062015504,performance_focus,0.2565891472868217,0.25757575757575757,97,97.0,97,0.5826086956521739,21,21.0,21,0.5121951219512195,"{""budget_performance_mismatch"": 0.2, ""execution_management"": 0.2, ""fiscal_impact"": 0.1, ""performance_gap"": 0.5}"
102:2022:산업·중소기업및에너지:창업및벤처:5100:GENERAL_ACCOUNT,102,산업·중소기업및에너지,창업및벤처,5100,2022,GENERAL_ACCOUNT,창업환경조성,MODERATE_OR_CONTEXT_REVIEW,PERFORMANCE_BELOW_TARGET,726637000000,0.7727272727272727,0.3333333333333333,0.0,0.0,0.7596899224806202,performance_focus,0.24263565891472869,0.24393939393939393,101,101.0,101,0.5652173913043479,22,22.5,23,0.47560975609756095,"{""budget_performance_mismatch"": 0.2, ""execution_management"": 0.2, ""fiscal_impact"": 0.1, ""performance_gap"": 0.5}"
102:2022:산업·중소기업및에너지:창업및벤처:5100:SPECIAL_ACCOUNT,102,산업·중소기업및에너지,창업및벤처,5100,2022,SPECIAL_ACCOUNT,창업환경조성,MODERATE_OR_CONTEXT_REVIEW,PERFORMANCE_BELOW_TARGET,62014000000,0.36363636363636365,0.3333333333333333,0.0,0.0,0.37209302325581395,performance_focus,0.20387596899224805,0.20303030303030303,120,120.0,120,0.4826086956521739,27,27.0,27,0.36585365853658536,"{""budget_performance_mismatch"": 0.2, ""execution_management"": 0.2, ""fiscal_impact"": 0.1, ""performance_gap"": 0.5}"
162:2022:문화및관광:문화예술:1100:FUND,162,문화및관광,문화예술,1100,2022,FUND,콘텐츠방송산업 육성,MODERATE_OR_CONTEXT_REVIEW,PERFORMANCE_BELOW_TARGET,190408000000,0.8035714285714286,0.5,0.0,0.0,0.5968992248062015,performance_focus,0.30968992248062016,0.33035714285714285,74,74.0,74,0.682608695652174,10,10.0,10,0.8656716417910448,"{""budget_performance_mismatch"": 0.2, ""execution_management"": 0.2, ""fiscal_impact"": 0.1, ""performance_gap"": 0.5}"
162:2022:문화및관광:문화예술:1100:GENERAL_ACCOUNT,162,문화및관광,문화예술,1100,2022,GENERAL_ACCOUNT,콘텐츠방송산업 육성,MODERATE_OR_CONTEXT_REVIEW,PERFORMANCE_BELOW_TARGET,82283000000,0.5535714285714286,0.5,0.0,0.0,0.43410852713178294,performance_focus,0.2934108527131783,0.3053571428571429,80,80.0,80,0.6565217391304348,14,14.0,14,0.8059701492537313,"{""budget_performance_mismatch"": 0.2, ""execution_management"": 0.2, ""fiscal_impact"": 0.1, ""performance_gap"": 0.5}"
162:2022:교육:평생·직업교육:4100:GENERAL_ACCOUNT,162,교육,평생·직업교육,4100,2022,GENERAL_ACCOUNT,평생직업교육 체제 구축,MODERATE_OR_CONTEXT_REVIEW,PERFORMANCE_BELOW_TARGET,19364000000,0.23214285714285715,0.5,0.0,0.0,0.17829457364341086,performance_focus,0.2678294573643411,0.27321428571428574,91,91.0,91,0.6086956521739131,17,17.0,17,0.7611940298507462,"{""budget_performance_mismatch"": 0.2, ""execution_management"": 0.2, ""fiscal_impact"": 0.1, ""performance_gap"": 0.5}"
019:2023:사회복지:고용:1200:FUND,019,사회복지,고용,1200,2023,FUND,고용안전망확충,MODERATE_OR_CONTEXT_REVIEW,PERFORMANCE_BELOW_TARGET;PROGRAM_STRUCTURE_CONTEXT,11870315000000,1.0,0.3333333333333333,0.0,0.0,0.9782608695652174,performance_focus,0.2644927536231884,0.2666666666666667,93,93.0,93,0.6,14,14.0,14,0.6666666666666667,"{""budget_performance_mismatch"": 0.2, ""execution_management"": 0.2, ""fiscal_impact"": 0.1, ""performance_gap"": 0.5}"
019:2023:사회복지:고용:1300:GENERAL_ACCOUNT,019,사회복지,고용,1300,2023,GENERAL_ACCOUNT,고용평등증진,MODERATE_OR_CONTEXT_REVIEW,PERFORMANCE_BELOW_TARGET;PROGRAM_STRUCTURE_CONTEXT,40333000000,0.15789473684210525,0.25,0.0,0.0,0.2826086956521739,performance_focus,0.1532608695652174,0.14078947368421052,139,139.0,139,0.4,29,29.0,29,0.28205128205128205,"{""budget_performance_mismatch"": 0.2, ""execution_management"": 0.2, ""fiscal_impact"": 0.1, ""performance_gap"": 0.5}"
019:2023:사회복지:고용:1300:SPECIAL_ACCOUNT,019,사회복지,고용,1300,2023,SPECIAL_ACCOUNT,고용평등증진,MODERATE_OR_CONTEXT_REVIEW,PERFORMANCE_BELOW_TARGET;PROGRAM_STRUCTURE_CONTEXT,25696000000,0.10526315789473684,0.25,0.0,0.0,0.21739130434782608,performance_focus,0.1467391304347826,0.13552631578947366,140,140.0,140,0.3956521739130435,30,30.0,30,0.2564102564102564,"{""budget_performance_mismatch"": 0.2, ""execution_management"": 0.2, ""fiscal_impact"": 0.1, ""performance_gap"": 0.5}"
162:2023:과학기술:과학기술인력및문화:1700:GENERAL_ACCOUNT,162,과학기술,과학기술인력및문화,1700,2023,GENERAL_ACCOUNT,과학기술인력양성,MODERATE_OR_CONTEXT_REVIEW,PERFORMANCE_BELOW_TARGET,139397000000,0.6896551724137931,0.3333333333333333,0.0,0.0,0.5434782608695652,performance_focus,0.22101449275362317,0.23563218390804597,109,109.0,109,0.5304347826086957,19,19.0,19,0.7313432835820896,"{""budget_performance_mismatch"": 0.2, ""execution_management"": 0.2, ""fiscal_impact"": 0.1, ""performance_gap"": 0.5}"
162:2023:교육:고등교육:2200:GENERAL_ACCOUNT,162,교육,고등교육,2200,2023,GENERAL_ACCOUNT,과학기술인력양성,MODERATE_OR_CONTEXT_REVIEW,EXECUTION_MANAGEMENT;GOOD_PERFORMANCE_BUDGET_DECREASE_T1_CONTEXT,191049000000,0.7758620689655172,0.0,0.12789650822563844,0.0,0.5942028985507246,performance_focus,0.08499959150020016,0.10316550854167941,184,184.0,184,0.20434782608695656,37,37.0,37,0.4626865671641791,"{""budget_performance_mismatch"": 0.2, ""execution_management"": 0.2, ""fiscal_impact"": 0.1, ""performance_gap"": 0.5}"
162:2023:과학기술:과학기술인력및문화:1700:SPECIAL_ACCOUNT,162,과학기술,과학기술인력및문화,1700,2023,SPECIAL_ACCOUNT,과학기술인력양성,MODERATE_OR_CONTEXT_REVIEW,PERFORMANCE_BELOW_TARGET,8980000000,0.15517241379310345,0.3333333333333333,0.0,0.0,0.13043478260869565,performance_focus,0.17971014492753623,0.182183908045977,132,132.0,132,0.4304347826086956,23,23.0,23,0.6716417910447761,"{""budget_performance_mismatch"": 0.2, ""execution_management"": 0.2, ""fiscal_impact"": 0.1, ""performance_gap"": 0.5}"
162:2023:통신:방송통신:7000:GENERAL_ACCOUNT,162,통신,방송통신,7000,2023,GENERAL_ACCOUNT,과학기술정보통신부운영지원,MODERATE_OR_CONTEXT_REVIEW,EXECUTION_MANAGEMENT,18942000000,0.2413793103448276,0.0,0.06021011508816387,0.0,0.1956521739130435,performance_focus,0.03160724040893712,0.036179954052115534,230,230.0,230,0.004347826086956497,66,66.0,66,0.02985074626865669,"{""budget_performance_mismatch"": 0.2, ""execution_management"": 0.2, ""fiscal_impact"": 0.1, ""performance_gap"": 0.5}"
162:2023:과학기술:과학기술인력및문화:1800:GENERAL_ACCOUNT,162,과학기술,과학기술인력및문화,1800,2023,GENERAL_ACCOUNT,과학문화창달,MODERATE_OR_CONTEXT_REVIEW,EXECUTION_MANAGEMENT,71642000000,0.5172413793103449,0.0,0.5,0.0,0.427536231884058,performance_focus,0.14275362318840581,0.1517241379310345,141,141.0,141,0.3913043478260869,26,26.0,26,0.6268656716417911,"{""budget_performance_mismatch"": 0.2, ""execution_management"": 0.2, ""fiscal_impact"": 0.1, ""performance_gap"": 0.5}"
162:2023:일반·지방행정:정부자원관리:1900:GENERAL_ACCOUNT,162,일반·지방행정,정부자원관리,1900,2023,GENERAL_ACCOUNT,국가사회정보화,MODERATE_OR_CONTEXT_REVIEW,PERFORMANCE_BELOW_TARGET,202573000000,0.8103448275862069,0.5,0.0,0.0,0.6304347826086957,performance_focus,0.3130434782608696,0.3310344827586207,73,73.0,73,0.6869565217391305,8,8.0,8,0.8955223880597015,"{""budget_performance_mismatch"": 0.2, ""execution_management"": 0.2, ""fiscal_impact"": 0.1, ""performance_gap"": 0.5}"
162:2023:과학기술:과학기술인력및문화:2300:RESPONSIBLE_OPERATION_ACCOUNT,162,과학기술,과학기술인력및문화,2300,2023,RESPONSIBLE_OPERATION_ACCOUNT,국립과천과학관운영,MODERATE_OR_CONTEXT_REVIEW,PERFORMANCE_BELOW_TARGET;PROGRAM_STRUCTURE_CONTEXT;LOW_PERFORMANCE_BUDGET_INCREASE_T1,2994000000,0.08620689655172414,0.3333333333333333,0.0,0.0,0.043478260869565216,performance_focus,0.17101449275362318,0.17528735632183906,137,137.0,137,0.408695652173913,24,24.0,24,0.6567164179104478,"{""budget_performance_mismatch"": 0.2, ""execution_management"": 0.2, ""fiscal_impact"": 0.1, ""performance_gap"": 0.5}"
075:2023:보건:보건의료:3300:FUND,075,보건,보건의료,3300,2023,FUND,국민건강생활실천,MODERATE_OR_CONTEXT_REVIEW,PERFORMANCE_BELOW_TARGET,385630000000,0.6410256410256411,1.0,0.0,0.0,0.717391304347826,performance_focus,0.5717391304347826,0.5641025641025641,28,28.0,28,0.8826086956521739,12,12.0,12,0.8625,"{""budget_performance_mismatch"": 0.2, ""execution_management"": 0.2, ""fiscal_impact"": 0.1, ""performance_gap"": 0.5}"
075:2023:사회복지:공적연금:7400:FUND,075,사회복지,공적연금,7400,2023,FUND,국민연금운영(여유자금운영위탁 등),MODERATE_OR_CONTEXT_REVIEW,EXECUTION_MANAGEMENT;ACCOUNTING_ADJUSTMENT_CONTEXT,340333000000,0.6153846153846154,0.0,0.0843306408723221,0.0,0.7101449275362319,performance_focus,0.08788062092808761,0.07840458971292597,176,176.0,176,0.23913043478260865,71,71.0,71,0.125,"{""budget_performance_mismatch"": 0.2, ""execution_management"": 0.2, ""fiscal_impact"": 0.1, ""performance_gap"": 0.5}"
019:2023:사회복지:노동:3000:GENERAL_ACCOUNT,019,사회복지,노동,3000,2023,GENERAL_ACCOUNT,근로조건보호및복지증진,MODERATE_OR_CONTEXT_REVIEW,EXECUTION_MANAGEMENT,63169000000,0.2631578947368421,0.0,0.14125599582073486,0.0,0.41304347826086957,performance_focus,0.06955554699023393,0.05456698863783118,197,197.0,197,0.14782608695652177,37,37.0,37,0.07692307692307687,"{""budget_performance_mismatch"": 0.2, ""execution_management"": 0.2, ""fiscal_impact"": 0.1, ""performance_gap"": 0.5}"
102:2023:산업·중소기업및에너지:창업및벤처:2400:FUND,102,산업·중소기업및에너지,창업및벤처,2400,2023,FUND,기술금융지원,MODERATE_OR_CONTEXT_REVIEW,EXECUTION_MANAGEMENT;PROGRAM_STRUCTURE_CONTEXT,1368778000000,0.8181818181818182,0.0,0.04817435698119052,0.0,0.8405797101449275,performance_focus,0.09369284241073085,0.09145305321441993,168,168.0,168,0.27391304347826084,37,37.0,37,0.12195121951219512,"{""budget_performance_mismatch"": 0.2, ""execution_management"": 0.2, ""fiscal_impact"": 0.1, ""performance_gap"": 0.5}"
162:2023:과학기술:과학기술연구개발:1200:SPECIAL_ACCOUNT,162,과학기술,과학기술연구개발,1200,2023,SPECIAL_ACCOUNT,기초연구진흥,MODERATE_OR_CONTEXT_REVIEW,EXECUTION_MANAGEMENT;PROGRAM_STRUCTURE_CONTEXT,60000000000,0.43103448275862066,0.0,0.5,0.0,0.38405797101449274,performance_focus,0.1384057971014493,0.14310344827586208,144,144.0,144,0.37826086956521743,27,27.0,27,0.6119402985074627,"{""budget_performance_mismatch"": 0.2, ""execution_management"": 0.2, ""fiscal_impact"": 0.1, ""performance_gap"": 0.5}"
075:2023:사회복지:노인:2100:GENERAL_ACCOUNT,075,사회복지,노인,2100,2023,GENERAL_ACCOUNT,노인생활안정,MODERATE_OR_CONTEXT_REVIEW,EXECUTION_MANAGEMENT;ACCOUNTING_ADJUSTMENT_CONTEXT;PROGRAM_STRUCTURE_CONTEXT,20178595000000,0.9743589743589743,0.0,0.00020224401153796882,0.0,0.9927536231884058,performance_focus,0.09931581112114818,0.09747634623820503,158,158.0,158,0.31739130434782614,59,59.0,59,0.275,"{""budget_performance_mismatch"": 0.2, ""execution_management"": 0.2, ""fiscal_impact"": 0.1, ""performance_gap"": 0.5}"
075:2023:사회복지:노인:2200:FUND,075,사회복지,노인,2200,2023,FUND,노인의료보장,MODERATE_OR_CONTEXT_REVIEW,PERFORMANCE_BELOW_TARGET;PROGRAM_STRUCTURE_CONTEXT,196461000000,0.48717948717948717,0.3333333333333333,0.0,0.0,0.6086956521739131,performance_focus,0.22753623188405797,0.21538461538461537,105,105.0,105,0.5478260869565217,49,49.0,49,0.4,"{""budget_performance_mismatch"": 0.2, ""execution_management"": 0.2, ""fiscal_impact"": 0.1, ""performance_gap"": 0.5}"
075:2023:사회복지:노인:2200:GENERAL_ACCOUNT,075,사회복지,노인,2200,2023,GENERAL_ACCOUNT,노인의료보장,MODERATE_OR_CONTEXT_REVIEW,PERFORMANCE_BELOW_TARGET;PROGRAM_STRUCTURE_CONTEXT,2245124000000,0.8205128205128205,0.3333333333333333,0.0,0.0,0.9057971014492754,performance_focus,0.25724637681159424,0.24871794871794872,96,96.0,96,0.5869565217391304,44,44.0,44,0.4625,"{""budget_performance_mismatch"": 0.2, ""execution_management"": 0.2, ""fiscal_impact"": 0.1, ""performance_gap"": 0.5}"
075:2023:사회복지:노인:2200:SPECIAL_ACCOUNT,075,사회복지,노인,2200,2023,SPECIAL_ACCOUNT,노인의료보장,MODERATE_OR_CONTEXT_REVIEW,PERFORMANCE_BELOW_TARGET;PROGRAM_STRUCTURE_CONTEXT,54765000000,0.41025641025641024,0.3333333333333333,0.0,0.0,0.34782608695652173,performance_focus,0.20144927536231882,0.20769230769230768,122,122.0,122,0.4739130434782609,52,52.0,52,0.36250000000000004,"{""budget_performance_mismatch"": 0.2, ""execution_management"": 0.2, ""fiscal_impact"": 0.1, ""performance_gap"": 0.5}"
162:2023:과학기술:과학기술연구개발:1100:GENERAL_ACCOUNT,162,과학기술,과학기술연구개발,1100,2023,GENERAL_ACCOUNT,미래유망원천기술개발,MODERATE_OR_CONTEXT_REVIEW,BUDGET_PERFORMANCE_MISMATCH,931362000000,0.9482758620689655,0.0,0.0,0.0355382762019494,0.8043478260869565,performance_focus,0.08754243784908554,0.10193524144728644,177,177.0,177,0.23478260869565215,38,38.0,38,0.4477611940298507,"{""budget_performance_mismatch"": 0.2, ""execution_management"": 0.2, ""fiscal_impact"": 0.1, ""performance_gap"": 0.5}"
102:2023:산업·중소기업및에너지:창업및벤처:5200:GENERAL_ACCOUNT,102,산업·중소기업및에너지,창업및벤처,5200,2023,GENERAL_ACCOUNT,벤처기업활성화지원,MODERATE_OR_CONTEXT_REVIEW,BUDGET_PERFORMANCE_MISMATCH;PROGRAM_STRUCTURE_CONTEXT,26299000000,0.18181818181818182,0.0,0.0,0.049431537320810674,0.2246376811594203,performance_focus,0.032350075580104165,0.02806812564598032,228,228.0,228,0.013043478260869601,41,41.0,41,0.024390243902439046,"{""budget_performance_mismatch"": 0.2, ""execution_management"": 0.2, ""fiscal_impact"": 0.1, ""performance_gap"": 0.5}"
075:2023:보건:보건의료:3000:FUND,075,보건,보건의료,3000,2023,FUND,보건산업육성,MODERATE_OR_CONTEXT_REVIEW,PERFORMANCE_BELOW_TARGET,27889000000,0.28205128205128205,0.5,0.0,0.0,0.2318840579710145,performance_focus,0.27318840579710146,0.2782051282051282,88,88.0,88,0.6217391304347826,42,42.0,42,0.48750000000000004,"{""budget_performance_mismatch"": 0.2, ""execution_management"": 0.2, ""fiscal_impact"": 0.1, ""performance_gap"": 0.5}"
075:2023:보건:보건의료:3000:GENERAL_ACCOUNT,075,보건,보건의료,3000,2023,GENERAL_ACCOUNT,보건산업육성,MODERATE_OR_CONTEXT_REVIEW,PERFORMANCE_BELOW_TARGET;ACCOUNTING_ADJUSTMENT_CONTEXT,833877000000,0.7435897435897436,0.5,0.0,0.0,0.7898550724637681,performance_focus,0.3289855072463768,0.3243589743589744,61,61.0,61,0.7391304347826086,30,30.0,30,0.6375,"{""budget_performance_mismatch"": 0.2, ""execution_management"": 0.2, ""fiscal_impact"": 0.1, ""performance_gap"": 0.5}"
075:2023:보건:보건의료:3000:SPECIAL_ACCOUNT,075,보건,보건의료,3000,2023,SPECIAL_ACCOUNT,보건산업육성,MODERATE_OR_CONTEXT_REVIEW,PERFORMANCE_BELOW_TARGET,51956000000,0.38461538461538464,0.5,0.0,0.0,0.32608695652173914,performance_focus,0.2826086956521739,0.28846153846153844,84,84.0,84,0.6391304347826087,39,39.0,39,0.525,"{""budget_performance_mismatch"": 0.2, ""execution_management"": 0.2, ""fiscal_impact"": 0.1, ""performance_gap"": 0.5}"
075:2023:사회복지:사회복지일반:2600:GENERAL_ACCOUNT,075,사회복지,사회복지일반,2600,2023,GENERAL_ACCOUNT,사회복지기반조성,MODERATE_OR_CONTEXT_REVIEW,EXECUTION_MANAGEMENT;ACCOUNTING_ADJUSTMENT_CONTEXT,201741000000,0.5384615384615384,0.0,0.05671132789071136,0.0,0.6231884057971014,performance_focus,0.07366110615785242,0.06518841942429612,195,195.0,195,0.15652173913043477,75,75.0,75,0.07499999999999996,"{""budget_performance_mismatch"": 0.2, ""execution_management"": 0.2, ""fiscal_impact"": 0.1, ""performance_gap"": 0.5}"
075:2023:사회복지:사회복지일반:2600:SPECIAL_ACCOUNT,075,사회복지,사회복지일반,2600,2023,SPECIAL_ACCOUNT,사회복지기반조성,MODERATE_OR_CONTEXT_REVIEW,BUDGET_PERFORMANCE_MISMATCH,399085000000,0.6666666666666666,0.0,0.0,0.06734154378139995,0.7318840579710145,performance_focus,0.08665671455338145,0.08013497542294666,180,180.0,180,0.22173913043478266,70,70.0,70,0.13749999999999996,"{""budget_performance_mismatch"": 0.2, ""execution_management"": 0.2, ""fiscal_impact"": 0.1, ""performance_gap"": 0.5}"
019:2023:사회복지:노동:4100:GENERAL_ACCOUNT,019,사회복지,노동,4100,2023,GENERAL_ACCOUNT,산업재해예방,MODERATE_OR_CONTEXT_REVIEW,PERFORMANCE_BELOW_TARGET,4629000000,0.05263157894736842,0.3333333333333333,0.0,0.0,0.06521739130434782,performance_focus,0.17318840579710143,0.1719298245614035,135,135.0,135,0.4173913043478261,25,25.0,25,0.3846153846153846,"{""budget_performance_mismatch"": 0.2, ""execution_management"": 0.2, ""fiscal_impact"": 0.1, ""performance_gap"": 0.5}"
019:2023:사회복지:노동:4100:SPECIAL_ACCOUNT,019,사회복지,노동,4100,2023,SPECIAL_ACCOUNT,산업재해예방,MODERATE_OR_CONTEXT_REVIEW,PERFORMANCE_BELOW_TARGET;ACCOUNTING_ADJUSTMENT_CONTEXT,89132000000,0.3684210526315789,0.3333333333333333,0.0,0.0,0.47101449275362317,performance_focus,0.213768115942029,0.20350877192982458,112,112.0,112,0.5173913043478261,19,19.0,19,0.5384615384615384,"{""budget_performance_mismatch"": 0.2, ""execution_management"": 0.2, ""fiscal_impact"": 0.1, ""performance_gap"": 0.5}"
075:2023:보건:보건의료:4500:GENERAL_ACCOUNT,075,보건,보건의료,4500,2023,GENERAL_ACCOUNT,소록도병원,MODERATE_OR_CONTEXT_REVIEW,EXECUTION_MANAGEMENT;GOOD_PERFORMANCE_BUDGET_DECREASE_T1_CONTEXT,11317000000,0.20512820512820512,0.0,0.5,0.0,0.15217391304347827,performance_focus,0.11521739130434783,0.12051282051282051,151,151.0,151,0.34782608695652173,56,56.0,56,0.3125,"{""budget_performance_mismatch"": 0.2, ""execution_management"": 0.2, ""fiscal_impact"": 0.1, ""performance_gap"": 0.5}"
102:2023:산업·중소기업및에너지:중소기업및소상공인육성:4100:FUND,102,산업·중소기업및에너지,중소기업및소상공인육성,4100,2023,FUND,소상공인·전통시장지원,MODERATE_OR_CONTEXT_REVIEW,PERFORMANCE_BELOW_TARGET;PROGRAM_STRUCTURE_CONTEXT,3895274000000,1.0,1.0,0.0,0.0,0.9420289855072463,performance_focus,0.5942028985507246,0.6,14,14.0,14,0.9434782608695652,1,1.5,2,0.9878048780487805,"{""budget_performance_mismatch"": 0.2, ""execution_management"": 0.2, ""fiscal_impact"": 0.1, ""performance_gap"": 0.5}"
162:2023:과학기술:과학기술연구개발:1300:GENERAL_ACCOUNT,162,과학기술,과학기술연구개발,1300,2023,GENERAL_ACCOUNT,우주개발진흥,MODERATE_OR_CONTEXT_REVIEW,BUDGET_PERFORMANCE_MISMATCH,424860000000,0.896551724137931,0.0,0.0,0.22537071035164524,0.7391304347826086,performance_focus,0.11898718554858992,0.13472931448412218,150,150.0,150,0.3521739130434782,29,29.0,29,0.582089552238806,"{""budget_performance_mismatch"": 0.2, ""execution_management"": 0.2, ""fiscal_impact"": 0.1, ""performance_gap"": 0.5}"
162:2023:통신:우정:5300:SPECIAL_ACCOUNT,162,통신,우정,5300,2023,SPECIAL_ACCOUNT,우체국보험,MODERATE_OR_CONTEXT_REVIEW,EXECUTION_MANAGEMENT;GOOD_PERFORMANCE_BUDGET_DECREASE_T1_CONTEXT,295686000000,0.8620689655172413,0.0,0.03975670136563787,0.0,0.6956521739130435,performance_focus,0.07751655766443193,0.09415823682485172,190,190.0,190,0.17826086956521736,41,41.0,41,0.4029850746268657,"{""budget_performance_mismatch"": 0.2, ""execution_management"": 0.2, ""fiscal_impact"": 0.1, ""performance_gap"": 0.5}"
162:2023:과학기술:과학기술연구개발:1400:FUND,162,과학기술,과학기술연구개발,1400,2023,FUND,원자력 진흥,MODERATE_OR_CONTEXT_REVIEW,EXECUTION_MANAGEMENT,146293000000,0.7068965517241379,0.0,0.0563936757056045,0.0,0.5507246376811594,performance_focus,0.06635119890923685,0.0819683903135347,204,204.0,204,0.11739130434782608,48,48.0,48,0.29850746268656714,"{""budget_performance_mismatch"": 0.2, ""execution_management"": 0.2, ""fiscal_impact"": 0.1, ""performance_gap"": 0.5}"
075:2023:보건:보건의료:2800:FUND,075,보건,보건의료,2800,2023,FUND,응급의료체계운영지원,MODERATE_OR_CONTEXT_REVIEW,EXECUTION_MANAGEMENT,248941000000,0.5897435897435898,0.0,0.028585086426100963,0.0,0.6594202898550725,performance_focus,0.07165904627072744,0.06469137625957916,196,196.0,196,0.15217391304347827,76,76.0,76,0.0625,"{""budget_performance_mismatch"": 0.2, ""execution_management"": 0.2, ""fiscal_impact"": 0.1, ""performance_gap"": 0.5}"
075:2023:사회복지:취약계층지원:1500:SPECIAL_ACCOUNT,075,사회복지,취약계층지원,1500,2023,SPECIAL_ACCOUNT,장애인생활안정 및 재활 지원,MODERATE_OR_CONTEXT_REVIEW,PERFORMANCE_BELOW_TARGET,4834000000,0.02564102564102564,0.5,0.0,0.0,0.07971014492753623,performance_focus,0.2579710144927536,0.25256410256410255,95,95.0,95,0.5913043478260869,43,43.0,43,0.475,"{""budget_performance_mismatch"": 0.2, ""execution_management"": 0.2, ""fiscal_impact"": 0.1, ""performance_gap"": 0.5}"
162:2023:통신:방송통신:2500:FUND,162,통신,방송통신,2500,2023,FUND,전파활용방송서비스산업,MODERATE_OR_CONTEXT_REVIEW,EXECUTION_MANAGEMENT,48633000000,0.3275862068965517,0.0,0.12090555795447536,0.0,0.2971014492753623,performance_focus,0.05389125651843131,0.056939732280550256,210,210.0,210,0.09130434782608698,55,55.0,55,0.19402985074626866,"{""budget_performance_mismatch"": 0.2, ""execution_management"": 0.2, ""fiscal_impact"": 0.1, ""performance_gap"": 0.5}"
162:2023:통신:방송통신:2500:GENERAL_ACCOUNT,162,통신,방송통신,2500,2023,GENERAL_ACCOUNT,전파활용방송서비스산업,MODERATE_OR_CONTEXT_REVIEW,EXECUTION_MANAGEMENT;ACCOUNTING_ADJUSTMENT_CONTEXT,56759000000,0.3793103448275862,0.0,0.01701932733134833,0.0,0.36231884057971014,performance_focus,0.039635749524240683,0.04133489994902829,218,218.0,218,0.05652173913043479,60,60.0,60,0.11940298507462688,"{""budget_performance_mismatch"": 0.2, ""execution_management"": 0.2, ""fiscal_impact"": 0.1, ""performance_gap"": 0.5}"
162:2023:문화및관광:문화예술:1200:FUND,162,문화및관광,문화예술,1200,2023,FUND,정보통신방송국제협력,MODERATE_OR_CONTEXT_REVIEW,EXECUTION_MANAGEMENT,11954000000,0.20689655172413793,0.0,0.09189392671908984,0.0,0.16666666666666666,performance_focus,0.03504545201048463,0.03906844051623176,222,222.0,222,0.03913043478260869,62,62.0,62,0.08955223880597019,"{""budget_performance_mismatch"": 0.2, ""execution_management"": 0.2, ""fiscal_impact"": 0.1, ""performance_gap"": 0.5}"
162:2023:통신:정보통신:2100:GENERAL_ACCOUNT,162,통신,정보통신,2100,2023,GENERAL_ACCOUNT,정보통신융합산업,MODERATE_OR_CONTEXT_REVIEW,BUDGET_PERFORMANCE_MISMATCH,165554000000,0.7413793103448276,0.0,0.0,0.03324594996194595,0.572463768115942,performance_focus,0.0638955668039834,0.08078712102687197,206,206.0,206,0.10869565217391308,50,50.0,50,0.26865671641791045,"{""budget_performance_mismatch"": 0.2, ""execution_management"": 0.2, ""fiscal_impact"": 0.1, ""performance_gap"": 0.5}"
102:2023:산업·중소기업및에너지:중소기업및소상공인육성:2100:FUND,102,산업·중소기업및에너지,중소기업및소상공인육성,2100,2023,FUND,중소기업기술개발지원,MODERATE_OR_CONTEXT_REVIEW,PERFORMANCE_BELOW_TARGET,10155000000,0.09090909090909091,1.0,0.0,0.0,0.14492753623188406,performance_focus,0.5144927536231884,0.509090909090909,38,38.0,38,0.8391304347826087,12,12.5,13,0.7195121951219512,"{""budget_performance_mismatch"": 0.2, ""execution_management"": 0.2, ""fiscal_impact"": 0.1, ""performance_gap"": 0.5}"
102:2023:산업·중소기업및에너지:중소기업및소상공인육성:1200:GENERAL_ACCOUNT,102,산업·중소기업및에너지,중소기업및소상공인육성,1200,2023,GENERAL_ACCOUNT,중소기업성장안정지원,MODERATE_OR_CONTEXT_REVIEW,BUDGET_PERFORMANCE_MISMATCH,118700000000,0.45454545454545453,0.0,0.0,0.7051390058972199,0.5144927536231884,performance_focus,0.19247707654176283,0.18648234663398944,126,126.0,126,0.4565217391304348,30,30.0,30,0.29268292682926833,"{""budget_performance_mismatch"": 0.2, ""execution_management"": 0.2, ""fiscal_impact"": 0.1, ""performance_gap"": 0.5}"
102:2023:산업·중소기업및에너지:무역및투자유치:3100:FUND,102,산업·중소기업및에너지,무역및투자유치,3100,2023,FUND,중소기업수출촉진지원,MODERATE_OR_CONTEXT_REVIEW,EXECUTION_MANAGEMENT,50752000000,0.3181818181818182,0.0,0.5,0.0,0.3115942028985507,performance_focus,0.13115942028985508,0.13181818181818183,146,146.0,146,0.3695652173913043,34,34.0,34,0.19512195121951215,"{""budget_performance_mismatch"": 0.2, ""execution_management"": 0.2, ""fiscal_impact"": 0.1, ""performance_gap"": 0.5}"
102:2023:산업·중소기업및에너지:중소기업및소상공인육성:4800:FUND,102,산업·중소기업및에너지,중소기업및소상공인육성,4800,2023,FUND,중소기업육성지원,MODERATE_OR_CONTEXT_REVIEW,PERFORMANCE_BELOW_TARGET,1948000000,0.045454545454545456,0.3333333333333333,0.0,0.0,0.028985507246376812,performance_focus,0.16956521739130434,0.1712121212121212,138,138.0,138,0.4043478260869565,32,32.0,32,0.24390243902439024,"{""budget_performance_mismatch"": 0.2, ""execution_management"": 0.2, ""fiscal_impact"": 0.1, ""performance_gap"": 0.5}"
102:2023:산업·중소기업및에너지:중소기업및소상공인육성:5400:GENERAL_ACCOUNT,102,산업·중소기업및에너지,중소기업및소상공인육성,5400,2023,GENERAL_ACCOUNT,중소기업인력지원,MODERATE_OR_CONTEXT_REVIEW,PERFORMANCE_BELOW_TARGET,327285000000,0.7272727272727273,0.5,0.0,0.0,0.7028985507246377,performance_focus,0.32028985507246377,0.32272727272727275,66,66.0,66,0.7173913043478262,14,14.0,14,0.6829268292682926,"{""budget_performance_mismatch"": 0.2, ""execution_management"": 0.2, ""fiscal_impact"": 0.1, ""performance_gap"": 0.5}"
102:2023:산업·중소기업및에너지:중소기업및소상공인육성:3300:SPECIAL_ACCOUNT,102,산업·중소기업및에너지,중소기업및소상공인육성,3300,2023,SPECIAL_ACCOUNT,지역중소기업육성,MODERATE_OR_CONTEXT_REVIEW,BUDGET_PERFORMANCE_MISMATCH,77979000000,0.4090909090909091,0.0,0.0,0.11591582349093987,0.4492753623188406,performance_focus,0.06811070093007203,0.06409225560727888,199,199.0,199,0.13913043478260867,39,39.0,39,0.07317073170731703,"{""budget_performance_mismatch"": 0.2, ""execution_management"": 0.2, ""fiscal_impact"": 0.1, ""performance_gap"": 0.5}"
102:2023:산업·중소기업및에너지:창업및벤처:5100:FUND,102,산업·중소기업및에너지,창업및벤처,5100,2023,FUND,창업환경조성,MODERATE_OR_CONTEXT_REVIEW,PERFORMANCE_BELOW_TARGET,2860529000000,0.9545454545454546,0.3333333333333333,0.0,0.0,0.9347826086956522,performance_focus,0.26014492753623186,0.2621212121212121,94,94.0,94,0.5956521739130435,20,20.0,20,0.5365853658536586,"{""budget_performance_mismatch"": 0.2, ""execution_management"": 0.2, ""fiscal_impact"": 0.1, ""performance_gap"": 0.5}"
102:2023:산업·중소기업및에너지:창업및벤처:5100:GENERAL_ACCOUNT,102,산업·중소기업및에너지,창업및벤처,5100,2023,GENERAL_ACCOUNT,창업환경조성,MODERATE_OR_CONTEXT_REVIEW,PERFORMANCE_BELOW_TARGET,707120000000,0.7727272727272727,0.3333333333333333,0.0,0.0,0.7753623188405797,performance_focus,0.24420289855072463,0.24393939393939393,100,100.0,100,0.5695652173913044,22,22.5,23,0.47560975609756095,"{""budget_performance_mismatch"": 0.2, ""execution_management"": 0.2, ""fiscal_impact"": 0.1, ""performance_gap"": 0.5}"
102:2023:산업·중소기업및에너지:창업및벤처:5100:SPECIAL_ACCOUNT,102,산업·중소기업및에너지,창업및벤처,5100,2023,SPECIAL_ACCOUNT,창업환경조성,MODERATE_OR_CONTEXT_REVIEW,PERFORMANCE_BELOW_TARGET,152403000000,0.5454545454545454,0.3333333333333333,0.0,0.0,0.5579710144927537,performance_focus,0.22246376811594204,0.22121212121212122,108,108.0,108,0.5347826086956522,25,25.0,25,0.41463414634146345,"{""budget_performance_mismatch"": 0.2, ""execution_management"": 0.2, ""fiscal_impact"": 0.1, ""performance_gap"": 0.5}"
162:2023:통신:방송통신:2400:FUND,162,통신,방송통신,2400,2023,FUND,통신정책지원,MODERATE_OR_CONTEXT_REVIEW,EXECUTION_MANAGEMENT;ACCOUNTING_ADJUSTMENT_CONTEXT;PROGRAM_STRUCTURE_CONTEXT,32881000000,0.29310344827586204,0.0,0.02673276360208023,0.0,0.26811594202898553,performance_focus,0.0321581469233146,0.03465689754800225,229,229.0,229,0.008695652173912993,68,68.0,68,0.0,"{""budget_performance_mismatch"": 0.2, ""execution_management"": 0.2, ""fiscal_impact"": 0.1, ""performance_gap"": 0.5}"
162:2024:통신:정보통신:2200:FUND,162,통신,정보통신,2200,2024,FUND,SW산업진흥,MODERATE_OR_CONTEXT_REVIEW,BUDGET_PERFORMANCE_MISMATCH,353937000000,0.8983050847457628,0.0,0.0,0.0015822024823626804,0.7372262773722628,performance_focus,0.07403906823369881,0.09014694897104882,194,194.0,194,0.16086956521739126,43,43.0,43,0.3731343283582089,"{""budget_performance_mismatch"": 0.2, ""execution_management"": 0.2, ""fiscal_impact"": 0.1, ""performance_gap"": 0.5}"
075:2024:보건:건강보험:4900:FUND,075,보건,건강보험,4900,2024,FUND,건강보험제도 운영,MODERATE_OR_CONTEXT_REVIEW,EXECUTION_MANAGEMENT;PROGRAM_STRUCTURE_CONTEXT,1902181000000,0.7948717948717948,0.0,0.5,0.0,0.8759124087591241,performance_focus,0.18759124087591242,0.1794871794871795,129,129.0,129,0.4434782608695652,53,53.0,53,0.35,"{""budget_performance_mismatch"": 0.2, ""execution_management"": 0.2, ""fiscal_impact"": 0.1, ""performance_gap"": 0.5}"
075:2024:보건:건강보험:4900:GENERAL_ACCOUNT,075,보건,건강보험,4900,2024,GENERAL_ACCOUNT,건강보험제도 운영,MODERATE_OR_CONTEXT_REVIEW,EXECUTION_MANAGEMENT;ACCOUNTING_ADJUSTMENT_CONTEXT;PROGRAM_STRUCTURE_CONTEXT,11804813000000,0.9230769230769231,0.0,0.43472171054297937,0.0,0.9708029197080292,performance_focus,0.18402463407939879,0.17925203441628818,130,130.0,130,0.4391304347826087,54,54.0,54,0.3375,"{""budget_performance_mismatch"": 0.2, ""execution_management"": 0.2, ""fiscal_impact"": 0.1, ""performance_gap"": 0.5}"
019:2024:사회복지:고용:1200:GENERAL_ACCOUNT,019,사회복지,고용,1200,2024,GENERAL_ACCOUNT,고용안전망확충,MODERATE_OR_CONTEXT_REVIEW,BUDGET_PERFORMANCE_MISMATCH;PROGRAM_STRUCTURE_CONTEXT,1816210000000,0.8421052631578947,0.0,0.0,0.0012493048711327435,0.8686131386861314,performance_focus,0.0871111748428397,0.08446038729001602,178,178.0,178,0.23043478260869565,34,34.0,34,0.15384615384615385,"{""budget_performance_mismatch"": 0.2, ""execution_management"": 0.2, ""fiscal_impact"": 0.1, ""performance_gap"": 0.5}"
162:2024:과학기술:과학기술연구지원:4600:GENERAL_ACCOUNT,162,과학기술,과학기술연구지원,4600,2024,GENERAL_ACCOUNT,공공연구성과활성화,MODERATE_OR_CONTEXT_REVIEW,BUDGET_PERFORMANCE_MISMATCH,63630000000,0.5423728813559322,0.0,0.0,0.023840955524123842,0.43795620437956206,performance_focus,0.04856381154278097,0.05900547924041799,214,214.0,214,0.07391304347826089,54,54.0,54,0.20895522388059706,"{""budget_performance_mismatch"": 0.2, ""execution_management"": 0.2, ""fiscal_impact"": 0.1, ""performance_gap"": 0.5}"
162:2024:과학기술:과학기술연구지원:1600:GENERAL_ACCOUNT,162,과학기술,과학기술연구지원,1600,2024,GENERAL_ACCOUNT,과학기술기반조성,MODERATE_OR_CONTEXT_REVIEW,EXECUTION_MANAGEMENT;PROGRAM_STRUCTURE_CONTEXT,43663000000,0.3559322033898305,0.0,0.38218858072051853,0.0,0.32116788321167883,performance_focus,0.1085545044652716,0.11203093648308676,155,155.0,155,0.33043478260869563,33,33.0,33,0.5223880597014925,"{""budget_performance_mismatch"": 0.2, ""execution_management"": 0.2, ""fiscal_impact"": 0.1, ""performance_gap"": 0.5}"
162:2024:과학기술:과학기술인력및문화:1700:FUND,162,과학기술,과학기술인력및문화,1700,2024,FUND,과학기술인력양성,MODERATE_OR_CONTEXT_REVIEW,EXECUTION_MANAGEMENT,38149000000,0.3220338983050847,0.0,0.02125874859105088,0.0,0.29927007299270075,performance_focus,0.03417875701748025,0.03645513954871865,224,224.0,224,0.0304347826086957,65,65.0,65,0.04477611940298509,"{""budget_performance_mismatch"": 0.2, ""execution_management"": 0.2, ""fiscal_impact"": 0.1, ""performance_gap"": 0.5}"
162:2024:교육:고등교육:2200:GENERAL_ACCOUNT,162,교육,고등교육,2200,2024,GENERAL_ACCOUNT,과학기술인력양성,MODERATE_OR_CONTEXT_REVIEW,EXECUTION_MANAGEMENT,188107000000,0.8135593220338984,0.0,0.1367253743879813,0.0,0.6204379562043796,performance_focus,0.08938887049803422,0.1087010070809861,174,174.0,174,0.24782608695652175,35,35.0,35,0.4925373134328358,"{""budget_performance_mismatch"": 0.2, ""execution_management"": 0.2, ""fiscal_impact"": 0.1, ""performance_gap"": 0.5}"
162:2024:통신:방송통신:7000:GENERAL_ACCOUNT,162,통신,방송통신,7000,2024,GENERAL_ACCOUNT,과학기술정보통신부운영지원,MODERATE_OR_CONTEXT_REVIEW,EXECUTION_MANAGEMENT;ACCOUNTING_ADJUSTMENT_CONTEXT,22184000000,0.288135593220339,0.0,0.043544897223223945,0.0,0.24087591240875914,performance_focus,0.03279657068552071,0.037522538766678694,226,226.0,226,0.021739130434782594,64,64.0,64,0.05970149253731338,"{""budget_performance_mismatch"": 0.2, ""execution_management"": 0.2, ""fiscal_impact"": 0.1, ""performance_gap"": 0.5}"
162:2024:과학기술:과학기술인력및문화:2300:RESPONSIBLE_OPERATION_ACCOUNT,162,과학기술,과학기술인력및문화,2300,2024,RESPONSIBLE_OPERATION_ACCOUNT,국립과천과학관운영,MODERATE_OR_CONTEXT_REVIEW,EXECUTION_MANAGEMENT;ACCOUNTING_ADJUSTMENT_CONTEXT;PROGRAM_STRUCTURE_CONTEXT,3344000000,0.0847457627118644,0.0,0.5,0.0,0.043795620437956206,performance_focus,0.10437956204379563,0.10847457627118645,157,157.0,157,0.32173913043478264,36,36.0,36,0.4776119402985075,"{""budget_performance_mismatch"": 0.2, ""execution_management"": 0.2, ""fiscal_impact"": 0.1, ""performance_gap"": 0.5}"
075:2024:보건:보건의료:3900:RESPONSIBLE_OPERATION_ACCOUNT,075,보건,보건의료,3900,2024,RESPONSIBLE_OPERATION_ACCOUNT,국립부곡병원,MODERATE_OR_CONTEXT_REVIEW,EXECUTION_MANAGEMENT;ACCOUNTING_ADJUSTMENT_CONTEXT;PROGRAM_STRUCTURE_CONTEXT,7700000000,0.1794871794871795,0.0,0.5,0.0,0.13138686131386862,performance_focus,0.11313868613138686,0.11794871794871796,154,154.0,154,0.33478260869565213,57,57.0,57,0.30000000000000004,"{""budget_performance_mismatch"": 0.2, ""execution_management"": 0.2, ""fiscal_impact"": 0.1, ""performance_gap"": 0.5}"
075:2024:보건:보건의료:3700:RESPONSIBLE_OPERATION_ACCOUNT,075,보건,보건의료,3700,2024,RESPONSIBLE_OPERATION_ACCOUNT,국립정신건강센터,MODERATE_OR_CONTEXT_REVIEW,EXECUTION_MANAGEMENT;PROGRAM_STRUCTURE_CONTEXT,18736000000,0.2564102564102564,0.0,0.5,0.0,0.2116788321167883,performance_focus,0.12116788321167885,0.12564102564102564,148,148.0,148,0.36086956521739133,55,55.0,55,0.32499999999999996,"{""budget_performance_mismatch"": 0.2, ""execution_management"": 0.2, ""fiscal_impact"": 0.1, ""performance_gap"": 0.5}"
075:2024:보건:보건의료:3300:FUND,075,보건,보건의료,3300,2024,FUND,국민건강생활실천,MODERATE_OR_CONTEXT_REVIEW,PERFORMANCE_BELOW_TARGET,362739000000,0.717948717948718,1.0,0.0,0.0,0.7445255474452555,performance_focus,0.5744525547445255,0.5717948717948718,26,26.0,26,0.8913043478260869,11,11.0,11,0.875,"{""budget_performance_mismatch"": 0.2, ""execution_management"": 0.2, ""fiscal_impact"": 0.1, ""performance_gap"": 0.5}"
075:2024:사회복지:공적연금:7400:FUND,075,사회복지,공적연금,7400,2024,FUND,국민연금운영(여유자금운영위탁 등),MODERATE_OR_CONTEXT_REVIEW,EXECUTION_MANAGEMENT;ACCOUNTING_ADJUSTMENT_CONTEXT,349971000000,0.6923076923076923,0.0,0.07779501730143355,0.0,0.7299270072992701,performance_focus,0.08855170419021373,0.08478977269105595,175,175.0,175,0.24347826086956526,67,67.0,67,0.17500000000000004,"{""budget_performance_mismatch"": 0.2, ""execution_management"": 0.2, ""fiscal_impact"": 0.1, ""performance_gap"": 0.5}"
019:2024:사회복지:노동:3000:FUND,019,사회복지,노동,3000,2024,FUND,근로조건보호및복지증진,MODERATE_OR_CONTEXT_REVIEW,EXECUTION_MANAGEMENT;ACCOUNTING_ADJUSTMENT_CONTEXT,1024671000000,0.631578947368421,0.0,0.021786505131891114,0.0,0.8248175182481752,performance_focus,0.08683905285119575,0.06751519576322033,179,179.0,179,0.22608695652173916,35,35.0,35,0.1282051282051282,"{""budget_performance_mismatch"": 0.2, ""execution_management"": 0.2, ""fiscal_impact"": 0.1, ""performance_gap"": 0.5}"
019:2024:사회복지:노동:3000:GENERAL_ACCOUNT,019,사회복지,노동,3000,2024,GENERAL_ACCOUNT,근로조건보호및복지증진,MODERATE_OR_CONTEXT_REVIEW,EXECUTION_MANAGEMENT;ACCOUNTING_ADJUSTMENT_CONTEXT,62340000000,0.21052631578947367,0.0,0.10290343278793712,0.0,0.4306569343065693,performance_focus,0.06364637998824436,0.0416333181365348,207,207.0,207,0.10434782608695647,39,39.0,39,0.02564102564102566,"{""budget_performance_mismatch"": 0.2, ""execution_management"": 0.2, ""fiscal_impact"": 0.1, ""performance_gap"": 0.5}"
102:2024:산업·중소기업및에너지:창업및벤처:2400:FUND,102,산업·중소기업및에너지,창업및벤처,2400,2024,FUND,기술금융지원,MODERATE_OR_CONTEXT_REVIEW,EXECUTION_MANAGEMENT;PROGRAM_STRUCTURE_CONTEXT,1594802000000,0.85,0.0,0.03430394494112749,0.0,0.8540145985401459,performance_focus,0.09226224884224009,0.0918607889882255,170,170.0,170,0.26521739130434785,36,36.0,36,0.14634146341463417,"{""budget_performance_mismatch"": 0.2, ""execution_management"": 0.2, ""fiscal_impact"": 0.1, ""performance_gap"": 0.5}"
075:2024:사회복지:기초생활보장:1100:GENERAL_ACCOUNT,075,사회복지,기초생활보장,1100,2024,GENERAL_ACCOUNT,기초생활보장,MODERATE_OR_CONTEXT_REVIEW,EXECUTION_MANAGEMENT;ACCOUNTING_ADJUSTMENT_CONTEXT,17919672000000,0.9487179487179487,0.0,3.9063214996345917e-07,0.0,0.9854014598540146,performance_focus,0.09854022411183146,0.09487187299822486,160,160.0,160,0.30869565217391304,62,62.0,62,0.23750000000000004,"{""budget_performance_mismatch"": 0.2, ""execution_management"": 0.2, ""fiscal_impact"": 0.1, ""performance_gap"": 0.5}"
075:2024:사회복지:노인:2100:GENERAL_ACCOUNT,075,사회복지,노인,2100,2024,GENERAL_ACCOUNT,노인생활안정,MODERATE_OR_CONTEXT_REVIEW,EXECUTION_MANAGEMENT;PROGRAM_STRUCTURE_CONTEXT,22337160000000,0.9743589743589743,0.0,0.0001818046698864135,0.0,0.9927007299270073,performance_focus,0.09930643392667803,0.09747225836987472,159,159.0,159,0.31304347826086953,60,60.0,60,0.26249999999999996,"{""budget_performance_mismatch"": 0.2, ""execution_management"": 0.2, ""fiscal_impact"": 0.1, ""performance_gap"": 0.5}"
075:2024:사회복지:노인:2200:FUND,075,사회복지,노인,2200,2024,FUND,노인의료보장,MODERATE_OR_CONTEXT_REVIEW,EXECUTION_MANAGEMENT;PROGRAM_STRUCTURE_CONTEXT,200322000000,0.5384615384615384,0.0,0.02079901358812312,0.0,0.635036496350365,performance_focus,0.06766345235266114,0.05800595656377848,201,201.0,201,0.13043478260869568,77,77.0,77,0.050000000000000044,"{""budget_performance_mismatch"": 0.2, ""execution_management"": 0.2, ""fiscal_impact"": 0.1, ""performance_gap"": 0.5}"
075:2024:사회복지:노인:2200:SPECIAL_ACCOUNT,075,사회복지,노인,2200,2024,SPECIAL_ACCOUNT,노인의료보장,MODERATE_OR_CONTEXT_REVIEW,BUDGET_PERFORMANCE_MISMATCH;ACCOUNTING_ADJUSTMENT_CONTEXT;PROGRAM_STRUCTURE_CONTEXT,21711000000,0.28205128205128205,0.0,0.0,1.0,0.23357664233576642,performance_focus,0.22335766423357667,0.22820512820512823,106,106.0,106,0.5434782608695652,46,46.0,46,0.4375,"{""budget_performance_mismatch"": 0.2, ""execution_management"": 0.2, ""fiscal_impact"": 0.1, ""performance_gap"": 0.5}"
162:2024:과학기술:과학기술연구개발:1100:GENERAL_ACCOUNT,162,과학기술,과학기술연구개발,1100,2024,GENERAL_ACCOUNT,미래유망원천기술개발,MODERATE_OR_CONTEXT_REVIEW,BUDGET_PERFORMANCE_MISMATCH;ACCOUNTING_ADJUSTMENT_CONTEXT,912332000000,0.9491525423728814,0.0,0.0,0.0031929166136888763,0.8029197080291971,performance_focus,0.0809305541256575,0.09555383756002592,186,186.0,186,0.19565217391304346,40,40.0,40,0.417910447761194,"{""budget_performance_mismatch"": 0.2, ""execution_management"": 0.2, ""fiscal_impact"": 0.1, ""performance_gap"": 0.5}"
162:2024:과학기술:과학기술연구개발:1100:SPECIAL_ACCOUNT,162,과학기술,과학기술연구개발,1100,2024,SPECIAL_ACCOUNT,미래유망원천기술개발,MODERATE_OR_CONTEXT_REVIEW,BUDGET_PERFORMANCE_MISMATCH,234200000000,0.8305084745762712,0.0,0.0,0.0012809564474807857,0.6715328467153284,performance_focus,0.067409475961029,0.08330703874712328,202,202.0,202,0.12608695652173918,47,47.0,47,0.31343283582089554,"{""budget_performance_mismatch"": 0.2, ""execution_management"": 0.2, ""fiscal_impact"": 0.1, ""performance_gap"": 0.5}"
102:2024:산업·중소기업및에너지:창업및벤처:5200:GENERAL_ACCOUNT,102,산업·중소기업및에너지,창업및벤처,5200,2024,GENERAL_ACCOUNT,벤처기업활성화지원,MODERATE_OR_CONTEXT_REVIEW,BUDGET_PERFORMANCE_MISMATCH;PROGRAM_STRUCTURE_CONTEXT,9846000000,0.1,0.0,0.0,0.08947796059313427,0.145985401459854,performance_focus,0.03249413226461226,0.02789559211862686,227,227.0,227,0.017391304347826098,42,42.0,42,0.0,"{""budget_performance_mismatch"": 0.2, ""execution_management"": 0.2, ""fiscal_impact"": 0.1, ""performance_gap"": 0.5}"
162:2024:과학기술:과학기술연구개발:1500:GENERAL_ACCOUNT,162,과학기술,과학기술연구개발,1500,2024,GENERAL_ACCOUNT,사회문제해결,MODERATE_OR_CONTEXT_REVIEW,BUDGET_PERFORMANCE_MISMATCH,19084000000,0.2542372881355932,0.0,0.0,0.06759589184657304,0.21897810218978103,performance_focus,0.03541698858829271,0.03894290718287393,221,221.0,221,0.04347826086956519,63,63.0,63,0.07462686567164178,"{""budget_performance_mismatch"": 0.2, ""execution_management"": 0.2, ""fiscal_impact"": 0.1, ""performance_gap"": 0.5}"
075:2024:사회복지:사회복지일반:2600:GENERAL_ACCOUNT,075,사회복지,사회복지일반,2600,2024,GENERAL_ACCOUNT,사회복지기반조성,MODERATE_OR_CONTEXT_REVIEW,EXECUTION_MANAGEMENT;ACCOUNTING_ADJUSTMENT_CONTEXT,199538000000,0.5128205128205128,0.0,0.026481171506179273,0.0,0.6277372262773723,performance_focus,0.06806995692897308,0.05657828558328713,200,200.0,200,0.13478260869565217,78,78.0,78,0.03749999999999998,"{""budget_performance_mismatch"": 0.2, ""execution_management"": 0.2, ""fiscal_impact"": 0.1, ""performance_gap"": 0.5}"
019:2024:사회복지:노동:4000:FUND,019,사회복지,노동,4000,2024,FUND,산재보험,MODERATE_OR_CONTEXT_REVIEW,EXECUTION_MANAGEMENT;ACCOUNTING_ADJUSTMENT_CONTEXT;PROGRAM_STRUCTURE_CONTEXT,8100653000000,0.9473684210526315,0.0,0.0004334835722502865,0.0,0.9635036496350365,performance_focus,0.09643706167795371,0.09482353881971321,164,164.0,164,0.29130434782608694,33,33.0,33,0.17948717948717952,"{""budget_performance_mismatch"": 0.2, ""execution_management"": 0.2, ""fiscal_impact"": 0.1, ""performance_gap"": 0.5}"
102:2024:산업·중소기업및에너지:중소기업및소상공인육성:4100:FUND,102,산업·중소기업및에너지,중소기업및소상공인육성,4100,2024,FUND,소상공인·전통시장지원,MODERATE_OR_CONTEXT_REVIEW,BUDGET_PERFORMANCE_MISMATCH;ACCOUNTING_ADJUSTMENT_CONTEXT;PROGRAM_STRUCTURE_CONTEXT,4918197000000,1.0,0.0,0.0,0.00047680074628974803,0.9416058394160584,performance_focus,0.0942559440908638,0.10009536014925796,167,167.0,167,0.27826086956521734,35,35.0,35,0.1707317073170732,"{""budget_performance_mismatch"": 0.2, ""execution_management"": 0.2, ""fiscal_impact"": 0.1, ""performance_gap"": 0.5}"
102:2024:산업·중소기업및에너지:중소기업및소상공인육성:4100:SPECIAL_ACCOUNT,102,산업·중소기업및에너지,중소기업및소상공인육성,4100,2024,SPECIAL_ACCOUNT,소상공인·전통시장지원,MODERATE_OR_CONTEXT_REVIEW,EXECUTION_MANAGEMENT;PROGRAM_STRUCTURE_CONTEXT,26046000000,0.2,0.0,0.04565000383936113,0.0,0.24817518248175183,performance_focus,0.03394751901604741,0.029130000767872227,225,225.0,225,0.02608695652173909,40,40.0,40,0.04878048780487809,"{""budget_performance_mismatch"": 0.2, ""execution_management"": 0.2, ""fiscal_impact"": 0.1, ""performance_gap"": 0.5}"
162:2024:통신:우정:5300:SPECIAL_ACCOUNT,162,통신,우정,5300,2024,SPECIAL_ACCOUNT,우체국보험,MODERATE_OR_CONTEXT_REVIEW,EXECUTION_MANAGEMENT;PROGRAM_STRUCTURE_CONTEXT,292782000000,0.8813559322033898,0.0,0.03996318079663367,0.0,0.708029197080292,performance_focus,0.07879555586735593,0.09612822937966571,189,189.0,189,0.18260869565217386,39,39.0,39,0.4328358208955224,"{""budget_performance_mismatch"": 0.2, ""execution_management"": 0.2, ""fiscal_impact"": 0.1, ""performance_gap"": 0.5}"
162:2024:과학기술:과학기술연구개발:1400:FUND,162,과학기술,과학기술연구개발,1400,2024,FUND,원자력 진흥,MODERATE_OR_CONTEXT_REVIEW,EXECUTION_MANAGEMENT,125611000000,0.711864406779661,0.0,0.049677177954160066,0.0,0.5547445255474452,performance_focus,0.06540988814557655,0.08112187626879813,205,205.0,205,0.11304347826086958,49,49.0,49,0.28358208955223885,"{""budget_performance_mismatch"": 0.2, ""execution_management"": 0.2, ""fiscal_impact"": 0.1, ""performance_gap"": 0.5}"
075:2024:보건:보건의료:2800:FUND,075,보건,보건의료,2800,2024,FUND,응급의료체계운영지원,MODERATE_OR_CONTEXT_REVIEW,EXECUTION_MANAGEMENT,278809000000,0.6410256410256411,0.0,0.02043872328368166,0.0,0.7007299270072993,performance_focus,0.07416073735746627,0.06819030875930045,193,193.0,193,0.16521739130434787,73,73.0,73,0.09999999999999998,"{""budget_performance_mismatch"": 0.2, ""execution_management"": 0.2, ""fiscal_impact"": 0.1, ""performance_gap"": 0.5}"
162:2024:통신:정보통신:2600:FUND,162,통신,정보통신,2600,2024,FUND,인공지능데이터진흥,MODERATE_OR_CONTEXT_REVIEW,EXECUTION_MANAGEMENT;ACCOUNTING_ADJUSTMENT_CONTEXT,260821000000,0.864406779661017,0.0,0.1176860758911284,0.0,0.6934306569343066,performance_focus,0.09288028087165635,0.10997789314432739,169,169.0,169,0.26956521739130435,34,34.0,34,0.5074626865671642,"{""budget_performance_mismatch"": 0.2, ""execution_management"": 0.2, ""fiscal_impact"": 0.1, ""performance_gap"": 0.5}"
162:2024:통신:정보통신:2600:GENERAL_ACCOUNT,162,통신,정보통신,2600,2024,GENERAL_ACCOUNT,인공지능데이터진흥,MODERATE_OR_CONTEXT_REVIEW,BUDGET_PERFORMANCE_MISMATCH,235840000000,0.847457627118644,0.0,0.0,0.0020352781546811396,0.6788321167883211,performance_focus,0.06829026730976834,0.08515281834280063,198,198.0,198,0.14347826086956517,46,46.0,46,0.32835820895522383,"{""budget_performance_mismatch"": 0.2, ""execution_management"": 0.2, ""fiscal_impact"": 0.1, ""performance_gap"": 0.5}"
162:2024:통신:정보통신:2000:GENERAL_ACCOUNT,162,통신,정보통신,2000,2024,GENERAL_ACCOUNT,인터넷융합산업,MODERATE_OR_CONTEXT_REVIEW,BUDGET_PERFORMANCE_MISMATCH,87571000000,0.5932203389830508,0.0,0.0,0.013703166573409005,0.4744525547445255,performance_focus,0.05018588878913435,0.06206266721298689,212,212.0,212,0.08260869565217388,53,53.0,53,0.22388059701492535,"{""budget_performance_mismatch"": 0.2, ""execution_management"": 0.2, ""fiscal_impact"": 0.1, ""performance_gap"": 0.5}"
075:2024:사회복지:아동·보육:2500:GENERAL_ACCOUNT,075,사회복지,아동·보육,2500,2024,GENERAL_ACCOUNT,저출산대응및인구정책지원,MODERATE_OR_CONTEXT_REVIEW,EXECUTION_MANAGEMENT;PROGRAM_STRUCTURE_CONTEXT,2559864000000,0.8461538461538461,0.0,0.00016563379929558758,0.0,0.9124087591240876,performance_focus,0.09127400267226787,0.08464851137524373,172,172.0,172,0.25652173913043474,68,68.0,68,0.16249999999999998,"{""budget_performance_mismatch"": 0.2, ""execution_management"": 0.2, ""fiscal_impact"": 0.1, ""performance_gap"": 0.5}"
162:2024:통신:정보통신:2300:GENERAL_ACCOUNT,162,통신,정보통신,2300,2024,GENERAL_ACCOUNT,정보보호및활용,MODERATE_OR_CONTEXT_REVIEW,BUDGET_PERFORMANCE_MISMATCH,127718000000,0.7457627118644068,0.0,0.0,0.004384659953961071,0.5693430656934306,performance_focus,0.05781123856013528,0.07545320317723289,209,209.0,209,0.09565217391304348,52,52.0,52,0.23880597014925375,"{""budget_performance_mismatch"": 0.2, ""execution_management"": 0.2, ""fiscal_impact"": 0.1, ""performance_gap"": 0.5}"
162:2024:문화및관광:문화예술:1200:FUND,162,문화및관광,문화예술,1200,2024,FUND,정보통신방송국제협력,MODERATE_OR_CONTEXT_REVIEW,EXECUTION_MANAGEMENT,15304000000,0.22033898305084745,0.0,0.08759147935180345,0.0,0.1897810218978102,performance_focus,0.03649639806014171,0.039552194175445435,220,220.0,220,0.047826086956521685,61,61.0,61,0.10447761194029848,"{""budget_performance_mismatch"": 0.2, ""execution_management"": 0.2, ""fiscal_impact"": 0.1, ""performance_gap"": 0.5}"
162:2024:문화및관광:문화예술:1600:FUND,162,문화및관광,문화예술,1600,2024,FUND,정보통신방송기반조성,MODERATE_OR_CONTEXT_REVIEW,BUDGET_PERFORMANCE_MISMATCH;ACCOUNTING_ADJUSTMENT_CONTEXT,14763000000,0.2033898305084746,0.0,0.0,0.3409198672356567,0.18248175182481752,performance_focus,0.0864321486296131,0.0885229564979788,181,181.0,181,0.21739130434782605,45,45.0,45,0.34328358208955223,"{""budget_performance_mismatch"": 0.2, ""execution_management"": 0.2, ""fiscal_impact"": 0.1, ""performance_gap"": 0.5}"
162:2024:통신:정보통신:2100:GENERAL_ACCOUNT,162,통신,정보통신,2100,2024,GENERAL_ACCOUNT,정보통신융합산업,MODERATE_OR_CONTEXT_REVIEW,BUDGET_PERFORMANCE_MISMATCH,138052000000,0.7627118644067796,0.0,0.0,0.017239880624692144,0.5766423357664233,performance_focus,0.06111220970158076,0.0797191625656164,208,208.0,208,0.09999999999999998,51,51.0,51,0.25373134328358204,"{""budget_performance_mismatch"": 0.2, ""execution_management"": 0.2, ""fiscal_impact"": 0.1, ""performance_gap"": 0.5}"
102:2024:산업·중소기업및에너지:무역및투자유치:3100:FUND,102,산업·중소기업및에너지,무역및투자유치,3100,2024,FUND,중소기업수출촉진지원,MODERATE_OR_CONTEXT_REVIEW,EXECUTION_MANAGEMENT,45557000000,0.4,0.0,0.5,0.0,0.3357664233576642,performance_focus,0.13357664233576644,0.14,145,145.0,145,0.3739130434782608,33,33.0,33,0.2195121951219512,"{""budget_performance_mismatch"": 0.2, ""execution_management"": 0.2, ""fiscal_impact"": 0.1, ""performance_gap"": 0.5}"
102:2024:산업·중소기업및에너지:중소기업및소상공인육성:5400:GENERAL_ACCOUNT,102,산업·중소기업및에너지,중소기업및소상공인육성,5400,2024,GENERAL_ACCOUNT,중소기업인력지원,MODERATE_OR_CONTEXT_REVIEW,BUDGET_PERFORMANCE_MISMATCH,231315000000,0.65,0.0,0.0,0.5332079631671098,0.656934306569343,performance_focus,0.17233502329035627,0.17164159263342196,136,136.0,136,0.4130434782608695,31,31.0,31,0.2682926829268293,"{""budget_performance_mismatch"": 0.2, ""execution_management"": 0.2, ""fiscal_impact"": 0.1, ""performance_gap"": 0.5}"
102:2024:산업·중소기업및에너지:창업및벤처:5100:FUND,102,산업·중소기업및에너지,창업및벤처,5100,2024,FUND,창업환경조성,MODERATE_OR_CONTEXT_REVIEW,PERFORMANCE_BELOW_TARGET,2728640000000,0.95,1.0,0.0,0.0,0.927007299270073,performance_focus,0.5927007299270073,0.595,15,15.0,15,0.9391304347826087,3,3.0,3,0.9512195121951219,"{""budget_performance_mismatch"": 0.2, ""execution_management"": 0.2, ""fiscal_impact"": 0.1, ""performance_gap"": 0.5}"
102:2024:산업·중소기업및에너지:창업및벤처:5100:GENERAL_ACCOUNT,102,산업·중소기업및에너지,창업및벤처,5100,2024,GENERAL_ACCOUNT,창업환경조성,MODERATE_OR_CONTEXT_REVIEW,PERFORMANCE_BELOW_TARGET,706371000000,0.75,1.0,0.0,0.0,0.7883211678832117,performance_focus,0.5788321167883211,0.575,24,24.0,24,0.9,7,7.0,7,0.8536585365853658,"{""budget_performance_mismatch"": 0.2, ""execution_management"": 0.2, ""fiscal_impact"": 0.1, ""performance_gap"": 0.5}"
102:2024:산업·중소기업및에너지:창업및벤처:5100:SPECIAL_ACCOUNT,102,산업·중소기업및에너지,창업및벤처,5100,2024,SPECIAL_ACCOUNT,창업환경조성,MODERATE_OR_CONTEXT_REVIEW,PERFORMANCE_BELOW_TARGET,81886000000,0.45,1.0,0.0,0.0,0.45985401459854014,performance_focus,0.545985401459854,0.5449999999999999,34,34.0,34,0.8565217391304347,10,10.0,10,0.7804878048780488,"{""budget_performance_mismatch"": 0.2, ""execution_management"": 0.2, ""fiscal_impact"": 0.1, ""performance_gap"": 0.5}"
162:2024:문화및관광:문화예술:1100:GENERAL_ACCOUNT,162,문화및관광,문화예술,1100,2024,GENERAL_ACCOUNT,콘텐츠방송산업육성,MODERATE_OR_CONTEXT_REVIEW,BUDGET_PERFORMANCE_MISMATCH,52385000000,0.4576271186440678,0.0,0.0,0.050033406509496996,0.3795620437956204,performance_focus,0.04796288568146144,0.05576939316630618,215,215.0,215,0.06956521739130439,57,57.0,57,0.16417910447761197,"{""budget_performance_mismatch"": 0.2, ""execution_management"": 0.2, ""fiscal_impact"": 0.1, ""performance_gap"": 0.5}"
162:2024:통신:방송통신:2400:FUND,162,통신,방송통신,2400,2024,FUND,통신정책지원,MODERATE_OR_CONTEXT_REVIEW,EXECUTION_MANAGEMENT,16096000000,0.23728813559322035,0.0,0.054858349900596425,0.0,0.20437956204379562,performance_focus,0.03140962618449885,0.03470048353944132,231,231.0,231,0.0,67,67.0,67,0.014925373134328401,"{""budget_performance_mismatch"": 0.2, ""execution_management"": 0.2, ""fiscal_impact"": 0.1, ""performance_gap"": 0.5}"
075:2024:보건:보건의료:3200:GENERAL_ACCOUNT,075,보건,보건의료,3200,2024,GENERAL_ACCOUNT,한의학연구및정책개발,MODERATE_OR_CONTEXT_REVIEW,EXECUTION_MANAGEMENT,48507000000,0.38461538461538464,0.0,0.011183952831550086,0.0,0.35766423357664234,performance_focus,0.03800321392397425,0.04069832902784848,219,219.0,219,0.05217391304347829,81,81.0,81,0.0,"{""budget_performance_mismatch"": 0.2, ""execution_management"": 0.2, ""fiscal_impact"": 0.1, ""performance_gap"": 0.5}"
075:2022:보건:건강보험:4900:GENERAL_ACCOUNT,075,보건,건강보험,4900,2022,GENERAL_ACCOUNT,건강보험제도 운영,MULTIPLE_SIGNAL_REVIEW,PERFORMANCE_BELOW_TARGET;EXECUTION_MANAGEMENT;PROGRAM_STRUCTURE_CONTEXT,10109249000000,0.9142857142857143,0.5,7.418948727051831e-06,0.0,0.9612403100775194,execution_focus,0.19612774048211548,0.19143228090293496,82,82.0,82,0.6478260869565218,40,40.0,40,0.5125,"{""budget_performance_mismatch"": 0.2, ""execution_management"": 0.5, ""fiscal_impact"": 0.1, ""performance_gap"": 0.2}"
075:2022:보건:보건의료:4100:RESPONSIBLE_OPERATION_ACCOUNT,075,보건,보건의료,4100,2022,RESPONSIBLE_OPERATION_ACCOUNT,국립공주병원,MULTIPLE_SIGNAL_REVIEW,PERFORMANCE_BELOW_TARGET;EXECUTION_MANAGEMENT;PROGRAM_STRUCTURE_CONTEXT;LOW_PERFORMANCE_BUDGET_INCREASE_T1;LOW_PERFORMANCE_BUDGET_INCREASE_T2,5622000000,0.05714285714285714,1.0,0.7440412664532194,0.0,0.07751937984496124,execution_focus,0.5797725712111059,0.5777349189408955,9,9.0,9,0.9652173913043478,5,5.0,5,0.95,"{""budget_performance_mismatch"": 0.2, ""execution_management"": 0.5, ""fiscal_impact"": 0.1, ""performance_gap"": 0.2}"
075:2022:보건:보건의료:3800:RESPONSIBLE_OPERATION_ACCOUNT,075,보건,보건의료,3800,2022,RESPONSIBLE_OPERATION_ACCOUNT,국립나주병원,MULTIPLE_SIGNAL_REVIEW,PERFORMANCE_BELOW_TARGET;EXECUTION_MANAGEMENT;PROGRAM_STRUCTURE_CONTEXT;LOW_PERFORMANCE_BUDGET_INCREASE_T1;LOW_PERFORMANCE_BUDGET_INCREASE_T2,7193000000,0.08571428571428572,1.0,0.7318226053107187,0.0,0.09302325581395349,execution_focus,0.5752136282367547,0.574482731226788,10,10.0,10,0.9608695652173913,6,6.0,6,0.9375,"{""budget_performance_mismatch"": 0.2, ""execution_management"": 0.5, ""fiscal_impact"": 0.1, ""performance_gap"": 0.2}"
075:2022:보건:보건의료:4000:RESPONSIBLE_OPERATION_ACCOUNT,075,보건,보건의료,4000,2022,RESPONSIBLE_OPERATION_ACCOUNT,국립춘천병원,MULTIPLE_SIGNAL_REVIEW,PERFORMANCE_BELOW_TARGET;EXECUTION_MANAGEMENT;PROGRAM_STRUCTURE_CONTEXT;LOW_PERFORMANCE_BUDGET_INCREASE_T1;LOW_PERFORMANCE_BUDGET_INCREASE_T2,5324000000,0.02857142857142857,1.0,1.0,0.0,0.06976744186046512,execution_focus,0.7069767441860465,0.7028571428571428,3,3.0,3,0.991304347826087,2,2.0,2,0.9875,"{""budget_performance_mismatch"": 0.2, ""execution_management"": 0.5, ""fiscal_impact"": 0.1, ""performance_gap"": 0.2}"
075:2022:보건:보건의료:3300:GENERAL_ACCOUNT,075,보건,보건의료,3300,2022,GENERAL_ACCOUNT,국민건강생활실천,MULTIPLE_SIGNAL_REVIEW,PERFORMANCE_BELOW_TARGET;EXECUTION_MANAGEMENT,179703000000,0.45714285714285713,0.5,0.11708207431150287,0.0,0.5658914728682171,execution_focus,0.21513018444257315,0.20425532287003714,78,78.0,78,0.6652173913043478,39,39.0,39,0.525,"{""budget_performance_mismatch"": 0.2, ""execution_management"": 0.5, ""fiscal_impact"": 0.1, ""performance_gap"": 0.2}"
075:2022:사회복지:취약계층지원:1900:GENERAL_ACCOUNT,075,사회복지,취약계층지원,1900,2022,GENERAL_ACCOUNT,노숙인의사상자지원,MULTIPLE_SIGNAL_REVIEW,PERFORMANCE_BELOW_TARGET;EXECUTION_MANAGEMENT,7812000000,0.14285714285714285,0.5,1.0,0.0,0.10852713178294573,execution_focus,0.6108527131782946,0.6142857142857142,7,7.0,7,0.9739130434782609,4,4.0,4,0.9625,"{""budget_performance_mismatch"": 0.2, ""execution_management"": 0.5, ""fiscal_impact"": 0.1, ""performance_gap"": 0.2}"
075:2022:보건:보건의료:3000:GENERAL_ACCOUNT,075,보건,보건의료,3000,2022,GENERAL_ACCOUNT,보건산업육성,MULTIPLE_SIGNAL_REVIEW,PERFORMANCE_BELOW_TARGET;EXECUTION_MANAGEMENT,872066500000,0.7142857142857143,0.5,0.5,0.0,0.7751937984496124,execution_focus,0.42751937984496124,0.42142857142857143,24,24.0,24,0.9,16,16.0,16,0.8125,"{""budget_performance_mismatch"": 0.2, ""execution_management"": 0.5, ""fiscal_impact"": 0.1, ""performance_gap"": 0.2}"
075:2022:보건:보건의료:2800:FUND,075,보건,보건의료,2800,2022,FUND,응급의료체계운영지원,MULTIPLE_SIGNAL_REVIEW,PERFORMANCE_BELOW_TARGET;EXECUTION_MANAGEMENT,291787800000,0.5428571428571428,0.5,0.010055252481426571,0.0,0.6511627906976745,execution_focus,0.17014390531048074,0.15931334052642757,96,96.0,96,0.5869565217391304,49,49.0,49,0.4,"{""budget_performance_mismatch"": 0.2, ""execution_management"": 0.5, ""fiscal_impact"": 0.1, ""performance_gap"": 0.2}"
075:2022:사회복지:아동·보육:2500:FUND,075,사회복지,아동·보육,2500,2022,FUND,저출산대응및인구정책 지원,MULTIPLE_SIGNAL_REVIEW,PERFORMANCE_BELOW_TARGET;EXECUTION_MANAGEMENT;PROGRAM_STRUCTURE_CONTEXT,20934000000,0.22857142857142856,0.5,0.3024505588993981,0.0,0.1937984496124031,execution_focus,0.27060512441093937,0.27408242230684193,61,61.0,61,0.7391304347826086,27,27.0,27,0.675,"{""budget_performance_mismatch"": 0.2, ""execution_management"": 0.5, ""fiscal_impact"": 0.1, ""performance_gap"": 0.2}"
075:2022:사회복지:아동·보육:2500:GENERAL_ACCOUNT,075,사회복지,아동·보육,2500,2022,GENERAL_ACCOUNT,저출산대응및인구정책 지원,MULTIPLE_SIGNAL_REVIEW,PERFORMANCE_BELOW_TARGET;EXECUTION_MANAGEMENT;PROGRAM_STRUCTURE_CONTEXT,2784322000000,0.8,0.5,0.0010463947776155201,0.0,0.8914728682170543,execution_focus,0.1896704842105132,0.1805231973888078,86,86.0,86,0.6304347826086957,42,42.0,42,0.48750000000000004,"{""budget_performance_mismatch"": 0.2, ""execution_management"": 0.5, ""fiscal_impact"": 0.1, ""performance_gap"": 0.2}"
075:2023:보건:건강보험:4900:FUND,075,보건,건강보험,4900,2023,FUND,건강보험제도 운영,MULTIPLE_SIGNAL_REVIEW,PERFORMANCE_BELOW_TARGET;EXECUTION_MANAGEMENT;PROGRAM_STRUCTURE_CONTEXT,1820839000000,0.7948717948717948,0.5,0.5,0.0,0.8623188405797102,execution_focus,0.436231884057971,0.42948717948717946,23,23.0,23,0.9043478260869565,15,15.0,15,0.825,"{""budget_performance_mismatch"": 0.2, ""execution_management"": 0.5, ""fiscal_impact"": 0.1, ""performance_gap"": 0.2}"
075:2023:보건:건강보험:4900:GENERAL_ACCOUNT,075,보건,건강보험,4900,2023,GENERAL_ACCOUNT,건강보험제도 운영,MULTIPLE_SIGNAL_REVIEW,PERFORMANCE_BELOW_TARGET;EXECUTION_MANAGEMENT;ACCOUNTING_ADJUSTMENT_CONTEXT;PROGRAM_STRUCTURE_CONTEXT,10589360000000,0.9230769230769231,0.5,0.43200948876985956,0.0,0.9710144927536232,execution_focus,0.4131061936602921,0.40831243669262207,27,27.0,27,0.8869565217391304,17,17.0,17,0.8,"{""budget_performance_mismatch"": 0.2, ""execution_management"": 0.5, ""fiscal_impact"": 0.1, ""performance_gap"": 0.2}"
019:2023:사회복지:고용:1200:GENERAL_ACCOUNT,019,사회복지,고용,1200,2023,GENERAL_ACCOUNT,고용안전망확충,MULTIPLE_SIGNAL_REVIEW,PERFORMANCE_BELOW_TARGET;EXECUTION_MANAGEMENT;BUDGET_PERFORMANCE_MISMATCH;PROGRAM_STRUCTURE_CONTEXT,2342583000000,0.8421052631578947,0.3333333333333333,1.0,0.0017029634951390552,0.9130434782608695,execution_focus,0.6583116071917815,0.651217785681484,5,5.0,5,0.9826086956521739,2,2.0,2,0.9743589743589743,"{""budget_performance_mismatch"": 0.2, ""execution_management"": 0.5, ""fiscal_impact"": 0.1, ""performance_gap"": 0.2}"
019:2023:사회복지:고용:1000:FUND,019,사회복지,고용,1000,2023,FUND,고용창출,MULTIPLE_SIGNAL_REVIEW,PERFORMANCE_BELOW_TARGET;EXECUTION_MANAGEMENT;BUDGET_PERFORMANCE_MISMATCH;ACCOUNTING_ADJUSTMENT_CONTEXT,913800000000,0.5263157894736842,0.25,1.0,0.30732353906762966,0.7971014492753623,execution_focus,0.6911748527410623,0.6640962867608944,4,4.0,4,0.9869565217391304,1,1.0,1,1.0,"{""budget_performance_mismatch"": 0.2, ""execution_management"": 0.5, ""fiscal_impact"": 0.1, ""performance_gap"": 0.2}"
019:2023:사회복지:고용:1000:GENERAL_ACCOUNT,019,사회복지,고용,1000,2023,GENERAL_ACCOUNT,고용창출,MULTIPLE_SIGNAL_REVIEW,PERFORMANCE_BELOW_TARGET;EXECUTION_MANAGEMENT;BUDGET_PERFORMANCE_MISMATCH,1952025000000,0.7894736842105263,0.25,0.5,0.16705882352941176,0.8768115942028986,execution_focus,0.4210929241261722,0.412359133126935,25,25.0,25,0.8956521739130435,6,6.0,6,0.8717948717948718,"{""budget_performance_mismatch"": 0.2, ""execution_management"": 0.5, ""fiscal_impact"": 0.1, ""performance_gap"": 0.2}"
019:2023:사회복지:고용:1000:SPECIAL_ACCOUNT,019,사회복지,고용,1000,2023,SPECIAL_ACCOUNT,고용창출,MULTIPLE_SIGNAL_REVIEW,PERFORMANCE_BELOW_TARGET;BUDGET_PERFORMANCE_MISMATCH,255818000000,0.42105263157894735,0.25,0.0,0.14414935618291128,0.6666666666666666,execution_focus,0.14549653790324893,0.120935134394477,117,117.0,117,0.4956521739130435,23,23.0,23,0.4358974358974359,"{""budget_performance_mismatch"": 0.2, ""execution_management"": 0.5, ""fiscal_impact"": 0.1, ""performance_gap"": 0.2}"
019:2023:사회복지:고용:1300:FUND,019,사회복지,고용,1300,2023,FUND,고용평등증진,MULTIPLE_SIGNAL_REVIEW,PERFORMANCE_BELOW_TARGET;BUDGET_PERFORMANCE_MISMATCH;PROGRAM_STRUCTURE_CONTEXT,2715275000000,0.8947368421052632,0.25,0.0,0.008816970656747474,0.927536231884058,execution_focus,0.1445170173197553,0.14123707834187582,120,120.0,120,0.4826086956521739,20,20.0,20,0.5128205128205128,"{""budget_performance_mismatch"": 0.2, ""execution_management"": 0.5, ""fiscal_impact"": 0.1, ""performance_gap"": 0.2}"
075:2023:보건:보건의료:2700:GENERAL_ACCOUNT,075,보건,보건의료,2700,2023,GENERAL_ACCOUNT,공공보건의료확충,MULTIPLE_SIGNAL_REVIEW,EXECUTION_MANAGEMENT;BUDGET_PERFORMANCE_MISMATCH;ACCOUNTING_ADJUSTMENT_CONTEXT,1108174000000,0.7692307692307693,0.0,0.0017456644895115748,0.04428817135215228,0.8188405797101449,execution_focus,0.09161452448620075,0.08665354343826318,174,174.0,174,0.24782608695652175,68,68.0,68,0.16249999999999998,"{""budget_performance_mismatch"": 0.2, ""execution_management"": 0.5, ""fiscal_impact"": 0.1, ""performance_gap"": 0.2}"
162:2023:과학기술:과학기술연구지원:1600:GENERAL_ACCOUNT,162,과학기술,과학기술연구지원,1600,2023,GENERAL_ACCOUNT,과학기술기반조성,MULTIPLE_SIGNAL_REVIEW,PERFORMANCE_BELOW_TARGET;EXECUTION_MANAGEMENT;PROGRAM_STRUCTURE_CONTEXT,63956000000,0.5,0.5,1.0,0.0,0.42028985507246375,execution_focus,0.6420289855072463,0.6499999999999999,6,6.0,6,0.9782608695652174,1,1.0,1,1.0,"{""budget_performance_mismatch"": 0.2, ""execution_management"": 0.5, ""fiscal_impact"": 0.1, ""performance_gap"": 0.2}"
162:2023:과학기술:과학기술인력및문화:1700:FUND,162,과학기술,과학기술인력및문화,1700,2023,FUND,과학기술인력양성,MULTIPLE_SIGNAL_REVIEW,PERFORMANCE_BELOW_TARGET;EXECUTION_MANAGEMENT,41481000000,0.3103448275862069,0.3333333333333333,0.0210096188616475,0.0,0.2898550724637681,execution_focus,0.10615698334386724,0.10820595885611112,154,154.0,154,0.33478260869565213,36,36.0,36,0.4776119402985075,"{""budget_performance_mismatch"": 0.2, ""execution_management"": 0.5, ""fiscal_impact"": 0.1, ""performance_gap"": 0.2}"
075:2023:보건:보건의료:4100:RESPONSIBLE_OPERATION_ACCOUNT,075,보건,보건의료,4100,2023,RESPONSIBLE_OPERATION_ACCOUNT,국립공주병원,MULTIPLE_SIGNAL_REVIEW,PERFORMANCE_BELOW_TARGET;EXECUTION_MANAGEMENT;PROGRAM_STRUCTURE_CONTEXT;LOW_PERFORMANCE_BUDGET_INCREASE_T1,5872000000,0.07692307692307693,1.0,0.5,0.0,0.09420289855072464,execution_focus,0.4594202898550725,0.45769230769230773,22,22.0,22,0.908695652173913,14,14.0,14,0.8375,"{""budget_performance_mismatch"": 0.2, ""execution_management"": 0.5, ""fiscal_impact"": 0.1, ""performance_gap"": 0.2}"
075:2023:보건:보건의료:3800:RESPONSIBLE_OPERATION_ACCOUNT,075,보건,보건의료,3800,2023,RESPONSIBLE_OPERATION_ACCOUNT,국립나주병원,MULTIPLE_SIGNAL_REVIEW,PERFORMANCE_BELOW_TARGET;EXECUTION_MANAGEMENT;BUDGET_PERFORMANCE_MISMATCH;PROGRAM_STRUCTURE_CONTEXT;LOW_PERFORMANCE_BUDGET_INCREASE_T1,7306000000,0.1282051282051282,0.5,0.7340542020257322,0.07966055297016152,0.10869565217391304,execution_focus,0.4938287768242898,0.4957797244274113,19,19.0,19,0.9217391304347826,12,12.0,12,0.8625,"{""budget_performance_mismatch"": 0.2, ""execution_management"": 0.5, ""fiscal_impact"": 0.1, ""performance_gap"": 0.2}"
075:2023:사회복지:취약계층지원:1800:RESPONSIBLE_OPERATION_ACCOUNT,075,사회복지,취약계층지원,1800,2023,RESPONSIBLE_OPERATION_ACCOUNT,국립재활원,MULTIPLE_SIGNAL_REVIEW,PERFORMANCE_BELOW_TARGET;EXECUTION_MANAGEMENT;BUDGET_PERFORMANCE_MISMATCH,32119000000,0.3333333333333333,0.5,0.5,0.07263613437529189,0.2608695652173913,execution_focus,0.3906141833967975,0.39786056020839167,28,28.0,28,0.8826086956521739,18,18.0,18,0.7875,"{""budget_performance_mismatch"": 0.2, ""execution_management"": 0.5, ""fiscal_impact"": 0.1, ""performance_gap"": 0.2}"
075:2023:보건:보건의료:3700:RESPONSIBLE_OPERATION_ACCOUNT,075,보건,보건의료,3700,2023,RESPONSIBLE_OPERATION_ACCOUNT,국립정신건강센터,MULTIPLE_SIGNAL_REVIEW,PERFORMANCE_BELOW_TARGET;EXECUTION_MANAGEMENT;BUDGET_PERFORMANCE_MISMATCH;PROGRAM_STRUCTURE_CONTEXT;LOW_PERFORMANCE_BUDGET_INCREASE_T1,17756000000,0.23076923076923078,0.5,0.5,0.010559810768191034,0.18115942028985507,execution_focus,0.3702279041826237,0.37518888523056126,30,30.0,30,0.8739130434782609,20,20.0,20,0.7625,"{""budget_performance_mismatch"": 0.2, ""execution_management"": 0.5, ""fiscal_impact"": 0.1, ""performance_gap"": 0.2}"
162:2023:과학기술:과학기술인력및문화:2200:RESPONSIBLE_OPERATION_ACCOUNT,162,과학기술,과학기술인력및문화,2200,2023,RESPONSIBLE_OPERATION_ACCOUNT,국립중앙과학관운영,MULTIPLE_SIGNAL_REVIEW,PERFORMANCE_BELOW_TARGET;EXECUTION_MANAGEMENT;LOW_PERFORMANCE_BUDGET_INCREASE_T1,11718000000,0.1896551724137931,0.3333333333333333,0.11648745519713262,0.0,0.15942028985507245,execution_focus,0.14085242325074024,0.1438759115066123,125,125.0,125,0.4608695652173913,30,30.0,30,0.5671641791044777,"{""budget_performance_mismatch"": 0.2, ""execution_management"": 0.5, ""fiscal_impact"": 0.1, ""performance_gap"": 0.2}"
075:2023:보건:보건의료:4000:RESPONSIBLE_OPERATION_ACCOUNT,075,보건,보건의료,4000,2023,RESPONSIBLE_OPERATION_ACCOUNT,국립춘천병원,MULTIPLE_SIGNAL_REVIEW,PERFORMANCE_BELOW_TARGET;EXECUTION_MANAGEMENT;BUDGET_PERFORMANCE_MISMATCH;LOW_PERFORMANCE_BUDGET_INCREASE_T1,5694000000,0.05128205128205128,1.0,1.0,0.21742184755883387,0.08695652173913043,execution_focus,0.7521800216856798,0.7486125746399719,1,1.0,1,1.0,1,1.0,1,1.0,"{""budget_performance_mismatch"": 0.2, ""execution_management"": 0.5, ""fiscal_impact"": 0.1, ""performance_gap"": 0.2}"
075:2023:보건:보건의료:3300:GENERAL_ACCOUNT,075,보건,보건의료,3300,2023,GENERAL_ACCOUNT,국민건강생활실천,MULTIPLE_SIGNAL_REVIEW,PERFORMANCE_BELOW_TARGET;EXECUTION_MANAGEMENT;ACCOUNTING_ADJUSTMENT_CONTEXT,172081000000,0.46153846153846156,1.0,0.07345378048709619,0.0,0.5869565217391305,execution_focus,0.29542254241746113,0.28288073639739425,42,42.0,42,0.8217391304347826,25,25.0,25,0.7,"{""budget_performance_mismatch"": 0.2, ""execution_management"": 0.5, ""fiscal_impact"": 0.1, ""performance_gap"": 0.2}"
019:2023:사회복지:노동:3000:FUND,019,사회복지,노동,3000,2023,FUND,근로조건보호및복지증진,MULTIPLE_SIGNAL_REVIEW,EXECUTION_MANAGEMENT;BUDGET_PERFORMANCE_MISMATCH;ACCOUNTING_ADJUSTMENT_CONTEXT,1029040000000,0.5789473684210527,0.0,0.015183083262069502,0.00539531990981886,0.8115942028985508,execution_focus,0.0898300259028536,0.06656534245510379,179,179.0,179,0.22608695652173916,35,35.0,35,0.1282051282051282,"{""budget_performance_mismatch"": 0.2, ""execution_management"": 0.5, ""fiscal_impact"": 0.1, ""performance_gap"": 0.2}"
075:2023:사회복지:기초생활보장:1100:GENERAL_ACCOUNT,075,사회복지,기초생활보장,1100,2023,GENERAL_ACCOUNT,기초생활보장,MULTIPLE_SIGNAL_REVIEW,PERFORMANCE_BELOW_TARGET;EXECUTION_MANAGEMENT;BUDGET_PERFORMANCE_MISMATCH;LOW_PERFORMANCE_BUDGET_INCREASE_T1,16405912000000,0.9487179487179487,1.0,1.2190727342679882e-07,0.013875851583258523,0.9855072463768116,execution_focus,0.3013259559079696,0.2976470261420833,38,38.0,38,0.8391304347826087,23,23.0,23,0.725,"{""budget_performance_mismatch"": 0.2, ""execution_management"": 0.5, ""fiscal_impact"": 0.1, ""performance_gap"": 0.2}"
075:2023:사회복지:아동·보육:3100:GENERAL_ACCOUNT,075,사회복지,아동·보육,3100,2023,GENERAL_ACCOUNT,보육지원강화,MULTIPLE_SIGNAL_REVIEW,PERFORMANCE_BELOW_TARGET;EXECUTION_MANAGEMENT;BUDGET_PERFORMANCE_MISMATCH;LOW_PERFORMANCE_BUDGET_INCREASE_T1,6678017000000,0.8974358974358975,0.5,0.0003485316075116311,0.12140235641808039,0.9565217391304348,execution_focus,0.22010691100041538,0.21419832683096166,76,76.0,76,0.6739130434782609,38,38.0,38,0.5375,"{""budget_performance_mismatch"": 0.2, ""execution_management"": 0.5, ""fiscal_impact"": 0.1, ""performance_gap"": 0.2}"
019:2023:사회복지:노동:4100:FUND,019,사회복지,노동,4100,2023,FUND,산업재해예방,MULTIPLE_SIGNAL_REVIEW,PERFORMANCE_BELOW_TARGET;BUDGET_PERFORMANCE_MISMATCH,1198698000000,0.6842105263157895,0.3333333333333333,0.0,0.0024590569656966696,0.8333333333333334,execution_focus,0.15049181139313933,0.13557953069138495,114,114.0,114,0.508695652173913,21,21.0,21,0.4871794871794872,"{""budget_performance_mismatch"": 0.2, ""execution_management"": 0.5, ""fiscal_impact"": 0.1, ""performance_gap"": 0.2}"
019:2023:사회복지:노동:4000:FUND,019,사회복지,노동,4000,2023,FUND,산재보험,MULTIPLE_SIGNAL_REVIEW,EXECUTION_MANAGEMENT;BUDGET_PERFORMANCE_MISMATCH;ACCOUNTING_ADJUSTMENT_CONTEXT;PROGRAM_STRUCTURE_CONTEXT,8015070000000,0.9473684210526315,0.0,0.0011050433745432042,0.004046252871153963,0.9637681159420289,execution_focus,0.0977385838557053,0.09609861436676556,165,165.0,165,0.28695652173913044,27,27.0,27,0.33333333333333337,"{""budget_performance_mismatch"": 0.2, ""execution_management"": 0.5, ""fiscal_impact"": 0.1, ""performance_gap"": 0.2}"
162:2023:통신:우정:5100:SPECIAL_ACCOUNT,162,통신,우정,5100,2023,SPECIAL_ACCOUNT,우정서비스,MULTIPLE_SIGNAL_REVIEW,PERFORMANCE_BELOW_TARGET;EXECUTION_MANAGEMENT;BUDGET_PERFORMANCE_MISMATCH;ACCOUNTING_ADJUSTMENT_CONTEXT,1982736000000,0.9827586206896551,0.5,0.092414219543096,0.05734575858813276,0.8840579710144928,execution_focus,0.24608205859062382,0.25595212355814,70,70.0,70,0.7,9,9.0,9,0.8805970149253731,"{""budget_performance_mismatch"": 0.2, ""execution_management"": 0.5, ""fiscal_impact"": 0.1, ""performance_gap"": 0.2}"
162:2023:과학기술:과학기술연구개발:1400:GENERAL_ACCOUNT,162,과학기술,과학기술연구개발,1400,2023,GENERAL_ACCOUNT,원자력 진흥,MULTIPLE_SIGNAL_REVIEW,EXECUTION_MANAGEMENT;BUDGET_PERFORMANCE_MISMATCH,62661000000,0.46551724137931033,0.0,0.003989722474904645,0.03191777979923716,0.39855072463768115,execution_focus,0.04823348966106787,0.05493014133523079,219,219.0,219,0.05217391304347829,60,60.0,60,0.11940298507462688,"{""budget_performance_mismatch"": 0.2, ""execution_management"": 0.5, ""fiscal_impact"": 0.1, ""performance_gap"": 0.2}"
162:2023:통신:정보통신:2600:FUND,162,통신,정보통신,2600,2023,FUND,인공지능데이터진흥,MULTIPLE_SIGNAL_REVIEW,EXECUTION_MANAGEMENT;BUDGET_PERFORMANCE_MISMATCH;ACCOUNTING_ADJUSTMENT_CONTEXT,598257000000,0.9310344827586207,0.0,0.08887066929429994,0.06263528884743513,0.7608695652173914,execution_focus,0.13304934893837614,0.15006584069249906,128,128.0,128,0.4478260869565217,26,26.0,26,0.6268656716417911,"{""budget_performance_mismatch"": 0.2, ""execution_management"": 0.5, ""fiscal_impact"": 0.1, ""performance_gap"": 0.2}"
162:2023:통신:정보통신:2000:FUND,162,통신,정보통신,2000,2023,FUND,인터넷융합산업,MULTIPLE_SIGNAL_REVIEW,PERFORMANCE_BELOW_TARGET;BUDGET_PERFORMANCE_MISMATCH,159344000000,0.7241379310344828,0.5,0.0,0.04079224821769254,0.5652173913043478,execution_focus,0.1646801887739733,0.1805722427469868,102,102.0,102,0.5608695652173913,17,17.0,17,0.7611940298507462,"{""budget_performance_mismatch"": 0.2, ""execution_management"": 0.5, ""fiscal_impact"": 0.1, ""performance_gap"": 0.2}"
162:2023:통신:정보통신:2000:GENERAL_ACCOUNT,162,통신,정보통신,2000,2023,GENERAL_ACCOUNT,인터넷융합산업,MULTIPLE_SIGNAL_REVIEW,PERFORMANCE_BELOW_TARGET;BUDGET_PERFORMANCE_MISMATCH,100556000000,0.6206896551724138,0.5,0.0,0.03977882970683003,0.4927536231884058,execution_focus,0.15723112826020658,0.1700247314586074,109,109.0,109,0.5304347826086957,21,21.0,21,0.7014925373134329,"{""budget_performance_mismatch"": 0.2, ""execution_management"": 0.5, ""fiscal_impact"": 0.1, ""performance_gap"": 0.2}"
162:2023:통신:정보통신:2000:SPECIAL_ACCOUNT,162,통신,정보통신,2000,2023,SPECIAL_ACCOUNT,인터넷융합산업,MULTIPLE_SIGNAL_REVIEW,PERFORMANCE_BELOW_TARGET;BUDGET_PERFORMANCE_MISMATCH,75094000000,0.5344827586206896,0.5,0.0,0.059259061975657175,0.43478260869565216,execution_focus,0.15533007326469667,0.1653000882572004,111,111.0,111,0.5217391304347826,22,22.0,22,0.6865671641791045,"{""budget_performance_mismatch"": 0.2, ""execution_management"": 0.5, ""fiscal_impact"": 0.1, ""performance_gap"": 0.2}"
019:2023:사회복지:고용:1400:FUND,019,사회복지,고용,1400,2023,FUND,장애인고용증진,MULTIPLE_SIGNAL_REVIEW,EXECUTION_MANAGEMENT;BUDGET_PERFORMANCE_MISMATCH;ACCOUNTING_ADJUSTMENT_CONTEXT,793474000000,0.47368421052631576,0.0,0.0028999059830567856,0.0003831253450018526,0.782608695652174,execution_focus,0.07978744762574616,0.048894999113160344,192,192.0,192,0.16956521739130437,39,39.0,39,0.02564102564102566,"{""budget_performance_mismatch"": 0.2, ""execution_management"": 0.5, ""fiscal_impact"": 0.1, ""performance_gap"": 0.2}"
075:2023:사회복지:취약계층지원:1500:FUND,075,사회복지,취약계층지원,1500,2023,FUND,장애인생활안정 및 재활 지원,MULTIPLE_SIGNAL_REVIEW,PERFORMANCE_BELOW_TARGET;BUDGET_PERFORMANCE_MISMATCH,7224000000,0.10256410256410256,0.5,0.0,0.2768549280177187,0.10144927536231885,execution_focus,0.16551591313977565,0.165627395859954,101,101.0,101,0.5652173913043479,47,47.0,47,0.42500000000000004,"{""budget_performance_mismatch"": 0.2, ""execution_management"": 0.5, ""fiscal_impact"": 0.1, ""performance_gap"": 0.2}"
075:2023:사회복지:취약계층지원:1500:GENERAL_ACCOUNT,075,사회복지,취약계층지원,1500,2023,GENERAL_ACCOUNT,장애인생활안정 및 재활 지원,MULTIPLE_SIGNAL_REVIEW,PERFORMANCE_BELOW_TARGET;BUDGET_PERFORMANCE_MISMATCH;ACCOUNTING_ADJUSTMENT_CONTEXT,4532450000000,0.8717948717948718,0.5,0.0,6.905757371840837e-05,0.9492753623188406,execution_focus,0.19494134774662775,0.18719329869423088,84,84.0,84,0.6391304347826087,41,41.0,41,0.5,"{""budget_performance_mismatch"": 0.2, ""execution_management"": 0.5, ""fiscal_impact"": 0.1, ""performance_gap"": 0.2}"
075:2023:사회복지:아동·보육:2500:FUND,075,사회복지,아동·보육,2500,2023,FUND,저출산대응및인구정책지원,MULTIPLE_SIGNAL_REVIEW,PERFORMANCE_BELOW_TARGET;EXECUTION_MANAGEMENT;PROGRAM_STRUCTURE_CONTEXT,19906000000,0.2564102564102564,1.0,0.33648146287551495,0.0,0.2028985507246377,execution_focus,0.38853058651022127,0.39388175707878315,29,29.0,29,0.8782608695652174,19,19.0,19,0.775,"{""budget_performance_mismatch"": 0.2, ""execution_management"": 0.5, ""fiscal_impact"": 0.1, ""performance_gap"": 0.2}"
075:2023:사회복지:아동·보육:2500:GENERAL_ACCOUNT,075,사회복지,아동·보육,2500,2023,GENERAL_ACCOUNT,저출산대응및인구정책지원,MULTIPLE_SIGNAL_REVIEW,PERFORMANCE_BELOW_TARGET;EXECUTION_MANAGEMENT;PROGRAM_STRUCTURE_CONTEXT,2625301000000,0.8461538461538461,1.0,0.0010497843866284285,0.0,0.9202898550724637,execution_focus,0.2925538777005606,0.2851402768086989,46,46.0,46,0.8043478260869565,24,24.0,24,0.7125,"{""budget_performance_mismatch"": 0.2, ""execution_management"": 0.5, ""fiscal_impact"": 0.1, ""performance_gap"": 0.2}"
162:2023:통신:정보통신:2100:FUND,162,통신,정보통신,2100,2023,FUND,정보통신융합산업,MULTIPLE_SIGNAL_REVIEW,EXECUTION_MANAGEMENT;BUDGET_PERFORMANCE_MISMATCH;ACCOUNTING_ADJUSTMENT_CONTEXT,598251000000,0.9137931034482759,0.0,0.15619781663549245,0.16725254115747404,0.7536231884057971,execution_focus,0.18691173538982075,0.20292872689406866,87,87.0,87,0.6260869565217391,11,11.0,11,0.8507462686567164,"{""budget_performance_mismatch"": 0.2, ""execution_management"": 0.5, ""fiscal_impact"": 0.1, ""performance_gap"": 0.2}"
102:2023:산업·중소기업및에너지:중소기업및소상공인육성:2100:GENERAL_ACCOUNT,102,산업·중소기업및에너지,중소기업및소상공인육성,2100,2023,GENERAL_ACCOUNT,중소기업기술개발지원,MULTIPLE_SIGNAL_REVIEW,PERFORMANCE_BELOW_TARGET;BUDGET_PERFORMANCE_MISMATCH,1481056000000,0.8636363636363636,1.0,0.0,0.0038708867186656006,0.855072463768116,execution_focus,0.2862814237205447,0.28713781370736946,49,49.0,49,0.7913043478260869,5,5.0,5,0.9024390243902439,"{""budget_performance_mismatch"": 0.2, ""execution_management"": 0.5, ""fiscal_impact"": 0.1, ""performance_gap"": 0.2}"
102:2023:산업·중소기업및에너지:중소기업및소상공인육성:2100:SPECIAL_ACCOUNT,102,산업·중소기업및에너지,중소기업및소상공인육성,2100,2023,SPECIAL_ACCOUNT,중소기업기술개발지원,MULTIPLE_SIGNAL_REVIEW,PERFORMANCE_BELOW_TARGET;BUDGET_PERFORMANCE_MISMATCH,271720000000,0.6363636363636364,1.0,0.0,0.05712866185779479,0.6739130434782609,execution_focus,0.27881703671938507,0.27506209600792264,57,57.0,57,0.7565217391304347,8,8.0,8,0.8292682926829268,"{""budget_performance_mismatch"": 0.2, ""execution_management"": 0.5, ""fiscal_impact"": 0.1, ""performance_gap"": 0.2}"
102:2023:산업·중소기업및에너지:중소기업및소상공인육성:4800:GENERAL_ACCOUNT,102,산업·중소기업및에너지,중소기업및소상공인육성,4800,2023,GENERAL_ACCOUNT,중소기업육성지원,MULTIPLE_SIGNAL_REVIEW,PERFORMANCE_BELOW_TARGET;EXECUTION_MANAGEMENT,138899000000,0.5,0.3333333333333333,0.015075702488858811,0.0,0.5362318840579711,execution_focus,0.12782770631689316,0.12420451791109606,135,135.0,135,0.4173913043478261,27,27.0,27,0.36585365853658536,"{""budget_performance_mismatch"": 0.2, ""execution_management"": 0.5, ""fiscal_impact"": 0.1, ""performance_gap"": 0.2}"
102:2023:산업·중소기업및에너지:중소기업및소상공인육성:5400:FUND,102,산업·중소기업및에너지,중소기업및소상공인육성,5400,2023,FUND,중소기업인력지원,MULTIPLE_SIGNAL_REVIEW,PERFORMANCE_BELOW_TARGET;EXECUTION_MANAGEMENT,53660000000,0.36363636363636365,0.5,0.018775624301155425,0.0,0.34057971014492755,execution_focus,0.14344578316507048,0.1457514485142141,122,122.0,122,0.4739130434782609,23,23.0,23,0.46341463414634143,"{""budget_performance_mismatch"": 0.2, ""execution_management"": 0.5, ""fiscal_impact"": 0.1, ""performance_gap"": 0.2}"
019:2023:사회복지:고용:1100:FUND,019,사회복지,고용,1100,2023,FUND,직업능력개발,MULTIPLE_SIGNAL_REVIEW,PERFORMANCE_BELOW_TARGET;EXECUTION_MANAGEMENT;ACCOUNTING_ADJUSTMENT_CONTEXT,1894749000000,0.7368421052631579,1.0,0.5,0.0,0.8695652173913043,execution_focus,0.5369565217391304,0.5236842105263158,12,12.0,12,0.9521739130434783,5,5.0,5,0.8974358974358975,"{""budget_performance_mismatch"": 0.2, ""execution_management"": 0.5, ""fiscal_impact"": 0.1, ""performance_gap"": 0.2}"
019:2023:사회복지:고용:1100:GENERAL_ACCOUNT,019,사회복지,고용,1100,2023,GENERAL_ACCOUNT,직업능력개발,MULTIPLE_SIGNAL_REVIEW,PERFORMANCE_BELOW_TARGET;EXECUTION_MANAGEMENT,1123902000000,0.631578947368421,1.0,0.010070717909568629,0.0,0.8260869565217391,execution_focus,0.28764405460695824,0.2681932536916264,48,48.0,48,0.7956521739130434,15,15.0,15,0.641025641025641,"{""budget_performance_mismatch"": 0.2, ""execution_management"": 0.5, ""fiscal_impact"": 0.1, ""performance_gap"": 0.2}"
019:2023:사회복지:고용:1100:SPECIAL_ACCOUNT,019,사회복지,고용,1100,2023,SPECIAL_ACCOUNT,직업능력개발,MULTIPLE_SIGNAL_REVIEW,PERFORMANCE_BELOW_TARGET;EXECUTION_MANAGEMENT,83600000000,0.3157894736842105,1.0,0.2007476076555024,0.0,0.463768115942029,execution_focus,0.34675061542195407,0.3319527511961722,32,32.0,32,0.8652173913043478,9,9.0,9,0.7948717948717949,"{""budget_performance_mismatch"": 0.2, ""execution_management"": 0.5, ""fiscal_impact"": 0.1, ""performance_gap"": 0.2}"
075:2023:보건:보건의료:3200:GENERAL_ACCOUNT,075,보건,보건의료,3200,2023,GENERAL_ACCOUNT,한의학연구및정책개발,MULTIPLE_SIGNAL_REVIEW,EXECUTION_MANAGEMENT;BUDGET_PERFORMANCE_MISMATCH;ACCOUNTING_ADJUSTMENT_CONTEXT;GOOD_PERFORMANCE_BUDGET_DECREASE_T1_CONTEXT,51805000000,0.358974358974359,0.0,0.010163111668757841,0.08570601293311457,0.3188405797101449,execution_focus,0.054106816392016324,0.058120194318437735,214,214.0,214,0.07391304347826089,80,80.0,80,0.012499999999999956,"{""budget_performance_mismatch"": 0.2, ""execution_management"": 0.5, ""fiscal_impact"": 0.1, ""performance_gap"": 0.2}"
019:2024:사회복지:고용:1000:FUND,019,사회복지,고용,1000,2024,FUND,고용창출,MULTIPLE_SIGNAL_REVIEW,EXECUTION_MANAGEMENT;BUDGET_PERFORMANCE_MISMATCH;ACCOUNTING_ADJUSTMENT_CONTEXT,338823000000,0.42105263157894735,0.0,0.5,0.48726326134884584,0.7226277372262774,execution_focus,0.4197154259923969,0.38955791542766394,26,26.0,26,0.8913043478260869,7,7.0,7,0.8461538461538461,"{""budget_performance_mismatch"": 0.2, ""execution_management"": 0.5, ""fiscal_impact"": 0.1, ""performance_gap"": 0.2}"
019:2024:사회복지:고용:1000:GENERAL_ACCOUNT,019,사회복지,고용,1000,2024,GENERAL_ACCOUNT,고용창출,MULTIPLE_SIGNAL_REVIEW,EXECUTION_MANAGEMENT;BUDGET_PERFORMANCE_MISMATCH;ACCOUNTING_ADJUSTMENT_CONTEXT,1531584000000,0.7368421052631579,0.0,0.5,0.10697878797375789,0.8467153284671532,execution_focus,0.3560672904414669,0.34507996812106734,31,31.0,31,0.8695652173913043,8,8.0,8,0.8205128205128205,"{""budget_performance_mismatch"": 0.2, ""execution_management"": 0.5, ""fiscal_impact"": 0.1, ""performance_gap"": 0.2}"
075:2024:보건:보건의료:2700:GENERAL_ACCOUNT,075,보건,보건의료,2700,2024,GENERAL_ACCOUNT,공공보건의료확충,MULTIPLE_SIGNAL_REVIEW,EXECUTION_MANAGEMENT;BUDGET_PERFORMANCE_MISMATCH;ACCOUNTING_ADJUSTMENT_CONTEXT,177230000000,0.48717948717948717,0.0,0.017866614004401062,0.07310274784178751,0.6131386861313869,execution_focus,0.08486772518369673,0.07227180528850675,186,186.0,186,0.19565217391304346,76,76.0,76,0.0625,"{""budget_performance_mismatch"": 0.2, ""execution_management"": 0.5, ""fiscal_impact"": 0.1, ""performance_gap"": 0.2}"
075:2024:보건:보건의료:4100:RESPONSIBLE_OPERATION_ACCOUNT,075,보건,보건의료,4100,2024,RESPONSIBLE_OPERATION_ACCOUNT,국립공주병원,MULTIPLE_SIGNAL_REVIEW,PERFORMANCE_BELOW_TARGET;EXECUTION_MANAGEMENT;PROGRAM_STRUCTURE_CONTEXT,5855000000,0.02564102564102564,1.0,1.0,0.0,0.08759124087591241,execution_focus,0.7087591240875912,0.7025641025641025,2,2.0,2,0.9956521739130435,3,3.0,3,0.975,"{""budget_performance_mismatch"": 0.2, ""execution_management"": 0.5, ""fiscal_impact"": 0.1, ""performance_gap"": 0.2}"
075:2024:보건:보건의료:3800:RESPONSIBLE_OPERATION_ACCOUNT,075,보건,보건의료,3800,2024,RESPONSIBLE_OPERATION_ACCOUNT,국립나주병원,MULTIPLE_SIGNAL_REVIEW,EXECUTION_MANAGEMENT;BUDGET_PERFORMANCE_MISMATCH;PROGRAM_STRUCTURE_CONTEXT,7044000000,0.1282051282051282,0.0,0.5,0.008375922771152754,0.11678832116788321,execution_focus,0.2633540166710189,0.2644956973747434,66,66.0,66,0.7173913043478262,32,32.0,32,0.6125,"{""budget_performance_mismatch"": 0.2, ""execution_management"": 0.5, ""fiscal_impact"": 0.1, ""performance_gap"": 0.2}"
075:2024:사회복지:취약계층지원:1800:RESPONSIBLE_OPERATION_ACCOUNT,075,사회복지,취약계층지원,1800,2024,RESPONSIBLE_OPERATION_ACCOUNT,국립재활원,MULTIPLE_SIGNAL_REVIEW,EXECUTION_MANAGEMENT;BUDGET_PERFORMANCE_MISMATCH,30746000000,0.3333333333333333,0.0,1.0,0.007285500552917453,0.26277372262773724,execution_focus,0.5277344723733572,0.5347904334439169,14,14.0,14,0.9434782608695652,7,7.0,7,0.925,"{""budget_performance_mismatch"": 0.2, ""execution_management"": 0.5, ""fiscal_impact"": 0.1, ""performance_gap"": 0.2}"
162:2024:과학기술:과학기술인력및문화:2200:RESPONSIBLE_OPERATION_ACCOUNT,162,과학기술,과학기술인력및문화,2200,2024,RESPONSIBLE_OPERATION_ACCOUNT,국립중앙과학관운영,MULTIPLE_SIGNAL_REVIEW,PERFORMANCE_BELOW_TARGET;EXECUTION_MANAGEMENT,11925000000,0.1864406779661017,1.0,0.5,0.0,0.1678832116788321,execution_focus,0.4667883211678832,0.46864406779661016,20,20.0,20,0.9173913043478261,3,3.0,3,0.9701492537313433,"{""budget_performance_mismatch"": 0.2, ""execution_management"": 0.5, ""fiscal_impact"": 0.1, ""performance_gap"": 0.2}"
075:2024:보건:보건의료:3300:GENERAL_ACCOUNT,075,보건,보건의료,3300,2024,GENERAL_ACCOUNT,국민건강생활실천,MULTIPLE_SIGNAL_REVIEW,PERFORMANCE_BELOW_TARGET;EXECUTION_MANAGEMENT;ACCOUNTING_ADJUSTMENT_CONTEXT,231439000000,0.5897435897435898,1.0,0.025533725949386233,0.0,0.6642335766423357,execution_focus,0.27919022063892673,0.27174122194905215,55,55.0,55,0.7652173913043478,29,29.0,29,0.65,"{""budget_performance_mismatch"": 0.2, ""execution_management"": 0.5, ""fiscal_impact"": 0.1, ""performance_gap"": 0.2}"
075:2024:보건:보건의료:4500:GENERAL_ACCOUNT,075,보건,보건의료,4500,2024,GENERAL_ACCOUNT,소록도병원,MULTIPLE_SIGNAL_REVIEW,PERFORMANCE_BELOW_TARGET;EXECUTION_MANAGEMENT,9529000000,0.20512820512820512,1.0,0.5,0.0,0.1386861313868613,execution_focus,0.46386861313868616,0.4705128205128205,21,21.0,21,0.9130434782608696,13,13.0,13,0.85,"{""budget_performance_mismatch"": 0.2, ""execution_management"": 0.5, ""fiscal_impact"": 0.1, ""performance_gap"": 0.2}"
162:2024:통신:우정:5100:SPECIAL_ACCOUNT,162,통신,우정,5100,2024,SPECIAL_ACCOUNT,우정서비스,MULTIPLE_SIGNAL_REVIEW,EXECUTION_MANAGEMENT;BUDGET_PERFORMANCE_MISMATCH;ACCOUNTING_ADJUSTMENT_CONTEXT,1957179000000,0.9661016949152542,0.0,0.08081836152952795,0.08217184018426521,0.8832116788321168,execution_focus,0.14516471668482872,0.15345371829314247,119,119.0,119,0.4869565217391304,25,25.0,25,0.6417910447761195,"{""budget_performance_mismatch"": 0.2, ""execution_management"": 0.5, ""fiscal_impact"": 0.1, ""performance_gap"": 0.2}"
162:2024:과학기술:과학기술연구개발:1400:GENERAL_ACCOUNT,162,과학기술,과학기술연구개발,1400,2024,GENERAL_ACCOUNT,원자력 진흥,MULTIPLE_SIGNAL_REVIEW,EXECUTION_MANAGEMENT;BUDGET_PERFORMANCE_MISMATCH,51780000000,0.423728813559322,0.0,0.014484356894553883,0.010428736964078795,0.36496350364963503,execution_focus,0.045824276205056205,0.0517008071960249,224,224.0,224,0.0304347826086957,62,62.0,62,0.08955223880597019,"{""budget_performance_mismatch"": 0.2, ""execution_management"": 0.5, ""fiscal_impact"": 0.1, ""performance_gap"": 0.2}"
075:2024:사회복지:취약계층지원:1500:GENERAL_ACCOUNT,075,사회복지,취약계층지원,1500,2024,GENERAL_ACCOUNT,장애인생활안정 및 재활 지원,MULTIPLE_SIGNAL_REVIEW,EXECUTION_MANAGEMENT;BUDGET_PERFORMANCE_MISMATCH;ACCOUNTING_ADJUSTMENT_CONTEXT,5025066000000,0.8717948717948718,0.0,3.8208453381507824e-05,3.2437384902009246e-05,0.948905109489051,execution_focus,0.09491610265257626,0.08720507888315834,168,168.0,168,0.27391304347826084,67,67.0,67,0.17500000000000004,"{""budget_performance_mismatch"": 0.2, ""execution_management"": 0.5, ""fiscal_impact"": 0.1, ""performance_gap"": 0.2}"
162:2024:통신:방송통신:2500:FUND,162,통신,방송통신,2500,2024,FUND,전파활용방송서비스산업,MULTIPLE_SIGNAL_REVIEW,EXECUTION_MANAGEMENT;BUDGET_PERFORMANCE_MISMATCH,21614000000,0.2711864406779661,0.0,0.2671185342833349,0.04770056444896826,0.22627737226277372,execution_focus,0.16572711725773845,0.17021802409925768,100,100.0,100,0.5695652173913044,20,20.0,20,0.7164179104477613,"{""budget_performance_mismatch"": 0.2, ""execution_management"": 0.5, ""fiscal_impact"": 0.1, ""performance_gap"": 0.2}"
162:2024:통신:방송통신:2500:GENERAL_ACCOUNT,162,통신,방송통신,2500,2024,GENERAL_ACCOUNT,전파활용방송서비스산업,MULTIPLE_SIGNAL_REVIEW,EXECUTION_MANAGEMENT;BUDGET_PERFORMANCE_MISMATCH;ACCOUNTING_ADJUSTMENT_CONTEXT,52205000000,0.4406779661016949,0.0,0.02088880375442965,0.03945982185614405,0.3722627737226277,execution_focus,0.05556264362070641,0.06240416285861313,213,213.0,213,0.07826086956521738,56,56.0,56,0.17910447761194026,"{""budget_performance_mismatch"": 0.2, ""execution_management"": 0.5, ""fiscal_impact"": 0.1, ""performance_gap"": 0.2}"
162:2024:통신:정보통신:2100:FUND,162,통신,정보통신,2100,2024,FUND,정보통신융합산업,MULTIPLE_SIGNAL_REVIEW,EXECUTION_MANAGEMENT;BUDGET_PERFORMANCE_MISMATCH,519479000000,0.9322033898305084,0.0,0.17707549294581687,0.0034650101351546454,0.7737226277372263,execution_focus,0.166603011273662,0.18245108748299022,99,99.0,99,0.5739130434782609,15,15.0,15,0.791044776119403,"{""budget_performance_mismatch"": 0.2, ""execution_management"": 0.5, ""fiscal_impact"": 0.1, ""performance_gap"": 0.2}"
102:2024:산업·중소기업및에너지:중소기업및소상공인육성:5400:FUND,102,산업·중소기업및에너지,중소기업및소상공인육성,5400,2024,FUND,중소기업인력지원,MULTIPLE_SIGNAL_REVIEW,EXECUTION_MANAGEMENT;BUDGET_PERFORMANCE_MISMATCH,35542000000,0.25,0.0,0.19118226323785945,0.004670530639806427,0.2773722627737226,execution_focus,0.12426246402426327,0.121525237746891,137,137.0,137,0.408695652173913,28,28.0,28,0.3414634146341463,"{""budget_performance_mismatch"": 0.2, ""execution_management"": 0.5, ""fiscal_impact"": 0.1, ""performance_gap"": 0.2}"
019:2024:사회복지:고용:1100:FUND,019,사회복지,고용,1100,2024,FUND,직업능력개발,MULTIPLE_SIGNAL_REVIEW,PERFORMANCE_BELOW_TARGET;EXECUTION_MANAGEMENT;ACCOUNTING_ADJUSTMENT_CONTEXT,1628382000000,0.7894736842105263,1.0,0.5,0.0,0.8613138686131386,execution_focus,0.5361313868613139,0.5289473684210526,13,13.0,13,0.9478260869565217,4,4.0,4,0.9230769230769231,"{""budget_performance_mismatch"": 0.2, ""execution_management"": 0.5, ""fiscal_impact"": 0.1, ""performance_gap"": 0.2}"
019:2024:사회복지:고용:1100:GENERAL_ACCOUNT,019,사회복지,고용,1100,2024,GENERAL_ACCOUNT,직업능력개발,MULTIPLE_SIGNAL_REVIEW,PERFORMANCE_BELOW_TARGET;EXECUTION_MANAGEMENT,932436000000,0.5789473684210527,1.0,0.00986341153709209,0.0,0.8102189781021898,execution_focus,0.28595360357876504,0.2628264426106513,50,50.0,50,0.7869565217391304,16,16.0,16,0.6153846153846154,"{""budget_performance_mismatch"": 0.2, ""execution_management"": 0.5, ""fiscal_impact"": 0.1, ""performance_gap"": 0.2}"
019:2024:사회복지:고용:1100:SPECIAL_ACCOUNT,019,사회복지,고용,1100,2024,SPECIAL_ACCOUNT,직업능력개발,MULTIPLE_SIGNAL_REVIEW,PERFORMANCE_BELOW_TARGET;EXECUTION_MANAGEMENT,411057000000,0.47368421052631576,1.0,0.04922188406960592,0.0,0.7518248175182481,execution_focus,0.29979342378662777,0.27197936308743453,40,40.0,40,0.8304347826086956,14,14.0,14,0.6666666666666667,"{""budget_performance_mismatch"": 0.2, ""execution_management"": 0.5, ""fiscal_impact"": 0.1, ""performance_gap"": 0.2}"
019:2022:사회복지:고용:1000:FUND,019,사회복지,고용,1000,2022,FUND,고용창출,STRONG_SINGLE_SIGNAL_REVIEW,EXECUTION_MANAGEMENT,2891133000000,0.8125,0.0,1.0,0.0,0.9069767441860465,execution_focus,0.5906976744186047,0.58125,8,8.0,8,0.9695652173913043,3,3.0,3,0.9487179487179487,"{""budget_performance_mismatch"": 0.2, ""execution_management"": 0.5, ""fiscal_impact"": 0.1, ""performance_gap"": 0.2}"
075:2022:보건:보건의료:3900:RESPONSIBLE_OPERATION_ACCOUNT,075,보건,보건의료,3900,2022,RESPONSIBLE_OPERATION_ACCOUNT,국립부곡병원,STRONG_SINGLE_SIGNAL_REVIEW,EXECUTION_MANAGEMENT;PROGRAM_STRUCTURE_CONTEXT;GOOD_PERFORMANCE_BUDGET_DECREASE_T2_CONTEXT,7512000000,0.11428571428571428,0.0,1.0,0.0,0.10077519379844961,execution_focus,0.5100775193798449,0.5114285714285713,18,18.0,18,0.9260869565217391,10,10.0,10,0.8875,"{""budget_performance_mismatch"": 0.2, ""execution_management"": 0.5, ""fiscal_impact"": 0.1, ""performance_gap"": 0.2}"
075:2022:보건:보건의료:3700:RESPONSIBLE_OPERATION_ACCOUNT,075,보건,보건의료,3700,2022,RESPONSIBLE_OPERATION_ACCOUNT,국립정신건강센터,STRONG_SINGLE_SIGNAL_REVIEW,PERFORMANCE_BELOW_TARGET;PROGRAM_STRUCTURE_CONTEXT;LOW_PERFORMANCE_BUDGET_INCREASE_T1;LOW_PERFORMANCE_BUDGET_INCREASE_T2,16726000000,0.2,1.0,0.0,0.0,0.15503875968992248,execution_focus,0.21550387596899226,0.22000000000000003,77,77.0,77,0.6695652173913044,36,36.0,36,0.5625,"{""budget_performance_mismatch"": 0.2, ""execution_management"": 0.5, ""fiscal_impact"": 0.1, ""performance_gap"": 0.2}"
075:2022:보건:보건의료:4500:GENERAL_ACCOUNT,075,보건,보건의료,4500,2022,GENERAL_ACCOUNT,소록도병원,STRONG_SINGLE_SIGNAL_REVIEW,PERFORMANCE_BELOW_TARGET;LOW_PERFORMANCE_BUDGET_INCREASE_T1,10444000000,0.17142857142857143,1.0,0.0,0.0,0.13953488372093023,execution_focus,0.21395348837209305,0.21714285714285717,80,80.0,80,0.6565217391304348,37,37.0,37,0.55,"{""budget_performance_mismatch"": 0.2, ""execution_management"": 0.5, ""fiscal_impact"": 0.1, ""performance_gap"": 0.2}"
162:2022:통신:우정:5300:SPECIAL_ACCOUNT,162,통신,우정,5300,2022,SPECIAL_ACCOUNT,우체국보험,STRONG_SINGLE_SIGNAL_REVIEW,PERFORMANCE_BELOW_TARGET;LOW_PERFORMANCE_BUDGET_INCREASE_T1,295339000000,0.8571428571428571,1.0,0.0,0.0,0.6589147286821705,execution_focus,0.26589147286821707,0.2857142857142857,63,63.0,63,0.7304347826086957,7,7.0,7,0.9104477611940298,"{""budget_performance_mismatch"": 0.2, ""execution_management"": 0.5, ""fiscal_impact"": 0.1, ""performance_gap"": 0.2}"
075:2023:보건:보건의료:3900:RESPONSIBLE_OPERATION_ACCOUNT,075,보건,보건의료,3900,2023,RESPONSIBLE_OPERATION_ACCOUNT,국립부곡병원,STRONG_SINGLE_SIGNAL_REVIEW,EXECUTION_MANAGEMENT;PROGRAM_STRUCTURE_CONTEXT;GOOD_PERFORMANCE_BUDGET_DECREASE_T1_CONTEXT,7677000000,0.15384615384615385,0.0,1.0,0.0,0.11594202898550725,execution_focus,0.5115942028985507,0.5153846153846153,16,16.0,16,0.9347826086956522,8,8.5,9,0.90625,"{""budget_performance_mismatch"": 0.2, ""execution_management"": 0.5, ""fiscal_impact"": 0.1, ""performance_gap"": 0.2}"
019:2023:사회복지:노동:2000:GENERAL_ACCOUNT,019,사회복지,노동,2000,2023,GENERAL_ACCOUNT,노사정책,STRONG_SINGLE_SIGNAL_REVIEW,PERFORMANCE_BELOW_TARGET;LOW_PERFORMANCE_BUDGET_INCREASE_T1,53076000000,0.21052631578947367,1.0,0.0,0.0,0.3333333333333333,execution_focus,0.23333333333333334,0.2210526315789474,72,72.0,72,0.691304347826087,17,17.0,17,0.5897435897435898,"{""budget_performance_mismatch"": 0.2, ""execution_management"": 0.5, ""fiscal_impact"": 0.1, ""performance_gap"": 0.2}"
075:2023:사회복지:아동·보육:1300:GENERAL_ACCOUNT,075,사회복지,아동·보육,1300,2023,GENERAL_ACCOUNT,아동보호 및 복지 강화,STRONG_SINGLE_SIGNAL_REVIEW,PERFORMANCE_BELOW_TARGET;LOW_PERFORMANCE_BUDGET_INCREASE_T1,237208000000,0.5641025641025641,1.0,0.0,0.0,0.6521739130434783,execution_focus,0.26521739130434785,0.25641025641025644,64,64.5,65,0.7239130434782608,34,34.0,34,0.5875,"{""budget_performance_mismatch"": 0.2, ""execution_management"": 0.5, ""fiscal_impact"": 0.1, ""performance_gap"": 0.2}"
075:2024:보건:보건의료:4000:RESPONSIBLE_OPERATION_ACCOUNT,075,보건,보건의료,4000,2024,RESPONSIBLE_OPERATION_ACCOUNT,국립춘천병원,STRONG_SINGLE_SIGNAL_REVIEW,EXECUTION_MANAGEMENT,6864000000,0.10256410256410256,0.0,1.0,0.0,0.10948905109489052,execution_focus,0.5109489051094891,0.5102564102564102,17,17.0,17,0.9304347826086956,11,11.0,11,0.875,"{""budget_performance_mismatch"": 0.2, ""execution_management"": 0.5, ""fiscal_impact"": 0.1, ""performance_gap"": 0.2}"
162:2024:과학기술:과학기술연구개발:1200:SPECIAL_ACCOUNT,162,과학기술,과학기술연구개발,1200,2024,SPECIAL_ACCOUNT,기초연구진흥,STRONG_SINGLE_SIGNAL_REVIEW,EXECUTION_MANAGEMENT;PROGRAM_STRUCTURE_CONTEXT,53000000000,0.4745762711864407,0.0,1.0,0.0,0.38686131386861317,execution_focus,0.5386861313868613,0.547457627118644,11,11.0,11,0.9565217391304348,2,2.0,2,0.9850746268656716,"{""budget_performance_mismatch"": 0.2, ""execution_management"": 0.5, ""fiscal_impact"": 0.1, ""performance_gap"": 0.2}"
075:2024:사회복지:취약계층지원:1900:GENERAL_ACCOUNT,075,사회복지,취약계층지원,1900,2024,GENERAL_ACCOUNT,노숙인의사상자지원,STRONG_SINGLE_SIGNAL_REVIEW,EXECUTION_MANAGEMENT;ACCOUNTING_ADJUSTMENT_CONTEXT,7136000000,0.15384615384615385,0.0,1.0,0.0,0.12408759124087591,execution_focus,0.5124087591240876,0.5153846153846153,15,15.0,15,0.9391304347826087,8,8.5,9,0.90625,"{""budget_performance_mismatch"": 0.2, ""execution_management"": 0.5, ""fiscal_impact"": 0.1, ""performance_gap"": 0.2}"
075:2022:보건:건강보험:4900:FUND,075,보건,건강보험,4900,2022,FUND,건강보험제도 운영,MODERATE_OR_CONTEXT_REVIEW,PERFORMANCE_BELOW_TARGET;PROGRAM_STRUCTURE_CONTEXT,1814940000000,0.7428571428571429,0.5,0.0,0.0,0.8449612403100775,execution_focus,0.18449612403100776,0.1742857142857143,88,88.0,88,0.6217391304347826,44,44.0,44,0.4625,"{""budget_performance_mismatch"": 0.2, ""execution_management"": 0.5, ""fiscal_impact"": 0.1, ""performance_gap"": 0.2}"
019:2022:사회복지:고용:1200:FUND,019,사회복지,고용,1200,2022,FUND,고용안전망확충,MODERATE_OR_CONTEXT_REVIEW,PERFORMANCE_BELOW_TARGET;PROGRAM_STRUCTURE_CONTEXT,11775073000000,1.0,1.0,0.0,0.0,0.9689922480620154,execution_focus,0.29689922480620157,0.30000000000000004,41,41.0,41,0.8260869565217391,11,11.0,11,0.7435897435897436,"{""budget_performance_mismatch"": 0.2, ""execution_management"": 0.5, ""fiscal_impact"": 0.1, ""performance_gap"": 0.2}"
019:2022:사회복지:고용:1000:GENERAL_ACCOUNT,019,사회복지,고용,1000,2022,GENERAL_ACCOUNT,고용창출,MODERATE_OR_CONTEXT_REVIEW,EXECUTION_MANAGEMENT,2206587000000,0.6875,0.0,0.5,0.0,0.875968992248062,execution_focus,0.3375968992248062,0.31875,33,33.0,33,0.8608695652173913,10,10.0,10,0.7692307692307692,"{""budget_performance_mismatch"": 0.2, ""execution_management"": 0.5, ""fiscal_impact"": 0.1, ""performance_gap"": 0.2}"
019:2022:사회복지:고용:1300:FUND,019,사회복지,고용,1300,2022,FUND,고용평등증진,MODERATE_OR_CONTEXT_REVIEW,PERFORMANCE_BELOW_TARGET;PROGRAM_STRUCTURE_CONTEXT,2503235000000,0.75,0.2,0.0,0.0,0.8837209302325582,execution_focus,0.12837209302325583,0.11500000000000002,133,133.0,133,0.4260869565217391,24,24.0,24,0.41025641025641024,"{""budget_performance_mismatch"": 0.2, ""execution_management"": 0.5, ""fiscal_impact"": 0.1, ""performance_gap"": 0.2}"
019:2022:사회복지:고용:1300:GENERAL_ACCOUNT,019,사회복지,고용,1300,2022,GENERAL_ACCOUNT,고용평등증진,MODERATE_OR_CONTEXT_REVIEW,PERFORMANCE_BELOW_TARGET;PROGRAM_STRUCTURE_CONTEXT,66040000000,0.1875,0.2,0.0,0.0,0.3875968992248062,execution_focus,0.07875968992248064,0.05875000000000002,195,195.0,195,0.15652173913043477,38,38.0,38,0.05128205128205132,"{""budget_performance_mismatch"": 0.2, ""execution_management"": 0.5, ""fiscal_impact"": 0.1, ""performance_gap"": 0.2}"
075:2022:보건:보건의료:2700:FUND,075,보건,보건의료,2700,2022,FUND,공공보건의료확충,MODERATE_OR_CONTEXT_REVIEW,PERFORMANCE_BELOW_TARGET;PROGRAM_STRUCTURE_CONTEXT,337781000000,0.6,0.5,0.0,0.0,0.6821705426356589,execution_focus,0.1682170542635659,0.16,98,98.0,98,0.5782608695652174,48,48.0,48,0.4125,"{""budget_performance_mismatch"": 0.2, ""execution_management"": 0.5, ""fiscal_impact"": 0.1, ""performance_gap"": 0.2}"
075:2022:보건:보건의료:2700:SPECIAL_ACCOUNT,075,보건,보건의료,2700,2022,SPECIAL_ACCOUNT,공공보건의료확충,MODERATE_OR_CONTEXT_REVIEW,PERFORMANCE_BELOW_TARGET;PROGRAM_STRUCTURE_CONTEXT,48982000000,0.34285714285714286,0.5,0.0,0.0,0.29457364341085274,execution_focus,0.1294573643410853,0.1342857142857143,132,132.0,132,0.4304347826086956,54,54.0,54,0.3375,"{""budget_performance_mismatch"": 0.2, ""execution_management"": 0.5, ""fiscal_impact"": 0.1, ""performance_gap"": 0.2}"
162:2022:과학기술:과학기술연구지원:1600:GENERAL_ACCOUNT,162,과학기술,과학기술연구지원,1600,2022,GENERAL_ACCOUNT,과학기술기반 조성,MODERATE_OR_CONTEXT_REVIEW,EXECUTION_MANAGEMENT;PROGRAM_STRUCTURE_CONTEXT;GOOD_PERFORMANCE_BUDGET_DECREASE_T2_CONTEXT,54291000000,0.39285714285714285,0.0,0.5,0.0,0.31007751937984496,execution_focus,0.2810077519379845,0.28928571428571426,54,54.0,54,0.7695652173913043,6,6.0,6,0.9253731343283582,"{""budget_performance_mismatch"": 0.2, ""execution_management"": 0.5, ""fiscal_impact"": 0.1, ""performance_gap"": 0.2}"
162:2022:과학기술:과학기술인력및문화:1800:GENERAL_ACCOUNT,162,과학기술,과학기술인력및문화,1800,2022,GENERAL_ACCOUNT,과학문화창달,MODERATE_OR_CONTEXT_REVIEW,EXECUTION_MANAGEMENT,66321000000,0.48214285714285715,0.0,0.2113206978181873,0.0,0.3953488372093023,execution_focus,0.14519523263002387,0.15387463462337936,118,118.0,118,0.491304347826087,24,24.0,24,0.6567164179104478,"{""budget_performance_mismatch"": 0.2, ""execution_management"": 0.5, ""fiscal_impact"": 0.1, ""performance_gap"": 0.2}"
075:2022:사회복지:취약계층지원:1800:RESPONSIBLE_OPERATION_ACCOUNT,075,사회복지,취약계층지원,1800,2022,RESPONSIBLE_OPERATION_ACCOUNT,국립재활원,MODERATE_OR_CONTEXT_REVIEW,EXECUTION_MANAGEMENT,28671000000,0.2857142857142857,0.0,0.061281434201806706,0.0,0.2248062015503876,execution_focus,0.05312133725594212,0.05921214567233193,215,215.0,215,0.06956521739130439,79,79.0,79,0.025000000000000022,"{""budget_performance_mismatch"": 0.2, ""execution_management"": 0.5, ""fiscal_impact"": 0.1, ""performance_gap"": 0.2}"
162:2022:과학기술:과학기술인력및문화:2200:RESPONSIBLE_OPERATION_ACCOUNT,162,과학기술,과학기술인력및문화,2200,2022,RESPONSIBLE_OPERATION_ACCOUNT,국립중앙과학관 운영,MODERATE_OR_CONTEXT_REVIEW,PERFORMANCE_BELOW_TARGET;PROGRAM_STRUCTURE_CONTEXT;LOW_PERFORMANCE_BUDGET_INCREASE_T1;LOW_PERFORMANCE_BUDGET_INCREASE_T2,10069000000,0.17857142857142858,0.3333333333333333,0.0,0.0,0.12403100775193798,execution_focus,0.07906976744186046,0.08452380952380953,194,194.0,194,0.16086956521739126,47,47.0,47,0.31343283582089554,"{""budget_performance_mismatch"": 0.2, ""execution_management"": 0.5, ""fiscal_impact"": 0.1, ""performance_gap"": 0.2}"
075:2022:보건:보건의료:3300:FUND,075,보건,보건의료,3300,2022,FUND,국민건강생활실천,MODERATE_OR_CONTEXT_REVIEW,PERFORMANCE_BELOW_TARGET,374509000000,0.6571428571428571,0.5,0.0,0.0,0.6976744186046512,execution_focus,0.1697674418604651,0.1657142857142857,97,97.0,97,0.5826086956521739,46,46.0,46,0.4375,"{""budget_performance_mismatch"": 0.2, ""execution_management"": 0.5, ""fiscal_impact"": 0.1, ""performance_gap"": 0.2}"
019:2022:사회복지:노동:3000:FUND,019,사회복지,노동,3000,2022,FUND,근로조건보호 및 복지증진,MODERATE_OR_CONTEXT_REVIEW,EXECUTION_MANAGEMENT,992515000000,0.4375,0.0,0.5,0.0,0.7906976744186046,execution_focus,0.32906976744186045,0.29375,36,36.0,36,0.8478260869565217,13,13.0,13,0.6923076923076923,"{""budget_performance_mismatch"": 0.2, ""execution_management"": 0.5, ""fiscal_impact"": 0.1, ""performance_gap"": 0.2}"
075:2022:사회복지:기초생활보장:1100:GENERAL_ACCOUNT,075,사회복지,기초생활보장,1100,2022,GENERAL_ACCOUNT,기초생활보장,MODERATE_OR_CONTEXT_REVIEW,EXECUTION_MANAGEMENT,15537221000000,0.9428571428571428,0.0,2.574462962198967e-07,0.0,0.9767441860465116,execution_focus,0.09767454732779927,0.0942858430088624,166,166.0,166,0.28260869565217395,65,65.0,65,0.19999999999999996,"{""budget_performance_mismatch"": 0.2, ""execution_management"": 0.5, ""fiscal_impact"": 0.1, ""performance_gap"": 0.2}"
019:2022:사회복지:노동:2000:GENERAL_ACCOUNT,019,사회복지,노동,2000,2022,GENERAL_ACCOUNT,노사정책,MODERATE_OR_CONTEXT_REVIEW,PERFORMANCE_BELOW_TARGET;LOW_PERFORMANCE_BUDGET_INCREASE_T2,57554000000,0.0625,0.3333333333333333,0.0,0.0,0.3333333333333333,execution_focus,0.1,0.07291666666666669,159,159.0,159,0.31304347826086953,32,32.0,32,0.20512820512820518,"{""budget_performance_mismatch"": 0.2, ""execution_management"": 0.5, ""fiscal_impact"": 0.1, ""performance_gap"": 0.2}"
075:2022:사회복지:노인:2100:GENERAL_ACCOUNT,075,사회복지,노인,2100,2022,GENERAL_ACCOUNT,노인생활안정,MODERATE_OR_CONTEXT_REVIEW,EXECUTION_MANAGEMENT;PROGRAM_STRUCTURE_CONTEXT,18322701000000,0.9714285714285714,0.0,1.1352038108355312e-05,0.0,0.9844961240310077,execution_focus,0.09845528842215495,0.09714853316191131,164,164.0,164,0.29130434782608694,63,63.0,63,0.22499999999999998,"{""budget_performance_mismatch"": 0.2, ""execution_management"": 0.5, ""fiscal_impact"": 0.1, ""performance_gap"": 0.2}"
162:2022:과학기술:과학기술연구개발:1100:FUND,162,과학기술,과학기술연구개발,1100,2022,FUND,미래유망원천 기술개발,MODERATE_OR_CONTEXT_REVIEW,PERFORMANCE_BELOW_TARGET,65856000000,0.4642857142857143,0.5,0.0,0.0,0.3798449612403101,execution_focus,0.13798449612403102,0.14642857142857144,127,127.0,127,0.4521739130434783,28,28.0,28,0.5970149253731343,"{""budget_performance_mismatch"": 0.2, ""execution_management"": 0.5, ""fiscal_impact"": 0.1, ""performance_gap"": 0.2}"
162:2022:과학기술:과학기술연구개발:1100:GENERAL_ACCOUNT,162,과학기술,과학기술연구개발,1100,2022,GENERAL_ACCOUNT,미래유망원천 기술개발,MODERATE_OR_CONTEXT_REVIEW,PERFORMANCE_BELOW_TARGET,855420500000,0.9285714285714286,0.5,0.0,0.0,0.7674418604651163,execution_focus,0.17674418604651165,0.1928571428571429,90,90.0,90,0.6130434782608696,12,12.0,12,0.835820895522388,"{""budget_performance_mismatch"": 0.2, ""execution_management"": 0.5, ""fiscal_impact"": 0.1, ""performance_gap"": 0.2}"
162:2022:과학기술:과학기술연구개발:1100:SPECIAL_ACCOUNT,162,과학기술,과학기술연구개발,1100,2022,SPECIAL_ACCOUNT,미래유망원천 기술개발,MODERATE_OR_CONTEXT_REVIEW,PERFORMANCE_BELOW_TARGET,282736000000,0.8392857142857143,0.5,0.0,0.0,0.6434108527131783,execution_focus,0.16434108527131785,0.18392857142857144,104,104.0,104,0.5521739130434782,14,14.0,14,0.8059701492537313,"{""budget_performance_mismatch"": 0.2, ""execution_management"": 0.5, ""fiscal_impact"": 0.1, ""performance_gap"": 0.2}"
102:2022:산업·중소기업및에너지:창업및벤처:5200:FUND,102,산업·중소기업및에너지,창업및벤처,5200,2022,FUND,벤처기업활성화지원,MODERATE_OR_CONTEXT_REVIEW,PERFORMANCE_BELOW_TARGET;PROGRAM_STRUCTURE_CONTEXT,461591000000,0.7272727272727273,0.3333333333333333,0.0,0.0,0.7364341085271318,execution_focus,0.14031007751937985,0.1393939393939394,126,126.0,126,0.4565217391304348,26,26.0,26,0.3902439024390244,"{""budget_performance_mismatch"": 0.2, ""execution_management"": 0.5, ""fiscal_impact"": 0.1, ""performance_gap"": 0.2}"
102:2022:산업·중소기업및에너지:창업및벤처:5200:GENERAL_ACCOUNT,102,산업·중소기업및에너지,창업및벤처,5200,2022,GENERAL_ACCOUNT,벤처기업활성화지원,MODERATE_OR_CONTEXT_REVIEW,PERFORMANCE_BELOW_TARGET;PROGRAM_STRUCTURE_CONTEXT,54710000000,0.2727272727272727,0.3333333333333333,0.0,0.0,0.32558139534883723,execution_focus,0.09922480620155039,0.09393939393939392,162,162.0,162,0.30000000000000004,37,37.0,37,0.12195121951219512,"{""budget_performance_mismatch"": 0.2, ""execution_management"": 0.5, ""fiscal_impact"": 0.1, ""performance_gap"": 0.2}"
102:2022:산업·중소기업및에너지:창업및벤처:5200:SPECIAL_ACCOUNT,102,산업·중소기업및에너지,창업및벤처,5200,2022,SPECIAL_ACCOUNT,벤처기업활성화지원,MODERATE_OR_CONTEXT_REVIEW,PERFORMANCE_BELOW_TARGET;PROGRAM_STRUCTURE_CONTEXT,60000000000,0.3181818181818182,0.3333333333333333,0.0,0.0,0.35658914728682173,execution_focus,0.10232558139534884,0.09848484848484848,157,157.0,157,0.32173913043478264,36,36.0,36,0.14634146341463417,"{""budget_performance_mismatch"": 0.2, ""execution_management"": 0.5, ""fiscal_impact"": 0.1, ""performance_gap"": 0.2}"
075:2022:보건:보건의료:3000:FUND,075,보건,보건의료,3000,2022,FUND,보건산업육성,MODERATE_OR_CONTEXT_REVIEW,PERFORMANCE_BELOW_TARGET,51930000000,0.37142857142857144,0.5,0.0,0.0,0.3023255813953488,execution_focus,0.13023255813953488,0.13714285714285715,131,131.0,131,0.4347826086956522,53,53.0,53,0.35,"{""budget_performance_mismatch"": 0.2, ""execution_management"": 0.5, ""fiscal_impact"": 0.1, ""performance_gap"": 0.2}"
075:2022:보건:보건의료:3000:SPECIAL_ACCOUNT,075,보건,보건의료,3000,2022,SPECIAL_ACCOUNT,보건산업육성,MODERATE_OR_CONTEXT_REVIEW,PERFORMANCE_BELOW_TARGET,82761000000,0.4,0.5,0.0,0.0,0.4573643410852713,execution_focus,0.14573643410852713,0.14,116,116.0,116,0.5,51,51.0,51,0.375,"{""budget_performance_mismatch"": 0.2, ""execution_management"": 0.5, ""fiscal_impact"": 0.1, ""performance_gap"": 0.2}"
075:2022:사회복지:아동·보육:3100:GENERAL_ACCOUNT,075,사회복지,아동·보육,3100,2022,GENERAL_ACCOUNT,보육지원강화,MODERATE_OR_CONTEXT_REVIEW,EXECUTION_MANAGEMENT,5818712000000,0.8857142857142857,0.0,0.0004846433368759272,0.0,0.9457364341085271,execution_focus,0.09481596507929069,0.08881375023986654,169,169.0,169,0.26956521739130435,66,66.0,66,0.1875,"{""budget_performance_mismatch"": 0.2, ""execution_management"": 0.5, ""fiscal_impact"": 0.1, ""performance_gap"": 0.2}"
075:2022:사회복지:사회복지일반:2600:GENERAL_ACCOUNT,075,사회복지,사회복지일반,2600,2022,GENERAL_ACCOUNT,사회복지기반조성,MODERATE_OR_CONTEXT_REVIEW,EXECUTION_MANAGEMENT,366803000000,0.6285714285714286,0.0,0.03630831808900145,0.0,0.689922480620155,execution_focus,0.08714640710651624,0.08101130190164359,182,182.0,182,0.21304347826086956,72,72.0,72,0.11250000000000004,"{""budget_performance_mismatch"": 0.2, ""execution_management"": 0.5, ""fiscal_impact"": 0.1, ""performance_gap"": 0.2}"
019:2022:사회복지:노동:4100:FUND,019,사회복지,노동,4100,2022,FUND,산업재해예방,MODERATE_OR_CONTEXT_REVIEW,PERFORMANCE_BELOW_TARGET,1092165000000,0.5625,0.3333333333333333,0.0,0.0,0.8062015503875969,execution_focus,0.14728682170542634,0.12291666666666665,115,115.0,115,0.5043478260869565,22,22.0,22,0.46153846153846156,"{""budget_performance_mismatch"": 0.2, ""execution_management"": 0.5, ""fiscal_impact"": 0.1, ""performance_gap"": 0.2}"
019:2022:사회복지:노동:4100:SPECIAL_ACCOUNT,019,사회복지,노동,4100,2022,SPECIAL_ACCOUNT,산업재해예방,MODERATE_OR_CONTEXT_REVIEW,PERFORMANCE_BELOW_TARGET,90955000000,0.25,0.3333333333333333,0.0,0.0,0.46511627906976744,execution_focus,0.11317829457364341,0.09166666666666667,149,149.0,149,0.35652173913043483,29,29.0,29,0.28205128205128205,"{""budget_performance_mismatch"": 0.2, ""execution_management"": 0.5, ""fiscal_impact"": 0.1, ""performance_gap"": 0.2}"
019:2022:사회복지:노동:4000:FUND,019,사회복지,노동,4000,2022,FUND,산재보험,MODERATE_OR_CONTEXT_REVIEW,PERFORMANCE_BELOW_TARGET;PROGRAM_STRUCTURE_CONTEXT;LOW_PERFORMANCE_BUDGET_INCREASE_T1;LOW_PERFORMANCE_BUDGET_INCREASE_T2,7373606000000,0.9375,0.5,0.0,0.0,0.9534883720930233,execution_focus,0.19534883720930235,0.19375000000000003,83,83.0,83,0.6434782608695653,18,18.0,18,0.5641025641025641,"{""budget_performance_mismatch"": 0.2, ""execution_management"": 0.5, ""fiscal_impact"": 0.1, ""performance_gap"": 0.2}"
102:2022:산업·중소기업및에너지:중소기업및소상공인육성:4100:FUND,102,산업·중소기업및에너지,중소기업및소상공인육성,4100,2022,FUND,소상공인·전통시장지원,MODERATE_OR_CONTEXT_REVIEW,PERFORMANCE_BELOW_TARGET;PROGRAM_STRUCTURE_CONTEXT,47119751000000,1.0,1.0,0.0,0.0,1.0,execution_focus,0.30000000000000004,0.30000000000000004,39,39.0,39,0.8347826086956522,1,1.5,2,0.9878048780487805,"{""budget_performance_mismatch"": 0.2, ""execution_management"": 0.5, ""fiscal_impact"": 0.1, ""performance_gap"": 0.2}"
075:2022:사회복지:아동·보육:1300:GENERAL_ACCOUNT,075,사회복지,아동·보육,1300,2022,GENERAL_ACCOUNT,아동보호 및 복지 강화,MODERATE_OR_CONTEXT_REVIEW,PERFORMANCE_BELOW_TARGET,453361000000,0.6857142857142857,0.5,0.0,0.0,0.7286821705426356,execution_focus,0.17286821705426358,0.1685714285714286,92,92.0,92,0.6043478260869566,45,45.0,45,0.44999999999999996,"{""budget_performance_mismatch"": 0.2, ""execution_management"": 0.5, ""fiscal_impact"": 0.1, ""performance_gap"": 0.2}"
019:2022:사회복지:고용:1400:FUND,019,사회복지,고용,1400,2022,FUND,장애인고용증진,MODERATE_OR_CONTEXT_REVIEW,EXECUTION_MANAGEMENT,697413000000,0.375,0.0,0.003968953833668142,0.0,0.7441860465116279,execution_focus,0.07640308156799686,0.03948447691683407,197,197.0,197,0.14782608695652177,40,40.0,40,0.0,"{""budget_performance_mismatch"": 0.2, ""execution_management"": 0.5, ""fiscal_impact"": 0.1, ""performance_gap"": 0.2}"
075:2022:사회복지:취약계층지원:1500:GENERAL_ACCOUNT,075,사회복지,취약계층지원,1500,2022,GENERAL_ACCOUNT,장애인생활안정 및 재활 지원,MODERATE_OR_CONTEXT_REVIEW,EXECUTION_MANAGEMENT,4064068000000,0.8285714285714286,0.0,3.666277237487168e-05,0.0,0.9224806201550387,execution_focus,0.09226639340169132,0.0828754742433303,173,173.0,173,0.25217391304347825,70,70.0,70,0.13749999999999996,"{""budget_performance_mismatch"": 0.2, ""execution_management"": 0.5, ""fiscal_impact"": 0.1, ""performance_gap"": 0.2}"
162:2022:통신:정보통신:2100:FUND,162,통신,정보통신,2100,2022,FUND,정보통신융합 산업,MODERATE_OR_CONTEXT_REVIEW,PERFORMANCE_BELOW_TARGET,701803000000,0.9107142857142857,0.5,0.0,0.0,0.751937984496124,execution_focus,0.17519379844961241,0.1910714285714286,91,91.0,91,0.6086956521739131,13,13.0,13,0.8208955223880597,"{""budget_performance_mismatch"": 0.2, ""execution_management"": 0.5, ""fiscal_impact"": 0.1, ""performance_gap"": 0.2}"
162:2022:통신:정보통신:2100:GENERAL_ACCOUNT,162,통신,정보통신,2100,2022,GENERAL_ACCOUNT,정보통신융합 산업,MODERATE_OR_CONTEXT_REVIEW,PERFORMANCE_BELOW_TARGET,146843000000,0.7142857142857143,0.5,0.0,0.0,0.5503875968992248,execution_focus,0.15503875968992248,0.17142857142857143,112,112.0,112,0.5173913043478261,19,19.0,19,0.7313432835820896,"{""budget_performance_mismatch"": 0.2, ""execution_management"": 0.5, ""fiscal_impact"": 0.1, ""performance_gap"": 0.2}"
162:2022:통신:정보통신:2100:SPECIAL_ACCOUNT,162,통신,정보통신,2100,2022,SPECIAL_ACCOUNT,정보통신융합 산업,MODERATE_OR_CONTEXT_REVIEW,PERFORMANCE_BELOW_TARGET,25367000000,0.2857142857142857,0.5,0.0,0.0,0.21705426356589147,execution_focus,0.12170542635658915,0.1285714285714286,142,142.0,142,0.3869565217391304,34,34.0,34,0.5074626865671642,"{""budget_performance_mismatch"": 0.2, ""execution_management"": 0.5, ""fiscal_impact"": 0.1, ""performance_gap"": 0.2}"
102:2022:산업·중소기업및에너지:중소기업및소상공인육성:2100:FUND,102,산업·중소기업및에너지,중소기업및소상공인육성,2100,2022,FUND,중소기업기술개발지원,MODERATE_OR_CONTEXT_REVIEW,PERFORMANCE_BELOW_TARGET,10155000000,0.09090909090909091,1.0,0.0,0.0,0.13178294573643412,execution_focus,0.21317829457364343,0.2090909090909091,81,81.0,81,0.6521739130434783,14,14.5,15,0.6707317073170731,"{""budget_performance_mismatch"": 0.2, ""execution_management"": 0.5, ""fiscal_impact"": 0.1, ""performance_gap"": 0.2}"
102:2022:산업·중소기업및에너지:중소기업및소상공인육성:2100:GENERAL_ACCOUNT,102,산업·중소기업및에너지,중소기업및소상공인육성,2100,2022,GENERAL_ACCOUNT,중소기업기술개발지원,MODERATE_OR_CONTEXT_REVIEW,PERFORMANCE_BELOW_TARGET,1598924000000,0.8636363636363636,1.0,0.0,0.0,0.8294573643410853,execution_focus,0.28294573643410853,0.2863636363636364,52,52.0,52,0.7782608695652173,6,6.0,6,0.8780487804878049,"{""budget_performance_mismatch"": 0.2, ""execution_management"": 0.5, ""fiscal_impact"": 0.1, ""performance_gap"": 0.2}"
102:2022:산업·중소기업및에너지:중소기업및소상공인육성:2100:SPECIAL_ACCOUNT,102,산업·중소기업및에너지,중소기업및소상공인육성,2100,2022,SPECIAL_ACCOUNT,중소기업기술개발지원,MODERATE_OR_CONTEXT_REVIEW,PERFORMANCE_BELOW_TARGET,301194800000,0.6363636363636364,1.0,0.0,0.0,0.6666666666666666,execution_focus,0.26666666666666666,0.26363636363636367,62,62.0,62,0.7347826086956522,10,10.0,10,0.7804878048780488,"{""budget_performance_mismatch"": 0.2, ""execution_management"": 0.5, ""fiscal_impact"": 0.1, ""performance_gap"": 0.2}"
102:2022:산업·중소기업및에너지:무역및투자유치:3100:FUND,102,산업·중소기업및에너지,무역및투자유치,3100,2022,FUND,중소기업수출촉진지원,MODERATE_OR_CONTEXT_REVIEW,PERFORMANCE_BELOW_TARGET,36847000000,0.22727272727272727,1.0,0.0,0.0,0.24806201550387597,execution_focus,0.2248062015503876,0.22272727272727275,73,73.0,73,0.6869565217391305,13,13.0,13,0.7073170731707317,"{""budget_performance_mismatch"": 0.2, ""execution_management"": 0.5, ""fiscal_impact"": 0.1, ""performance_gap"": 0.2}"
102:2022:산업·중소기업및에너지:무역및투자유치:3100:GENERAL_ACCOUNT,102,산업·중소기업및에너지,무역및투자유치,3100,2022,GENERAL_ACCOUNT,중소기업수출촉진지원,MODERATE_OR_CONTEXT_REVIEW,PERFORMANCE_BELOW_TARGET,198876000000,0.5909090909090909,1.0,0.0,0.0,0.6124031007751938,execution_focus,0.2612403100775194,0.25909090909090915,68,68.0,68,0.7086956521739131,11,11.0,11,0.7560975609756098,"{""budget_performance_mismatch"": 0.2, ""execution_management"": 0.5, ""fiscal_impact"": 0.1, ""performance_gap"": 0.2}"
102:2022:산업·중소기업및에너지:중소기업및소상공인육성:5400:FUND,102,산업·중소기업및에너지,중소기업및소상공인육성,5400,2022,FUND,중소기업인력지원,MODERATE_OR_CONTEXT_REVIEW,PERFORMANCE_BELOW_TARGET,31605000000,0.18181818181818182,0.5,0.0,0.0,0.23255813953488372,execution_focus,0.12325581395348838,0.1181818181818182,139,139.0,139,0.4,30,30.0,30,0.29268292682926833,"{""budget_performance_mismatch"": 0.2, ""execution_management"": 0.5, ""fiscal_impact"": 0.1, ""performance_gap"": 0.2}"
102:2022:산업·중소기업및에너지:중소기업및소상공인육성:5400:GENERAL_ACCOUNT,102,산업·중소기업및에너지,중소기업및소상공인육성,5400,2022,GENERAL_ACCOUNT,중소기업인력지원,MODERATE_OR_CONTEXT_REVIEW,PERFORMANCE_BELOW_TARGET,394312000000,0.6818181818181818,0.5,0.0,0.0,0.7131782945736435,execution_focus,0.17131782945736435,0.16818181818181815,94,94.0,94,0.5956521739130435,19,19.0,19,0.5609756097560976,"{""budget_performance_mismatch"": 0.2, ""execution_management"": 0.5, ""fiscal_impact"": 0.1, ""performance_gap"": 0.2}"
102:2022:산업·중소기업및에너지:중소기업및소상공인육성:3300:GENERAL_ACCOUNT,102,산업·중소기업및에너지,중소기업및소상공인육성,3300,2022,GENERAL_ACCOUNT,지역중소기업육성,MODERATE_OR_CONTEXT_REVIEW,PERFORMANCE_BELOW_TARGET,18796000000,0.13636363636363635,0.5,0.0,0.0,0.17054263565891473,execution_focus,0.11705426356589148,0.11363636363636365,146,146.0,146,0.3695652173913043,31,31.0,31,0.2682926829268293,"{""budget_performance_mismatch"": 0.2, ""execution_management"": 0.5, ""fiscal_impact"": 0.1, ""performance_gap"": 0.2}"
102:2022:산업·중소기업및에너지:중소기업및소상공인육성:3300:SPECIAL_ACCOUNT,102,산업·중소기업및에너지,중소기업및소상공인육성,3300,2022,SPECIAL_ACCOUNT,지역중소기업육성,MODERATE_OR_CONTEXT_REVIEW,PERFORMANCE_BELOW_TARGET,143217000000,0.5,0.5,0.0,0.0,0.5348837209302325,execution_focus,0.15348837209302327,0.15000000000000002,113,113.0,113,0.5130434782608695,22,22.0,22,0.4878048780487805,"{""budget_performance_mismatch"": 0.2, ""execution_management"": 0.5, ""fiscal_impact"": 0.1, ""performance_gap"": 0.2}"
019:2022:사회복지:고용:1100:GENERAL_ACCOUNT,019,사회복지,고용,1100,2022,GENERAL_ACCOUNT,직업능력개발,MODERATE_OR_CONTEXT_REVIEW,EXECUTION_MANAGEMENT,1035261000000,0.5,0.0,0.5,0.0,0.7984496124031008,execution_focus,0.3298449612403101,0.3,35,35.0,35,0.8521739130434782,12,12.0,12,0.717948717948718,"{""budget_performance_mismatch"": 0.2, ""execution_management"": 0.5, ""fiscal_impact"": 0.1, ""performance_gap"": 0.2}"
102:2022:산업·중소기업및에너지:창업및벤처:5100:FUND,102,산업·중소기업및에너지,창업및벤처,5100,2022,FUND,창업환경조성,MODERATE_OR_CONTEXT_REVIEW,PERFORMANCE_BELOW_TARGET,2829489000000,0.9090909090909091,0.3333333333333333,0.0,0.0,0.8992248062015504,execution_focus,0.15658914728682172,0.1575757575757576,110,110.0,110,0.5260869565217392,21,21.0,21,0.5121951219512195,"{""budget_performance_mismatch"": 0.2, ""execution_management"": 0.5, ""fiscal_impact"": 0.1, ""performance_gap"": 0.2}"
102:2022:산업·중소기업및에너지:창업및벤처:5100:GENERAL_ACCOUNT,102,산업·중소기업및에너지,창업및벤처,5100,2022,GENERAL_ACCOUNT,창업환경조성,MODERATE_OR_CONTEXT_REVIEW,PERFORMANCE_BELOW_TARGET,726637000000,0.7727272727272727,0.3333333333333333,0.0,0.0,0.7596899224806202,execution_focus,0.14263565891472868,0.14393939393939392,124,124.0,124,0.4652173913043478,25,25.0,25,0.41463414634146345,"{""budget_performance_mismatch"": 0.2, ""execution_management"": 0.5, ""fiscal_impact"": 0.1, ""performance_gap"": 0.2}"
102:2022:산업·중소기업및에너지:창업및벤처:5100:SPECIAL_ACCOUNT,102,산업·중소기업및에너지,창업및벤처,5100,2022,SPECIAL_ACCOUNT,창업환경조성,MODERATE_OR_CONTEXT_REVIEW,PERFORMANCE_BELOW_TARGET,62014000000,0.36363636363636365,0.3333333333333333,0.0,0.0,0.37209302325581395,execution_focus,0.10387596899224806,0.10303030303030303,155,155.0,155,0.33043478260869563,33,33.0,33,0.2195121951219512,"{""budget_performance_mismatch"": 0.2, ""execution_management"": 0.5, ""fiscal_impact"": 0.1, ""performance_gap"": 0.2}"
162:2022:문화및관광:문화예술:1100:FUND,162,문화및관광,문화예술,1100,2022,FUND,콘텐츠방송산업 육성,MODERATE_OR_CONTEXT_REVIEW,PERFORMANCE_BELOW_TARGET,190408000000,0.8035714285714286,0.5,0.0,0.0,0.5968992248062015,execution_focus,0.15968992248062017,0.18035714285714288,107,107.0,107,0.5391304347826087,18,18.0,18,0.7462686567164178,"{""budget_performance_mismatch"": 0.2, ""execution_management"": 0.5, ""fiscal_impact"": 0.1, ""performance_gap"": 0.2}"
162:2022:문화및관광:문화예술:1100:GENERAL_ACCOUNT,162,문화및관광,문화예술,1100,2022,GENERAL_ACCOUNT,콘텐츠방송산업 육성,MODERATE_OR_CONTEXT_REVIEW,PERFORMANCE_BELOW_TARGET,82283000000,0.5535714285714286,0.5,0.0,0.0,0.43410852713178294,execution_focus,0.1434108527131783,0.15535714285714286,123,123.0,123,0.4695652173913043,23,23.0,23,0.6716417910447761,"{""budget_performance_mismatch"": 0.2, ""execution_management"": 0.5, ""fiscal_impact"": 0.1, ""performance_gap"": 0.2}"
162:2022:교육:평생·직업교육:4100:GENERAL_ACCOUNT,162,교육,평생·직업교육,4100,2022,GENERAL_ACCOUNT,평생직업교육 체제 구축,MODERATE_OR_CONTEXT_REVIEW,PERFORMANCE_BELOW_TARGET,19364000000,0.23214285714285715,0.5,0.0,0.0,0.17829457364341086,execution_focus,0.1178294573643411,0.12321428571428572,145,145.0,145,0.3739130434782608,35,35.0,35,0.4925373134328358,"{""budget_performance_mismatch"": 0.2, ""execution_management"": 0.5, ""fiscal_impact"": 0.1, ""performance_gap"": 0.2}"
019:2023:사회복지:고용:1200:FUND,019,사회복지,고용,1200,2023,FUND,고용안전망확충,MODERATE_OR_CONTEXT_REVIEW,PERFORMANCE_BELOW_TARGET;PROGRAM_STRUCTURE_CONTEXT,11870315000000,1.0,0.3333333333333333,0.0,0.0,0.9782608695652174,execution_focus,0.1644927536231884,0.16666666666666669,103,103.0,103,0.5565217391304348,19,19.0,19,0.5384615384615384,"{""budget_performance_mismatch"": 0.2, ""execution_management"": 0.5, ""fiscal_impact"": 0.1, ""performance_gap"": 0.2}"
019:2023:사회복지:고용:1300:GENERAL_ACCOUNT,019,사회복지,고용,1300,2023,GENERAL_ACCOUNT,고용평등증진,MODERATE_OR_CONTEXT_REVIEW,PERFORMANCE_BELOW_TARGET;PROGRAM_STRUCTURE_CONTEXT,40333000000,0.15789473684210525,0.25,0.0,0.0,0.2826086956521739,execution_focus,0.0782608695652174,0.06578947368421054,196,196.0,196,0.15217391304347827,36,36.0,36,0.10256410256410253,"{""budget_performance_mismatch"": 0.2, ""execution_management"": 0.5, ""fiscal_impact"": 0.1, ""performance_gap"": 0.2}"
019:2023:사회복지:고용:1300:SPECIAL_ACCOUNT,019,사회복지,고용,1300,2023,SPECIAL_ACCOUNT,고용평등증진,MODERATE_OR_CONTEXT_REVIEW,PERFORMANCE_BELOW_TARGET;PROGRAM_STRUCTURE_CONTEXT,25696000000,0.10526315789473684,0.25,0.0,0.0,0.21739130434782608,execution_focus,0.07173913043478261,0.060526315789473685,202,202.0,202,0.12608695652173918,37,37.0,37,0.07692307692307687,"{""budget_performance_mismatch"": 0.2, ""execution_management"": 0.5, ""fiscal_impact"": 0.1, ""performance_gap"": 0.2}"
162:2023:과학기술:과학기술인력및문화:1700:GENERAL_ACCOUNT,162,과학기술,과학기술인력및문화,1700,2023,GENERAL_ACCOUNT,과학기술인력양성,MODERATE_OR_CONTEXT_REVIEW,PERFORMANCE_BELOW_TARGET,139397000000,0.6896551724137931,0.3333333333333333,0.0,0.0,0.5434782608695652,execution_focus,0.12101449275362319,0.135632183908046,143,143.0,143,0.3826086956521739,32,32.0,32,0.5373134328358209,"{""budget_performance_mismatch"": 0.2, ""execution_management"": 0.5, ""fiscal_impact"": 0.1, ""performance_gap"": 0.2}"
162:2023:교육:고등교육:2200:GENERAL_ACCOUNT,162,교육,고등교육,2200,2023,GENERAL_ACCOUNT,과학기술인력양성,MODERATE_OR_CONTEXT_REVIEW,EXECUTION_MANAGEMENT;GOOD_PERFORMANCE_BUDGET_DECREASE_T1_CONTEXT,191049000000,0.7758620689655172,0.0,0.12789650822563844,0.0,0.5942028985507246,execution_focus,0.12336854396789168,0.14153446100937095,138,138.0,138,0.4043478260869565,31,31.0,31,0.5522388059701493,"{""budget_performance_mismatch"": 0.2, ""execution_management"": 0.5, ""fiscal_impact"": 0.1, ""performance_gap"": 0.2}"
162:2023:과학기술:과학기술인력및문화:1700:SPECIAL_ACCOUNT,162,과학기술,과학기술인력및문화,1700,2023,SPECIAL_ACCOUNT,과학기술인력양성,MODERATE_OR_CONTEXT_REVIEW,PERFORMANCE_BELOW_TARGET,8980000000,0.15517241379310345,0.3333333333333333,0.0,0.0,0.13043478260869565,execution_focus,0.07971014492753623,0.082183908045977,193,193.0,193,0.16521739130434787,49,49.0,49,0.28358208955223885,"{""budget_performance_mismatch"": 0.2, ""execution_management"": 0.5, ""fiscal_impact"": 0.1, ""performance_gap"": 0.2}"
162:2023:통신:방송통신:7000:GENERAL_ACCOUNT,162,통신,방송통신,7000,2023,GENERAL_ACCOUNT,과학기술정보통신부운영지원,MODERATE_OR_CONTEXT_REVIEW,EXECUTION_MANAGEMENT,18942000000,0.2413793103448276,0.0,0.06021011508816387,0.0,0.1956521739130435,execution_focus,0.04967027493538628,0.054242988578564695,217,217.0,217,0.060869565217391286,61,61.0,61,0.10447761194029848,"{""budget_performance_mismatch"": 0.2, ""execution_management"": 0.5, ""fiscal_impact"": 0.1, ""performance_gap"": 0.2}"
162:2023:과학기술:과학기술인력및문화:1800:GENERAL_ACCOUNT,162,과학기술,과학기술인력및문화,1800,2023,GENERAL_ACCOUNT,과학문화창달,MODERATE_OR_CONTEXT_REVIEW,EXECUTION_MANAGEMENT,71642000000,0.5172413793103449,0.0,0.5,0.0,0.427536231884058,execution_focus,0.2927536231884058,0.3017241379310345,44,44.0,44,0.8130434782608695,4,4.0,4,0.9552238805970149,"{""budget_performance_mismatch"": 0.2, ""execution_management"": 0.5, ""fiscal_impact"": 0.1, ""performance_gap"": 0.2}"
162:2023:일반·지방행정:정부자원관리:1900:GENERAL_ACCOUNT,162,일반·지방행정,정부자원관리,1900,2023,GENERAL_ACCOUNT,국가사회정보화,MODERATE_OR_CONTEXT_REVIEW,PERFORMANCE_BELOW_TARGET,202573000000,0.8103448275862069,0.5,0.0,0.0,0.6304347826086957,execution_focus,0.16304347826086957,0.18103448275862066,105,105.0,105,0.5478260869565217,16,16.0,16,0.7761194029850746,"{""budget_performance_mismatch"": 0.2, ""execution_management"": 0.5, ""fiscal_impact"": 0.1, ""performance_gap"": 0.2}"
162:2023:과학기술:과학기술인력및문화:2300:RESPONSIBLE_OPERATION_ACCOUNT,162,과학기술,과학기술인력및문화,2300,2023,RESPONSIBLE_OPERATION_ACCOUNT,국립과천과학관운영,MODERATE_OR_CONTEXT_REVIEW,PERFORMANCE_BELOW_TARGET;PROGRAM_STRUCTURE_CONTEXT;LOW_PERFORMANCE_BUDGET_INCREASE_T1,2994000000,0.08620689655172414,0.3333333333333333,0.0,0.0,0.043478260869565216,execution_focus,0.07101449275362319,0.07528735632183908,203,203.0,203,0.12173913043478257,53,53.0,53,0.22388059701492535,"{""budget_performance_mismatch"": 0.2, ""execution_management"": 0.5, ""fiscal_impact"": 0.1, ""performance_gap"": 0.2}"
075:2023:보건:보건의료:3300:FUND,075,보건,보건의료,3300,2023,FUND,국민건강생활실천,MODERATE_OR_CONTEXT_REVIEW,PERFORMANCE_BELOW_TARGET,385630000000,0.6410256410256411,1.0,0.0,0.0,0.717391304347826,execution_focus,0.2717391304347826,0.2641025641025641,59,59.0,59,0.7478260869565218,33,33.0,33,0.6,"{""budget_performance_mismatch"": 0.2, ""execution_management"": 0.5, ""fiscal_impact"": 0.1, ""performance_gap"": 0.2}"
075:2023:사회복지:공적연금:7400:FUND,075,사회복지,공적연금,7400,2023,FUND,국민연금운영(여유자금운영위탁 등),MODERATE_OR_CONTEXT_REVIEW,EXECUTION_MANAGEMENT;ACCOUNTING_ADJUSTMENT_CONTEXT,340333000000,0.6153846153846154,0.0,0.0843306408723221,0.0,0.7101449275362319,execution_focus,0.11317981318978423,0.10370378197462259,148,148.0,148,0.36086956521739133,59,59.0,59,0.275,"{""budget_performance_mismatch"": 0.2, ""execution_management"": 0.5, ""fiscal_impact"": 0.1, ""performance_gap"": 0.2}"
019:2023:사회복지:노동:3000:GENERAL_ACCOUNT,019,사회복지,노동,3000,2023,GENERAL_ACCOUNT,근로조건보호및복지증진,MODERATE_OR_CONTEXT_REVIEW,EXECUTION_MANAGEMENT,63169000000,0.2631578947368421,0.0,0.14125599582073486,0.0,0.41304347826086957,execution_focus,0.11193234573645439,0.09694378738405163,150,150.0,150,0.3521739130434782,26,26.0,26,0.3589743589743589,"{""budget_performance_mismatch"": 0.2, ""execution_management"": 0.5, ""fiscal_impact"": 0.1, ""performance_gap"": 0.2}"
102:2023:산업·중소기업및에너지:창업및벤처:2400:FUND,102,산업·중소기업및에너지,창업및벤처,2400,2023,FUND,기술금융지원,MODERATE_OR_CONTEXT_REVIEW,EXECUTION_MANAGEMENT;PROGRAM_STRUCTURE_CONTEXT,1368778000000,0.8181818181818182,0.0,0.04817435698119052,0.0,0.8405797101449275,execution_focus,0.10814514950508801,0.10590536030877709,152,152.0,152,0.34347826086956523,32,32.0,32,0.24390243902439024,"{""budget_performance_mismatch"": 0.2, ""execution_management"": 0.5, ""fiscal_impact"": 0.1, ""performance_gap"": 0.2}"
162:2023:과학기술:과학기술연구개발:1200:SPECIAL_ACCOUNT,162,과학기술,과학기술연구개발,1200,2023,SPECIAL_ACCOUNT,기초연구진흥,MODERATE_OR_CONTEXT_REVIEW,EXECUTION_MANAGEMENT;PROGRAM_STRUCTURE_CONTEXT,60000000000,0.43103448275862066,0.0,0.5,0.0,0.38405797101449274,execution_focus,0.28840579710144926,0.29310344827586204,47,47.0,47,0.8,5,5.0,5,0.9402985074626866,"{""budget_performance_mismatch"": 0.2, ""execution_management"": 0.5, ""fiscal_impact"": 0.1, ""performance_gap"": 0.2}"
075:2023:사회복지:노인:2100:GENERAL_ACCOUNT,075,사회복지,노인,2100,2023,GENERAL_ACCOUNT,노인생활안정,MODERATE_OR_CONTEXT_REVIEW,EXECUTION_MANAGEMENT;ACCOUNTING_ADJUSTMENT_CONTEXT;PROGRAM_STRUCTURE_CONTEXT,20178595000000,0.9743589743589743,0.0,0.00020224401153796882,0.0,0.9927536231884058,execution_focus,0.09937648432460956,0.09753701944166641,160,160.0,160,0.30869565217391304,61,61.0,61,0.25,"{""budget_performance_mismatch"": 0.2, ""execution_management"": 0.5, ""fiscal_impact"": 0.1, ""performance_gap"": 0.2}"
075:2023:사회복지:노인:2200:FUND,075,사회복지,노인,2200,2023,FUND,노인의료보장,MODERATE_OR_CONTEXT_REVIEW,PERFORMANCE_BELOW_TARGET;PROGRAM_STRUCTURE_CONTEXT,196461000000,0.48717948717948717,0.3333333333333333,0.0,0.0,0.6086956521739131,execution_focus,0.127536231884058,0.11538461538461539,136,136.0,136,0.4130434782608695,56,56.0,56,0.3125,"{""budget_performance_mismatch"": 0.2, ""execution_management"": 0.5, ""fiscal_impact"": 0.1, ""performance_gap"": 0.2}"
075:2023:사회복지:노인:2200:GENERAL_ACCOUNT,075,사회복지,노인,2200,2023,GENERAL_ACCOUNT,노인의료보장,MODERATE_OR_CONTEXT_REVIEW,PERFORMANCE_BELOW_TARGET;PROGRAM_STRUCTURE_CONTEXT,2245124000000,0.8205128205128205,0.3333333333333333,0.0,0.0,0.9057971014492754,execution_focus,0.1572463768115942,0.1487179487179487,108,108.0,108,0.5347826086956522,50,50.0,50,0.38749999999999996,"{""budget_performance_mismatch"": 0.2, ""execution_management"": 0.5, ""fiscal_impact"": 0.1, ""performance_gap"": 0.2}"
075:2023:사회복지:노인:2200:SPECIAL_ACCOUNT,075,사회복지,노인,2200,2023,SPECIAL_ACCOUNT,노인의료보장,MODERATE_OR_CONTEXT_REVIEW,PERFORMANCE_BELOW_TARGET;PROGRAM_STRUCTURE_CONTEXT,54765000000,0.41025641025641024,0.3333333333333333,0.0,0.0,0.34782608695652173,execution_focus,0.10144927536231885,0.1076923076923077,158,158.0,158,0.31739130434782614,58,58.0,58,0.2875,"{""budget_performance_mismatch"": 0.2, ""execution_management"": 0.5, ""fiscal_impact"": 0.1, ""performance_gap"": 0.2}"
162:2023:과학기술:과학기술연구개발:1100:GENERAL_ACCOUNT,162,과학기술,과학기술연구개발,1100,2023,GENERAL_ACCOUNT,미래유망원천기술개발,MODERATE_OR_CONTEXT_REVIEW,BUDGET_PERFORMANCE_MISMATCH,931362000000,0.9482758620689655,0.0,0.0,0.0355382762019494,0.8043478260869565,execution_focus,0.08754243784908554,0.10193524144728644,181,181.0,181,0.21739130434782605,39,39.0,39,0.4328358208955224,"{""budget_performance_mismatch"": 0.2, ""execution_management"": 0.5, ""fiscal_impact"": 0.1, ""performance_gap"": 0.2}"
102:2023:산업·중소기업및에너지:창업및벤처:5200:GENERAL_ACCOUNT,102,산업·중소기업및에너지,창업및벤처,5200,2023,GENERAL_ACCOUNT,벤처기업활성화지원,MODERATE_OR_CONTEXT_REVIEW,BUDGET_PERFORMANCE_MISMATCH;PROGRAM_STRUCTURE_CONTEXT,26299000000,0.18181818181818182,0.0,0.0,0.049431537320810674,0.2246376811594203,execution_focus,0.032350075580104165,0.02806812564598032,231,231.0,231,0.0,41,41.0,41,0.024390243902439046,"{""budget_performance_mismatch"": 0.2, ""execution_management"": 0.5, ""fiscal_impact"": 0.1, ""performance_gap"": 0.2}"
075:2023:보건:보건의료:3000:FUND,075,보건,보건의료,3000,2023,FUND,보건산업육성,MODERATE_OR_CONTEXT_REVIEW,PERFORMANCE_BELOW_TARGET,27889000000,0.28205128205128205,0.5,0.0,0.0,0.2318840579710145,execution_focus,0.12318840579710146,0.12820512820512822,140,140.0,140,0.3956521739130435,55,55.0,55,0.32499999999999996,"{""budget_performance_mismatch"": 0.2, ""execution_management"": 0.5, ""fiscal_impact"": 0.1, ""performance_gap"": 0.2}"
075:2023:보건:보건의료:3000:GENERAL_ACCOUNT,075,보건,보건의료,3000,2023,GENERAL_ACCOUNT,보건산업육성,MODERATE_OR_CONTEXT_REVIEW,PERFORMANCE_BELOW_TARGET;ACCOUNTING_ADJUSTMENT_CONTEXT,833877000000,0.7435897435897436,0.5,0.0,0.0,0.7898550724637681,execution_focus,0.17898550724637682,0.17435897435897435,89,89.0,89,0.6173913043478261,43,43.0,43,0.475,"{""budget_performance_mismatch"": 0.2, ""execution_management"": 0.5, ""fiscal_impact"": 0.1, ""performance_gap"": 0.2}"
075:2023:보건:보건의료:3000:SPECIAL_ACCOUNT,075,보건,보건의료,3000,2023,SPECIAL_ACCOUNT,보건산업육성,MODERATE_OR_CONTEXT_REVIEW,PERFORMANCE_BELOW_TARGET,51956000000,0.38461538461538464,0.5,0.0,0.0,0.32608695652173914,execution_focus,0.13260869565217392,0.13846153846153847,129,129.0,129,0.4434782608695652,52,52.0,52,0.36250000000000004,"{""budget_performance_mismatch"": 0.2, ""execution_management"": 0.5, ""fiscal_impact"": 0.1, ""performance_gap"": 0.2}"
075:2023:사회복지:사회복지일반:2600:GENERAL_ACCOUNT,075,사회복지,사회복지일반,2600,2023,GENERAL_ACCOUNT,사회복지기반조성,MODERATE_OR_CONTEXT_REVIEW,EXECUTION_MANAGEMENT;ACCOUNTING_ADJUSTMENT_CONTEXT,201741000000,0.5384615384615384,0.0,0.05671132789071136,0.0,0.6231884057971014,execution_focus,0.09067450452506583,0.08220181779150953,177,177.0,177,0.23478260869565215,71,71.0,71,0.125,"{""budget_performance_mismatch"": 0.2, ""execution_management"": 0.5, ""fiscal_impact"": 0.1, ""performance_gap"": 0.2}"
075:2023:사회복지:사회복지일반:2600:SPECIAL_ACCOUNT,075,사회복지,사회복지일반,2600,2023,SPECIAL_ACCOUNT,사회복지기반조성,MODERATE_OR_CONTEXT_REVIEW,BUDGET_PERFORMANCE_MISMATCH,399085000000,0.6666666666666666,0.0,0.0,0.06734154378139995,0.7318840579710145,execution_focus,0.08665671455338145,0.08013497542294666,184,184.0,184,0.20434782608695656,73,73.0,73,0.09999999999999998,"{""budget_performance_mismatch"": 0.2, ""execution_management"": 0.5, ""fiscal_impact"": 0.1, ""performance_gap"": 0.2}"
019:2023:사회복지:노동:4100:GENERAL_ACCOUNT,019,사회복지,노동,4100,2023,GENERAL_ACCOUNT,산업재해예방,MODERATE_OR_CONTEXT_REVIEW,PERFORMANCE_BELOW_TARGET,4629000000,0.05263157894736842,0.3333333333333333,0.0,0.0,0.06521739130434782,execution_focus,0.07318840579710145,0.07192982456140351,201,201.0,201,0.13043478260869568,34,34.0,34,0.15384615384615385,"{""budget_performance_mismatch"": 0.2, ""execution_management"": 0.5, ""fiscal_impact"": 0.1, ""performance_gap"": 0.2}"
019:2023:사회복지:노동:4100:SPECIAL_ACCOUNT,019,사회복지,노동,4100,2023,SPECIAL_ACCOUNT,산업재해예방,MODERATE_OR_CONTEXT_REVIEW,PERFORMANCE_BELOW_TARGET;ACCOUNTING_ADJUSTMENT_CONTEXT,89132000000,0.3684210526315789,0.3333333333333333,0.0,0.0,0.47101449275362317,execution_focus,0.11376811594202899,0.10350877192982455,147,147.0,147,0.3652173913043478,25,25.0,25,0.3846153846153846,"{""budget_performance_mismatch"": 0.2, ""execution_management"": 0.5, ""fiscal_impact"": 0.1, ""performance_gap"": 0.2}"
075:2023:보건:보건의료:4500:GENERAL_ACCOUNT,075,보건,보건의료,4500,2023,GENERAL_ACCOUNT,소록도병원,MODERATE_OR_CONTEXT_REVIEW,EXECUTION_MANAGEMENT;GOOD_PERFORMANCE_BUDGET_DECREASE_T1_CONTEXT,11317000000,0.20512820512820512,0.0,0.5,0.0,0.15217391304347827,execution_focus,0.26521739130434785,0.2705128205128205,64,64.5,65,0.7239130434782608,30,30.0,30,0.6375,"{""budget_performance_mismatch"": 0.2, ""execution_management"": 0.5, ""fiscal_impact"": 0.1, ""performance_gap"": 0.2}"
102:2023:산업·중소기업및에너지:중소기업및소상공인육성:4100:FUND,102,산업·중소기업및에너지,중소기업및소상공인육성,4100,2023,FUND,소상공인·전통시장지원,MODERATE_OR_CONTEXT_REVIEW,PERFORMANCE_BELOW_TARGET;PROGRAM_STRUCTURE_CONTEXT,3895274000000,1.0,1.0,0.0,0.0,0.9420289855072463,execution_focus,0.2942028985507247,0.30000000000000004,43,43.0,43,0.817391304347826,1,1.5,2,0.9878048780487805,"{""budget_performance_mismatch"": 0.2, ""execution_management"": 0.5, ""fiscal_impact"": 0.1, ""performance_gap"": 0.2}"
162:2023:과학기술:과학기술연구개발:1300:GENERAL_ACCOUNT,162,과학기술,과학기술연구개발,1300,2023,GENERAL_ACCOUNT,우주개발진흥,MODERATE_OR_CONTEXT_REVIEW,BUDGET_PERFORMANCE_MISMATCH,424860000000,0.896551724137931,0.0,0.0,0.22537071035164524,0.7391304347826086,execution_focus,0.11898718554858992,0.13472931448412218,144,144.0,144,0.37826086956521743,33,33.0,33,0.5223880597014925,"{""budget_performance_mismatch"": 0.2, ""execution_management"": 0.5, ""fiscal_impact"": 0.1, ""performance_gap"": 0.2}"
162:2023:통신:우정:5300:SPECIAL_ACCOUNT,162,통신,우정,5300,2023,SPECIAL_ACCOUNT,우체국보험,MODERATE_OR_CONTEXT_REVIEW,EXECUTION_MANAGEMENT;GOOD_PERFORMANCE_BUDGET_DECREASE_T1_CONTEXT,295686000000,0.8620689655172413,0.0,0.03975670136563787,0.0,0.6956521739130435,execution_focus,0.08944356807412329,0.10608524723454309,180,180.0,180,0.22173913043478266,38,38.0,38,0.4477611940298507,"{""budget_performance_mismatch"": 0.2, ""execution_management"": 0.5, ""fiscal_impact"": 0.1, ""performance_gap"": 0.2}"
162:2023:과학기술:과학기술연구개발:1400:FUND,162,과학기술,과학기술연구개발,1400,2023,FUND,원자력 진흥,MODERATE_OR_CONTEXT_REVIEW,EXECUTION_MANAGEMENT,146293000000,0.7068965517241379,0.0,0.0563936757056045,0.0,0.5507246376811594,execution_focus,0.0832693016209182,0.09888649302521604,187,187.0,187,0.19130434782608696,40,40.0,40,0.417910447761194,"{""budget_performance_mismatch"": 0.2, ""execution_management"": 0.5, ""fiscal_impact"": 0.1, ""performance_gap"": 0.2}"
075:2023:보건:보건의료:2800:FUND,075,보건,보건의료,2800,2023,FUND,응급의료체계운영지원,MODERATE_OR_CONTEXT_REVIEW,EXECUTION_MANAGEMENT,248941000000,0.5897435897435898,0.0,0.028585086426100963,0.0,0.6594202898550725,execution_focus,0.08023457219855774,0.07326690218740947,191,191.0,191,0.17391304347826086,75,75.0,75,0.07499999999999996,"{""budget_performance_mismatch"": 0.2, ""execution_management"": 0.5, ""fiscal_impact"": 0.1, ""performance_gap"": 0.2}"
075:2023:사회복지:취약계층지원:1500:SPECIAL_ACCOUNT,075,사회복지,취약계층지원,1500,2023,SPECIAL_ACCOUNT,장애인생활안정 및 재활 지원,MODERATE_OR_CONTEXT_REVIEW,PERFORMANCE_BELOW_TARGET,4834000000,0.02564102564102564,0.5,0.0,0.0,0.07971014492753623,execution_focus,0.10797101449275363,0.10256410256410257,153,153.0,153,0.33913043478260874,60,60.0,60,0.26249999999999996,"{""budget_performance_mismatch"": 0.2, ""execution_management"": 0.5, ""fiscal_impact"": 0.1, ""performance_gap"": 0.2}"
162:2023:통신:방송통신:2500:FUND,162,통신,방송통신,2500,2023,FUND,전파활용방송서비스산업,MODERATE_OR_CONTEXT_REVIEW,EXECUTION_MANAGEMENT,48633000000,0.3275862068965517,0.0,0.12090555795447536,0.0,0.2971014492753623,execution_focus,0.09016292390477391,0.09321139966689285,178,178.0,178,0.23043478260869565,43,43.0,43,0.3731343283582089,"{""budget_performance_mismatch"": 0.2, ""execution_management"": 0.5, ""fiscal_impact"": 0.1, ""performance_gap"": 0.2}"
162:2023:통신:방송통신:2500:GENERAL_ACCOUNT,162,통신,방송통신,2500,2023,GENERAL_ACCOUNT,전파활용방송서비스산업,MODERATE_OR_CONTEXT_REVIEW,EXECUTION_MANAGEMENT;ACCOUNTING_ADJUSTMENT_CONTEXT,56759000000,0.3793103448275862,0.0,0.01701932733134833,0.0,0.36231884057971014,execution_focus,0.04474154772364518,0.04644069814843278,225,225.0,225,0.02608695652173909,65,65.0,65,0.04477611940298509,"{""budget_performance_mismatch"": 0.2, ""execution_management"": 0.5, ""fiscal_impact"": 0.1, ""performance_gap"": 0.2}"
162:2023:문화및관광:문화예술:1200:FUND,162,문화및관광,문화예술,1200,2023,FUND,정보통신방송국제협력,MODERATE_OR_CONTEXT_REVIEW,EXECUTION_MANAGEMENT,11954000000,0.20689655172413793,0.0,0.09189392671908984,0.0,0.16666666666666666,execution_focus,0.06261363002621159,0.06663661853195872,210,210.0,210,0.09130434782608698,54,54.0,54,0.20895522388059706,"{""budget_performance_mismatch"": 0.2, ""execution_management"": 0.5, ""fiscal_impact"": 0.1, ""performance_gap"": 0.2}"
162:2023:통신:정보통신:2100:GENERAL_ACCOUNT,162,통신,정보통신,2100,2023,GENERAL_ACCOUNT,정보통신융합산업,MODERATE_OR_CONTEXT_REVIEW,BUDGET_PERFORMANCE_MISMATCH,165554000000,0.7413793103448276,0.0,0.0,0.03324594996194595,0.572463768115942,execution_focus,0.0638955668039834,0.08078712102687197,208,208.0,208,0.09999999999999998,50,50.0,50,0.26865671641791045,"{""budget_performance_mismatch"": 0.2, ""execution_management"": 0.5, ""fiscal_impact"": 0.1, ""performance_gap"": 0.2}"
102:2023:산업·중소기업및에너지:중소기업및소상공인육성:2100:FUND,102,산업·중소기업및에너지,중소기업및소상공인육성,2100,2023,FUND,중소기업기술개발지원,MODERATE_OR_CONTEXT_REVIEW,PERFORMANCE_BELOW_TARGET,10155000000,0.09090909090909091,1.0,0.0,0.0,0.14492753623188406,execution_focus,0.21449275362318843,0.2090909090909091,79,79.0,79,0.6608695652173913,14,14.5,15,0.6707317073170731,"{""budget_performance_mismatch"": 0.2, ""execution_management"": 0.5, ""fiscal_impact"": 0.1, ""performance_gap"": 0.2}"
102:2023:산업·중소기업및에너지:중소기업및소상공인육성:1200:GENERAL_ACCOUNT,102,산업·중소기업및에너지,중소기업및소상공인육성,1200,2023,GENERAL_ACCOUNT,중소기업성장안정지원,MODERATE_OR_CONTEXT_REVIEW,BUDGET_PERFORMANCE_MISMATCH,118700000000,0.45454545454545453,0.0,0.0,0.7051390058972199,0.5144927536231884,execution_focus,0.19247707654176283,0.18648234663398944,85,85.0,85,0.6347826086956522,16,16.0,16,0.6341463414634146,"{""budget_performance_mismatch"": 0.2, ""execution_management"": 0.5, ""fiscal_impact"": 0.1, ""performance_gap"": 0.2}"
102:2023:산업·중소기업및에너지:무역및투자유치:3100:FUND,102,산업·중소기업및에너지,무역및투자유치,3100,2023,FUND,중소기업수출촉진지원,MODERATE_OR_CONTEXT_REVIEW,EXECUTION_MANAGEMENT,50752000000,0.3181818181818182,0.0,0.5,0.0,0.3115942028985507,execution_focus,0.2811594202898551,0.2818181818181818,53,53.0,53,0.7739130434782608,7,7.0,7,0.8536585365853658,"{""budget_performance_mismatch"": 0.2, ""execution_management"": 0.5, ""fiscal_impact"": 0.1, ""performance_gap"": 0.2}"
102:2023:산업·중소기업및에너지:중소기업및소상공인육성:4800:FUND,102,산업·중소기업및에너지,중소기업및소상공인육성,4800,2023,FUND,중소기업육성지원,MODERATE_OR_CONTEXT_REVIEW,PERFORMANCE_BELOW_TARGET,1948000000,0.045454545454545456,0.3333333333333333,0.0,0.0,0.028985507246376812,execution_focus,0.06956521739130435,0.07121212121212121,204,204.0,204,0.11739130434782608,38,38.0,38,0.09756097560975607,"{""budget_performance_mismatch"": 0.2, ""execution_management"": 0.5, ""fiscal_impact"": 0.1, ""performance_gap"": 0.2}"
102:2023:산업·중소기업및에너지:중소기업및소상공인육성:5400:GENERAL_ACCOUNT,102,산업·중소기업및에너지,중소기업및소상공인육성,5400,2023,GENERAL_ACCOUNT,중소기업인력지원,MODERATE_OR_CONTEXT_REVIEW,PERFORMANCE_BELOW_TARGET,327285000000,0.7272727272727273,0.5,0.0,0.0,0.7028985507246377,execution_focus,0.17028985507246377,0.17272727272727273,95,95.0,95,0.5913043478260869,17,17.0,17,0.6097560975609756,"{""budget_performance_mismatch"": 0.2, ""execution_management"": 0.5, ""fiscal_impact"": 0.1, ""performance_gap"": 0.2}"
102:2023:산업·중소기업및에너지:중소기업및소상공인육성:3300:SPECIAL_ACCOUNT,102,산업·중소기업및에너지,중소기업및소상공인육성,3300,2023,SPECIAL_ACCOUNT,지역중소기업육성,MODERATE_OR_CONTEXT_REVIEW,BUDGET_PERFORMANCE_MISMATCH,77979000000,0.4090909090909091,0.0,0.0,0.11591582349093987,0.4492753623188406,execution_focus,0.06811070093007203,0.06409225560727888,206,206.0,206,0.10869565217391308,39,39.0,39,0.07317073170731703,"{""budget_performance_mismatch"": 0.2, ""execution_management"": 0.5, ""fiscal_impact"": 0.1, ""performance_gap"": 0.2}"
102:2023:산업·중소기업및에너지:창업및벤처:5100:FUND,102,산업·중소기업및에너지,창업및벤처,5100,2023,FUND,창업환경조성,MODERATE_OR_CONTEXT_REVIEW,PERFORMANCE_BELOW_TARGET,2860529000000,0.9545454545454546,0.3333333333333333,0.0,0.0,0.9347826086956522,execution_focus,0.16014492753623188,0.1621212121212121,106,106.0,106,0.5434782608695652,20,20.0,20,0.5365853658536586,"{""budget_performance_mismatch"": 0.2, ""execution_management"": 0.5, ""fiscal_impact"": 0.1, ""performance_gap"": 0.2}"
102:2023:산업·중소기업및에너지:창업및벤처:5100:GENERAL_ACCOUNT,102,산업·중소기업및에너지,창업및벤처,5100,2023,GENERAL_ACCOUNT,창업환경조성,MODERATE_OR_CONTEXT_REVIEW,PERFORMANCE_BELOW_TARGET,707120000000,0.7727272727272727,0.3333333333333333,0.0,0.0,0.7753623188405797,execution_focus,0.14420289855072466,0.14393939393939395,121,121.0,121,0.4782608695652174,24,24.0,24,0.4390243902439024,"{""budget_performance_mismatch"": 0.2, ""execution_management"": 0.5, ""fiscal_impact"": 0.1, ""performance_gap"": 0.2}"
102:2023:산업·중소기업및에너지:창업및벤처:5100:SPECIAL_ACCOUNT,102,산업·중소기업및에너지,창업및벤처,5100,2023,SPECIAL_ACCOUNT,창업환경조성,MODERATE_OR_CONTEXT_REVIEW,PERFORMANCE_BELOW_TARGET,152403000000,0.5454545454545454,0.3333333333333333,0.0,0.0,0.5579710144927537,execution_focus,0.12246376811594203,0.12121212121212122,141,141.0,141,0.3913043478260869,29,29.0,29,0.31707317073170727,"{""budget_performance_mismatch"": 0.2, ""execution_management"": 0.5, ""fiscal_impact"": 0.1, ""performance_gap"": 0.2}"
162:2023:통신:방송통신:2400:FUND,162,통신,방송통신,2400,2023,FUND,통신정책지원,MODERATE_OR_CONTEXT_REVIEW,EXECUTION_MANAGEMENT;ACCOUNTING_ADJUSTMENT_CONTEXT;PROGRAM_STRUCTURE_CONTEXT,32881000000,0.29310344827586204,0.0,0.02673276360208023,0.0,0.26811594202898553,execution_focus,0.040177976003938666,0.042676726628626316,228,228.0,228,0.013043478260869601,67,67.0,67,0.014925373134328401,"{""budget_performance_mismatch"": 0.2, ""execution_management"": 0.5, ""fiscal_impact"": 0.1, ""performance_gap"": 0.2}"
162:2024:통신:정보통신:2200:FUND,162,통신,정보통신,2200,2024,FUND,SW산업진흥,MODERATE_OR_CONTEXT_REVIEW,BUDGET_PERFORMANCE_MISMATCH,353937000000,0.8983050847457628,0.0,0.0,0.0015822024823626804,0.7372262773722628,execution_focus,0.07403906823369881,0.09014694897104882,199,199.0,199,0.13913043478260867,44,44.0,44,0.35820895522388063,"{""budget_performance_mismatch"": 0.2, ""execution_management"": 0.5, ""fiscal_impact"": 0.1, ""performance_gap"": 0.2}"
075:2024:보건:건강보험:4900:FUND,075,보건,건강보험,4900,2024,FUND,건강보험제도 운영,MODERATE_OR_CONTEXT_REVIEW,EXECUTION_MANAGEMENT;PROGRAM_STRUCTURE_CONTEXT,1902181000000,0.7948717948717948,0.0,0.5,0.0,0.8759124087591241,execution_focus,0.3375912408759124,0.3294871794871795,34,34.0,34,0.8565217391304347,21,21.0,21,0.75,"{""budget_performance_mismatch"": 0.2, ""execution_management"": 0.5, ""fiscal_impact"": 0.1, ""performance_gap"": 0.2}"
075:2024:보건:건강보험:4900:GENERAL_ACCOUNT,075,보건,건강보험,4900,2024,GENERAL_ACCOUNT,건강보험제도 운영,MODERATE_OR_CONTEXT_REVIEW,EXECUTION_MANAGEMENT;ACCOUNTING_ADJUSTMENT_CONTEXT;PROGRAM_STRUCTURE_CONTEXT,11804813000000,0.9230769230769231,0.0,0.43472171054297937,0.0,0.9708029197080292,execution_focus,0.3144411472422926,0.309668547579182,37,37.0,37,0.8434782608695652,22,22.0,22,0.7375,"{""budget_performance_mismatch"": 0.2, ""execution_management"": 0.5, ""fiscal_impact"": 0.1, ""performance_gap"": 0.2}"
019:2024:사회복지:고용:1200:GENERAL_ACCOUNT,019,사회복지,고용,1200,2024,GENERAL_ACCOUNT,고용안전망확충,MODERATE_OR_CONTEXT_REVIEW,BUDGET_PERFORMANCE_MISMATCH;PROGRAM_STRUCTURE_CONTEXT,1816210000000,0.8421052631578947,0.0,0.0,0.0012493048711327435,0.8686131386861314,execution_focus,0.0871111748428397,0.08446038729001602,183,183.0,183,0.20869565217391306,30,30.0,30,0.2564102564102564,"{""budget_performance_mismatch"": 0.2, ""execution_management"": 0.5, ""fiscal_impact"": 0.1, ""performance_gap"": 0.2}"
162:2024:과학기술:과학기술연구지원:4600:GENERAL_ACCOUNT,162,과학기술,과학기술연구지원,4600,2024,GENERAL_ACCOUNT,공공연구성과활성화,MODERATE_OR_CONTEXT_REVIEW,BUDGET_PERFORMANCE_MISMATCH,63630000000,0.5423728813559322,0.0,0.0,0.023840955524123842,0.43795620437956206,execution_focus,0.04856381154278097,0.05900547924041799,218,218.0,218,0.05652173913043479,58,58.0,58,0.14925373134328357,"{""budget_performance_mismatch"": 0.2, ""execution_management"": 0.5, ""fiscal_impact"": 0.1, ""performance_gap"": 0.2}"
162:2024:과학기술:과학기술연구지원:1600:GENERAL_ACCOUNT,162,과학기술,과학기술연구지원,1600,2024,GENERAL_ACCOUNT,과학기술기반조성,MODERATE_OR_CONTEXT_REVIEW,EXECUTION_MANAGEMENT;PROGRAM_STRUCTURE_CONTEXT,43663000000,0.3559322033898305,0.0,0.38218858072051853,0.0,0.32116788321167883,execution_focus,0.22321107868142714,0.2266875106992423,75,75.0,75,0.6782608695652175,10,10.0,10,0.8656716417910448,"{""budget_performance_mismatch"": 0.2, ""execution_management"": 0.5, ""fiscal_impact"": 0.1, ""performance_gap"": 0.2}"
162:2024:과학기술:과학기술인력및문화:1700:FUND,162,과학기술,과학기술인력및문화,1700,2024,FUND,과학기술인력양성,MODERATE_OR_CONTEXT_REVIEW,EXECUTION_MANAGEMENT,38149000000,0.3220338983050847,0.0,0.02125874859105088,0.0,0.29927007299270075,execution_focus,0.040556381594795514,0.042832764126033915,227,227.0,227,0.017391304347826098,66,66.0,66,0.02985074626865669,"{""budget_performance_mismatch"": 0.2, ""execution_management"": 0.5, ""fiscal_impact"": 0.1, ""performance_gap"": 0.2}"
162:2024:교육:고등교육:2200:GENERAL_ACCOUNT,162,교육,고등교육,2200,2024,GENERAL_ACCOUNT,과학기술인력양성,MODERATE_OR_CONTEXT_REVIEW,EXECUTION_MANAGEMENT,188107000000,0.8135593220338984,0.0,0.1367253743879813,0.0,0.6204379562043796,execution_focus,0.13040648281442863,0.14971861939738051,130,130.0,130,0.4391304347826087,27,27.0,27,0.6119402985074627,"{""budget_performance_mismatch"": 0.2, ""execution_management"": 0.5, ""fiscal_impact"": 0.1, ""performance_gap"": 0.2}"
162:2024:통신:방송통신:7000:GENERAL_ACCOUNT,162,통신,방송통신,7000,2024,GENERAL_ACCOUNT,과학기술정보통신부운영지원,MODERATE_OR_CONTEXT_REVIEW,EXECUTION_MANAGEMENT;ACCOUNTING_ADJUSTMENT_CONTEXT,22184000000,0.288135593220339,0.0,0.043544897223223945,0.0,0.24087591240875914,execution_focus,0.04586003985248789,0.05058600793364588,223,223.0,223,0.034782608695652195,64,64.0,64,0.05970149253731338,"{""budget_performance_mismatch"": 0.2, ""execution_management"": 0.5, ""fiscal_impact"": 0.1, ""performance_gap"": 0.2}"
162:2024:과학기술:과학기술인력및문화:2300:RESPONSIBLE_OPERATION_ACCOUNT,162,과학기술,과학기술인력및문화,2300,2024,RESPONSIBLE_OPERATION_ACCOUNT,국립과천과학관운영,MODERATE_OR_CONTEXT_REVIEW,EXECUTION_MANAGEMENT;ACCOUNTING_ADJUSTMENT_CONTEXT;PROGRAM_STRUCTURE_CONTEXT,3344000000,0.0847457627118644,0.0,0.5,0.0,0.043795620437956206,execution_focus,0.25437956204379564,0.2584745762711864,69,69.0,69,0.7043478260869565,8,8.0,8,0.8955223880597015,"{""budget_performance_mismatch"": 0.2, ""execution_management"": 0.5, ""fiscal_impact"": 0.1, ""performance_gap"": 0.2}"
075:2024:보건:보건의료:3900:RESPONSIBLE_OPERATION_ACCOUNT,075,보건,보건의료,3900,2024,RESPONSIBLE_OPERATION_ACCOUNT,국립부곡병원,MODERATE_OR_CONTEXT_REVIEW,EXECUTION_MANAGEMENT;ACCOUNTING_ADJUSTMENT_CONTEXT;PROGRAM_STRUCTURE_CONTEXT,7700000000,0.1794871794871795,0.0,0.5,0.0,0.13138686131386862,execution_focus,0.26313868613138686,0.26794871794871794,67,67.0,67,0.7130434782608696,31,31.0,31,0.625,"{""budget_performance_mismatch"": 0.2, ""execution_management"": 0.5, ""fiscal_impact"": 0.1, ""performance_gap"": 0.2}"
075:2024:보건:보건의료:3700:RESPONSIBLE_OPERATION_ACCOUNT,075,보건,보건의료,3700,2024,RESPONSIBLE_OPERATION_ACCOUNT,국립정신건강센터,MODERATE_OR_CONTEXT_REVIEW,EXECUTION_MANAGEMENT;PROGRAM_STRUCTURE_CONTEXT,18736000000,0.2564102564102564,0.0,0.5,0.0,0.2116788321167883,execution_focus,0.27116788321167884,0.27564102564102566,60,60.0,60,0.7434782608695651,26,26.0,26,0.6875,"{""budget_performance_mismatch"": 0.2, ""execution_management"": 0.5, ""fiscal_impact"": 0.1, ""performance_gap"": 0.2}"
075:2024:보건:보건의료:3300:FUND,075,보건,보건의료,3300,2024,FUND,국민건강생활실천,MODERATE_OR_CONTEXT_REVIEW,PERFORMANCE_BELOW_TARGET,362739000000,0.717948717948718,1.0,0.0,0.0,0.7445255474452555,execution_focus,0.27445255474452557,0.27179487179487183,58,58.0,58,0.7521739130434782,28,28.0,28,0.6625,"{""budget_performance_mismatch"": 0.2, ""execution_management"": 0.5, ""fiscal_impact"": 0.1, ""performance_gap"": 0.2}"
075:2024:사회복지:공적연금:7400:FUND,075,사회복지,공적연금,7400,2024,FUND,국민연금운영(여유자금운영위탁 등),MODERATE_OR_CONTEXT_REVIEW,EXECUTION_MANAGEMENT;ACCOUNTING_ADJUSTMENT_CONTEXT,349971000000,0.6923076923076923,0.0,0.07779501730143355,0.0,0.7299270072992701,execution_focus,0.11189020938064378,0.108128277881486,151,151.0,151,0.34782608695652173,57,57.0,57,0.30000000000000004,"{""budget_performance_mismatch"": 0.2, ""execution_management"": 0.5, ""fiscal_impact"": 0.1, ""performance_gap"": 0.2}"
019:2024:사회복지:노동:3000:FUND,019,사회복지,노동,3000,2024,FUND,근로조건보호및복지증진,MODERATE_OR_CONTEXT_REVIEW,EXECUTION_MANAGEMENT;ACCOUNTING_ADJUSTMENT_CONTEXT,1024671000000,0.631578947368421,0.0,0.021786505131891114,0.0,0.8248175182481752,execution_focus,0.09337500439076309,0.07405114730278767,172,172.0,172,0.25652173913043474,31,31.0,31,0.23076923076923073,"{""budget_performance_mismatch"": 0.2, ""execution_management"": 0.5, ""fiscal_impact"": 0.1, ""performance_gap"": 0.2}"
019:2024:사회복지:노동:3000:GENERAL_ACCOUNT,019,사회복지,노동,3000,2024,GENERAL_ACCOUNT,근로조건보호및복지증진,MODERATE_OR_CONTEXT_REVIEW,EXECUTION_MANAGEMENT;ACCOUNTING_ADJUSTMENT_CONTEXT,62340000000,0.21052631578947367,0.0,0.10290343278793712,0.0,0.4306569343065693,execution_focus,0.0945174098246255,0.07250434797291594,170,170.0,170,0.26521739130434785,33,33.0,33,0.17948717948717952,"{""budget_performance_mismatch"": 0.2, ""execution_management"": 0.5, ""fiscal_impact"": 0.1, ""performance_gap"": 0.2}"
102:2024:산업·중소기업및에너지:창업및벤처:2400:FUND,102,산업·중소기업및에너지,창업및벤처,2400,2024,FUND,기술금융지원,MODERATE_OR_CONTEXT_REVIEW,EXECUTION_MANAGEMENT;PROGRAM_STRUCTURE_CONTEXT,1594802000000,0.85,0.0,0.03430394494112749,0.0,0.8540145985401459,execution_focus,0.10255343232457834,0.10215197247056375,156,156.0,156,0.32608695652173914,34,34.0,34,0.19512195121951215,"{""budget_performance_mismatch"": 0.2, ""execution_management"": 0.5, ""fiscal_impact"": 0.1, ""performance_gap"": 0.2}"
075:2024:사회복지:기초생활보장:1100:GENERAL_ACCOUNT,075,사회복지,기초생활보장,1100,2024,GENERAL_ACCOUNT,기초생활보장,MODERATE_OR_CONTEXT_REVIEW,EXECUTION_MANAGEMENT;ACCOUNTING_ADJUSTMENT_CONTEXT,17919672000000,0.9487179487179487,0.0,3.9063214996345917e-07,0.0,0.9854014598540146,execution_focus,0.09854034130147644,0.09487199018786985,163,163.0,163,0.29565217391304344,64,64.0,64,0.21250000000000002,"{""budget_performance_mismatch"": 0.2, ""execution_management"": 0.5, ""fiscal_impact"": 0.1, ""performance_gap"": 0.2}"
075:2024:사회복지:노인:2100:GENERAL_ACCOUNT,075,사회복지,노인,2100,2024,GENERAL_ACCOUNT,노인생활안정,MODERATE_OR_CONTEXT_REVIEW,EXECUTION_MANAGEMENT;PROGRAM_STRUCTURE_CONTEXT,22337160000000,0.9743589743589743,0.0,0.0001818046698864135,0.0,0.9927007299270073,execution_focus,0.09936097532764394,0.09752679977084064,161,161.0,161,0.30434782608695654,62,62.0,62,0.23750000000000004,"{""budget_performance_mismatch"": 0.2, ""execution_management"": 0.5, ""fiscal_impact"": 0.1, ""performance_gap"": 0.2}"
075:2024:사회복지:노인:2200:FUND,075,사회복지,노인,2200,2024,FUND,노인의료보장,MODERATE_OR_CONTEXT_REVIEW,EXECUTION_MANAGEMENT;PROGRAM_STRUCTURE_CONTEXT,200322000000,0.5384615384615384,0.0,0.02079901358812312,0.0,0.635036496350365,execution_focus,0.07390315642909806,0.0642456606402154,200,200.0,200,0.13478260869565217,78,78.0,78,0.03749999999999998,"{""budget_performance_mismatch"": 0.2, ""execution_management"": 0.5, ""fiscal_impact"": 0.1, ""performance_gap"": 0.2}"
075:2024:사회복지:노인:2200:SPECIAL_ACCOUNT,075,사회복지,노인,2200,2024,SPECIAL_ACCOUNT,노인의료보장,MODERATE_OR_CONTEXT_REVIEW,BUDGET_PERFORMANCE_MISMATCH;ACCOUNTING_ADJUSTMENT_CONTEXT;PROGRAM_STRUCTURE_CONTEXT,21711000000,0.28205128205128205,0.0,0.0,1.0,0.23357664233576642,execution_focus,0.22335766423357667,0.22820512820512823,74,74.0,74,0.682608695652174,35,35.0,35,0.575,"{""budget_performance_mismatch"": 0.2, ""execution_management"": 0.5, ""fiscal_impact"": 0.1, ""performance_gap"": 0.2}"
162:2024:과학기술:과학기술연구개발:1100:GENERAL_ACCOUNT,162,과학기술,과학기술연구개발,1100,2024,GENERAL_ACCOUNT,미래유망원천기술개발,MODERATE_OR_CONTEXT_REVIEW,BUDGET_PERFORMANCE_MISMATCH;ACCOUNTING_ADJUSTMENT_CONTEXT,912332000000,0.9491525423728814,0.0,0.0,0.0031929166136888763,0.8029197080291971,execution_focus,0.0809305541256575,0.09555383756002592,188,188.0,188,0.18695652173913047,42,42.0,42,0.3880597014925373,"{""budget_performance_mismatch"": 0.2, ""execution_management"": 0.5, ""fiscal_impact"": 0.1, ""performance_gap"": 0.2}"
162:2024:과학기술:과학기술연구개발:1100:SPECIAL_ACCOUNT,162,과학기술,과학기술연구개발,1100,2024,SPECIAL_ACCOUNT,미래유망원천기술개발,MODERATE_OR_CONTEXT_REVIEW,BUDGET_PERFORMANCE_MISMATCH,234200000000,0.8305084745762712,0.0,0.0,0.0012809564474807857,0.6715328467153284,execution_focus,0.067409475961029,0.08330703874712328,207,207.0,207,0.10434782608695647,48,48.0,48,0.29850746268656714,"{""budget_performance_mismatch"": 0.2, ""execution_management"": 0.5, ""fiscal_impact"": 0.1, ""performance_gap"": 0.2}"
102:2024:산업·중소기업및에너지:창업및벤처:5200:GENERAL_ACCOUNT,102,산업·중소기업및에너지,창업및벤처,5200,2024,GENERAL_ACCOUNT,벤처기업활성화지원,MODERATE_OR_CONTEXT_REVIEW,BUDGET_PERFORMANCE_MISMATCH;PROGRAM_STRUCTURE_CONTEXT,9846000000,0.1,0.0,0.0,0.08947796059313427,0.145985401459854,execution_focus,0.03249413226461226,0.02789559211862686,230,230.0,230,0.004347826086956497,42,42.0,42,0.0,"{""budget_performance_mismatch"": 0.2, ""execution_management"": 0.5, ""fiscal_impact"": 0.1, ""performance_gap"": 0.2}"
162:2024:과학기술:과학기술연구개발:1500:GENERAL_ACCOUNT,162,과학기술,과학기술연구개발,1500,2024,GENERAL_ACCOUNT,사회문제해결,MODERATE_OR_CONTEXT_REVIEW,BUDGET_PERFORMANCE_MISMATCH,19084000000,0.2542372881355932,0.0,0.0,0.06759589184657304,0.21897810218978103,execution_focus,0.03541698858829271,0.03894290718287393,229,229.0,229,0.008695652173912993,68,68.0,68,0.0,"{""budget_performance_mismatch"": 0.2, ""execution_management"": 0.5, ""fiscal_impact"": 0.1, ""performance_gap"": 0.2}"
075:2024:사회복지:사회복지일반:2600:GENERAL_ACCOUNT,075,사회복지,사회복지일반,2600,2024,GENERAL_ACCOUNT,사회복지기반조성,MODERATE_OR_CONTEXT_REVIEW,EXECUTION_MANAGEMENT;ACCOUNTING_ADJUSTMENT_CONTEXT,199538000000,0.5128205128205128,0.0,0.026481171506179273,0.0,0.6277372262773723,execution_focus,0.07601430838082686,0.06452263703514091,198,198.0,198,0.14347826086956517,77,77.0,77,0.050000000000000044,"{""budget_performance_mismatch"": 0.2, ""execution_management"": 0.5, ""fiscal_impact"": 0.1, ""performance_gap"": 0.2}"
019:2024:사회복지:노동:4000:FUND,019,사회복지,노동,4000,2024,FUND,산재보험,MODERATE_OR_CONTEXT_REVIEW,EXECUTION_MANAGEMENT;ACCOUNTING_ADJUSTMENT_CONTEXT;PROGRAM_STRUCTURE_CONTEXT,8100653000000,0.9473684210526315,0.0,0.0004334835722502865,0.0,0.9635036496350365,execution_focus,0.0965671067496288,0.0949535838913883,167,167.0,167,0.27826086956521734,28,28.0,28,0.3076923076923077,"{""budget_performance_mismatch"": 0.2, ""execution_management"": 0.5, ""fiscal_impact"": 0.1, ""performance_gap"": 0.2}"
102:2024:산업·중소기업및에너지:중소기업및소상공인육성:4100:FUND,102,산업·중소기업및에너지,중소기업및소상공인육성,4100,2024,FUND,소상공인·전통시장지원,MODERATE_OR_CONTEXT_REVIEW,BUDGET_PERFORMANCE_MISMATCH;ACCOUNTING_ADJUSTMENT_CONTEXT;PROGRAM_STRUCTURE_CONTEXT,4918197000000,1.0,0.0,0.0,0.00047680074628974803,0.9416058394160584,execution_focus,0.0942559440908638,0.10009536014925796,171,171.0,171,0.26086956521739135,35,35.0,35,0.1707317073170732,"{""budget_performance_mismatch"": 0.2, ""execution_management"": 0.5, ""fiscal_impact"": 0.1, ""performance_gap"": 0.2}"
102:2024:산업·중소기업및에너지:중소기업및소상공인육성:4100:SPECIAL_ACCOUNT,102,산업·중소기업및에너지,중소기업및소상공인육성,4100,2024,SPECIAL_ACCOUNT,소상공인·전통시장지원,MODERATE_OR_CONTEXT_REVIEW,EXECUTION_MANAGEMENT;PROGRAM_STRUCTURE_CONTEXT,26046000000,0.2,0.0,0.04565000383936113,0.0,0.24817518248175183,execution_focus,0.04764252016785575,0.04282500191968057,222,222.0,222,0.03913043478260869,40,40.0,40,0.04878048780487809,"{""budget_performance_mismatch"": 0.2, ""execution_management"": 0.5, ""fiscal_impact"": 0.1, ""performance_gap"": 0.2}"
162:2024:통신:우정:5300:SPECIAL_ACCOUNT,162,통신,우정,5300,2024,SPECIAL_ACCOUNT,우체국보험,MODERATE_OR_CONTEXT_REVIEW,EXECUTION_MANAGEMENT;PROGRAM_STRUCTURE_CONTEXT,292782000000,0.8813559322033898,0.0,0.03996318079663367,0.0,0.708029197080292,execution_focus,0.09078451010634603,0.10811718361865581,176,176.0,176,0.23913043478260865,37,37.0,37,0.4626865671641791,"{""budget_performance_mismatch"": 0.2, ""execution_management"": 0.5, ""fiscal_impact"": 0.1, ""performance_gap"": 0.2}"
162:2024:과학기술:과학기술연구개발:1400:FUND,162,과학기술,과학기술연구개발,1400,2024,FUND,원자력 진흥,MODERATE_OR_CONTEXT_REVIEW,EXECUTION_MANAGEMENT,125611000000,0.711864406779661,0.0,0.049677177954160066,0.0,0.5547445255474452,execution_focus,0.08031304153182456,0.09602502965504614,189,189.0,189,0.18260869565217386,41,41.0,41,0.4029850746268657,"{""budget_performance_mismatch"": 0.2, ""execution_management"": 0.5, ""fiscal_impact"": 0.1, ""performance_gap"": 0.2}"
075:2024:보건:보건의료:2800:FUND,075,보건,보건의료,2800,2024,FUND,응급의료체계운영지원,MODERATE_OR_CONTEXT_REVIEW,EXECUTION_MANAGEMENT,278809000000,0.6410256410256411,0.0,0.02043872328368166,0.0,0.7007299270072993,execution_focus,0.08029235434257076,0.07432192574440494,190,190.0,190,0.17826086956521736,74,74.0,74,0.08750000000000002,"{""budget_performance_mismatch"": 0.2, ""execution_management"": 0.5, ""fiscal_impact"": 0.1, ""performance_gap"": 0.2}"
162:2024:통신:정보통신:2600:FUND,162,통신,정보통신,2600,2024,FUND,인공지능데이터진흥,MODERATE_OR_CONTEXT_REVIEW,EXECUTION_MANAGEMENT;ACCOUNTING_ADJUSTMENT_CONTEXT,260821000000,0.864406779661017,0.0,0.1176860758911284,0.0,0.6934306569343066,execution_focus,0.12818610363899485,0.1452837159116659,134,134.0,134,0.4217391304347826,29,29.0,29,0.582089552238806,"{""budget_performance_mismatch"": 0.2, ""execution_management"": 0.5, ""fiscal_impact"": 0.1, ""performance_gap"": 0.2}"
162:2024:통신:정보통신:2600:GENERAL_ACCOUNT,162,통신,정보통신,2600,2024,GENERAL_ACCOUNT,인공지능데이터진흥,MODERATE_OR_CONTEXT_REVIEW,BUDGET_PERFORMANCE_MISMATCH,235840000000,0.847457627118644,0.0,0.0,0.0020352781546811396,0.6788321167883211,execution_focus,0.06829026730976834,0.08515281834280063,205,205.0,205,0.11304347826086958,46,46.0,46,0.32835820895522383,"{""budget_performance_mismatch"": 0.2, ""execution_management"": 0.5, ""fiscal_impact"": 0.1, ""performance_gap"": 0.2}"
162:2024:통신:정보통신:2000:GENERAL_ACCOUNT,162,통신,정보통신,2000,2024,GENERAL_ACCOUNT,인터넷융합산업,MODERATE_OR_CONTEXT_REVIEW,BUDGET_PERFORMANCE_MISMATCH,87571000000,0.5932203389830508,0.0,0.0,0.013703166573409005,0.4744525547445255,execution_focus,0.05018588878913435,0.06206266721298689,216,216.0,216,0.06521739130434778,57,57.0,57,0.16417910447761197,"{""budget_performance_mismatch"": 0.2, ""execution_management"": 0.5, ""fiscal_impact"": 0.1, ""performance_gap"": 0.2}"
075:2024:사회복지:아동·보육:2500:GENERAL_ACCOUNT,075,사회복지,아동·보육,2500,2024,GENERAL_ACCOUNT,저출산대응및인구정책지원,MODERATE_OR_CONTEXT_REVIEW,EXECUTION_MANAGEMENT;PROGRAM_STRUCTURE_CONTEXT,2559864000000,0.8461538461538461,0.0,0.00016563379929558758,0.0,0.9124087591240876,execution_focus,0.09132369281205656,0.08469820151503242,175,175.0,175,0.24347826086956526,69,69.0,69,0.15000000000000002,"{""budget_performance_mismatch"": 0.2, ""execution_management"": 0.5, ""fiscal_impact"": 0.1, ""performance_gap"": 0.2}"
162:2024:통신:정보통신:2300:GENERAL_ACCOUNT,162,통신,정보통신,2300,2024,GENERAL_ACCOUNT,정보보호및활용,MODERATE_OR_CONTEXT_REVIEW,BUDGET_PERFORMANCE_MISMATCH,127718000000,0.7457627118644068,0.0,0.0,0.004384659953961071,0.5693430656934306,execution_focus,0.05781123856013528,0.07545320317723289,212,212.0,212,0.08260869565217388,52,52.0,52,0.23880597014925375,"{""budget_performance_mismatch"": 0.2, ""execution_management"": 0.5, ""fiscal_impact"": 0.1, ""performance_gap"": 0.2}"
162:2024:문화및관광:문화예술:1200:FUND,162,문화및관광,문화예술,1200,2024,FUND,정보통신방송국제협력,MODERATE_OR_CONTEXT_REVIEW,EXECUTION_MANAGEMENT,15304000000,0.22033898305084745,0.0,0.08759147935180345,0.0,0.1897810218978102,execution_focus,0.06277384186568274,0.06582963798098647,209,209.0,209,0.09565217391304348,55,55.0,55,0.19402985074626866,"{""budget_performance_mismatch"": 0.2, ""execution_management"": 0.5, ""fiscal_impact"": 0.1, ""performance_gap"": 0.2}"
162:2024:문화및관광:문화예술:1600:FUND,162,문화및관광,문화예술,1600,2024,FUND,정보통신방송기반조성,MODERATE_OR_CONTEXT_REVIEW,BUDGET_PERFORMANCE_MISMATCH;ACCOUNTING_ADJUSTMENT_CONTEXT,14763000000,0.2033898305084746,0.0,0.0,0.3409198672356567,0.18248175182481752,execution_focus,0.0864321486296131,0.0885229564979788,185,185.0,185,0.19999999999999996,45,45.0,45,0.34328358208955223,"{""budget_performance_mismatch"": 0.2, ""execution_management"": 0.5, ""fiscal_impact"": 0.1, ""performance_gap"": 0.2}"
162:2024:통신:정보통신:2100:GENERAL_ACCOUNT,162,통신,정보통신,2100,2024,GENERAL_ACCOUNT,정보통신융합산업,MODERATE_OR_CONTEXT_REVIEW,BUDGET_PERFORMANCE_MISMATCH,138052000000,0.7627118644067796,0.0,0.0,0.017239880624692144,0.5766423357664233,execution_focus,0.06111220970158076,0.0797191625656164,211,211.0,211,0.08695652173913049,51,51.0,51,0.25373134328358204,"{""budget_performance_mismatch"": 0.2, ""execution_management"": 0.5, ""fiscal_impact"": 0.1, ""performance_gap"": 0.2}"
102:2024:산업·중소기업및에너지:무역및투자유치:3100:FUND,102,산업·중소기업및에너지,무역및투자유치,3100,2024,FUND,중소기업수출촉진지원,MODERATE_OR_CONTEXT_REVIEW,EXECUTION_MANAGEMENT,45557000000,0.4,0.0,0.5,0.0,0.3357664233576642,execution_focus,0.2835766423357664,0.29,51,51.0,51,0.782608695652174,4,4.0,4,0.926829268292683,"{""budget_performance_mismatch"": 0.2, ""execution_management"": 0.5, ""fiscal_impact"": 0.1, ""performance_gap"": 0.2}"
102:2024:산업·중소기업및에너지:중소기업및소상공인육성:5400:GENERAL_ACCOUNT,102,산업·중소기업및에너지,중소기업및소상공인육성,5400,2024,GENERAL_ACCOUNT,중소기업인력지원,MODERATE_OR_CONTEXT_REVIEW,BUDGET_PERFORMANCE_MISMATCH,231315000000,0.65,0.0,0.0,0.5332079631671098,0.656934306569343,execution_focus,0.17233502329035627,0.17164159263342196,93,93.0,93,0.6,18,18.0,18,0.5853658536585367,"{""budget_performance_mismatch"": 0.2, ""execution_management"": 0.5, ""fiscal_impact"": 0.1, ""performance_gap"": 0.2}"
102:2024:산업·중소기업및에너지:창업및벤처:5100:FUND,102,산업·중소기업및에너지,창업및벤처,5100,2024,FUND,창업환경조성,MODERATE_OR_CONTEXT_REVIEW,PERFORMANCE_BELOW_TARGET,2728640000000,0.95,1.0,0.0,0.0,0.927007299270073,execution_focus,0.2927007299270073,0.29500000000000004,45,45.0,45,0.808695652173913,3,3.0,3,0.9512195121951219,"{""budget_performance_mismatch"": 0.2, ""execution_management"": 0.5, ""fiscal_impact"": 0.1, ""performance_gap"": 0.2}"
102:2024:산업·중소기업및에너지:창업및벤처:5100:GENERAL_ACCOUNT,102,산업·중소기업및에너지,창업및벤처,5100,2024,GENERAL_ACCOUNT,창업환경조성,MODERATE_OR_CONTEXT_REVIEW,PERFORMANCE_BELOW_TARGET,706371000000,0.75,1.0,0.0,0.0,0.7883211678832117,execution_focus,0.2788321167883212,0.275,56,56.0,56,0.7608695652173914,9,9.0,9,0.8048780487804879,"{""budget_performance_mismatch"": 0.2, ""execution_management"": 0.5, ""fiscal_impact"": 0.1, ""performance_gap"": 0.2}"
102:2024:산업·중소기업및에너지:창업및벤처:5100:SPECIAL_ACCOUNT,102,산업·중소기업및에너지,창업및벤처,5100,2024,SPECIAL_ACCOUNT,창업환경조성,MODERATE_OR_CONTEXT_REVIEW,PERFORMANCE_BELOW_TARGET,81886000000,0.45,1.0,0.0,0.0,0.45985401459854014,execution_focus,0.24598540145985404,0.24500000000000002,71,71.0,71,0.6956521739130435,12,12.0,12,0.7317073170731707,"{""budget_performance_mismatch"": 0.2, ""execution_management"": 0.5, ""fiscal_impact"": 0.1, ""performance_gap"": 0.2}"
162:2024:문화및관광:문화예술:1100:GENERAL_ACCOUNT,162,문화및관광,문화예술,1100,2024,GENERAL_ACCOUNT,콘텐츠방송산업육성,MODERATE_OR_CONTEXT_REVIEW,BUDGET_PERFORMANCE_MISMATCH,52385000000,0.4576271186440678,0.0,0.0,0.050033406509496996,0.3795620437956204,execution_focus,0.04796288568146144,0.05576939316630618,220,220.0,220,0.047826086956521685,59,59.0,59,0.13432835820895528,"{""budget_performance_mismatch"": 0.2, ""execution_management"": 0.5, ""fiscal_impact"": 0.1, ""performance_gap"": 0.2}"
162:2024:통신:방송통신:2400:FUND,162,통신,방송통신,2400,2024,FUND,통신정책지원,MODERATE_OR_CONTEXT_REVIEW,EXECUTION_MANAGEMENT,16096000000,0.23728813559322035,0.0,0.054858349900596425,0.0,0.20437956204379562,execution_focus,0.04786713115467778,0.05115798850962025,221,221.0,221,0.04347826086956519,63,63.0,63,0.07462686567164178,"{""budget_performance_mismatch"": 0.2, ""execution_management"": 0.5, ""fiscal_impact"": 0.1, ""performance_gap"": 0.2}"
075:2024:보건:보건의료:3200:GENERAL_ACCOUNT,075,보건,보건의료,3200,2024,GENERAL_ACCOUNT,한의학연구및정책개발,MODERATE_OR_CONTEXT_REVIEW,EXECUTION_MANAGEMENT,48507000000,0.38461538461538464,0.0,0.011183952831550086,0.0,0.35766423357664234,execution_focus,0.04135839977343928,0.04405351487731351,226,226.0,226,0.021739130434782594,81,81.0,81,0.0,"{""budget_performance_mismatch"": 0.2, ""execution_management"": 0.5, ""fiscal_impact"": 0.1, ""performance_gap"": 0.2}"
075:2022:보건:건강보험:4900:GENERAL_ACCOUNT,075,보건,건강보험,4900,2022,GENERAL_ACCOUNT,건강보험제도 운영,MULTIPLE_SIGNAL_REVIEW,PERFORMANCE_BELOW_TARGET;EXECUTION_MANAGEMENT;PROGRAM_STRUCTURE_CONTEXT,10109249000000,0.9142857142857143,0.5,7.418948727051831e-06,0.0,0.9612403100775194,fiscal_impact_adjusted,0.48449760782075324,0.46571576950403115,26,26.0,26,0.8913043478260869,8,8.0,8,0.9125,"{""budget_performance_mismatch"": 0.2, ""execution_management"": 0.2, ""fiscal_impact"": 0.4, ""performance_gap"": 0.2}"
075:2022:보건:보건의료:4100:RESPONSIBLE_OPERATION_ACCOUNT,075,보건,보건의료,4100,2022,RESPONSIBLE_OPERATION_ACCOUNT,국립공주병원,MULTIPLE_SIGNAL_REVIEW,PERFORMANCE_BELOW_TARGET;EXECUTION_MANAGEMENT;PROGRAM_STRUCTURE_CONTEXT;LOW_PERFORMANCE_BUDGET_INCREASE_T1;LOW_PERFORMANCE_BUDGET_INCREASE_T2,5622000000,0.05714285714285714,1.0,0.7440412664532194,0.0,0.07751937984496124,fiscal_impact_adjusted,0.3798160052286284,0.37166539614778676,74,74.0,74,0.682608695652174,31,31.0,31,0.625,"{""budget_performance_mismatch"": 0.2, ""execution_management"": 0.2, ""fiscal_impact"": 0.4, ""performance_gap"": 0.2}"
075:2022:보건:보건의료:3800:RESPONSIBLE_OPERATION_ACCOUNT,075,보건,보건의료,3800,2022,RESPONSIBLE_OPERATION_ACCOUNT,국립나주병원,MULTIPLE_SIGNAL_REVIEW,PERFORMANCE_BELOW_TARGET;EXECUTION_MANAGEMENT;PROGRAM_STRUCTURE_CONTEXT;LOW_PERFORMANCE_BUDGET_INCREASE_T1;LOW_PERFORMANCE_BUDGET_INCREASE_T2,7193000000,0.08571428571428572,1.0,0.7318226053107187,0.0,0.09302325581395349,fiscal_impact_adjusted,0.38357382338772517,0.3806502353478581,72,72.0,72,0.691304347826087,27,27.0,27,0.675,"{""budget_performance_mismatch"": 0.2, ""execution_management"": 0.2, ""fiscal_impact"": 0.4, ""performance_gap"": 0.2}"
075:2022:보건:보건의료:4000:RESPONSIBLE_OPERATION_ACCOUNT,075,보건,보건의료,4000,2022,RESPONSIBLE_OPERATION_ACCOUNT,국립춘천병원,MULTIPLE_SIGNAL_REVIEW,PERFORMANCE_BELOW_TARGET;EXECUTION_MANAGEMENT;PROGRAM_STRUCTURE_CONTEXT;LOW_PERFORMANCE_BUDGET_INCREASE_T1;LOW_PERFORMANCE_BUDGET_INCREASE_T2,5324000000,0.02857142857142857,1.0,1.0,0.0,0.06976744186046512,fiscal_impact_adjusted,0.4279069767441861,0.4114285714285715,49,49.0,49,0.7913043478260869,17,17.0,17,0.8,"{""budget_performance_mismatch"": 0.2, ""execution_management"": 0.2, ""fiscal_impact"": 0.4, ""performance_gap"": 0.2}"
075:2022:보건:보건의료:3300:GENERAL_ACCOUNT,075,보건,보건의료,3300,2022,GENERAL_ACCOUNT,국민건강생활실천,MULTIPLE_SIGNAL_REVIEW,PERFORMANCE_BELOW_TARGET;EXECUTION_MANAGEMENT,179703000000,0.45714285714285713,0.5,0.11708207431150287,0.0,0.5658914728682171,fiscal_impact_adjusted,0.34977300400958744,0.3062735577194434,93,93.0,93,0.6,47,47.0,47,0.42500000000000004,"{""budget_performance_mismatch"": 0.2, ""execution_management"": 0.2, ""fiscal_impact"": 0.4, ""performance_gap"": 0.2}"
075:2022:사회복지:취약계층지원:1900:GENERAL_ACCOUNT,075,사회복지,취약계층지원,1900,2022,GENERAL_ACCOUNT,노숙인의사상자지원,MULTIPLE_SIGNAL_REVIEW,PERFORMANCE_BELOW_TARGET;EXECUTION_MANAGEMENT,7812000000,0.14285714285714285,0.5,1.0,0.0,0.10852713178294573,fiscal_impact_adjusted,0.34341085271317834,0.3571428571428572,101,101.0,101,0.5652173913043479,34,34.0,34,0.5875,"{""budget_performance_mismatch"": 0.2, ""execution_management"": 0.2, ""fiscal_impact"": 0.4, ""performance_gap"": 0.2}"
075:2022:보건:보건의료:3000:GENERAL_ACCOUNT,075,보건,보건의료,3000,2022,GENERAL_ACCOUNT,보건산업육성,MULTIPLE_SIGNAL_REVIEW,PERFORMANCE_BELOW_TARGET;EXECUTION_MANAGEMENT,872066500000,0.7142857142857143,0.5,0.5,0.0,0.7751937984496124,fiscal_impact_adjusted,0.510077519379845,0.48571428571428577,21,21.0,21,0.9130434782608696,6,6.0,6,0.9375,"{""budget_performance_mismatch"": 0.2, ""execution_management"": 0.2, ""fiscal_impact"": 0.4, ""performance_gap"": 0.2}"
075:2022:보건:보건의료:2800:FUND,075,보건,보건의료,2800,2022,FUND,응급의료체계운영지원,MULTIPLE_SIGNAL_REVIEW,PERFORMANCE_BELOW_TARGET;EXECUTION_MANAGEMENT,291787800000,0.5428571428571428,0.5,0.010055252481426571,0.0,0.6511627906976745,fiscal_impact_adjusted,0.36247616677535516,0.3191539076391425,87,87.0,87,0.6260869565217391,43,43.0,43,0.475,"{""budget_performance_mismatch"": 0.2, ""execution_management"": 0.2, ""fiscal_impact"": 0.4, ""performance_gap"": 0.2}"
075:2022:사회복지:아동·보육:2500:FUND,075,사회복지,아동·보육,2500,2022,FUND,저출산대응및인구정책 지원,MULTIPLE_SIGNAL_REVIEW,PERFORMANCE_BELOW_TARGET;EXECUTION_MANAGEMENT;PROGRAM_STRUCTURE_CONTEXT,20934000000,0.22857142857142856,0.5,0.3024505588993981,0.0,0.1937984496124031,fiscal_impact_adjusted,0.23800949162484086,0.251918683208451,163,163.0,163,0.29565217391304344,61,61.0,61,0.25,"{""budget_performance_mismatch"": 0.2, ""execution_management"": 0.2, ""fiscal_impact"": 0.4, ""performance_gap"": 0.2}"
075:2022:사회복지:아동·보육:2500:GENERAL_ACCOUNT,075,사회복지,아동·보육,2500,2022,GENERAL_ACCOUNT,저출산대응및인구정책 지원,MULTIPLE_SIGNAL_REVIEW,PERFORMANCE_BELOW_TARGET;EXECUTION_MANAGEMENT;PROGRAM_STRUCTURE_CONTEXT,2784322000000,0.8,0.5,0.0010463947776155201,0.0,0.8914728682170543,fiscal_impact_adjusted,0.45679842624234485,0.4202092789555232,40,40.0,40,0.8304347826086956,15,15.0,15,0.825,"{""budget_performance_mismatch"": 0.2, ""execution_management"": 0.2, ""fiscal_impact"": 0.4, ""performance_gap"": 0.2}"
075:2023:보건:건강보험:4900:FUND,075,보건,건강보험,4900,2023,FUND,건강보험제도 운영,MULTIPLE_SIGNAL_REVIEW,PERFORMANCE_BELOW_TARGET;EXECUTION_MANAGEMENT;PROGRAM_STRUCTURE_CONTEXT,1820839000000,0.7948717948717948,0.5,0.5,0.0,0.8623188405797102,fiscal_impact_adjusted,0.5449275362318842,0.517948717948718,13,13.0,13,0.9478260869565217,4,4.0,4,0.9625,"{""budget_performance_mismatch"": 0.2, ""execution_management"": 0.2, ""fiscal_impact"": 0.4, ""performance_gap"": 0.2}"
075:2023:보건:건강보험:4900:GENERAL_ACCOUNT,075,보건,건강보험,4900,2023,GENERAL_ACCOUNT,건강보험제도 운영,MULTIPLE_SIGNAL_REVIEW,PERFORMANCE_BELOW_TARGET;EXECUTION_MANAGEMENT;ACCOUNTING_ADJUSTMENT_CONTEXT;PROGRAM_STRUCTURE_CONTEXT,10589360000000,0.9230769230769231,0.5,0.43200948876985956,0.0,0.9710144927536232,fiscal_impact_adjusted,0.5748076948554213,0.5556326669847412,9,9.0,9,0.9652173913043478,2,2.0,2,0.9875,"{""budget_performance_mismatch"": 0.2, ""execution_management"": 0.2, ""fiscal_impact"": 0.4, ""performance_gap"": 0.2}"
019:2023:사회복지:고용:1200:GENERAL_ACCOUNT,019,사회복지,고용,1200,2023,GENERAL_ACCOUNT,고용안전망확충,MULTIPLE_SIGNAL_REVIEW,PERFORMANCE_BELOW_TARGET;EXECUTION_MANAGEMENT;BUDGET_PERFORMANCE_MISMATCH;PROGRAM_STRUCTURE_CONTEXT,2342583000000,0.8421052631578947,0.3333333333333333,1.0,0.0017029634951390552,0.9130434782608695,fiscal_impact_adjusted,0.6322246506700423,0.6038493646288523,3,3.0,3,0.991304347826087,2,2.0,2,0.9743589743589743,"{""budget_performance_mismatch"": 0.2, ""execution_management"": 0.2, ""fiscal_impact"": 0.4, ""performance_gap"": 0.2}"
019:2023:사회복지:고용:1000:FUND,019,사회복지,고용,1000,2023,FUND,고용창출,MULTIPLE_SIGNAL_REVIEW,PERFORMANCE_BELOW_TARGET;EXECUTION_MANAGEMENT;BUDGET_PERFORMANCE_MISMATCH;ACCOUNTING_ADJUSTMENT_CONTEXT,913800000000,0.5263157894736842,0.25,1.0,0.30732353906762966,0.7971014492753623,fiscal_impact_adjusted,0.6303052875236709,0.5219910236029996,4,4.0,4,0.9869565217391304,6,6.0,6,0.8717948717948718,"{""budget_performance_mismatch"": 0.2, ""execution_management"": 0.2, ""fiscal_impact"": 0.4, ""performance_gap"": 0.2}"
019:2023:사회복지:고용:1000:GENERAL_ACCOUNT,019,사회복지,고용,1000,2023,GENERAL_ACCOUNT,고용창출,MULTIPLE_SIGNAL_REVIEW,PERFORMANCE_BELOW_TARGET;EXECUTION_MANAGEMENT;BUDGET_PERFORMANCE_MISMATCH,1952025000000,0.7894736842105263,0.25,0.5,0.16705882352941176,0.8768115942028986,fiscal_impact_adjusted,0.5341364023870419,0.49920123839009295,15,15.0,15,0.9391304347826087,7,7.0,7,0.8461538461538461,"{""budget_performance_mismatch"": 0.2, ""execution_management"": 0.2, ""fiscal_impact"": 0.4, ""performance_gap"": 0.2}"
019:2023:사회복지:고용:1000:SPECIAL_ACCOUNT,019,사회복지,고용,1000,2023,SPECIAL_ACCOUNT,고용창출,MULTIPLE_SIGNAL_REVIEW,PERFORMANCE_BELOW_TARGET;BUDGET_PERFORMANCE_MISMATCH,255818000000,0.42105263157894735,0.25,0.0,0.14414935618291128,0.6666666666666666,fiscal_impact_adjusted,0.3454965379032489,0.2472509238681612,100,100.0,100,0.5695652173913044,28,28.0,28,0.3076923076923077,"{""budget_performance_mismatch"": 0.2, ""execution_management"": 0.2, ""fiscal_impact"": 0.4, ""performance_gap"": 0.2}"
019:2023:사회복지:고용:1300:FUND,019,사회복지,고용,1300,2023,FUND,고용평등증진,MULTIPLE_SIGNAL_REVIEW,PERFORMANCE_BELOW_TARGET;BUDGET_PERFORMANCE_MISMATCH;PROGRAM_STRUCTURE_CONTEXT,2715275000000,0.8947368421052632,0.25,0.0,0.008816970656747474,0.927536231884058,fiscal_impact_adjusted,0.4227778868849727,0.40965813097345477,52,52.0,52,0.7782608695652173,13,13.0,13,0.6923076923076923,"{""budget_performance_mismatch"": 0.2, ""execution_management"": 0.2, ""fiscal_impact"": 0.4, ""performance_gap"": 0.2}"
075:2023:보건:보건의료:2700:GENERAL_ACCOUNT,075,보건,보건의료,2700,2023,GENERAL_ACCOUNT,공공보건의료확충,MULTIPLE_SIGNAL_REVIEW,EXECUTION_MANAGEMENT;BUDGET_PERFORMANCE_MISMATCH;ACCOUNTING_ADJUSTMENT_CONTEXT,1108174000000,0.7692307692307693,0.0,0.0017456644895115748,0.04428817135215228,0.8188405797101449,fiscal_impact_adjusted,0.3367429990523908,0.3168990748606405,105,105.0,105,0.5478260869565217,44,44.0,44,0.4625,"{""budget_performance_mismatch"": 0.2, ""execution_management"": 0.2, ""fiscal_impact"": 0.4, ""performance_gap"": 0.2}"
162:2023:과학기술:과학기술연구지원:1600:GENERAL_ACCOUNT,162,과학기술,과학기술연구지원,1600,2023,GENERAL_ACCOUNT,과학기술기반조성,MULTIPLE_SIGNAL_REVIEW,PERFORMANCE_BELOW_TARGET;EXECUTION_MANAGEMENT;PROGRAM_STRUCTURE_CONTEXT,63956000000,0.5,0.5,1.0,0.0,0.42028985507246375,fiscal_impact_adjusted,0.46811594202898554,0.5,34,34.0,34,0.8565217391304347,3,3.0,3,0.9701492537313433,"{""budget_performance_mismatch"": 0.2, ""execution_management"": 0.2, ""fiscal_impact"": 0.4, ""performance_gap"": 0.2}"
162:2023:과학기술:과학기술인력및문화:1700:FUND,162,과학기술,과학기술인력및문화,1700,2023,FUND,과학기술인력양성,MULTIPLE_SIGNAL_REVIEW,PERFORMANCE_BELOW_TARGET;EXECUTION_MANAGEMENT,41481000000,0.3103448275862069,0.3333333333333333,0.0210096188616475,0.0,0.2898550724637681,fiscal_impact_adjusted,0.18681061942450344,0.19500652147347897,191,191.0,191,0.17391304347826086,46,46.0,46,0.32835820895522383,"{""budget_performance_mismatch"": 0.2, ""execution_management"": 0.2, ""fiscal_impact"": 0.4, ""performance_gap"": 0.2}"
075:2023:보건:보건의료:4100:RESPONSIBLE_OPERATION_ACCOUNT,075,보건,보건의료,4100,2023,RESPONSIBLE_OPERATION_ACCOUNT,국립공주병원,MULTIPLE_SIGNAL_REVIEW,PERFORMANCE_BELOW_TARGET;EXECUTION_MANAGEMENT;PROGRAM_STRUCTURE_CONTEXT;LOW_PERFORMANCE_BUDGET_INCREASE_T1,5872000000,0.07692307692307693,1.0,0.5,0.0,0.09420289855072464,fiscal_impact_adjusted,0.3376811594202899,0.3307692307692308,104,104.0,104,0.5521739130434782,42,42.0,42,0.48750000000000004,"{""budget_performance_mismatch"": 0.2, ""execution_management"": 0.2, ""fiscal_impact"": 0.4, ""performance_gap"": 0.2}"
075:2023:보건:보건의료:3800:RESPONSIBLE_OPERATION_ACCOUNT,075,보건,보건의료,3800,2023,RESPONSIBLE_OPERATION_ACCOUNT,국립나주병원,MULTIPLE_SIGNAL_REVIEW,PERFORMANCE_BELOW_TARGET;EXECUTION_MANAGEMENT;BUDGET_PERFORMANCE_MISMATCH;PROGRAM_STRUCTURE_CONTEXT;LOW_PERFORMANCE_BUDGET_INCREASE_T1,7306000000,0.1282051282051282,0.5,0.7340542020257322,0.07966055297016152,0.10869565217391304,fiscal_impact_adjusted,0.30622121186874396,0.31402500228123004,121,121.0,121,0.4782608695652174,45,45.0,45,0.44999999999999996,"{""budget_performance_mismatch"": 0.2, ""execution_management"": 0.2, ""fiscal_impact"": 0.4, ""performance_gap"": 0.2}"
075:2023:사회복지:취약계층지원:1800:RESPONSIBLE_OPERATION_ACCOUNT,075,사회복지,취약계층지원,1800,2023,RESPONSIBLE_OPERATION_ACCOUNT,국립재활원,MULTIPLE_SIGNAL_REVIEW,PERFORMANCE_BELOW_TARGET;EXECUTION_MANAGEMENT;BUDGET_PERFORMANCE_MISMATCH,32119000000,0.3333333333333333,0.5,0.5,0.07263613437529189,0.2608695652173913,fiscal_impact_adjusted,0.3188750529620149,0.34786056020839173,114,114.0,114,0.508695652173913,37,37.0,37,0.55,"{""budget_performance_mismatch"": 0.2, ""execution_management"": 0.2, ""fiscal_impact"": 0.4, ""performance_gap"": 0.2}"
075:2023:보건:보건의료:3700:RESPONSIBLE_OPERATION_ACCOUNT,075,보건,보건의료,3700,2023,RESPONSIBLE_OPERATION_ACCOUNT,국립정신건강센터,MULTIPLE_SIGNAL_REVIEW,PERFORMANCE_BELOW_TARGET;EXECUTION_MANAGEMENT;BUDGET_PERFORMANCE_MISMATCH;PROGRAM_STRUCTURE_CONTEXT;LOW_PERFORMANCE_BUDGET_INCREASE_T1,17756000000,0.23076923076923078,0.5,0.5,0.010559810768191034,0.18115942028985507,fiscal_impact_adjusted,0.27457573026958026,0.29441965446133056,139,139.0,139,0.4,48,48.0,48,0.4125,"{""budget_performance_mismatch"": 0.2, ""execution_management"": 0.2, ""fiscal_impact"": 0.4, ""performance_gap"": 0.2}"
162:2023:과학기술:과학기술인력및문화:2200:RESPONSIBLE_OPERATION_ACCOUNT,162,과학기술,과학기술인력및문화,2200,2023,RESPONSIBLE_OPERATION_ACCOUNT,국립중앙과학관운영,MULTIPLE_SIGNAL_REVIEW,PERFORMANCE_BELOW_TARGET;EXECUTION_MANAGEMENT;LOW_PERFORMANCE_BUDGET_INCREASE_T1,11718000000,0.1896551724137931,0.3333333333333333,0.11648745519713262,0.0,0.15942028985507245,fiscal_impact_adjusted,0.15373227364812217,0.16582622667161043,201,201.0,201,0.13043478260869568,53,53.0,53,0.22388059701492535,"{""budget_performance_mismatch"": 0.2, ""execution_management"": 0.2, ""fiscal_impact"": 0.4, ""performance_gap"": 0.2}"
075:2023:보건:보건의료:4000:RESPONSIBLE_OPERATION_ACCOUNT,075,보건,보건의료,4000,2023,RESPONSIBLE_OPERATION_ACCOUNT,국립춘천병원,MULTIPLE_SIGNAL_REVIEW,PERFORMANCE_BELOW_TARGET;EXECUTION_MANAGEMENT;BUDGET_PERFORMANCE_MISMATCH;LOW_PERFORMANCE_BUDGET_INCREASE_T1,5694000000,0.05128205128205128,1.0,1.0,0.21742184755883387,0.08695652173913043,fiscal_impact_adjusted,0.478266978207419,0.4639971900245873,31,31.0,31,0.8695652173913043,9,9.0,9,0.9,"{""budget_performance_mismatch"": 0.2, ""execution_management"": 0.2, ""fiscal_impact"": 0.4, ""performance_gap"": 0.2}"
075:2023:보건:보건의료:3300:GENERAL_ACCOUNT,075,보건,보건의료,3300,2023,GENERAL_ACCOUNT,국민건강생활실천,MULTIPLE_SIGNAL_REVIEW,PERFORMANCE_BELOW_TARGET;EXECUTION_MANAGEMENT;ACCOUNTING_ADJUSTMENT_CONTEXT,172081000000,0.46153846153846156,1.0,0.07345378048709619,0.0,0.5869565217391305,fiscal_impact_adjusted,0.44947336479307143,0.39930614071280385,43,43.0,43,0.817391304347826,19,19.0,19,0.775,"{""budget_performance_mismatch"": 0.2, ""execution_management"": 0.2, ""fiscal_impact"": 0.4, ""performance_gap"": 0.2}"
019:2023:사회복지:노동:3000:FUND,019,사회복지,노동,3000,2023,FUND,근로조건보호및복지증진,MULTIPLE_SIGNAL_REVIEW,EXECUTION_MANAGEMENT;BUDGET_PERFORMANCE_MISMATCH;ACCOUNTING_ADJUSTMENT_CONTEXT,1029040000000,0.5789473684210527,0.0,0.015183083262069502,0.00539531990981886,0.8115942028985508,fiscal_impact_adjusted,0.328753361793798,0.23569462800279875,111,111.0,111,0.5217391304347826,29,29.0,29,0.28205128205128205,"{""budget_performance_mismatch"": 0.2, ""execution_management"": 0.2, ""fiscal_impact"": 0.4, ""performance_gap"": 0.2}"
075:2023:사회복지:기초생활보장:1100:GENERAL_ACCOUNT,075,사회복지,기초생활보장,1100,2023,GENERAL_ACCOUNT,기초생활보장,MULTIPLE_SIGNAL_REVIEW,PERFORMANCE_BELOW_TARGET;EXECUTION_MANAGEMENT;BUDGET_PERFORMANCE_MISMATCH;LOW_PERFORMANCE_BUDGET_INCREASE_T1,16405912000000,0.9487179487179487,1.0,1.2190727342679882e-07,0.013875851583258523,0.9855072463768116,fiscal_impact_adjusted,0.5969780932488311,0.5822623741852859,6,6.0,6,0.9782608695652174,1,1.0,1,1.0,"{""budget_performance_mismatch"": 0.2, ""execution_management"": 0.2, ""fiscal_impact"": 0.4, ""performance_gap"": 0.2}"
075:2023:사회복지:아동·보육:3100:GENERAL_ACCOUNT,075,사회복지,아동·보육,3100,2023,GENERAL_ACCOUNT,보육지원강화,MULTIPLE_SIGNAL_REVIEW,PERFORMANCE_BELOW_TARGET;EXECUTION_MANAGEMENT;BUDGET_PERFORMANCE_MISMATCH;LOW_PERFORMANCE_BUDGET_INCREASE_T1,6678017000000,0.8974358974358975,0.5,0.0003485316075116311,0.12140235641808039,0.9565217391304348,fiscal_impact_adjusted,0.5069588732572923,0.4833245365794774,22,22.0,22,0.908695652173913,7,7.0,7,0.925,"{""budget_performance_mismatch"": 0.2, ""execution_management"": 0.2, ""fiscal_impact"": 0.4, ""performance_gap"": 0.2}"
019:2023:사회복지:노동:4100:FUND,019,사회복지,노동,4100,2023,FUND,산업재해예방,MULTIPLE_SIGNAL_REVIEW,PERFORMANCE_BELOW_TARGET;BUDGET_PERFORMANCE_MISMATCH,1198698000000,0.6842105263157895,0.3333333333333333,0.0,0.0024590569656966696,0.8333333333333334,fiscal_impact_adjusted,0.4004918113931394,0.3408426885861218,58,58.0,58,0.7521739130434782,20,20.0,20,0.5128205128205128,"{""budget_performance_mismatch"": 0.2, ""execution_management"": 0.2, ""fiscal_impact"": 0.4, ""performance_gap"": 0.2}"
019:2023:사회복지:노동:4000:FUND,019,사회복지,노동,4000,2023,FUND,산재보험,MULTIPLE_SIGNAL_REVIEW,EXECUTION_MANAGEMENT;BUDGET_PERFORMANCE_MISMATCH;ACCOUNTING_ADJUSTMENT_CONTEXT;PROGRAM_STRUCTURE_CONTEXT,8015070000000,0.9473684210526315,0.0,0.0011050433745432042,0.004046252871153963,0.9637681159420289,fiscal_impact_adjusted,0.386537505625951,0.37997762767019205,67,67.0,67,0.7130434782608696,15,15.0,15,0.641025641025641,"{""budget_performance_mismatch"": 0.2, ""execution_management"": 0.2, ""fiscal_impact"": 0.4, ""performance_gap"": 0.2}"
162:2023:통신:우정:5100:SPECIAL_ACCOUNT,162,통신,우정,5100,2023,SPECIAL_ACCOUNT,우정서비스,MULTIPLE_SIGNAL_REVIEW,PERFORMANCE_BELOW_TARGET;EXECUTION_MANAGEMENT;BUDGET_PERFORMANCE_MISMATCH;ACCOUNTING_ADJUSTMENT_CONTEXT,1982736000000,0.9827586206896551,0.5,0.092414219543096,0.05734575858813276,0.8840579710144928,fiscal_impact_adjusted,0.4835751840320429,0.5230554439021078,27,27.0,27,0.8869565217391304,2,2.0,2,0.9850746268656716,"{""budget_performance_mismatch"": 0.2, ""execution_management"": 0.2, ""fiscal_impact"": 0.4, ""performance_gap"": 0.2}"
162:2023:과학기술:과학기술연구개발:1400:GENERAL_ACCOUNT,162,과학기술,과학기술연구개발,1400,2023,GENERAL_ACCOUNT,원자력 진흥,MULTIPLE_SIGNAL_REVIEW,EXECUTION_MANAGEMENT;BUDGET_PERFORMANCE_MISMATCH,62661000000,0.46551724137931033,0.0,0.003989722474904645,0.03191777979923716,0.39855072463768115,fiscal_impact_adjusted,0.16660179030990085,0.19338839700655253,196,196.0,196,0.15217391304347827,47,47.0,47,0.31343283582089554,"{""budget_performance_mismatch"": 0.2, ""execution_management"": 0.2, ""fiscal_impact"": 0.4, ""performance_gap"": 0.2}"
162:2023:통신:정보통신:2600:FUND,162,통신,정보통신,2600,2023,FUND,인공지능데이터진흥,MULTIPLE_SIGNAL_REVIEW,EXECUTION_MANAGEMENT;BUDGET_PERFORMANCE_MISMATCH;ACCOUNTING_ADJUSTMENT_CONTEXT,598257000000,0.9310344827586207,0.0,0.08887066929429994,0.06263528884743513,0.7608695652173914,fiscal_impact_adjusted,0.33464901771530353,0.4027149847317953,106,106.0,106,0.5434782608695652,13,13.0,13,0.8208955223880597,"{""budget_performance_mismatch"": 0.2, ""execution_management"": 0.2, ""fiscal_impact"": 0.4, ""performance_gap"": 0.2}"
162:2023:통신:정보통신:2000:FUND,162,통신,정보통신,2000,2023,FUND,인터넷융합산업,MULTIPLE_SIGNAL_REVIEW,PERFORMANCE_BELOW_TARGET;BUDGET_PERFORMANCE_MISMATCH,159344000000,0.7241379310344828,0.5,0.0,0.04079224821769254,0.5652173913043478,fiscal_impact_adjusted,0.33424540616527765,0.3978136220573316,108,108.0,108,0.5347826086956522,14,14.0,14,0.8059701492537313,"{""budget_performance_mismatch"": 0.2, ""execution_management"": 0.2, ""fiscal_impact"": 0.4, ""performance_gap"": 0.2}"
162:2023:통신:정보통신:2000:GENERAL_ACCOUNT,162,통신,정보통신,2000,2023,GENERAL_ACCOUNT,인터넷융합산업,MULTIPLE_SIGNAL_REVIEW,PERFORMANCE_BELOW_TARGET;BUDGET_PERFORMANCE_MISMATCH,100556000000,0.6206896551724138,0.5,0.0,0.03977882970683003,0.4927536231884058,fiscal_impact_adjusted,0.30505721521672835,0.3562316280103316,122,122.0,122,0.4739130434782609,23,23.0,23,0.6716417910447761,"{""budget_performance_mismatch"": 0.2, ""execution_management"": 0.2, ""fiscal_impact"": 0.4, ""performance_gap"": 0.2}"
162:2023:통신:정보통신:2000:SPECIAL_ACCOUNT,162,통신,정보통신,2000,2023,SPECIAL_ACCOUNT,인터넷융합산업,MULTIPLE_SIGNAL_REVIEW,PERFORMANCE_BELOW_TARGET;BUDGET_PERFORMANCE_MISMATCH,75094000000,0.5344827586206896,0.5,0.0,0.059259061975657175,0.43478260869565216,fiscal_impact_adjusted,0.2857648558733923,0.32564491584340727,132,132.0,132,0.4304347826086956,30,30.0,30,0.5671641791044777,"{""budget_performance_mismatch"": 0.2, ""execution_management"": 0.2, ""fiscal_impact"": 0.4, ""performance_gap"": 0.2}"
019:2023:사회복지:고용:1400:FUND,019,사회복지,고용,1400,2023,FUND,장애인고용증진,MULTIPLE_SIGNAL_REVIEW,EXECUTION_MANAGEMENT;BUDGET_PERFORMANCE_MISMATCH;ACCOUNTING_ADJUSTMENT_CONTEXT,793474000000,0.47368421052631576,0.0,0.0028999059830567856,0.0003831253450018526,0.782608695652174,fiscal_impact_adjusted,0.3137000845264813,0.19013029047613803,116,116.0,116,0.5,31,31.0,31,0.23076923076923073,"{""budget_performance_mismatch"": 0.2, ""execution_management"": 0.2, ""fiscal_impact"": 0.4, ""performance_gap"": 0.2}"
075:2023:사회복지:취약계층지원:1500:FUND,075,사회복지,취약계층지원,1500,2023,FUND,장애인생활안정 및 재활 지원,MULTIPLE_SIGNAL_REVIEW,PERFORMANCE_BELOW_TARGET;BUDGET_PERFORMANCE_MISMATCH,7224000000,0.10256410256410256,0.5,0.0,0.2768549280177187,0.10144927536231885,fiscal_impact_adjusted,0.1959506957484713,0.19639662662918478,183,183.0,183,0.20869565217391306,74,74.0,74,0.08750000000000002,"{""budget_performance_mismatch"": 0.2, ""execution_management"": 0.2, ""fiscal_impact"": 0.4, ""performance_gap"": 0.2}"
075:2023:사회복지:취약계층지원:1500:GENERAL_ACCOUNT,075,사회복지,취약계층지원,1500,2023,GENERAL_ACCOUNT,장애인생활안정 및 재활 지원,MULTIPLE_SIGNAL_REVIEW,PERFORMANCE_BELOW_TARGET;BUDGET_PERFORMANCE_MISMATCH;ACCOUNTING_ADJUSTMENT_CONTEXT,4532450000000,0.8717948717948718,0.5,0.0,6.905757371840837e-05,0.9492753623188406,fiscal_impact_adjusted,0.47972395644227994,0.44873176023269246,30,30.0,30,0.8739130434782609,12,12.0,12,0.8625,"{""budget_performance_mismatch"": 0.2, ""execution_management"": 0.2, ""fiscal_impact"": 0.4, ""performance_gap"": 0.2}"
075:2023:사회복지:아동·보육:2500:FUND,075,사회복지,아동·보육,2500,2023,FUND,저출산대응및인구정책지원,MULTIPLE_SIGNAL_REVIEW,PERFORMANCE_BELOW_TARGET;EXECUTION_MANAGEMENT;PROGRAM_STRUCTURE_CONTEXT,19906000000,0.2564102564102564,1.0,0.33648146287551495,0.0,0.2028985507246377,fiscal_impact_adjusted,0.3484557128649581,0.36986039513920554,95,95.0,95,0.5913043478260869,32,32.0,32,0.6125,"{""budget_performance_mismatch"": 0.2, ""execution_management"": 0.2, ""fiscal_impact"": 0.4, ""performance_gap"": 0.2}"
075:2023:사회복지:아동·보육:2500:GENERAL_ACCOUNT,075,사회복지,아동·보육,2500,2023,GENERAL_ACCOUNT,저출산대응및인구정책지원,MULTIPLE_SIGNAL_REVIEW,PERFORMANCE_BELOW_TARGET;EXECUTION_MANAGEMENT;PROGRAM_STRUCTURE_CONTEXT,2625301000000,0.8461538461538461,1.0,0.0010497843866284285,0.0,0.9202898550724637,fiscal_impact_adjusted,0.5683258989063112,0.5386714953388643,11,11.0,11,0.9565217391304348,3,3.0,3,0.975,"{""budget_performance_mismatch"": 0.2, ""execution_management"": 0.2, ""fiscal_impact"": 0.4, ""performance_gap"": 0.2}"
162:2023:통신:정보통신:2100:FUND,162,통신,정보통신,2100,2023,FUND,정보통신융합산업,MULTIPLE_SIGNAL_REVIEW,EXECUTION_MANAGEMENT;BUDGET_PERFORMANCE_MISMATCH;ACCOUNTING_ADJUSTMENT_CONTEXT,598251000000,0.9137931034482759,0.0,0.15619781663549245,0.16725254115747404,0.7536231884057971,fiscal_impact_adjusted,0.36613934692091216,0.4302073129379037,85,85.0,85,0.6347826086956522,7,7.0,7,0.9104477611940298,"{""budget_performance_mismatch"": 0.2, ""execution_management"": 0.2, ""fiscal_impact"": 0.4, ""performance_gap"": 0.2}"
102:2023:산업·중소기업및에너지:중소기업및소상공인육성:2100:GENERAL_ACCOUNT,102,산업·중소기업및에너지,중소기업및소상공인육성,2100,2023,GENERAL_ACCOUNT,중소기업기술개발지원,MULTIPLE_SIGNAL_REVIEW,PERFORMANCE_BELOW_TARGET;BUDGET_PERFORMANCE_MISMATCH,1481056000000,0.8636363636363636,1.0,0.0,0.0038708867186656006,0.855072463768116,fiscal_impact_adjusted,0.5428031628509795,0.5462287227982785,14,14.0,14,0.9434782608695652,4,4.0,4,0.926829268292683,"{""budget_performance_mismatch"": 0.2, ""execution_management"": 0.2, ""fiscal_impact"": 0.4, ""performance_gap"": 0.2}"
102:2023:산업·중소기업및에너지:중소기업및소상공인육성:2100:SPECIAL_ACCOUNT,102,산업·중소기업및에너지,중소기업및소상공인육성,2100,2023,SPECIAL_ACCOUNT,중소기업기술개발지원,MULTIPLE_SIGNAL_REVIEW,PERFORMANCE_BELOW_TARGET;BUDGET_PERFORMANCE_MISMATCH,271720000000,0.6363636363636364,1.0,0.0,0.05712866185779479,0.6739130434782609,fiscal_impact_adjusted,0.48099094976286333,0.46597118691701356,29,29.0,29,0.8782608695652174,7,7.0,7,0.8536585365853658,"{""budget_performance_mismatch"": 0.2, ""execution_management"": 0.2, ""fiscal_impact"": 0.4, ""performance_gap"": 0.2}"
102:2023:산업·중소기업및에너지:중소기업및소상공인육성:4800:GENERAL_ACCOUNT,102,산업·중소기업및에너지,중소기업및소상공인육성,4800,2023,GENERAL_ACCOUNT,중소기업육성지원,MULTIPLE_SIGNAL_REVIEW,PERFORMANCE_BELOW_TARGET;EXECUTION_MANAGEMENT,138899000000,0.5,0.3333333333333333,0.015075702488858811,0.0,0.5362318840579711,fiscal_impact_adjusted,0.2841745607876269,0.26968180716443846,134,134.0,134,0.4217391304347826,26,26.0,26,0.3902439024390244,"{""budget_performance_mismatch"": 0.2, ""execution_management"": 0.2, ""fiscal_impact"": 0.4, ""performance_gap"": 0.2}"
102:2023:산업·중소기업및에너지:중소기업및소상공인육성:5400:FUND,102,산업·중소기업및에너지,중소기업및소상공인육성,5400,2023,FUND,중소기업인력지원,MULTIPLE_SIGNAL_REVIEW,PERFORMANCE_BELOW_TARGET;EXECUTION_MANAGEMENT,53660000000,0.36363636363636365,0.5,0.018775624301155425,0.0,0.34057971014492755,fiscal_impact_adjusted,0.2399870089182021,0.24920967031477656,162,162.0,162,0.30000000000000004,28,28.0,28,0.3414634146341463,"{""budget_performance_mismatch"": 0.2, ""execution_management"": 0.2, ""fiscal_impact"": 0.4, ""performance_gap"": 0.2}"
019:2023:사회복지:고용:1100:FUND,019,사회복지,고용,1100,2023,FUND,직업능력개발,MULTIPLE_SIGNAL_REVIEW,PERFORMANCE_BELOW_TARGET;EXECUTION_MANAGEMENT;ACCOUNTING_ADJUSTMENT_CONTEXT,1894749000000,0.7368421052631579,1.0,0.5,0.0,0.8695652173913043,fiscal_impact_adjusted,0.6478260869565218,0.5947368421052632,1,1.0,1,1.0,4,4.0,4,0.9230769230769231,"{""budget_performance_mismatch"": 0.2, ""execution_management"": 0.2, ""fiscal_impact"": 0.4, ""performance_gap"": 0.2}"
019:2023:사회복지:고용:1100:GENERAL_ACCOUNT,019,사회복지,고용,1100,2023,GENERAL_ACCOUNT,직업능력개발,MULTIPLE_SIGNAL_REVIEW,PERFORMANCE_BELOW_TARGET;EXECUTION_MANAGEMENT,1123902000000,0.631578947368421,1.0,0.010070717909568629,0.0,0.8260869565217391,fiscal_impact_adjusted,0.5324489261906095,0.4546457225292822,16,16.0,16,0.9347826086956522,10,10.0,10,0.7692307692307692,"{""budget_performance_mismatch"": 0.2, ""execution_management"": 0.2, ""fiscal_impact"": 0.4, ""performance_gap"": 0.2}"
019:2023:사회복지:고용:1100:SPECIAL_ACCOUNT,019,사회복지,고용,1100,2023,SPECIAL_ACCOUNT,직업능력개발,MULTIPLE_SIGNAL_REVIEW,PERFORMANCE_BELOW_TARGET;EXECUTION_MANAGEMENT,83600000000,0.3157894736842105,1.0,0.2007476076555024,0.0,0.463768115942029,fiscal_impact_adjusted,0.42565676790791207,0.3664653110047847,51,51.0,51,0.782608695652174,18,18.0,18,0.5641025641025641,"{""budget_performance_mismatch"": 0.2, ""execution_management"": 0.2, ""fiscal_impact"": 0.4, ""performance_gap"": 0.2}"
075:2023:보건:보건의료:3200:GENERAL_ACCOUNT,075,보건,보건의료,3200,2023,GENERAL_ACCOUNT,한의학연구및정책개발,MULTIPLE_SIGNAL_REVIEW,EXECUTION_MANAGEMENT;BUDGET_PERFORMANCE_MISMATCH;ACCOUNTING_ADJUSTMENT_CONTEXT;GOOD_PERFORMANCE_BUDGET_DECREASE_T1_CONTEXT,51805000000,0.358974358974359,0.0,0.010163111668757841,0.08570601293311457,0.3188405797101449,fiscal_impact_adjusted,0.14671005680443244,0.16276356851011808,208,208.0,208,0.09999999999999998,77,77.0,77,0.050000000000000044,"{""budget_performance_mismatch"": 0.2, ""execution_management"": 0.2, ""fiscal_impact"": 0.4, ""performance_gap"": 0.2}"
019:2024:사회복지:고용:1000:FUND,019,사회복지,고용,1000,2024,FUND,고용창출,MULTIPLE_SIGNAL_REVIEW,EXECUTION_MANAGEMENT;BUDGET_PERFORMANCE_MISMATCH;ACCOUNTING_ADJUSTMENT_CONTEXT,338823000000,0.42105263157894735,0.0,0.5,0.48726326134884584,0.7226277372262774,fiscal_impact_adjusted,0.4865037471602801,0.3658737049013481,25,25.0,25,0.8956521739130435,19,19.0,19,0.5384615384615384,"{""budget_performance_mismatch"": 0.2, ""execution_management"": 0.2, ""fiscal_impact"": 0.4, ""performance_gap"": 0.2}"
019:2024:사회복지:고용:1000:GENERAL_ACCOUNT,019,사회복지,고용,1000,2024,GENERAL_ACCOUNT,고용창출,MULTIPLE_SIGNAL_REVIEW,EXECUTION_MANAGEMENT;BUDGET_PERFORMANCE_MISMATCH;ACCOUNTING_ADJUSTMENT_CONTEXT,1531584000000,0.7368421052631579,0.0,0.5,0.10697878797375789,0.8467153284671532,fiscal_impact_adjusted,0.4600818889816129,0.4161325997000147,38,38.0,38,0.8391304347826087,12,12.0,12,0.717948717948718,"{""budget_performance_mismatch"": 0.2, ""execution_management"": 0.2, ""fiscal_impact"": 0.4, ""performance_gap"": 0.2}"
075:2024:보건:보건의료:2700:GENERAL_ACCOUNT,075,보건,보건의료,2700,2024,GENERAL_ACCOUNT,공공보건의료확충,MULTIPLE_SIGNAL_REVIEW,EXECUTION_MANAGEMENT;BUDGET_PERFORMANCE_MISMATCH;ACCOUNTING_ADJUSTMENT_CONTEXT,177230000000,0.48717948717948717,0.0,0.017866614004401062,0.07310274784178751,0.6131386861313869,fiscal_impact_adjusted,0.2634493468217925,0.2130656672410326,145,145.0,145,0.3739130434782608,70,70.0,70,0.13749999999999996,"{""budget_performance_mismatch"": 0.2, ""execution_management"": 0.2, ""fiscal_impact"": 0.4, ""performance_gap"": 0.2}"
075:2024:보건:보건의료:4100:RESPONSIBLE_OPERATION_ACCOUNT,075,보건,보건의료,4100,2024,RESPONSIBLE_OPERATION_ACCOUNT,국립공주병원,MULTIPLE_SIGNAL_REVIEW,PERFORMANCE_BELOW_TARGET;EXECUTION_MANAGEMENT;PROGRAM_STRUCTURE_CONTEXT,5855000000,0.02564102564102564,1.0,1.0,0.0,0.08759124087591241,fiscal_impact_adjusted,0.435036496350365,0.4102564102564103,47,47.0,47,0.8,18,18.0,18,0.7875,"{""budget_performance_mismatch"": 0.2, ""execution_management"": 0.2, ""fiscal_impact"": 0.4, ""performance_gap"": 0.2}"
075:2024:보건:보건의료:3800:RESPONSIBLE_OPERATION_ACCOUNT,075,보건,보건의료,3800,2024,RESPONSIBLE_OPERATION_ACCOUNT,국립나주병원,MULTIPLE_SIGNAL_REVIEW,EXECUTION_MANAGEMENT;BUDGET_PERFORMANCE_MISMATCH;PROGRAM_STRUCTURE_CONTEXT,7044000000,0.1282051282051282,0.0,0.5,0.008375922771152754,0.11678832116788321,fiscal_impact_adjusted,0.14839051302138384,0.15295723583628185,206,206.0,206,0.10869565217391308,79,79.0,79,0.025000000000000022,"{""budget_performance_mismatch"": 0.2, ""execution_management"": 0.2, ""fiscal_impact"": 0.4, ""performance_gap"": 0.2}"
075:2024:사회복지:취약계층지원:1800:RESPONSIBLE_OPERATION_ACCOUNT,075,사회복지,취약계층지원,1800,2024,RESPONSIBLE_OPERATION_ACCOUNT,국립재활원,MULTIPLE_SIGNAL_REVIEW,EXECUTION_MANAGEMENT;BUDGET_PERFORMANCE_MISMATCH,30746000000,0.3333333333333333,0.0,1.0,0.007285500552917453,0.26277372262773724,fiscal_impact_adjusted,0.30656658916167845,0.3347904334439169,119,119.0,119,0.4869565217391304,40,40.0,40,0.5125,"{""budget_performance_mismatch"": 0.2, ""execution_management"": 0.2, ""fiscal_impact"": 0.4, ""performance_gap"": 0.2}"
162:2024:과학기술:과학기술인력및문화:2200:RESPONSIBLE_OPERATION_ACCOUNT,162,과학기술,과학기술인력및문화,2200,2024,RESPONSIBLE_OPERATION_ACCOUNT,국립중앙과학관운영,MULTIPLE_SIGNAL_REVIEW,PERFORMANCE_BELOW_TARGET;EXECUTION_MANAGEMENT,11925000000,0.1864406779661017,1.0,0.5,0.0,0.1678832116788321,fiscal_impact_adjusted,0.3671532846715329,0.3745762711864407,84,84.0,84,0.6391304347826087,19,19.0,19,0.7313432835820896,"{""budget_performance_mismatch"": 0.2, ""execution_management"": 0.2, ""fiscal_impact"": 0.4, ""performance_gap"": 0.2}"
075:2024:보건:보건의료:3300:GENERAL_ACCOUNT,075,보건,보건의료,3300,2024,GENERAL_ACCOUNT,국민건강생활실천,MULTIPLE_SIGNAL_REVIEW,PERFORMANCE_BELOW_TARGET;EXECUTION_MANAGEMENT;ACCOUNTING_ADJUSTMENT_CONTEXT,231439000000,0.5897435897435898,1.0,0.025533725949386233,0.0,0.6642335766423357,fiscal_impact_adjusted,0.47080017584681155,0.4410041810873132,33,33.0,33,0.8608695652173913,13,13.0,13,0.85,"{""budget_performance_mismatch"": 0.2, ""execution_management"": 0.2, ""fiscal_impact"": 0.4, ""performance_gap"": 0.2}"
075:2024:보건:보건의료:4500:GENERAL_ACCOUNT,075,보건,보건의료,4500,2024,GENERAL_ACCOUNT,소록도병원,MULTIPLE_SIGNAL_REVIEW,PERFORMANCE_BELOW_TARGET;EXECUTION_MANAGEMENT,9529000000,0.20512820512820512,1.0,0.5,0.0,0.1386861313868613,fiscal_impact_adjusted,0.3554744525547446,0.3820512820512821,90,90.0,90,0.6130434782608696,26,26.0,26,0.6875,"{""budget_performance_mismatch"": 0.2, ""execution_management"": 0.2, ""fiscal_impact"": 0.4, ""performance_gap"": 0.2}"
162:2024:통신:우정:5100:SPECIAL_ACCOUNT,162,통신,우정,5100,2024,SPECIAL_ACCOUNT,우정서비스,MULTIPLE_SIGNAL_REVIEW,EXECUTION_MANAGEMENT;BUDGET_PERFORMANCE_MISMATCH;ACCOUNTING_ADJUSTMENT_CONTEXT,1957179000000,0.9661016949152542,0.0,0.08081836152952795,0.08217184018426521,0.8832116788321168,fiscal_impact_adjusted,0.3858827118756054,0.41903871830886036,68,68.0,68,0.7086956521739131,10,10.0,10,0.8656716417910448,"{""budget_performance_mismatch"": 0.2, ""execution_management"": 0.2, ""fiscal_impact"": 0.4, ""performance_gap"": 0.2}"
162:2024:과학기술:과학기술연구개발:1400:GENERAL_ACCOUNT,162,과학기술,과학기술연구개발,1400,2024,GENERAL_ACCOUNT,원자력 진흥,MULTIPLE_SIGNAL_REVIEW,EXECUTION_MANAGEMENT;BUDGET_PERFORMANCE_MISMATCH,51780000000,0.423728813559322,0.0,0.014484356894553883,0.010428736964078795,0.36496350364963503,fiscal_impact_adjusted,0.15096802023158057,0.17447414419545534,204,204.0,204,0.11739130434782608,51,51.0,51,0.25373134328358204,"{""budget_performance_mismatch"": 0.2, ""execution_management"": 0.2, ""fiscal_impact"": 0.4, ""performance_gap"": 0.2}"
075:2024:사회복지:취약계층지원:1500:GENERAL_ACCOUNT,075,사회복지,취약계층지원,1500,2024,GENERAL_ACCOUNT,장애인생활안정 및 재활 지원,MULTIPLE_SIGNAL_REVIEW,EXECUTION_MANAGEMENT;BUDGET_PERFORMANCE_MISMATCH;ACCOUNTING_ADJUSTMENT_CONTEXT,5025066000000,0.8717948717948718,0.0,3.8208453381507824e-05,3.2437384902009246e-05,0.948905109489051,fiscal_impact_adjusted,0.3795761729632771,0.34873207788560545,75,75.0,75,0.6782608695652175,36,36.0,36,0.5625,"{""budget_performance_mismatch"": 0.2, ""execution_management"": 0.2, ""fiscal_impact"": 0.4, ""performance_gap"": 0.2}"
162:2024:통신:방송통신:2500:FUND,162,통신,방송통신,2500,2024,FUND,전파활용방송서비스산업,MULTIPLE_SIGNAL_REVIEW,EXECUTION_MANAGEMENT;BUDGET_PERFORMANCE_MISMATCH,21614000000,0.2711864406779661,0.0,0.2671185342833349,0.04770056444896826,0.22627737226277372,fiscal_impact_adjusted,0.15347476865157011,0.17143839601764707,202,202.0,202,0.12608695652173918,52,52.0,52,0.23880597014925375,"{""budget_performance_mismatch"": 0.2, ""execution_management"": 0.2, ""fiscal_impact"": 0.4, ""performance_gap"": 0.2}"
162:2024:통신:방송통신:2500:GENERAL_ACCOUNT,162,통신,방송통신,2500,2024,GENERAL_ACCOUNT,전파활용방송서비스산업,MULTIPLE_SIGNAL_REVIEW,EXECUTION_MANAGEMENT;BUDGET_PERFORMANCE_MISMATCH;ACCOUNTING_ADJUSTMENT_CONTEXT,52205000000,0.4406779661016949,0.0,0.02088880375442965,0.03945982185614405,0.3722627737226277,fiscal_impact_adjusted,0.16097483461116582,0.1883409115627927,199,199.0,199,0.13913043478260867,50,50.0,50,0.26865671641791045,"{""budget_performance_mismatch"": 0.2, ""execution_management"": 0.2, ""fiscal_impact"": 0.4, ""performance_gap"": 0.2}"
162:2024:통신:정보통신:2100:FUND,162,통신,정보통신,2100,2024,FUND,정보통신융합산업,MULTIPLE_SIGNAL_REVIEW,EXECUTION_MANAGEMENT;BUDGET_PERFORMANCE_MISMATCH,519479000000,0.9322033898305084,0.0,0.17707549294581687,0.0034650101351546454,0.7737226277372263,fiscal_impact_adjusted,0.34559715171108485,0.4089894565483977,99,99.0,99,0.5739130434782609,11,11.0,11,0.8507462686567164,"{""budget_performance_mismatch"": 0.2, ""execution_management"": 0.2, ""fiscal_impact"": 0.4, ""performance_gap"": 0.2}"
102:2024:산업·중소기업및에너지:중소기업및소상공인육성:5400:FUND,102,산업·중소기업및에너지,중소기업및소상공인육성,5400,2024,FUND,중소기업인력지원,MULTIPLE_SIGNAL_REVIEW,EXECUTION_MANAGEMENT;BUDGET_PERFORMANCE_MISMATCH,35542000000,0.25,0.0,0.19118226323785945,0.004670530639806427,0.2773722627737226,fiscal_impact_adjusted,0.15011946388502223,0.1391705587755332,205,205.0,205,0.11304347826086958,38,38.0,38,0.09756097560975607,"{""budget_performance_mismatch"": 0.2, ""execution_management"": 0.2, ""fiscal_impact"": 0.4, ""performance_gap"": 0.2}"
019:2024:사회복지:고용:1100:FUND,019,사회복지,고용,1100,2024,FUND,직업능력개발,MULTIPLE_SIGNAL_REVIEW,PERFORMANCE_BELOW_TARGET;EXECUTION_MANAGEMENT;ACCOUNTING_ADJUSTMENT_CONTEXT,1628382000000,0.7894736842105263,1.0,0.5,0.0,0.8613138686131386,fiscal_impact_adjusted,0.6445255474452556,0.6157894736842107,2,2.0,2,0.9956521739130435,1,1.0,1,1.0,"{""budget_performance_mismatch"": 0.2, ""execution_management"": 0.2, ""fiscal_impact"": 0.4, ""performance_gap"": 0.2}"
019:2024:사회복지:고용:1100:GENERAL_ACCOUNT,019,사회복지,고용,1100,2024,GENERAL_ACCOUNT,직업능력개발,MULTIPLE_SIGNAL_REVIEW,PERFORMANCE_BELOW_TARGET;EXECUTION_MANAGEMENT,932436000000,0.5789473684210527,1.0,0.00986341153709209,0.0,0.8102189781021898,fiscal_impact_adjusted,0.5260602735482944,0.4335516296758396,18,18.0,18,0.9260869565217391,11,11.0,11,0.7435897435897436,"{""budget_performance_mismatch"": 0.2, ""execution_management"": 0.2, ""fiscal_impact"": 0.4, ""performance_gap"": 0.2}"
019:2024:사회복지:고용:1100:SPECIAL_ACCOUNT,019,사회복지,고용,1100,2024,SPECIAL_ACCOUNT,직업능력개발,MULTIPLE_SIGNAL_REVIEW,PERFORMANCE_BELOW_TARGET;EXECUTION_MANAGEMENT,411057000000,0.47368421052631576,1.0,0.04922188406960592,0.0,0.7518248175182481,fiscal_impact_adjusted,0.5105743038212205,0.39931806102444756,20,20.0,20,0.9173913043478261,14,14.0,14,0.6666666666666667,"{""budget_performance_mismatch"": 0.2, ""execution_management"": 0.2, ""fiscal_impact"": 0.4, ""performance_gap"": 0.2}"
019:2022:사회복지:고용:1000:FUND,019,사회복지,고용,1000,2022,FUND,고용창출,STRONG_SINGLE_SIGNAL_REVIEW,EXECUTION_MANAGEMENT,2891133000000,0.8125,0.0,1.0,0.0,0.9069767441860465,fiscal_impact_adjusted,0.5627906976744186,0.5249999999999999,12,12.0,12,0.9521739130434783,5,5.0,5,0.8974358974358975,"{""budget_performance_mismatch"": 0.2, ""execution_management"": 0.2, ""fiscal_impact"": 0.4, ""performance_gap"": 0.2}"
075:2022:보건:보건의료:3900:RESPONSIBLE_OPERATION_ACCOUNT,075,보건,보건의료,3900,2022,RESPONSIBLE_OPERATION_ACCOUNT,국립부곡병원,STRONG_SINGLE_SIGNAL_REVIEW,EXECUTION_MANAGEMENT;PROGRAM_STRUCTURE_CONTEXT;GOOD_PERFORMANCE_BUDGET_DECREASE_T2_CONTEXT,7512000000,0.11428571428571428,0.0,1.0,0.0,0.10077519379844961,fiscal_impact_adjusted,0.24031007751937986,0.24571428571428572,161,161.0,161,0.30434782608695654,63,63.0,63,0.22499999999999998,"{""budget_performance_mismatch"": 0.2, ""execution_management"": 0.2, ""fiscal_impact"": 0.4, ""performance_gap"": 0.2}"
075:2022:보건:보건의료:3700:RESPONSIBLE_OPERATION_ACCOUNT,075,보건,보건의료,3700,2022,RESPONSIBLE_OPERATION_ACCOUNT,국립정신건강센터,STRONG_SINGLE_SIGNAL_REVIEW,PERFORMANCE_BELOW_TARGET;PROGRAM_STRUCTURE_CONTEXT;LOW_PERFORMANCE_BUDGET_INCREASE_T1;LOW_PERFORMANCE_BUDGET_INCREASE_T2,16726000000,0.2,1.0,0.0,0.0,0.15503875968992248,fiscal_impact_adjusted,0.262015503875969,0.28,147,147.0,147,0.3652173913043478,51,51.0,51,0.375,"{""budget_performance_mismatch"": 0.2, ""execution_management"": 0.2, ""fiscal_impact"": 0.4, ""performance_gap"": 0.2}"
075:2022:보건:보건의료:4500:GENERAL_ACCOUNT,075,보건,보건의료,4500,2022,GENERAL_ACCOUNT,소록도병원,STRONG_SINGLE_SIGNAL_REVIEW,PERFORMANCE_BELOW_TARGET;LOW_PERFORMANCE_BUDGET_INCREASE_T1,10444000000,0.17142857142857143,1.0,0.0,0.0,0.13953488372093023,fiscal_impact_adjusted,0.2558139534883721,0.26857142857142857,152,152.0,152,0.34347826086956523,52,52.0,52,0.36250000000000004,"{""budget_performance_mismatch"": 0.2, ""execution_management"": 0.2, ""fiscal_impact"": 0.4, ""performance_gap"": 0.2}"
162:2022:통신:우정:5300:SPECIAL_ACCOUNT,162,통신,우정,5300,2022,SPECIAL_ACCOUNT,우체국보험,STRONG_SINGLE_SIGNAL_REVIEW,PERFORMANCE_BELOW_TARGET;LOW_PERFORMANCE_BUDGET_INCREASE_T1,295339000000,0.8571428571428571,1.0,0.0,0.0,0.6589147286821705,fiscal_impact_adjusted,0.4635658914728682,0.5428571428571429,36,36.0,36,0.8478260869565217,1,1.0,1,1.0,"{""budget_performance_mismatch"": 0.2, ""execution_management"": 0.2, ""fiscal_impact"": 0.4, ""performance_gap"": 0.2}"
075:2023:보건:보건의료:3900:RESPONSIBLE_OPERATION_ACCOUNT,075,보건,보건의료,3900,2023,RESPONSIBLE_OPERATION_ACCOUNT,국립부곡병원,STRONG_SINGLE_SIGNAL_REVIEW,EXECUTION_MANAGEMENT;PROGRAM_STRUCTURE_CONTEXT;GOOD_PERFORMANCE_BUDGET_DECREASE_T1_CONTEXT,7677000000,0.15384615384615385,0.0,1.0,0.0,0.11594202898550725,fiscal_impact_adjusted,0.2463768115942029,0.26153846153846155,159,159.0,159,0.31304347826086953,54,54.5,55,0.33125000000000004,"{""budget_performance_mismatch"": 0.2, ""execution_management"": 0.2, ""fiscal_impact"": 0.4, ""performance_gap"": 0.2}"
019:2023:사회복지:노동:2000:GENERAL_ACCOUNT,019,사회복지,노동,2000,2023,GENERAL_ACCOUNT,노사정책,STRONG_SINGLE_SIGNAL_REVIEW,PERFORMANCE_BELOW_TARGET;LOW_PERFORMANCE_BUDGET_INCREASE_T1,53076000000,0.21052631578947367,1.0,0.0,0.0,0.3333333333333333,fiscal_impact_adjusted,0.33333333333333337,0.2842105263157895,109,109.0,109,0.5304347826086957,25,25.0,25,0.3846153846153846,"{""budget_performance_mismatch"": 0.2, ""execution_management"": 0.2, ""fiscal_impact"": 0.4, ""performance_gap"": 0.2}"
075:2023:사회복지:아동·보육:1300:GENERAL_ACCOUNT,075,사회복지,아동·보육,1300,2023,GENERAL_ACCOUNT,아동보호 및 복지 강화,STRONG_SINGLE_SIGNAL_REVIEW,PERFORMANCE_BELOW_TARGET;LOW_PERFORMANCE_BUDGET_INCREASE_T1,237208000000,0.5641025641025641,1.0,0.0,0.0,0.6521739130434783,fiscal_impact_adjusted,0.4608695652173913,0.4256410256410257,37,37.0,37,0.8434782608695652,14,14.0,14,0.8375,"{""budget_performance_mismatch"": 0.2, ""execution_management"": 0.2, ""fiscal_impact"": 0.4, ""performance_gap"": 0.2}"
075:2024:보건:보건의료:4000:RESPONSIBLE_OPERATION_ACCOUNT,075,보건,보건의료,4000,2024,RESPONSIBLE_OPERATION_ACCOUNT,국립춘천병원,STRONG_SINGLE_SIGNAL_REVIEW,EXECUTION_MANAGEMENT,6864000000,0.10256410256410256,0.0,1.0,0.0,0.10948905109489052,fiscal_impact_adjusted,0.24379562043795622,0.24102564102564103,160,160.0,160,0.30869565217391304,65,65.0,65,0.19999999999999996,"{""budget_performance_mismatch"": 0.2, ""execution_management"": 0.2, ""fiscal_impact"": 0.4, ""performance_gap"": 0.2}"
162:2024:과학기술:과학기술연구개발:1200:SPECIAL_ACCOUNT,162,과학기술,과학기술연구개발,1200,2024,SPECIAL_ACCOUNT,기초연구진흥,STRONG_SINGLE_SIGNAL_REVIEW,EXECUTION_MANAGEMENT;PROGRAM_STRUCTURE_CONTEXT,53000000000,0.4745762711864407,0.0,1.0,0.0,0.38686131386861317,fiscal_impact_adjusted,0.3547445255474453,0.3898305084745763,91,91.0,91,0.6086956521739131,15,15.0,15,0.791044776119403,"{""budget_performance_mismatch"": 0.2, ""execution_management"": 0.2, ""fiscal_impact"": 0.4, ""performance_gap"": 0.2}"
075:2024:사회복지:취약계층지원:1900:GENERAL_ACCOUNT,075,사회복지,취약계층지원,1900,2024,GENERAL_ACCOUNT,노숙인의사상자지원,STRONG_SINGLE_SIGNAL_REVIEW,EXECUTION_MANAGEMENT;ACCOUNTING_ADJUSTMENT_CONTEXT,7136000000,0.15384615384615385,0.0,1.0,0.0,0.12408759124087591,fiscal_impact_adjusted,0.24963503649635038,0.26153846153846155,158,158.0,158,0.31739130434782614,54,54.5,55,0.33125000000000004,"{""budget_performance_mismatch"": 0.2, ""execution_management"": 0.2, ""fiscal_impact"": 0.4, ""performance_gap"": 0.2}"
075:2022:보건:건강보험:4900:FUND,075,보건,건강보험,4900,2022,FUND,건강보험제도 운영,MODERATE_OR_CONTEXT_REVIEW,PERFORMANCE_BELOW_TARGET;PROGRAM_STRUCTURE_CONTEXT,1814940000000,0.7428571428571429,0.5,0.0,0.0,0.8449612403100775,fiscal_impact_adjusted,0.437984496124031,0.39714285714285713,46,46.0,46,0.8043478260869565,21,21.0,21,0.75,"{""budget_performance_mismatch"": 0.2, ""execution_management"": 0.2, ""fiscal_impact"": 0.4, ""performance_gap"": 0.2}"
019:2022:사회복지:고용:1200:FUND,019,사회복지,고용,1200,2022,FUND,고용안전망확충,MODERATE_OR_CONTEXT_REVIEW,PERFORMANCE_BELOW_TARGET;PROGRAM_STRUCTURE_CONTEXT,11775073000000,1.0,1.0,0.0,0.0,0.9689922480620154,fiscal_impact_adjusted,0.5875968992248062,0.6,7,7.0,7,0.9739130434782609,3,3.0,3,0.9487179487179487,"{""budget_performance_mismatch"": 0.2, ""execution_management"": 0.2, ""fiscal_impact"": 0.4, ""performance_gap"": 0.2}"
019:2022:사회복지:고용:1000:GENERAL_ACCOUNT,019,사회복지,고용,1000,2022,GENERAL_ACCOUNT,고용창출,MODERATE_OR_CONTEXT_REVIEW,EXECUTION_MANAGEMENT,2206587000000,0.6875,0.0,0.5,0.0,0.875968992248062,fiscal_impact_adjusted,0.4503875968992248,0.375,41,41.0,41,0.8260869565217391,17,17.0,17,0.5897435897435898,"{""budget_performance_mismatch"": 0.2, ""execution_management"": 0.2, ""fiscal_impact"": 0.4, ""performance_gap"": 0.2}"
019:2022:사회복지:고용:1300:FUND,019,사회복지,고용,1300,2022,FUND,고용평등증진,MODERATE_OR_CONTEXT_REVIEW,PERFORMANCE_BELOW_TARGET;PROGRAM_STRUCTURE_CONTEXT,2503235000000,0.75,0.2,0.0,0.0,0.8837209302325582,fiscal_impact_adjusted,0.39348837209302334,0.3400000000000001,63,63.0,63,0.7304347826086957,21,21.0,21,0.4871794871794872,"{""budget_performance_mismatch"": 0.2, ""execution_management"": 0.2, ""fiscal_impact"": 0.4, ""performance_gap"": 0.2}"
019:2022:사회복지:고용:1300:GENERAL_ACCOUNT,019,사회복지,고용,1300,2022,GENERAL_ACCOUNT,고용평등증진,MODERATE_OR_CONTEXT_REVIEW,PERFORMANCE_BELOW_TARGET;PROGRAM_STRUCTURE_CONTEXT,66040000000,0.1875,0.2,0.0,0.0,0.3875968992248062,fiscal_impact_adjusted,0.19503875968992251,0.11500000000000002,184,184.0,184,0.20434782608695656,35,35.0,35,0.1282051282051282,"{""budget_performance_mismatch"": 0.2, ""execution_management"": 0.2, ""fiscal_impact"": 0.4, ""performance_gap"": 0.2}"
075:2022:보건:보건의료:2700:FUND,075,보건,보건의료,2700,2022,FUND,공공보건의료확충,MODERATE_OR_CONTEXT_REVIEW,PERFORMANCE_BELOW_TARGET;PROGRAM_STRUCTURE_CONTEXT,337781000000,0.6,0.5,0.0,0.0,0.6821705426356589,fiscal_impact_adjusted,0.37286821705426354,0.33999999999999997,80,80.0,80,0.6565217391304348,38,38.0,38,0.5375,"{""budget_performance_mismatch"": 0.2, ""execution_management"": 0.2, ""fiscal_impact"": 0.4, ""performance_gap"": 0.2}"
075:2022:보건:보건의료:2700:SPECIAL_ACCOUNT,075,보건,보건의료,2700,2022,SPECIAL_ACCOUNT,공공보건의료확충,MODERATE_OR_CONTEXT_REVIEW,PERFORMANCE_BELOW_TARGET;PROGRAM_STRUCTURE_CONTEXT,48982000000,0.34285714285714286,0.5,0.0,0.0,0.29457364341085274,fiscal_impact_adjusted,0.21782945736434112,0.23714285714285716,174,174.0,174,0.24782608695652175,66,66.0,66,0.1875,"{""budget_performance_mismatch"": 0.2, ""execution_management"": 0.2, ""fiscal_impact"": 0.4, ""performance_gap"": 0.2}"
162:2022:과학기술:과학기술연구지원:1600:GENERAL_ACCOUNT,162,과학기술,과학기술연구지원,1600,2022,GENERAL_ACCOUNT,과학기술기반 조성,MODERATE_OR_CONTEXT_REVIEW,EXECUTION_MANAGEMENT;PROGRAM_STRUCTURE_CONTEXT;GOOD_PERFORMANCE_BUDGET_DECREASE_T2_CONTEXT,54291000000,0.39285714285714285,0.0,0.5,0.0,0.31007751937984496,fiscal_impact_adjusted,0.224031007751938,0.2571428571428571,172,172.0,172,0.25652173913043474,40,40.0,40,0.417910447761194,"{""budget_performance_mismatch"": 0.2, ""execution_management"": 0.2, ""fiscal_impact"": 0.4, ""performance_gap"": 0.2}"
162:2022:과학기술:과학기술인력및문화:1800:GENERAL_ACCOUNT,162,과학기술,과학기술인력및문화,1800,2022,GENERAL_ACCOUNT,과학문화창달,MODERATE_OR_CONTEXT_REVIEW,EXECUTION_MANAGEMENT,66321000000,0.48214285714285715,0.0,0.2113206978181873,0.0,0.3953488372093023,fiscal_impact_adjusted,0.2004036744473584,0.23512128242078034,180,180.0,180,0.22173913043478266,42,42.0,42,0.3880597014925373,"{""budget_performance_mismatch"": 0.2, ""execution_management"": 0.2, ""fiscal_impact"": 0.4, ""performance_gap"": 0.2}"
075:2022:사회복지:취약계층지원:1800:RESPONSIBLE_OPERATION_ACCOUNT,075,사회복지,취약계층지원,1800,2022,RESPONSIBLE_OPERATION_ACCOUNT,국립재활원,MODERATE_OR_CONTEXT_REVIEW,EXECUTION_MANAGEMENT,28671000000,0.2857142857142857,0.0,0.061281434201806706,0.0,0.2248062015503876,fiscal_impact_adjusted,0.10217876746051639,0.1265420011260756,221,221.0,221,0.04347826086956519,80,80.0,80,0.012499999999999956,"{""budget_performance_mismatch"": 0.2, ""execution_management"": 0.2, ""fiscal_impact"": 0.4, ""performance_gap"": 0.2}"
162:2022:과학기술:과학기술인력및문화:2200:RESPONSIBLE_OPERATION_ACCOUNT,162,과학기술,과학기술인력및문화,2200,2022,RESPONSIBLE_OPERATION_ACCOUNT,국립중앙과학관 운영,MODERATE_OR_CONTEXT_REVIEW,PERFORMANCE_BELOW_TARGET;PROGRAM_STRUCTURE_CONTEXT;LOW_PERFORMANCE_BUDGET_INCREASE_T1;LOW_PERFORMANCE_BUDGET_INCREASE_T2,10069000000,0.17857142857142858,0.3333333333333333,0.0,0.0,0.12403100775193798,fiscal_impact_adjusted,0.11627906976744186,0.1380952380952381,217,217.0,217,0.060869565217391286,57,57.0,57,0.16417910447761197,"{""budget_performance_mismatch"": 0.2, ""execution_management"": 0.2, ""fiscal_impact"": 0.4, ""performance_gap"": 0.2}"
075:2022:보건:보건의료:3300:FUND,075,보건,보건의료,3300,2022,FUND,국민건강생활실천,MODERATE_OR_CONTEXT_REVIEW,PERFORMANCE_BELOW_TARGET,374509000000,0.6571428571428571,0.5,0.0,0.0,0.6976744186046512,fiscal_impact_adjusted,0.3790697674418605,0.3628571428571429,76,76.0,76,0.6739130434782609,33,33.0,33,0.6,"{""budget_performance_mismatch"": 0.2, ""execution_management"": 0.2, ""fiscal_impact"": 0.4, ""performance_gap"": 0.2}"
019:2022:사회복지:노동:3000:FUND,019,사회복지,노동,3000,2022,FUND,근로조건보호 및 복지증진,MODERATE_OR_CONTEXT_REVIEW,EXECUTION_MANAGEMENT,992515000000,0.4375,0.0,0.5,0.0,0.7906976744186046,fiscal_impact_adjusted,0.4162790697674419,0.275,54,54.0,54,0.7695652173913043,26,26.0,26,0.3589743589743589,"{""budget_performance_mismatch"": 0.2, ""execution_management"": 0.2, ""fiscal_impact"": 0.4, ""performance_gap"": 0.2}"
075:2022:사회복지:기초생활보장:1100:GENERAL_ACCOUNT,075,사회복지,기초생활보장,1100,2022,GENERAL_ACCOUNT,기초생활보장,MODERATE_OR_CONTEXT_REVIEW,EXECUTION_MANAGEMENT,15537221000000,0.9428571428571428,0.0,2.574462962198967e-07,0.0,0.9767441860465116,fiscal_impact_adjusted,0.3906977259078639,0.3771429086321164,65,65.0,65,0.7217391304347827,29,29.0,29,0.65,"{""budget_performance_mismatch"": 0.2, ""execution_management"": 0.2, ""fiscal_impact"": 0.4, ""performance_gap"": 0.2}"
019:2022:사회복지:노동:2000:GENERAL_ACCOUNT,019,사회복지,노동,2000,2022,GENERAL_ACCOUNT,노사정책,MODERATE_OR_CONTEXT_REVIEW,PERFORMANCE_BELOW_TARGET;LOW_PERFORMANCE_BUDGET_INCREASE_T2,57554000000,0.0625,0.3333333333333333,0.0,0.0,0.3333333333333333,fiscal_impact_adjusted,0.2,0.09166666666666667,181,181.0,181,0.21739130434782605,39,39.0,39,0.02564102564102566,"{""budget_performance_mismatch"": 0.2, ""execution_management"": 0.2, ""fiscal_impact"": 0.4, ""performance_gap"": 0.2}"
075:2022:사회복지:노인:2100:GENERAL_ACCOUNT,075,사회복지,노인,2100,2022,GENERAL_ACCOUNT,노인생활안정,MODERATE_OR_CONTEXT_REVIEW,EXECUTION_MANAGEMENT;PROGRAM_STRUCTURE_CONTEXT,18322701000000,0.9714285714285714,0.0,1.1352038108355312e-05,0.0,0.9844961240310077,fiscal_impact_adjusted,0.3938007200200248,0.38857369897905025,62,62.0,62,0.7347826086956522,25,25.0,25,0.7,"{""budget_performance_mismatch"": 0.2, ""execution_management"": 0.2, ""fiscal_impact"": 0.4, ""performance_gap"": 0.2}"
162:2022:과학기술:과학기술연구개발:1100:FUND,162,과학기술,과학기술연구개발,1100,2022,FUND,미래유망원천 기술개발,MODERATE_OR_CONTEXT_REVIEW,PERFORMANCE_BELOW_TARGET,65856000000,0.4642857142857143,0.5,0.0,0.0,0.3798449612403101,fiscal_impact_adjusted,0.25193798449612403,0.2857142857142857,157,157.0,157,0.32173913043478264,38,38.0,38,0.4477611940298507,"{""budget_performance_mismatch"": 0.2, ""execution_management"": 0.2, ""fiscal_impact"": 0.4, ""performance_gap"": 0.2}"
162:2022:과학기술:과학기술연구개발:1100:GENERAL_ACCOUNT,162,과학기술,과학기술연구개발,1100,2022,GENERAL_ACCOUNT,미래유망원천 기술개발,MODERATE_OR_CONTEXT_REVIEW,PERFORMANCE_BELOW_TARGET,855420500000,0.9285714285714286,0.5,0.0,0.0,0.7674418604651163,fiscal_impact_adjusted,0.40697674418604657,0.4714285714285715,56,56.0,56,0.7608695652173914,4,4.0,4,0.9552238805970149,"{""budget_performance_mismatch"": 0.2, ""execution_management"": 0.2, ""fiscal_impact"": 0.4, ""performance_gap"": 0.2}"
162:2022:과학기술:과학기술연구개발:1100:SPECIAL_ACCOUNT,162,과학기술,과학기술연구개발,1100,2022,SPECIAL_ACCOUNT,미래유망원천 기술개발,MODERATE_OR_CONTEXT_REVIEW,PERFORMANCE_BELOW_TARGET,282736000000,0.8392857142857143,0.5,0.0,0.0,0.6434108527131783,fiscal_impact_adjusted,0.3573643410852714,0.4357142857142858,89,89.0,89,0.6173913043478261,6,6.0,6,0.9253731343283582,"{""budget_performance_mismatch"": 0.2, ""execution_management"": 0.2, ""fiscal_impact"": 0.4, ""performance_gap"": 0.2}"
102:2022:산업·중소기업및에너지:창업및벤처:5200:FUND,102,산업·중소기업및에너지,창업및벤처,5200,2022,FUND,벤처기업활성화지원,MODERATE_OR_CONTEXT_REVIEW,PERFORMANCE_BELOW_TARGET;PROGRAM_STRUCTURE_CONTEXT,461591000000,0.7272727272727273,0.3333333333333333,0.0,0.0,0.7364341085271318,fiscal_impact_adjusted,0.3612403100775194,0.3575757575757576,88,88.0,88,0.6217391304347826,19,19.0,19,0.5609756097560976,"{""budget_performance_mismatch"": 0.2, ""execution_management"": 0.2, ""fiscal_impact"": 0.4, ""performance_gap"": 0.2}"
102:2022:산업·중소기업및에너지:창업및벤처:5200:GENERAL_ACCOUNT,102,산업·중소기업및에너지,창업및벤처,5200,2022,GENERAL_ACCOUNT,벤처기업활성화지원,MODERATE_OR_CONTEXT_REVIEW,PERFORMANCE_BELOW_TARGET;PROGRAM_STRUCTURE_CONTEXT,54710000000,0.2727272727272727,0.3333333333333333,0.0,0.0,0.32558139534883723,fiscal_impact_adjusted,0.1968992248062016,0.17575757575757578,182,182.0,182,0.21304347826086956,35,35.0,35,0.1707317073170732,"{""budget_performance_mismatch"": 0.2, ""execution_management"": 0.2, ""fiscal_impact"": 0.4, ""performance_gap"": 0.2}"
102:2022:산업·중소기업및에너지:창업및벤처:5200:SPECIAL_ACCOUNT,102,산업·중소기업및에너지,창업및벤처,5200,2022,SPECIAL_ACCOUNT,벤처기업활성화지원,MODERATE_OR_CONTEXT_REVIEW,PERFORMANCE_BELOW_TARGET;PROGRAM_STRUCTURE_CONTEXT,60000000000,0.3181818181818182,0.3333333333333333,0.0,0.0,0.35658914728682173,fiscal_impact_adjusted,0.2093023255813954,0.19393939393939397,176,176.0,176,0.23913043478260865,33,33.0,33,0.2195121951219512,"{""budget_performance_mismatch"": 0.2, ""execution_management"": 0.2, ""fiscal_impact"": 0.4, ""performance_gap"": 0.2}"
075:2022:보건:보건의료:3000:FUND,075,보건,보건의료,3000,2022,FUND,보건산업육성,MODERATE_OR_CONTEXT_REVIEW,PERFORMANCE_BELOW_TARGET,51930000000,0.37142857142857144,0.5,0.0,0.0,0.3023255813953488,fiscal_impact_adjusted,0.22093023255813954,0.24857142857142858,173,173.0,173,0.25217391304347825,62,62.0,62,0.23750000000000004,"{""budget_performance_mismatch"": 0.2, ""execution_management"": 0.2, ""fiscal_impact"": 0.4, ""performance_gap"": 0.2}"
075:2022:보건:보건의료:3000:SPECIAL_ACCOUNT,075,보건,보건의료,3000,2022,SPECIAL_ACCOUNT,보건산업육성,MODERATE_OR_CONTEXT_REVIEW,PERFORMANCE_BELOW_TARGET,82761000000,0.4,0.5,0.0,0.0,0.4573643410852713,fiscal_impact_adjusted,0.28294573643410853,0.26,137,137.0,137,0.408695652173913,58,58.0,58,0.2875,"{""budget_performance_mismatch"": 0.2, ""execution_management"": 0.2, ""fiscal_impact"": 0.4, ""performance_gap"": 0.2}"
075:2022:사회복지:아동·보육:3100:GENERAL_ACCOUNT,075,사회복지,아동·보육,3100,2022,GENERAL_ACCOUNT,보육지원강화,MODERATE_OR_CONTEXT_REVIEW,EXECUTION_MANAGEMENT,5818712000000,0.8857142857142857,0.0,0.0004846433368759272,0.0,0.9457364341085271,fiscal_impact_adjusted,0.3783915023107861,0.3543826429530895,77,77.0,77,0.6695652173913044,35,35.0,35,0.575,"{""budget_performance_mismatch"": 0.2, ""execution_management"": 0.2, ""fiscal_impact"": 0.4, ""performance_gap"": 0.2}"
075:2022:사회복지:사회복지일반:2600:GENERAL_ACCOUNT,075,사회복지,사회복지일반,2600,2022,GENERAL_ACCOUNT,사회복지기반조성,MODERATE_OR_CONTEXT_REVIEW,EXECUTION_MANAGEMENT,366803000000,0.6285714285714286,0.0,0.03630831808900145,0.0,0.689922480620155,fiscal_impact_adjusted,0.2832306558658623,0.25869023504637173,136,136.0,136,0.4130434782608695,59,59.0,59,0.275,"{""budget_performance_mismatch"": 0.2, ""execution_management"": 0.2, ""fiscal_impact"": 0.4, ""performance_gap"": 0.2}"
019:2022:사회복지:노동:4100:FUND,019,사회복지,노동,4100,2022,FUND,산업재해예방,MODERATE_OR_CONTEXT_REVIEW,PERFORMANCE_BELOW_TARGET,1092165000000,0.5625,0.3333333333333333,0.0,0.0,0.8062015503875969,fiscal_impact_adjusted,0.3891472868217054,0.29166666666666663,66,66.0,66,0.7173913043478262,24,24.0,24,0.41025641025641024,"{""budget_performance_mismatch"": 0.2, ""execution_management"": 0.2, ""fiscal_impact"": 0.4, ""performance_gap"": 0.2}"
019:2022:사회복지:노동:4100:SPECIAL_ACCOUNT,019,사회복지,노동,4100,2022,SPECIAL_ACCOUNT,산업재해예방,MODERATE_OR_CONTEXT_REVIEW,PERFORMANCE_BELOW_TARGET,90955000000,0.25,0.3333333333333333,0.0,0.0,0.46511627906976744,fiscal_impact_adjusted,0.2527131782945736,0.16666666666666666,156,156.0,156,0.32608695652173914,32,32.0,32,0.20512820512820518,"{""budget_performance_mismatch"": 0.2, ""execution_management"": 0.2, ""fiscal_impact"": 0.4, ""performance_gap"": 0.2}"
019:2022:사회복지:노동:4000:FUND,019,사회복지,노동,4000,2022,FUND,산재보험,MODERATE_OR_CONTEXT_REVIEW,PERFORMANCE_BELOW_TARGET;PROGRAM_STRUCTURE_CONTEXT;LOW_PERFORMANCE_BUDGET_INCREASE_T1;LOW_PERFORMANCE_BUDGET_INCREASE_T2,7373606000000,0.9375,0.5,0.0,0.0,0.9534883720930233,fiscal_impact_adjusted,0.48139534883720936,0.47500000000000003,28,28.0,28,0.8826086956521739,8,8.0,8,0.8205128205128205,"{""budget_performance_mismatch"": 0.2, ""execution_management"": 0.2, ""fiscal_impact"": 0.4, ""performance_gap"": 0.2}"
102:2022:산업·중소기업및에너지:중소기업및소상공인육성:4100:FUND,102,산업·중소기업및에너지,중소기업및소상공인육성,4100,2022,FUND,소상공인·전통시장지원,MODERATE_OR_CONTEXT_REVIEW,PERFORMANCE_BELOW_TARGET;PROGRAM_STRUCTURE_CONTEXT,47119751000000,1.0,1.0,0.0,0.0,1.0,fiscal_impact_adjusted,0.6000000000000001,0.6000000000000001,5,5.0,5,0.9826086956521739,1,1.5,2,0.9878048780487805,"{""budget_performance_mismatch"": 0.2, ""execution_management"": 0.2, ""fiscal_impact"": 0.4, ""performance_gap"": 0.2}"
075:2022:사회복지:아동·보육:1300:GENERAL_ACCOUNT,075,사회복지,아동·보육,1300,2022,GENERAL_ACCOUNT,아동보호 및 복지 강화,MODERATE_OR_CONTEXT_REVIEW,PERFORMANCE_BELOW_TARGET,453361000000,0.6857142857142857,0.5,0.0,0.0,0.7286821705426356,fiscal_impact_adjusted,0.3914728682170543,0.37428571428571433,64,64.0,64,0.7260869565217392,30,30.0,30,0.6375,"{""budget_performance_mismatch"": 0.2, ""execution_management"": 0.2, ""fiscal_impact"": 0.4, ""performance_gap"": 0.2}"
019:2022:사회복지:고용:1400:FUND,019,사회복지,고용,1400,2022,FUND,장애인고용증진,MODERATE_OR_CONTEXT_REVIEW,EXECUTION_MANAGEMENT,697413000000,0.375,0.0,0.003968953833668142,0.0,0.7441860465116279,fiscal_impact_adjusted,0.2984682093713848,0.15079379076673366,126,126.0,126,0.4565217391304348,33,33.0,33,0.17948717948717952,"{""budget_performance_mismatch"": 0.2, ""execution_management"": 0.2, ""fiscal_impact"": 0.4, ""performance_gap"": 0.2}"
075:2022:사회복지:취약계층지원:1500:GENERAL_ACCOUNT,075,사회복지,취약계층지원,1500,2022,GENERAL_ACCOUNT,장애인생활안정 및 재활 지원,MODERATE_OR_CONTEXT_REVIEW,EXECUTION_MANAGEMENT,4064068000000,0.8285714285714286,0.0,3.666277237487168e-05,0.0,0.9224806201550387,fiscal_impact_adjusted,0.3689995806164905,0.33143590398304645,83,83.0,83,0.6434782608695653,41,41.0,41,0.5,"{""budget_performance_mismatch"": 0.2, ""execution_management"": 0.2, ""fiscal_impact"": 0.4, ""performance_gap"": 0.2}"
162:2022:통신:정보통신:2100:FUND,162,통신,정보통신,2100,2022,FUND,정보통신융합 산업,MODERATE_OR_CONTEXT_REVIEW,PERFORMANCE_BELOW_TARGET,701803000000,0.9107142857142857,0.5,0.0,0.0,0.751937984496124,fiscal_impact_adjusted,0.4007751937984496,0.4642857142857143,57,57.0,57,0.7565217391304347,5,5.0,5,0.9402985074626866,"{""budget_performance_mismatch"": 0.2, ""execution_management"": 0.2, ""fiscal_impact"": 0.4, ""performance_gap"": 0.2}"
162:2022:통신:정보통신:2100:GENERAL_ACCOUNT,162,통신,정보통신,2100,2022,GENERAL_ACCOUNT,정보통신융합 산업,MODERATE_OR_CONTEXT_REVIEW,PERFORMANCE_BELOW_TARGET,146843000000,0.7142857142857143,0.5,0.0,0.0,0.5503875968992248,fiscal_impact_adjusted,0.3201550387596899,0.3857142857142858,113,113.0,113,0.5130434782608695,17,17.0,17,0.7611940298507462,"{""budget_performance_mismatch"": 0.2, ""execution_management"": 0.2, ""fiscal_impact"": 0.4, ""performance_gap"": 0.2}"
162:2022:통신:정보통신:2100:SPECIAL_ACCOUNT,162,통신,정보통신,2100,2022,SPECIAL_ACCOUNT,정보통신융합 산업,MODERATE_OR_CONTEXT_REVIEW,PERFORMANCE_BELOW_TARGET,25367000000,0.2857142857142857,0.5,0.0,0.0,0.21705426356589147,fiscal_impact_adjusted,0.1868217054263566,0.2142857142857143,190,190.0,190,0.17826086956521736,45,45.0,45,0.34328358208955223,"{""budget_performance_mismatch"": 0.2, ""execution_management"": 0.2, ""fiscal_impact"": 0.4, ""performance_gap"": 0.2}"
102:2022:산업·중소기업및에너지:중소기업및소상공인육성:2100:FUND,102,산업·중소기업및에너지,중소기업및소상공인육성,2100,2022,FUND,중소기업기술개발지원,MODERATE_OR_CONTEXT_REVIEW,PERFORMANCE_BELOW_TARGET,10155000000,0.09090909090909091,1.0,0.0,0.0,0.13178294573643412,fiscal_impact_adjusted,0.2527131782945737,0.23636363636363641,155,155.0,155,0.33043478260869563,29,29.0,29,0.31707317073170727,"{""budget_performance_mismatch"": 0.2, ""execution_management"": 0.2, ""fiscal_impact"": 0.4, ""performance_gap"": 0.2}"
102:2022:산업·중소기업및에너지:중소기업및소상공인육성:2100:GENERAL_ACCOUNT,102,산업·중소기업및에너지,중소기업및소상공인육성,2100,2022,GENERAL_ACCOUNT,중소기업기술개발지원,MODERATE_OR_CONTEXT_REVIEW,PERFORMANCE_BELOW_TARGET,1598924000000,0.8636363636363636,1.0,0.0,0.0,0.8294573643410853,fiscal_impact_adjusted,0.5317829457364341,0.5454545454545454,17,17.0,17,0.9304347826086956,5,5.0,5,0.9024390243902439,"{""budget_performance_mismatch"": 0.2, ""execution_management"": 0.2, ""fiscal_impact"": 0.4, ""performance_gap"": 0.2}"
102:2022:산업·중소기업및에너지:중소기업및소상공인육성:2100:SPECIAL_ACCOUNT,102,산업·중소기업및에너지,중소기업및소상공인육성,2100,2022,SPECIAL_ACCOUNT,중소기업기술개발지원,MODERATE_OR_CONTEXT_REVIEW,PERFORMANCE_BELOW_TARGET,301194800000,0.6363636363636364,1.0,0.0,0.0,0.6666666666666666,fiscal_impact_adjusted,0.4666666666666667,0.4545454545454546,35,35.0,35,0.8521739130434782,8,8.0,8,0.8292682926829268,"{""budget_performance_mismatch"": 0.2, ""execution_management"": 0.2, ""fiscal_impact"": 0.4, ""performance_gap"": 0.2}"
102:2022:산업·중소기업및에너지:무역및투자유치:3100:FUND,102,산업·중소기업및에너지,무역및투자유치,3100,2022,FUND,중소기업수출촉진지원,MODERATE_OR_CONTEXT_REVIEW,PERFORMANCE_BELOW_TARGET,36847000000,0.22727272727272727,1.0,0.0,0.0,0.24806201550387597,fiscal_impact_adjusted,0.2992248062015504,0.2909090909090909,125,125.0,125,0.4608695652173913,24,24.0,24,0.4390243902439024,"{""budget_performance_mismatch"": 0.2, ""execution_management"": 0.2, ""fiscal_impact"": 0.4, ""performance_gap"": 0.2}"
102:2022:산업·중소기업및에너지:무역및투자유치:3100:GENERAL_ACCOUNT,102,산업·중소기업및에너지,무역및투자유치,3100,2022,GENERAL_ACCOUNT,중소기업수출촉진지원,MODERATE_OR_CONTEXT_REVIEW,PERFORMANCE_BELOW_TARGET,198876000000,0.5909090909090909,1.0,0.0,0.0,0.6124031007751938,fiscal_impact_adjusted,0.44496124031007755,0.4363636363636364,44,44.0,44,0.8130434782608695,10,10.0,10,0.7804878048780488,"{""budget_performance_mismatch"": 0.2, ""execution_management"": 0.2, ""fiscal_impact"": 0.4, ""performance_gap"": 0.2}"
102:2022:산업·중소기업및에너지:중소기업및소상공인육성:5400:FUND,102,산업·중소기업및에너지,중소기업및소상공인육성,5400,2022,FUND,중소기업인력지원,MODERATE_OR_CONTEXT_REVIEW,PERFORMANCE_BELOW_TARGET,31605000000,0.18181818181818182,0.5,0.0,0.0,0.23255813953488372,fiscal_impact_adjusted,0.1930232558139535,0.17272727272727273,186,186.0,186,0.19565217391304346,36,36.0,36,0.14634146341463417,"{""budget_performance_mismatch"": 0.2, ""execution_management"": 0.2, ""fiscal_impact"": 0.4, ""performance_gap"": 0.2}"
102:2022:산업·중소기업및에너지:중소기업및소상공인육성:5400:GENERAL_ACCOUNT,102,산업·중소기업및에너지,중소기업및소상공인육성,5400,2022,GENERAL_ACCOUNT,중소기업인력지원,MODERATE_OR_CONTEXT_REVIEW,PERFORMANCE_BELOW_TARGET,394312000000,0.6818181818181818,0.5,0.0,0.0,0.7131782945736435,fiscal_impact_adjusted,0.38527131782945745,0.37272727272727274,70,70.0,70,0.7,17,17.0,17,0.6097560975609756,"{""budget_performance_mismatch"": 0.2, ""execution_management"": 0.2, ""fiscal_impact"": 0.4, ""performance_gap"": 0.2}"
102:2022:산업·중소기업및에너지:중소기업및소상공인육성:3300:GENERAL_ACCOUNT,102,산업·중소기업및에너지,중소기업및소상공인육성,3300,2022,GENERAL_ACCOUNT,지역중소기업육성,MODERATE_OR_CONTEXT_REVIEW,PERFORMANCE_BELOW_TARGET,18796000000,0.13636363636363635,0.5,0.0,0.0,0.17054263565891473,fiscal_impact_adjusted,0.1682170542635659,0.15454545454545454,195,195.0,195,0.15652173913043477,37,37.0,37,0.12195121951219512,"{""budget_performance_mismatch"": 0.2, ""execution_management"": 0.2, ""fiscal_impact"": 0.4, ""performance_gap"": 0.2}"
102:2022:산업·중소기업및에너지:중소기업및소상공인육성:3300:SPECIAL_ACCOUNT,102,산업·중소기업및에너지,중소기업및소상공인육성,3300,2022,SPECIAL_ACCOUNT,지역중소기업육성,MODERATE_OR_CONTEXT_REVIEW,PERFORMANCE_BELOW_TARGET,143217000000,0.5,0.5,0.0,0.0,0.5348837209302325,fiscal_impact_adjusted,0.313953488372093,0.30000000000000004,115,115.0,115,0.5043478260869565,23,23.0,23,0.46341463414634143,"{""budget_performance_mismatch"": 0.2, ""execution_management"": 0.2, ""fiscal_impact"": 0.4, ""performance_gap"": 0.2}"
019:2022:사회복지:고용:1100:GENERAL_ACCOUNT,019,사회복지,고용,1100,2022,GENERAL_ACCOUNT,직업능력개발,MODERATE_OR_CONTEXT_REVIEW,EXECUTION_MANAGEMENT,1035261000000,0.5,0.0,0.5,0.0,0.7984496124031008,fiscal_impact_adjusted,0.41937984496124037,0.30000000000000004,53,53.0,53,0.7739130434782608,23,23.0,23,0.4358974358974359,"{""budget_performance_mismatch"": 0.2, ""execution_management"": 0.2, ""fiscal_impact"": 0.4, ""performance_gap"": 0.2}"
102:2022:산업·중소기업및에너지:창업및벤처:5100:FUND,102,산업·중소기업및에너지,창업및벤처,5100,2022,FUND,창업환경조성,MODERATE_OR_CONTEXT_REVIEW,PERFORMANCE_BELOW_TARGET,2829489000000,0.9090909090909091,0.3333333333333333,0.0,0.0,0.8992248062015504,fiscal_impact_adjusted,0.42635658914728686,0.4303030303030303,50,50.0,50,0.7869565217391304,11,11.0,11,0.7560975609756098,"{""budget_performance_mismatch"": 0.2, ""execution_management"": 0.2, ""fiscal_impact"": 0.4, ""performance_gap"": 0.2}"
102:2022:산업·중소기업및에너지:창업및벤처:5100:GENERAL_ACCOUNT,102,산업·중소기업및에너지,창업및벤처,5100,2022,GENERAL_ACCOUNT,창업환경조성,MODERATE_OR_CONTEXT_REVIEW,PERFORMANCE_BELOW_TARGET,726637000000,0.7727272727272727,0.3333333333333333,0.0,0.0,0.7596899224806202,fiscal_impact_adjusted,0.37054263565891477,0.37575757575757573,81,81.0,81,0.6521739130434783,15,15.5,16,0.6463414634146342,"{""budget_performance_mismatch"": 0.2, ""execution_management"": 0.2, ""fiscal_impact"": 0.4, ""performance_gap"": 0.2}"
102:2022:산업·중소기업및에너지:창업및벤처:5100:SPECIAL_ACCOUNT,102,산업·중소기업및에너지,창업및벤처,5100,2022,SPECIAL_ACCOUNT,창업환경조성,MODERATE_OR_CONTEXT_REVIEW,PERFORMANCE_BELOW_TARGET,62014000000,0.36363636363636365,0.3333333333333333,0.0,0.0,0.37209302325581395,fiscal_impact_adjusted,0.21550387596899223,0.21212121212121213,175,175.0,175,0.24347826086956526,32,32.0,32,0.24390243902439024,"{""budget_performance_mismatch"": 0.2, ""execution_management"": 0.2, ""fiscal_impact"": 0.4, ""performance_gap"": 0.2}"
162:2022:문화및관광:문화예술:1100:FUND,162,문화및관광,문화예술,1100,2022,FUND,콘텐츠방송산업 육성,MODERATE_OR_CONTEXT_REVIEW,PERFORMANCE_BELOW_TARGET,190408000000,0.8035714285714286,0.5,0.0,0.0,0.5968992248062015,fiscal_impact_adjusted,0.3387596899224806,0.4214285714285715,103,103.0,103,0.5565217391304348,9,9.0,9,0.8805970149253731,"{""budget_performance_mismatch"": 0.2, ""execution_management"": 0.2, ""fiscal_impact"": 0.4, ""performance_gap"": 0.2}"
162:2022:문화및관광:문화예술:1100:GENERAL_ACCOUNT,162,문화및관광,문화예술,1100,2022,GENERAL_ACCOUNT,콘텐츠방송산업 육성,MODERATE_OR_CONTEXT_REVIEW,PERFORMANCE_BELOW_TARGET,82283000000,0.5535714285714286,0.5,0.0,0.0,0.43410852713178294,fiscal_impact_adjusted,0.27364341085271315,0.3214285714285714,140,140.0,140,0.3956521739130435,31,31.0,31,0.5522388059701493,"{""budget_performance_mismatch"": 0.2, ""execution_management"": 0.2, ""fiscal_impact"": 0.4, ""performance_gap"": 0.2}"
162:2022:교육:평생·직업교육:4100:GENERAL_ACCOUNT,162,교육,평생·직업교육,4100,2022,GENERAL_ACCOUNT,평생직업교육 체제 구축,MODERATE_OR_CONTEXT_REVIEW,PERFORMANCE_BELOW_TARGET,19364000000,0.23214285714285715,0.5,0.0,0.0,0.17829457364341086,fiscal_impact_adjusted,0.17131782945736435,0.19285714285714284,194,194.0,194,0.16086956521739126,49,49.0,49,0.28358208955223885,"{""budget_performance_mismatch"": 0.2, ""execution_management"": 0.2, ""fiscal_impact"": 0.4, ""performance_gap"": 0.2}"
019:2023:사회복지:고용:1200:FUND,019,사회복지,고용,1200,2023,FUND,고용안전망확충,MODERATE_OR_CONTEXT_REVIEW,PERFORMANCE_BELOW_TARGET;PROGRAM_STRUCTURE_CONTEXT,11870315000000,1.0,0.3333333333333333,0.0,0.0,0.9782608695652174,fiscal_impact_adjusted,0.4579710144927536,0.4666666666666667,39,39.0,39,0.8347826086956522,9,9.0,9,0.7948717948717949,"{""budget_performance_mismatch"": 0.2, ""execution_management"": 0.2, ""fiscal_impact"": 0.4, ""performance_gap"": 0.2}"
019:2023:사회복지:고용:1300:GENERAL_ACCOUNT,019,사회복지,고용,1300,2023,GENERAL_ACCOUNT,고용평등증진,MODERATE_OR_CONTEXT_REVIEW,PERFORMANCE_BELOW_TARGET;PROGRAM_STRUCTURE_CONTEXT,40333000000,0.15789473684210525,0.25,0.0,0.0,0.2826086956521739,fiscal_impact_adjusted,0.16304347826086957,0.11315789473684211,197,197.0,197,0.14782608695652177,36,36.0,36,0.10256410256410253,"{""budget_performance_mismatch"": 0.2, ""execution_management"": 0.2, ""fiscal_impact"": 0.4, ""performance_gap"": 0.2}"
019:2023:사회복지:고용:1300:SPECIAL_ACCOUNT,019,사회복지,고용,1300,2023,SPECIAL_ACCOUNT,고용평등증진,MODERATE_OR_CONTEXT_REVIEW,PERFORMANCE_BELOW_TARGET;PROGRAM_STRUCTURE_CONTEXT,25696000000,0.10526315789473684,0.25,0.0,0.0,0.21739130434782608,fiscal_impact_adjusted,0.13695652173913042,0.09210526315789472,212,212.0,212,0.08260869565217388,38,38.0,38,0.05128205128205132,"{""budget_performance_mismatch"": 0.2, ""execution_management"": 0.2, ""fiscal_impact"": 0.4, ""performance_gap"": 0.2}"
162:2023:과학기술:과학기술인력및문화:1700:GENERAL_ACCOUNT,162,과학기술,과학기술인력및문화,1700,2023,GENERAL_ACCOUNT,과학기술인력양성,MODERATE_OR_CONTEXT_REVIEW,PERFORMANCE_BELOW_TARGET,139397000000,0.6896551724137931,0.3333333333333333,0.0,0.0,0.5434782608695652,fiscal_impact_adjusted,0.28405797101449276,0.342528735632184,135,135.0,135,0.4173913043478261,26,26.0,26,0.6268656716417911,"{""budget_performance_mismatch"": 0.2, ""execution_management"": 0.2, ""fiscal_impact"": 0.4, ""performance_gap"": 0.2}"
162:2023:교육:고등교육:2200:GENERAL_ACCOUNT,162,교육,고등교육,2200,2023,GENERAL_ACCOUNT,과학기술인력양성,MODERATE_OR_CONTEXT_REVIEW,EXECUTION_MANAGEMENT;GOOD_PERFORMANCE_BUDGET_DECREASE_T1_CONTEXT,191049000000,0.7758620689655172,0.0,0.12789650822563844,0.0,0.5942028985507246,fiscal_impact_adjusted,0.26326046106541756,0.33592412923133463,146,146.0,146,0.3695652173913043,28,28.0,28,0.5970149253731343,"{""budget_performance_mismatch"": 0.2, ""execution_management"": 0.2, ""fiscal_impact"": 0.4, ""performance_gap"": 0.2}"
162:2023:과학기술:과학기술인력및문화:1700:SPECIAL_ACCOUNT,162,과학기술,과학기술인력및문화,1700,2023,SPECIAL_ACCOUNT,과학기술인력양성,MODERATE_OR_CONTEXT_REVIEW,PERFORMANCE_BELOW_TARGET,8980000000,0.15517241379310345,0.3333333333333333,0.0,0.0,0.13043478260869565,fiscal_impact_adjusted,0.11884057971014493,0.12873563218390804,215,215.0,215,0.06956521739130439,60,60.0,60,0.11940298507462688,"{""budget_performance_mismatch"": 0.2, ""execution_management"": 0.2, ""fiscal_impact"": 0.4, ""performance_gap"": 0.2}"
162:2023:통신:방송통신:7000:GENERAL_ACCOUNT,162,통신,방송통신,7000,2023,GENERAL_ACCOUNT,과학기술정보통신부운영지원,MODERATE_OR_CONTEXT_REVIEW,EXECUTION_MANAGEMENT,18942000000,0.2413793103448276,0.0,0.06021011508816387,0.0,0.1956521739130435,fiscal_impact_adjusted,0.09030289258285017,0.10859374715556382,227,227.0,227,0.017391304347826098,64,64.0,64,0.05970149253731338,"{""budget_performance_mismatch"": 0.2, ""execution_management"": 0.2, ""fiscal_impact"": 0.4, ""performance_gap"": 0.2}"
162:2023:과학기술:과학기술인력및문화:1800:GENERAL_ACCOUNT,162,과학기술,과학기술인력및문화,1800,2023,GENERAL_ACCOUNT,과학문화창달,MODERATE_OR_CONTEXT_REVIEW,EXECUTION_MANAGEMENT,71642000000,0.5172413793103449,0.0,0.5,0.0,0.427536231884058,fiscal_impact_adjusted,0.2710144927536232,0.306896551724138,142,142.0,142,0.3869565217391304,33,33.0,33,0.5223880597014925,"{""budget_performance_mismatch"": 0.2, ""execution_management"": 0.2, ""fiscal_impact"": 0.4, ""performance_gap"": 0.2}"
162:2023:일반·지방행정:정부자원관리:1900:GENERAL_ACCOUNT,162,일반·지방행정,정부자원관리,1900,2023,GENERAL_ACCOUNT,국가사회정보화,MODERATE_OR_CONTEXT_REVIEW,PERFORMANCE_BELOW_TARGET,202573000000,0.8103448275862069,0.5,0.0,0.0,0.6304347826086957,fiscal_impact_adjusted,0.35217391304347834,0.4241379310344828,92,92.0,92,0.6043478260869566,8,8.0,8,0.8955223880597015,"{""budget_performance_mismatch"": 0.2, ""execution_management"": 0.2, ""fiscal_impact"": 0.4, ""performance_gap"": 0.2}"
162:2023:과학기술:과학기술인력및문화:2300:RESPONSIBLE_OPERATION_ACCOUNT,162,과학기술,과학기술인력및문화,2300,2023,RESPONSIBLE_OPERATION_ACCOUNT,국립과천과학관운영,MODERATE_OR_CONTEXT_REVIEW,PERFORMANCE_BELOW_TARGET;PROGRAM_STRUCTURE_CONTEXT;LOW_PERFORMANCE_BUDGET_INCREASE_T1,2994000000,0.08620689655172414,0.3333333333333333,0.0,0.0,0.043478260869565216,fiscal_impact_adjusted,0.08405797101449275,0.10114942528735632,229,229.0,229,0.008695652173912993,67,67.0,67,0.014925373134328401,"{""budget_performance_mismatch"": 0.2, ""execution_management"": 0.2, ""fiscal_impact"": 0.4, ""performance_gap"": 0.2}"
075:2023:보건:보건의료:3300:FUND,075,보건,보건의료,3300,2023,FUND,국민건강생활실천,MODERATE_OR_CONTEXT_REVIEW,PERFORMANCE_BELOW_TARGET,385630000000,0.6410256410256411,1.0,0.0,0.0,0.717391304347826,fiscal_impact_adjusted,0.48695652173913045,0.45641025641025645,24,24.0,24,0.9,10,10.0,10,0.8875,"{""budget_performance_mismatch"": 0.2, ""execution_management"": 0.2, ""fiscal_impact"": 0.4, ""performance_gap"": 0.2}"
075:2023:사회복지:공적연금:7400:FUND,075,사회복지,공적연금,7400,2023,FUND,국민연금운영(여유자금운영위탁 등),MODERATE_OR_CONTEXT_REVIEW,EXECUTION_MANAGEMENT;ACCOUNTING_ADJUSTMENT_CONTEXT,340333000000,0.6153846153846154,0.0,0.0843306408723221,0.0,0.7101449275362319,fiscal_impact_adjusted,0.3009240991889572,0.2630199743283106,123,123.0,123,0.4695652173913043,53,53.0,53,0.35,"{""budget_performance_mismatch"": 0.2, ""execution_management"": 0.2, ""fiscal_impact"": 0.4, ""performance_gap"": 0.2}"
019:2023:사회복지:노동:3000:GENERAL_ACCOUNT,019,사회복지,노동,3000,2023,GENERAL_ACCOUNT,근로조건보호및복지증진,MODERATE_OR_CONTEXT_REVIEW,EXECUTION_MANAGEMENT,63169000000,0.2631578947368421,0.0,0.14125599582073486,0.0,0.41304347826086957,fiscal_impact_adjusted,0.19346859046849482,0.13351435705888381,185,185.0,185,0.19999999999999996,34,34.0,34,0.15384615384615385,"{""budget_performance_mismatch"": 0.2, ""execution_management"": 0.2, ""fiscal_impact"": 0.4, ""performance_gap"": 0.2}"
102:2023:산업·중소기업및에너지:창업및벤처:2400:FUND,102,산업·중소기업및에너지,창업및벤처,2400,2023,FUND,기술금융지원,MODERATE_OR_CONTEXT_REVIEW,EXECUTION_MANAGEMENT;PROGRAM_STRUCTURE_CONTEXT,1368778000000,0.8181818181818182,0.0,0.04817435698119052,0.0,0.8405797101449275,fiscal_impact_adjusted,0.3458667554542091,0.3369075986689654,98,98.0,98,0.5782608695652174,21,21.0,21,0.5121951219512195,"{""budget_performance_mismatch"": 0.2, ""execution_management"": 0.2, ""fiscal_impact"": 0.4, ""performance_gap"": 0.2}"
162:2023:과학기술:과학기술연구개발:1200:SPECIAL_ACCOUNT,162,과학기술,과학기술연구개발,1200,2023,SPECIAL_ACCOUNT,기초연구진흥,MODERATE_OR_CONTEXT_REVIEW,EXECUTION_MANAGEMENT;PROGRAM_STRUCTURE_CONTEXT,60000000000,0.43103448275862066,0.0,0.5,0.0,0.38405797101449274,fiscal_impact_adjusted,0.2536231884057971,0.27241379310344827,154,154.0,154,0.33478260869565213,39,39.0,39,0.4328358208955224,"{""budget_performance_mismatch"": 0.2, ""execution_management"": 0.2, ""fiscal_impact"": 0.4, ""performance_gap"": 0.2}"
075:2023:사회복지:노인:2100:GENERAL_ACCOUNT,075,사회복지,노인,2100,2023,GENERAL_ACCOUNT,노인생활안정,MODERATE_OR_CONTEXT_REVIEW,EXECUTION_MANAGEMENT;ACCOUNTING_ADJUSTMENT_CONTEXT;PROGRAM_STRUCTURE_CONTEXT,20178595000000,0.9743589743589743,0.0,0.00020224401153796882,0.0,0.9927536231884058,fiscal_impact_adjusted,0.3971418980776699,0.3897840385458973,59,59.0,59,0.7478260869565218,23,23.0,23,0.725,"{""budget_performance_mismatch"": 0.2, ""execution_management"": 0.2, ""fiscal_impact"": 0.4, ""performance_gap"": 0.2}"
075:2023:사회복지:노인:2200:FUND,075,사회복지,노인,2200,2023,FUND,노인의료보장,MODERATE_OR_CONTEXT_REVIEW,PERFORMANCE_BELOW_TARGET;PROGRAM_STRUCTURE_CONTEXT,196461000000,0.48717948717948717,0.3333333333333333,0.0,0.0,0.6086956521739131,fiscal_impact_adjusted,0.3101449275362319,0.2615384615384615,117,117.0,117,0.4956521739130435,56,56.0,56,0.3125,"{""budget_performance_mismatch"": 0.2, ""execution_management"": 0.2, ""fiscal_impact"": 0.4, ""performance_gap"": 0.2}"
075:2023:사회복지:노인:2200:GENERAL_ACCOUNT,075,사회복지,노인,2200,2023,GENERAL_ACCOUNT,노인의료보장,MODERATE_OR_CONTEXT_REVIEW,PERFORMANCE_BELOW_TARGET;PROGRAM_STRUCTURE_CONTEXT,2245124000000,0.8205128205128205,0.3333333333333333,0.0,0.0,0.9057971014492754,fiscal_impact_adjusted,0.42898550724637685,0.39487179487179486,48,48.0,48,0.7956521739130434,22,22.0,22,0.7375,"{""budget_performance_mismatch"": 0.2, ""execution_management"": 0.2, ""fiscal_impact"": 0.4, ""performance_gap"": 0.2}"
075:2023:사회복지:노인:2200:SPECIAL_ACCOUNT,075,사회복지,노인,2200,2023,SPECIAL_ACCOUNT,노인의료보장,MODERATE_OR_CONTEXT_REVIEW,PERFORMANCE_BELOW_TARGET;PROGRAM_STRUCTURE_CONTEXT,54765000000,0.41025641025641024,0.3333333333333333,0.0,0.0,0.34782608695652173,fiscal_impact_adjusted,0.20579710144927538,0.23076923076923078,177,177.0,177,0.23478260869565215,67,67.0,67,0.17500000000000004,"{""budget_performance_mismatch"": 0.2, ""execution_management"": 0.2, ""fiscal_impact"": 0.4, ""performance_gap"": 0.2}"
162:2023:과학기술:과학기술연구개발:1100:GENERAL_ACCOUNT,162,과학기술,과학기술연구개발,1100,2023,GENERAL_ACCOUNT,미래유망원천기술개발,MODERATE_OR_CONTEXT_REVIEW,BUDGET_PERFORMANCE_MISMATCH,931362000000,0.9482758620689655,0.0,0.0,0.0355382762019494,0.8043478260869565,fiscal_impact_adjusted,0.3288467856751725,0.3864180000679761,110,110.0,110,0.5260869565217392,16,16.0,16,0.7761194029850746,"{""budget_performance_mismatch"": 0.2, ""execution_management"": 0.2, ""fiscal_impact"": 0.4, ""performance_gap"": 0.2}"
102:2023:산업·중소기업및에너지:창업및벤처:5200:GENERAL_ACCOUNT,102,산업·중소기업및에너지,창업및벤처,5200,2023,GENERAL_ACCOUNT,벤처기업활성화지원,MODERATE_OR_CONTEXT_REVIEW,BUDGET_PERFORMANCE_MISMATCH;PROGRAM_STRUCTURE_CONTEXT,26299000000,0.18181818181818182,0.0,0.0,0.049431537320810674,0.2246376811594203,fiscal_impact_adjusted,0.09974137992793025,0.08261358019143487,223,223.0,223,0.034782608695652195,41,41.0,41,0.024390243902439046,"{""budget_performance_mismatch"": 0.2, ""execution_management"": 0.2, ""fiscal_impact"": 0.4, ""performance_gap"": 0.2}"
075:2023:보건:보건의료:3000:FUND,075,보건,보건의료,3000,2023,FUND,보건산업육성,MODERATE_OR_CONTEXT_REVIEW,PERFORMANCE_BELOW_TARGET,27889000000,0.28205128205128205,0.5,0.0,0.0,0.2318840579710145,fiscal_impact_adjusted,0.1927536231884058,0.21282051282051284,188,188.0,188,0.18695652173913047,71,71.0,71,0.125,"{""budget_performance_mismatch"": 0.2, ""execution_management"": 0.2, ""fiscal_impact"": 0.4, ""performance_gap"": 0.2}"
075:2023:보건:보건의료:3000:GENERAL_ACCOUNT,075,보건,보건의료,3000,2023,GENERAL_ACCOUNT,보건산업육성,MODERATE_OR_CONTEXT_REVIEW,PERFORMANCE_BELOW_TARGET;ACCOUNTING_ADJUSTMENT_CONTEXT,833877000000,0.7435897435897436,0.5,0.0,0.0,0.7898550724637681,fiscal_impact_adjusted,0.41594202898550725,0.3974358974358974,55,55.0,55,0.7652173913043478,20,20.0,20,0.7625,"{""budget_performance_mismatch"": 0.2, ""execution_management"": 0.2, ""fiscal_impact"": 0.4, ""performance_gap"": 0.2}"
075:2023:보건:보건의료:3000:SPECIAL_ACCOUNT,075,보건,보건의료,3000,2023,SPECIAL_ACCOUNT,보건산업육성,MODERATE_OR_CONTEXT_REVIEW,PERFORMANCE_BELOW_TARGET,51956000000,0.38461538461538464,0.5,0.0,0.0,0.32608695652173914,fiscal_impact_adjusted,0.23043478260869565,0.25384615384615383,169,169.0,169,0.26956521739130435,60,60.0,60,0.26249999999999996,"{""budget_performance_mismatch"": 0.2, ""execution_management"": 0.2, ""fiscal_impact"": 0.4, ""performance_gap"": 0.2}"
075:2023:사회복지:사회복지일반:2600:GENERAL_ACCOUNT,075,사회복지,사회복지일반,2600,2023,GENERAL_ACCOUNT,사회복지기반조성,MODERATE_OR_CONTEXT_REVIEW,EXECUTION_MANAGEMENT;ACCOUNTING_ADJUSTMENT_CONTEXT,201741000000,0.5384615384615384,0.0,0.05671132789071136,0.0,0.6231884057971014,fiscal_impact_adjusted,0.26061762789698284,0.22672688096275764,148,148.0,148,0.36086956521739133,68,68.0,68,0.16249999999999998,"{""budget_performance_mismatch"": 0.2, ""execution_management"": 0.2, ""fiscal_impact"": 0.4, ""performance_gap"": 0.2}"
075:2023:사회복지:사회복지일반:2600:SPECIAL_ACCOUNT,075,사회복지,사회복지일반,2600,2023,SPECIAL_ACCOUNT,사회복지기반조성,MODERATE_OR_CONTEXT_REVIEW,BUDGET_PERFORMANCE_MISMATCH,399085000000,0.6666666666666666,0.0,0.0,0.06734154378139995,0.7318840579710145,fiscal_impact_adjusted,0.3062219319446858,0.28013497542294663,120,120.0,120,0.4826086956521739,50,50.0,50,0.38749999999999996,"{""budget_performance_mismatch"": 0.2, ""execution_management"": 0.2, ""fiscal_impact"": 0.4, ""performance_gap"": 0.2}"
019:2023:사회복지:노동:4100:GENERAL_ACCOUNT,019,사회복지,노동,4100,2023,GENERAL_ACCOUNT,산업재해예방,MODERATE_OR_CONTEXT_REVIEW,PERFORMANCE_BELOW_TARGET,4629000000,0.05263157894736842,0.3333333333333333,0.0,0.0,0.06521739130434782,fiscal_impact_adjusted,0.0927536231884058,0.08771929824561403,225,225.0,225,0.02608695652173909,40,40.0,40,0.0,"{""budget_performance_mismatch"": 0.2, ""execution_management"": 0.2, ""fiscal_impact"": 0.4, ""performance_gap"": 0.2}"
019:2023:사회복지:노동:4100:SPECIAL_ACCOUNT,019,사회복지,노동,4100,2023,SPECIAL_ACCOUNT,산업재해예방,MODERATE_OR_CONTEXT_REVIEW,PERFORMANCE_BELOW_TARGET;ACCOUNTING_ADJUSTMENT_CONTEXT,89132000000,0.3684210526315789,0.3333333333333333,0.0,0.0,0.47101449275362317,fiscal_impact_adjusted,0.25507246376811593,0.21403508771929822,153,153.0,153,0.33913043478260874,30,30.0,30,0.2564102564102564,"{""budget_performance_mismatch"": 0.2, ""execution_management"": 0.2, ""fiscal_impact"": 0.4, ""performance_gap"": 0.2}"
075:2023:보건:보건의료:4500:GENERAL_ACCOUNT,075,보건,보건의료,4500,2023,GENERAL_ACCOUNT,소록도병원,MODERATE_OR_CONTEXT_REVIEW,EXECUTION_MANAGEMENT;GOOD_PERFORMANCE_BUDGET_DECREASE_T1_CONTEXT,11317000000,0.20512820512820512,0.0,0.5,0.0,0.15217391304347827,fiscal_impact_adjusted,0.16086956521739132,0.18205128205128207,200,200.0,200,0.13478260869565217,75,75.0,75,0.07499999999999996,"{""budget_performance_mismatch"": 0.2, ""execution_management"": 0.2, ""fiscal_impact"": 0.4, ""performance_gap"": 0.2}"
102:2023:산업·중소기업및에너지:중소기업및소상공인육성:4100:FUND,102,산업·중소기업및에너지,중소기업및소상공인육성,4100,2023,FUND,소상공인·전통시장지원,MODERATE_OR_CONTEXT_REVIEW,PERFORMANCE_BELOW_TARGET;PROGRAM_STRUCTURE_CONTEXT,3895274000000,1.0,1.0,0.0,0.0,0.9420289855072463,fiscal_impact_adjusted,0.5768115942028986,0.6000000000000001,8,8.0,8,0.9695652173913043,1,1.5,2,0.9878048780487805,"{""budget_performance_mismatch"": 0.2, ""execution_management"": 0.2, ""fiscal_impact"": 0.4, ""performance_gap"": 0.2}"
162:2023:과학기술:과학기술연구개발:1300:GENERAL_ACCOUNT,162,과학기술,과학기술연구개발,1300,2023,GENERAL_ACCOUNT,우주개발진흥,MODERATE_OR_CONTEXT_REVIEW,BUDGET_PERFORMANCE_MISMATCH,424860000000,0.896551724137931,0.0,0.0,0.22537071035164524,0.7391304347826086,fiscal_impact_adjusted,0.34072631598337255,0.4036948317255015,102,102.0,102,0.5608695652173913,12,12.0,12,0.835820895522388,"{""budget_performance_mismatch"": 0.2, ""execution_management"": 0.2, ""fiscal_impact"": 0.4, ""performance_gap"": 0.2}"
162:2023:통신:우정:5300:SPECIAL_ACCOUNT,162,통신,우정,5300,2023,SPECIAL_ACCOUNT,우체국보험,MODERATE_OR_CONTEXT_REVIEW,EXECUTION_MANAGEMENT;GOOD_PERFORMANCE_BUDGET_DECREASE_T1_CONTEXT,295686000000,0.8620689655172413,0.0,0.03975670136563787,0.0,0.6956521739130435,fiscal_impact_adjusted,0.28621220983834494,0.3527789264800241,131,131.0,131,0.4347826086956522,24,24.0,24,0.6567164179104478,"{""budget_performance_mismatch"": 0.2, ""execution_management"": 0.2, ""fiscal_impact"": 0.4, ""performance_gap"": 0.2}"
162:2023:과학기술:과학기술연구개발:1400:FUND,162,과학기술,과학기술연구개발,1400,2023,FUND,원자력 진흥,MODERATE_OR_CONTEXT_REVIEW,EXECUTION_MANAGEMENT,146293000000,0.7068965517241379,0.0,0.0563936757056045,0.0,0.5507246376811594,fiscal_impact_adjusted,0.2315685902135847,0.29403735583077606,168,168.0,168,0.27391304347826084,37,37.0,37,0.4626865671641791,"{""budget_performance_mismatch"": 0.2, ""execution_management"": 0.2, ""fiscal_impact"": 0.4, ""performance_gap"": 0.2}"
075:2023:보건:보건의료:2800:FUND,075,보건,보건의료,2800,2023,FUND,응급의료체계운영지원,MODERATE_OR_CONTEXT_REVIEW,EXECUTION_MANAGEMENT,248941000000,0.5897435897435898,0.0,0.028585086426100963,0.0,0.6594202898550725,fiscal_impact_adjusted,0.2694851332272492,0.2416144531826561,143,143.0,143,0.3826086956521739,64,64.0,64,0.21250000000000002,"{""budget_performance_mismatch"": 0.2, ""execution_management"": 0.2, ""fiscal_impact"": 0.4, ""performance_gap"": 0.2}"
075:2023:사회복지:취약계층지원:1500:SPECIAL_ACCOUNT,075,사회복지,취약계층지원,1500,2023,SPECIAL_ACCOUNT,장애인생활안정 및 재활 지원,MODERATE_OR_CONTEXT_REVIEW,PERFORMANCE_BELOW_TARGET,4834000000,0.02564102564102564,0.5,0.0,0.0,0.07971014492753623,fiscal_impact_adjusted,0.1318840579710145,0.11025641025641027,213,213.0,213,0.07826086956521738,81,81.0,81,0.0,"{""budget_performance_mismatch"": 0.2, ""execution_management"": 0.2, ""fiscal_impact"": 0.4, ""performance_gap"": 0.2}"
162:2023:통신:방송통신:2500:FUND,162,통신,방송통신,2500,2023,FUND,전파활용방송서비스산업,MODERATE_OR_CONTEXT_REVIEW,EXECUTION_MANAGEMENT,48633000000,0.3275862068965517,0.0,0.12090555795447536,0.0,0.2971014492753623,fiscal_impact_adjusted,0.14302169130104,0.15521559434951576,210,210.0,210,0.09130434782608698,54,54.0,54,0.20895522388059706,"{""budget_performance_mismatch"": 0.2, ""execution_management"": 0.2, ""fiscal_impact"": 0.4, ""performance_gap"": 0.2}"
162:2023:통신:방송통신:2500:GENERAL_ACCOUNT,162,통신,방송통신,2500,2023,GENERAL_ACCOUNT,전파활용방송서비스산업,MODERATE_OR_CONTEXT_REVIEW,EXECUTION_MANAGEMENT;ACCOUNTING_ADJUSTMENT_CONTEXT,56759000000,0.3793103448275862,0.0,0.01701932733134833,0.0,0.36231884057971014,fiscal_impact_adjusted,0.14833140169815373,0.15512800339730415,207,207.0,207,0.10434782608695647,55,55.0,55,0.19402985074626866,"{""budget_performance_mismatch"": 0.2, ""execution_management"": 0.2, ""fiscal_impact"": 0.4, ""performance_gap"": 0.2}"
162:2023:문화및관광:문화예술:1200:FUND,162,문화및관광,문화예술,1200,2023,FUND,정보통신방송국제협력,MODERATE_OR_CONTEXT_REVIEW,EXECUTION_MANAGEMENT,11954000000,0.20689655172413793,0.0,0.09189392671908984,0.0,0.16666666666666666,fiscal_impact_adjusted,0.08504545201048463,0.10113740603347314,228,228.0,228,0.013043478260869601,68,68.0,68,0.0,"{""budget_performance_mismatch"": 0.2, ""execution_management"": 0.2, ""fiscal_impact"": 0.4, ""performance_gap"": 0.2}"
162:2023:통신:정보통신:2100:GENERAL_ACCOUNT,162,통신,정보통신,2100,2023,GENERAL_ACCOUNT,정보통신융합산업,MODERATE_OR_CONTEXT_REVIEW,BUDGET_PERFORMANCE_MISMATCH,165554000000,0.7413793103448276,0.0,0.0,0.03324594996194595,0.572463768115942,fiscal_impact_adjusted,0.235634697238766,0.30320091413032024,164,164.0,164,0.29130434782608694,34,34.0,34,0.5074626865671642,"{""budget_performance_mismatch"": 0.2, ""execution_management"": 0.2, ""fiscal_impact"": 0.4, ""performance_gap"": 0.2}"
102:2023:산업·중소기업및에너지:중소기업및소상공인육성:2100:FUND,102,산업·중소기업및에너지,중소기업및소상공인육성,2100,2023,FUND,중소기업기술개발지원,MODERATE_OR_CONTEXT_REVIEW,PERFORMANCE_BELOW_TARGET,10155000000,0.09090909090909091,1.0,0.0,0.0,0.14492753623188406,fiscal_impact_adjusted,0.2579710144927536,0.23636363636363636,150,150.0,150,0.3521739130434782,30,30.0,30,0.29268292682926833,"{""budget_performance_mismatch"": 0.2, ""execution_management"": 0.2, ""fiscal_impact"": 0.4, ""performance_gap"": 0.2}"
102:2023:산업·중소기업및에너지:중소기업및소상공인육성:1200:GENERAL_ACCOUNT,102,산업·중소기업및에너지,중소기업및소상공인육성,1200,2023,GENERAL_ACCOUNT,중소기업성장안정지원,MODERATE_OR_CONTEXT_REVIEW,BUDGET_PERFORMANCE_MISMATCH,118700000000,0.45454545454545453,0.0,0.0,0.7051390058972199,0.5144927536231884,fiscal_impact_adjusted,0.34682490262871934,0.3228459829976258,97,97.0,97,0.5826086956521739,22,22.0,22,0.4878048780487805,"{""budget_performance_mismatch"": 0.2, ""execution_management"": 0.2, ""fiscal_impact"": 0.4, ""performance_gap"": 0.2}"
102:2023:산업·중소기업및에너지:무역및투자유치:3100:FUND,102,산업·중소기업및에너지,무역및투자유치,3100,2023,FUND,중소기업수출촉진지원,MODERATE_OR_CONTEXT_REVIEW,EXECUTION_MANAGEMENT,50752000000,0.3181818181818182,0.0,0.5,0.0,0.3115942028985507,fiscal_impact_adjusted,0.2246376811594203,0.2272727272727273,171,171.0,171,0.26086956521739135,31,31.0,31,0.2682926829268293,"{""budget_performance_mismatch"": 0.2, ""execution_management"": 0.2, ""fiscal_impact"": 0.4, ""performance_gap"": 0.2}"
102:2023:산업·중소기업및에너지:중소기업및소상공인육성:4800:FUND,102,산업·중소기업및에너지,중소기업및소상공인육성,4800,2023,FUND,중소기업육성지원,MODERATE_OR_CONTEXT_REVIEW,PERFORMANCE_BELOW_TARGET,1948000000,0.045454545454545456,0.3333333333333333,0.0,0.0,0.028985507246376812,fiscal_impact_adjusted,0.07826086956521738,0.08484848484848484,230,230.0,230,0.004347826086956497,40,40.0,40,0.04878048780487809,"{""budget_performance_mismatch"": 0.2, ""execution_management"": 0.2, ""fiscal_impact"": 0.4, ""performance_gap"": 0.2}"
102:2023:산업·중소기업및에너지:중소기업및소상공인육성:5400:GENERAL_ACCOUNT,102,산업·중소기업및에너지,중소기업및소상공인육성,5400,2023,GENERAL_ACCOUNT,중소기업인력지원,MODERATE_OR_CONTEXT_REVIEW,PERFORMANCE_BELOW_TARGET,327285000000,0.7272727272727273,0.5,0.0,0.0,0.7028985507246377,fiscal_impact_adjusted,0.38115942028985506,0.39090909090909093,73,73.0,73,0.6869565217391305,13,13.0,13,0.7073170731707317,"{""budget_performance_mismatch"": 0.2, ""execution_management"": 0.2, ""fiscal_impact"": 0.4, ""performance_gap"": 0.2}"
102:2023:산업·중소기업및에너지:중소기업및소상공인육성:3300:SPECIAL_ACCOUNT,102,산업·중소기업및에너지,중소기업및소상공인육성,3300,2023,SPECIAL_ACCOUNT,지역중소기업육성,MODERATE_OR_CONTEXT_REVIEW,BUDGET_PERFORMANCE_MISMATCH,77979000000,0.4090909090909091,0.0,0.0,0.11591582349093987,0.4492753623188406,fiscal_impact_adjusted,0.20289330962572422,0.18681952833455165,179,179.0,179,0.22608695652173916,34,34.0,34,0.19512195121951215,"{""budget_performance_mismatch"": 0.2, ""execution_management"": 0.2, ""fiscal_impact"": 0.4, ""performance_gap"": 0.2}"
102:2023:산업·중소기업및에너지:창업및벤처:5100:FUND,102,산업·중소기업및에너지,창업및벤처,5100,2023,FUND,창업환경조성,MODERATE_OR_CONTEXT_REVIEW,PERFORMANCE_BELOW_TARGET,2860529000000,0.9545454545454546,0.3333333333333333,0.0,0.0,0.9347826086956522,fiscal_impact_adjusted,0.4405797101449276,0.4484848484848485,45,45.0,45,0.808695652173913,9,9.0,9,0.8048780487804879,"{""budget_performance_mismatch"": 0.2, ""execution_management"": 0.2, ""fiscal_impact"": 0.4, ""performance_gap"": 0.2}"
102:2023:산업·중소기업및에너지:창업및벤처:5100:GENERAL_ACCOUNT,102,산업·중소기업및에너지,창업및벤처,5100,2023,GENERAL_ACCOUNT,창업환경조성,MODERATE_OR_CONTEXT_REVIEW,PERFORMANCE_BELOW_TARGET,707120000000,0.7727272727272727,0.3333333333333333,0.0,0.0,0.7753623188405797,fiscal_impact_adjusted,0.37681159420289856,0.37575757575757573,78,78.0,78,0.6652173913043478,15,15.5,16,0.6463414634146342,"{""budget_performance_mismatch"": 0.2, ""execution_management"": 0.2, ""fiscal_impact"": 0.4, ""performance_gap"": 0.2}"
102:2023:산업·중소기업및에너지:창업및벤처:5100:SPECIAL_ACCOUNT,102,산업·중소기업및에너지,창업및벤처,5100,2023,SPECIAL_ACCOUNT,창업환경조성,MODERATE_OR_CONTEXT_REVIEW,PERFORMANCE_BELOW_TARGET,152403000000,0.5454545454545454,0.3333333333333333,0.0,0.0,0.5579710144927537,fiscal_impact_adjusted,0.2898550724637681,0.2848484848484848,130,130.0,130,0.4391304347826087,25,25.0,25,0.41463414634146345,"{""budget_performance_mismatch"": 0.2, ""execution_management"": 0.2, ""fiscal_impact"": 0.4, ""performance_gap"": 0.2}"
162:2023:통신:방송통신:2400:FUND,162,통신,방송통신,2400,2023,FUND,통신정책지원,MODERATE_OR_CONTEXT_REVIEW,EXECUTION_MANAGEMENT;ACCOUNTING_ADJUSTMENT_CONTEXT;PROGRAM_STRUCTURE_CONTEXT,32881000000,0.29310344827586204,0.0,0.02673276360208023,0.0,0.26811594202898553,fiscal_impact_adjusted,0.11259292953201026,0.12258793203076088,218,218.0,218,0.05652173913043479,62,62.0,62,0.08955223880597019,"{""budget_performance_mismatch"": 0.2, ""execution_management"": 0.2, ""fiscal_impact"": 0.4, ""performance_gap"": 0.2}"
162:2024:통신:정보통신:2200:FUND,162,통신,정보통신,2200,2024,FUND,SW산업진흥,MODERATE_OR_CONTEXT_REVIEW,BUDGET_PERFORMANCE_MISMATCH,353937000000,0.8983050847457628,0.0,0.0,0.0015822024823626804,0.7372262773722628,fiscal_impact_adjusted,0.2952069514453777,0.3596384743947777,127,127.0,127,0.4521739130434783,22,22.0,22,0.6865671641791045,"{""budget_performance_mismatch"": 0.2, ""execution_management"": 0.2, ""fiscal_impact"": 0.4, ""performance_gap"": 0.2}"
075:2024:보건:건강보험:4900:FUND,075,보건,건강보험,4900,2024,FUND,건강보험제도 운영,MODERATE_OR_CONTEXT_REVIEW,EXECUTION_MANAGEMENT;PROGRAM_STRUCTURE_CONTEXT,1902181000000,0.7948717948717948,0.0,0.5,0.0,0.8759124087591241,fiscal_impact_adjusted,0.45036496350364963,0.4179487179487179,42,42.0,42,0.8217391304347826,16,16.0,16,0.8125,"{""budget_performance_mismatch"": 0.2, ""execution_management"": 0.2, ""fiscal_impact"": 0.4, ""performance_gap"": 0.2}"
075:2024:보건:건강보험:4900:GENERAL_ACCOUNT,075,보건,건강보험,4900,2024,GENERAL_ACCOUNT,건강보험제도 운영,MODERATE_OR_CONTEXT_REVIEW,EXECUTION_MANAGEMENT;ACCOUNTING_ADJUSTMENT_CONTEXT;PROGRAM_STRUCTURE_CONTEXT,11804813000000,0.9230769230769231,0.0,0.43472171054297937,0.0,0.9708029197080292,fiscal_impact_adjusted,0.47526550999180756,0.4561751113393651,32,32.0,32,0.8652173913043478,11,11.0,11,0.875,"{""budget_performance_mismatch"": 0.2, ""execution_management"": 0.2, ""fiscal_impact"": 0.4, ""performance_gap"": 0.2}"
019:2024:사회복지:고용:1200:GENERAL_ACCOUNT,019,사회복지,고용,1200,2024,GENERAL_ACCOUNT,고용안전망확충,MODERATE_OR_CONTEXT_REVIEW,BUDGET_PERFORMANCE_MISMATCH;PROGRAM_STRUCTURE_CONTEXT,1816210000000,0.8421052631578947,0.0,0.0,0.0012493048711327435,0.8686131386861314,fiscal_impact_adjusted,0.3476951164486791,0.3370919662373844,96,96.0,96,0.5869565217391304,22,22.0,22,0.46153846153846156,"{""budget_performance_mismatch"": 0.2, ""execution_management"": 0.2, ""fiscal_impact"": 0.4, ""performance_gap"": 0.2}"
162:2024:과학기술:과학기술연구지원:4600:GENERAL_ACCOUNT,162,과학기술,과학기술연구지원,4600,2024,GENERAL_ACCOUNT,공공연구성과활성화,MODERATE_OR_CONTEXT_REVIEW,BUDGET_PERFORMANCE_MISMATCH,63630000000,0.5423728813559322,0.0,0.0,0.023840955524123842,0.43795620437956206,fiscal_impact_adjusted,0.1799506728566496,0.22171734364719767,193,193.0,193,0.16521739130434787,43,43.0,43,0.3731343283582089,"{""budget_performance_mismatch"": 0.2, ""execution_management"": 0.2, ""fiscal_impact"": 0.4, ""performance_gap"": 0.2}"
162:2024:과학기술:과학기술연구지원:1600:GENERAL_ACCOUNT,162,과학기술,과학기술연구지원,1600,2024,GENERAL_ACCOUNT,과학기술기반조성,MODERATE_OR_CONTEXT_REVIEW,EXECUTION_MANAGEMENT;PROGRAM_STRUCTURE_CONTEXT,43663000000,0.3559322033898305,0.0,0.38218858072051853,0.0,0.32116788321167883,fiscal_impact_adjusted,0.20490486942877525,0.21881059750003592,178,178.0,178,0.23043478260869565,44,44.0,44,0.35820895522388063,"{""budget_performance_mismatch"": 0.2, ""execution_management"": 0.2, ""fiscal_impact"": 0.4, ""performance_gap"": 0.2}"
162:2024:과학기술:과학기술인력및문화:1700:FUND,162,과학기술,과학기술인력및문화,1700,2024,FUND,과학기술인력양성,MODERATE_OR_CONTEXT_REVIEW,EXECUTION_MANAGEMENT,38149000000,0.3220338983050847,0.0,0.02125874859105088,0.0,0.29927007299270075,fiscal_impact_adjusted,0.12395977891529047,0.13306530904024405,214,214.0,214,0.07391304347826089,59,59.0,59,0.13432835820895528,"{""budget_performance_mismatch"": 0.2, ""execution_management"": 0.2, ""fiscal_impact"": 0.4, ""performance_gap"": 0.2}"
162:2024:교육:고등교육:2200:GENERAL_ACCOUNT,162,교육,고등교육,2200,2024,GENERAL_ACCOUNT,과학기술인력양성,MODERATE_OR_CONTEXT_REVIEW,EXECUTION_MANAGEMENT,188107000000,0.8135593220338984,0.0,0.1367253743879813,0.0,0.6204379562043796,fiscal_impact_adjusted,0.2755202573593481,0.3527688036911556,138,138.0,138,0.4043478260869565,25,25.0,25,0.6417910447761195,"{""budget_performance_mismatch"": 0.2, ""execution_management"": 0.2, ""fiscal_impact"": 0.4, ""performance_gap"": 0.2}"
162:2024:통신:방송통신:7000:GENERAL_ACCOUNT,162,통신,방송통신,7000,2024,GENERAL_ACCOUNT,과학기술정보통신부운영지원,MODERATE_OR_CONTEXT_REVIEW,EXECUTION_MANAGEMENT;ACCOUNTING_ADJUSTMENT_CONTEXT,22184000000,0.288135593220339,0.0,0.043544897223223945,0.0,0.24087591240875914,fiscal_impact_adjusted,0.10505934440814844,0.12396321673278039,220,220.0,220,0.047826086956521685,61,61.0,61,0.10447761194029848,"{""budget_performance_mismatch"": 0.2, ""execution_management"": 0.2, ""fiscal_impact"": 0.4, ""performance_gap"": 0.2}"
162:2024:과학기술:과학기술인력및문화:2300:RESPONSIBLE_OPERATION_ACCOUNT,162,과학기술,과학기술인력및문화,2300,2024,RESPONSIBLE_OPERATION_ACCOUNT,국립과천과학관운영,MODERATE_OR_CONTEXT_REVIEW,EXECUTION_MANAGEMENT;ACCOUNTING_ADJUSTMENT_CONTEXT;PROGRAM_STRUCTURE_CONTEXT,3344000000,0.0847457627118644,0.0,0.5,0.0,0.043795620437956206,fiscal_impact_adjusted,0.11751824817518249,0.13389830508474576,216,216.0,216,0.06521739130434778,58,58.0,58,0.14925373134328357,"{""budget_performance_mismatch"": 0.2, ""execution_management"": 0.2, ""fiscal_impact"": 0.4, ""performance_gap"": 0.2}"
075:2024:보건:보건의료:3900:RESPONSIBLE_OPERATION_ACCOUNT,075,보건,보건의료,3900,2024,RESPONSIBLE_OPERATION_ACCOUNT,국립부곡병원,MODERATE_OR_CONTEXT_REVIEW,EXECUTION_MANAGEMENT;ACCOUNTING_ADJUSTMENT_CONTEXT;PROGRAM_STRUCTURE_CONTEXT,7700000000,0.1794871794871795,0.0,0.5,0.0,0.13138686131386862,fiscal_impact_adjusted,0.15255474452554746,0.1717948717948718,203,203.0,203,0.12173913043478257,76,76.0,76,0.0625,"{""budget_performance_mismatch"": 0.2, ""execution_management"": 0.2, ""fiscal_impact"": 0.4, ""performance_gap"": 0.2}"
075:2024:보건:보건의료:3700:RESPONSIBLE_OPERATION_ACCOUNT,075,보건,보건의료,3700,2024,RESPONSIBLE_OPERATION_ACCOUNT,국립정신건강센터,MODERATE_OR_CONTEXT_REVIEW,EXECUTION_MANAGEMENT;PROGRAM_STRUCTURE_CONTEXT,18736000000,0.2564102564102564,0.0,0.5,0.0,0.2116788321167883,fiscal_impact_adjusted,0.18467153284671534,0.20256410256410257,192,192.0,192,0.16956521739130437,73,73.0,73,0.09999999999999998,"{""budget_performance_mismatch"": 0.2, ""execution_management"": 0.2, ""fiscal_impact"": 0.4, ""performance_gap"": 0.2}"
075:2024:보건:보건의료:3300:FUND,075,보건,보건의료,3300,2024,FUND,국민건강생활실천,MODERATE_OR_CONTEXT_REVIEW,PERFORMANCE_BELOW_TARGET,362739000000,0.717948717948718,1.0,0.0,0.0,0.7445255474452555,fiscal_impact_adjusted,0.4978102189781022,0.4871794871794872,23,23.0,23,0.9043478260869565,5,5.0,5,0.95,"{""budget_performance_mismatch"": 0.2, ""execution_management"": 0.2, ""fiscal_impact"": 0.4, ""performance_gap"": 0.2}"
075:2024:사회복지:공적연금:7400:FUND,075,사회복지,공적연금,7400,2024,FUND,국민연금운영(여유자금운영위탁 등),MODERATE_OR_CONTEXT_REVIEW,EXECUTION_MANAGEMENT;ACCOUNTING_ADJUSTMENT_CONTEXT,349971000000,0.6923076923076923,0.0,0.07779501730143355,0.0,0.7299270072992701,fiscal_impact_adjusted,0.3075298063799948,0.29248208038336365,118,118.0,118,0.491304347826087,49,49.0,49,0.4,"{""budget_performance_mismatch"": 0.2, ""execution_management"": 0.2, ""fiscal_impact"": 0.4, ""performance_gap"": 0.2}"
019:2024:사회복지:노동:3000:FUND,019,사회복지,노동,3000,2024,FUND,근로조건보호및복지증진,MODERATE_OR_CONTEXT_REVIEW,EXECUTION_MANAGEMENT;ACCOUNTING_ADJUSTMENT_CONTEXT,1024671000000,0.631578947368421,0.0,0.021786505131891114,0.0,0.8248175182481752,fiscal_impact_adjusted,0.3342843083256483,0.25698887997374664,107,107.0,107,0.5391304347826087,27,27.0,27,0.33333333333333337,"{""budget_performance_mismatch"": 0.2, ""execution_management"": 0.2, ""fiscal_impact"": 0.4, ""performance_gap"": 0.2}"
019:2024:사회복지:노동:3000:GENERAL_ACCOUNT,019,사회복지,노동,3000,2024,GENERAL_ACCOUNT,근로조건보호및복지증진,MODERATE_OR_CONTEXT_REVIEW,EXECUTION_MANAGEMENT;ACCOUNTING_ADJUSTMENT_CONTEXT,62340000000,0.21052631578947367,0.0,0.10290343278793712,0.0,0.4306569343065693,fiscal_impact_adjusted,0.19284346028021518,0.10479121287337691,187,187.0,187,0.19130434782608696,37,37.0,37,0.07692307692307687,"{""budget_performance_mismatch"": 0.2, ""execution_management"": 0.2, ""fiscal_impact"": 0.4, ""performance_gap"": 0.2}"
102:2024:산업·중소기업및에너지:창업및벤처:2400:FUND,102,산업·중소기업및에너지,창업및벤처,2400,2024,FUND,기술금융지원,MODERATE_OR_CONTEXT_REVIEW,EXECUTION_MANAGEMENT;PROGRAM_STRUCTURE_CONTEXT,1594802000000,0.85,0.0,0.03430394494112749,0.0,0.8540145985401459,fiscal_impact_adjusted,0.3484666284042839,0.34686078898822553,94,94.0,94,0.5956521739130435,20,20.0,20,0.5365853658536586,"{""budget_performance_mismatch"": 0.2, ""execution_management"": 0.2, ""fiscal_impact"": 0.4, ""performance_gap"": 0.2}"
075:2024:사회복지:기초생활보장:1100:GENERAL_ACCOUNT,075,사회복지,기초생활보장,1100,2024,GENERAL_ACCOUNT,기초생활보장,MODERATE_OR_CONTEXT_REVIEW,EXECUTION_MANAGEMENT;ACCOUNTING_ADJUSTMENT_CONTEXT,17919672000000,0.9487179487179487,0.0,3.9063214996345917e-07,0.0,0.9854014598540146,fiscal_impact_adjusted,0.39416066206803585,0.37948725761360946,61,61.0,61,0.7391304347826086,28,28.0,28,0.6625,"{""budget_performance_mismatch"": 0.2, ""execution_management"": 0.2, ""fiscal_impact"": 0.4, ""performance_gap"": 0.2}"
075:2024:사회복지:노인:2100:GENERAL_ACCOUNT,075,사회복지,노인,2100,2024,GENERAL_ACCOUNT,노인생활안정,MODERATE_OR_CONTEXT_REVIEW,EXECUTION_MANAGEMENT;PROGRAM_STRUCTURE_CONTEXT,22337160000000,0.9743589743589743,0.0,0.0001818046698864135,0.0,0.9927007299270073,fiscal_impact_adjusted,0.39711665290478027,0.38977995067756704,60,60.0,60,0.7434782608695651,24,24.0,24,0.7125,"{""budget_performance_mismatch"": 0.2, ""execution_management"": 0.2, ""fiscal_impact"": 0.4, ""performance_gap"": 0.2}"
075:2024:사회복지:노인:2200:FUND,075,사회복지,노인,2200,2024,FUND,노인의료보장,MODERATE_OR_CONTEXT_REVIEW,EXECUTION_MANAGEMENT;PROGRAM_STRUCTURE_CONTEXT,200322000000,0.5384615384615384,0.0,0.02079901358812312,0.0,0.635036496350365,fiscal_impact_adjusted,0.25817440125777064,0.21954441810224,149,149.0,149,0.35652173913043483,69,69.0,69,0.15000000000000002,"{""budget_performance_mismatch"": 0.2, ""execution_management"": 0.2, ""fiscal_impact"": 0.4, ""performance_gap"": 0.2}"
075:2024:사회복지:노인:2200:SPECIAL_ACCOUNT,075,사회복지,노인,2200,2024,SPECIAL_ACCOUNT,노인의료보장,MODERATE_OR_CONTEXT_REVIEW,BUDGET_PERFORMANCE_MISMATCH;ACCOUNTING_ADJUSTMENT_CONTEXT;PROGRAM_STRUCTURE_CONTEXT,21711000000,0.28205128205128205,0.0,0.0,1.0,0.23357664233576642,fiscal_impact_adjusted,0.2934306569343066,0.3128205128205128,128,128.0,128,0.4478260869565217,46,46.0,46,0.4375,"{""budget_performance_mismatch"": 0.2, ""execution_management"": 0.2, ""fiscal_impact"": 0.4, ""performance_gap"": 0.2}"
162:2024:과학기술:과학기술연구개발:1100:GENERAL_ACCOUNT,162,과학기술,과학기술연구개발,1100,2024,GENERAL_ACCOUNT,미래유망원천기술개발,MODERATE_OR_CONTEXT_REVIEW,BUDGET_PERFORMANCE_MISMATCH;ACCOUNTING_ADJUSTMENT_CONTEXT,912332000000,0.9491525423728814,0.0,0.0,0.0031929166136888763,0.8029197080291971,fiscal_impact_adjusted,0.32180646653441664,0.3802996002718903,112,112.0,112,0.5173913043478261,18,18.0,18,0.7462686567164178,"{""budget_performance_mismatch"": 0.2, ""execution_management"": 0.2, ""fiscal_impact"": 0.4, ""performance_gap"": 0.2}"
162:2024:과학기술:과학기술연구개발:1100:SPECIAL_ACCOUNT,162,과학기술,과학기술연구개발,1100,2024,SPECIAL_ACCOUNT,미래유망원천기술개발,MODERATE_OR_CONTEXT_REVIEW,BUDGET_PERFORMANCE_MISMATCH,234200000000,0.8305084745762712,0.0,0.0,0.0012809564474807857,0.6715328467153284,fiscal_impact_adjusted,0.26886932997562757,0.3324595811200047,144,144.0,144,0.37826086956521743,29,29.0,29,0.582089552238806,"{""budget_performance_mismatch"": 0.2, ""execution_management"": 0.2, ""fiscal_impact"": 0.4, ""performance_gap"": 0.2}"
102:2024:산업·중소기업및에너지:창업및벤처:5200:GENERAL_ACCOUNT,102,산업·중소기업및에너지,창업및벤처,5200,2024,GENERAL_ACCOUNT,벤처기업활성화지원,MODERATE_OR_CONTEXT_REVIEW,BUDGET_PERFORMANCE_MISMATCH;PROGRAM_STRUCTURE_CONTEXT,9846000000,0.1,0.0,0.0,0.08947796059313427,0.145985401459854,fiscal_impact_adjusted,0.07628975270256846,0.05789559211862687,231,231.0,231,0.0,42,42.0,42,0.0,"{""budget_performance_mismatch"": 0.2, ""execution_management"": 0.2, ""fiscal_impact"": 0.4, ""performance_gap"": 0.2}"
162:2024:과학기술:과학기술연구개발:1500:GENERAL_ACCOUNT,162,과학기술,과학기술연구개발,1500,2024,GENERAL_ACCOUNT,사회문제해결,MODERATE_OR_CONTEXT_REVIEW,BUDGET_PERFORMANCE_MISMATCH,19084000000,0.2542372881355932,0.0,0.0,0.06759589184657304,0.21897810218978103,fiscal_impact_adjusted,0.10111041924522703,0.11521409362355191,222,222.0,222,0.03913043478260869,63,63.0,63,0.07462686567164178,"{""budget_performance_mismatch"": 0.2, ""execution_management"": 0.2, ""fiscal_impact"": 0.4, ""performance_gap"": 0.2}"
075:2024:사회복지:사회복지일반:2600:GENERAL_ACCOUNT,075,사회복지,사회복지일반,2600,2024,GENERAL_ACCOUNT,사회복지기반조성,MODERATE_OR_CONTEXT_REVIEW,EXECUTION_MANAGEMENT;ACCOUNTING_ADJUSTMENT_CONTEXT,199538000000,0.5128205128205128,0.0,0.026481171506179273,0.0,0.6277372262773723,fiscal_impact_adjusted,0.2563911248121848,0.210424439429441,151,151.0,151,0.34782608695652173,72,72.0,72,0.11250000000000004,"{""budget_performance_mismatch"": 0.2, ""execution_management"": 0.2, ""fiscal_impact"": 0.4, ""performance_gap"": 0.2}"
019:2024:사회복지:노동:4000:FUND,019,사회복지,노동,4000,2024,FUND,산재보험,MODERATE_OR_CONTEXT_REVIEW,EXECUTION_MANAGEMENT;ACCOUNTING_ADJUSTMENT_CONTEXT;PROGRAM_STRUCTURE_CONTEXT,8100653000000,0.9473684210526315,0.0,0.0004334835722502865,0.0,0.9635036496350365,fiscal_impact_adjusted,0.3854881565684647,0.3790340651355027,69,69.0,69,0.7043478260869565,16,16.0,16,0.6153846153846154,"{""budget_performance_mismatch"": 0.2, ""execution_management"": 0.2, ""fiscal_impact"": 0.4, ""performance_gap"": 0.2}"
102:2024:산업·중소기업및에너지:중소기업및소상공인육성:4100:FUND,102,산업·중소기업및에너지,중소기업및소상공인육성,4100,2024,FUND,소상공인·전통시장지원,MODERATE_OR_CONTEXT_REVIEW,BUDGET_PERFORMANCE_MISMATCH;ACCOUNTING_ADJUSTMENT_CONTEXT;PROGRAM_STRUCTURE_CONTEXT,4918197000000,1.0,0.0,0.0,0.00047680074628974803,0.9416058394160584,fiscal_impact_adjusted,0.3767376959156813,0.40009536014925795,79,79.0,79,0.6608695652173913,12,12.0,12,0.7317073170731707,"{""budget_performance_mismatch"": 0.2, ""execution_management"": 0.2, ""fiscal_impact"": 0.4, ""performance_gap"": 0.2}"
102:2024:산업·중소기업및에너지:중소기업및소상공인육성:4100:SPECIAL_ACCOUNT,102,산업·중소기업및에너지,중소기업및소상공인육성,4100,2024,SPECIAL_ACCOUNT,소상공인·전통시장지원,MODERATE_OR_CONTEXT_REVIEW,EXECUTION_MANAGEMENT;PROGRAM_STRUCTURE_CONTEXT,26046000000,0.2,0.0,0.04565000383936113,0.0,0.24817518248175183,fiscal_impact_adjusted,0.10840007376057297,0.08913000076787224,219,219.0,219,0.05217391304347829,39,39.0,39,0.07317073170731703,"{""budget_performance_mismatch"": 0.2, ""execution_management"": 0.2, ""fiscal_impact"": 0.4, ""performance_gap"": 0.2}"
162:2024:통신:우정:5300:SPECIAL_ACCOUNT,162,통신,우정,5300,2024,SPECIAL_ACCOUNT,우체국보험,MODERATE_OR_CONTEXT_REVIEW,EXECUTION_MANAGEMENT;PROGRAM_STRUCTURE_CONTEXT,292782000000,0.8813559322033898,0.0,0.03996318079663367,0.0,0.708029197080292,fiscal_impact_adjusted,0.2912043149914435,0.36053500904068264,129,129.0,129,0.4434782608695652,21,21.0,21,0.7014925373134329,"{""budget_performance_mismatch"": 0.2, ""execution_management"": 0.2, ""fiscal_impact"": 0.4, ""performance_gap"": 0.2}"
162:2024:과학기술:과학기술연구개발:1400:FUND,162,과학기술,과학기술연구개발,1400,2024,FUND,원자력 진흥,MODERATE_OR_CONTEXT_REVIEW,EXECUTION_MANAGEMENT,125611000000,0.711864406779661,0.0,0.049677177954160066,0.0,0.5547445255474452,fiscal_impact_adjusted,0.23183324580981013,0.29468119830269646,167,167.0,167,0.27826086956521734,36,36.0,36,0.4776119402985075,"{""budget_performance_mismatch"": 0.2, ""execution_management"": 0.2, ""fiscal_impact"": 0.4, ""performance_gap"": 0.2}"
075:2024:보건:보건의료:2800:FUND,075,보건,보건의료,2800,2024,FUND,응급의료체계운영지원,MODERATE_OR_CONTEXT_REVIEW,EXECUTION_MANAGEMENT,278809000000,0.6410256410256411,0.0,0.02043872328368166,0.0,0.7007299270072993,fiscal_impact_adjusted,0.28437971545965607,0.2604980010669928,133,133.0,133,0.4260869565217391,57,57.0,57,0.30000000000000004,"{""budget_performance_mismatch"": 0.2, ""execution_management"": 0.2, ""fiscal_impact"": 0.4, ""performance_gap"": 0.2}"
162:2024:통신:정보통신:2600:FUND,162,통신,정보통신,2600,2024,FUND,인공지능데이터진흥,MODERATE_OR_CONTEXT_REVIEW,EXECUTION_MANAGEMENT;ACCOUNTING_ADJUSTMENT_CONTEXT,260821000000,0.864406779661017,0.0,0.1176860758911284,0.0,0.6934306569343066,fiscal_impact_adjusted,0.30090947795194833,0.3692999270426325,124,124.0,124,0.4652173913043478,20,20.0,20,0.7164179104477613,"{""budget_performance_mismatch"": 0.2, ""execution_management"": 0.2, ""fiscal_impact"": 0.4, ""performance_gap"": 0.2}"
162:2024:통신:정보통신:2600:GENERAL_ACCOUNT,162,통신,정보통신,2600,2024,GENERAL_ACCOUNT,인공지능데이터진흥,MODERATE_OR_CONTEXT_REVIEW,BUDGET_PERFORMANCE_MISMATCH,235840000000,0.847457627118644,0.0,0.0,0.0020352781546811396,0.6788321167883211,fiscal_impact_adjusted,0.2719399023462647,0.33939010647839385,141,141.0,141,0.3913043478260869,27,27.0,27,0.6119402985074627,"{""budget_performance_mismatch"": 0.2, ""execution_management"": 0.2, ""fiscal_impact"": 0.4, ""performance_gap"": 0.2}"
162:2024:통신:정보통신:2000:GENERAL_ACCOUNT,162,통신,정보통신,2000,2024,GENERAL_ACCOUNT,인터넷융합산업,MODERATE_OR_CONTEXT_REVIEW,BUDGET_PERFORMANCE_MISMATCH,87571000000,0.5932203389830508,0.0,0.0,0.013703166573409005,0.4744525547445255,fiscal_impact_adjusted,0.192521655212492,0.24002876890790215,189,189.0,189,0.18260869565217386,41,41.0,41,0.4029850746268657,"{""budget_performance_mismatch"": 0.2, ""execution_management"": 0.2, ""fiscal_impact"": 0.4, ""performance_gap"": 0.2}"
075:2024:사회복지:아동·보육:2500:GENERAL_ACCOUNT,075,사회복지,아동·보육,2500,2024,GENERAL_ACCOUNT,저출산대응및인구정책지원,MODERATE_OR_CONTEXT_REVIEW,EXECUTION_MANAGEMENT;PROGRAM_STRUCTURE_CONTEXT,2559864000000,0.8461538461538461,0.0,0.00016563379929558758,0.0,0.9124087591240876,fiscal_impact_adjusted,0.36499663040949415,0.3384946652213976,86,86.0,86,0.6304347826086957,39,39.0,39,0.525,"{""budget_performance_mismatch"": 0.2, ""execution_management"": 0.2, ""fiscal_impact"": 0.4, ""performance_gap"": 0.2}"
162:2024:통신:정보통신:2300:GENERAL_ACCOUNT,162,통신,정보통신,2300,2024,GENERAL_ACCOUNT,정보보호및활용,MODERATE_OR_CONTEXT_REVIEW,BUDGET_PERFORMANCE_MISMATCH,127718000000,0.7457627118644068,0.0,0.0,0.004384659953961071,0.5693430656934306,fiscal_impact_adjusted,0.22861415826816447,0.299182016736555,170,170.0,170,0.26521739130434785,35,35.0,35,0.4925373134328358,"{""budget_performance_mismatch"": 0.2, ""execution_management"": 0.2, ""fiscal_impact"": 0.4, ""performance_gap"": 0.2}"
162:2024:문화및관광:문화예술:1200:FUND,162,문화및관광,문화예술,1200,2024,FUND,정보통신방송국제협력,MODERATE_OR_CONTEXT_REVIEW,EXECUTION_MANAGEMENT,15304000000,0.22033898305084745,0.0,0.08759147935180345,0.0,0.1897810218978102,fiscal_impact_adjusted,0.09343070462948477,0.10565388909069967,224,224.0,224,0.0304347826086957,66,66.0,66,0.02985074626865669,"{""budget_performance_mismatch"": 0.2, ""execution_management"": 0.2, ""fiscal_impact"": 0.4, ""performance_gap"": 0.2}"
162:2024:문화및관광:문화예술:1600:FUND,162,문화및관광,문화예술,1600,2024,FUND,정보통신방송기반조성,MODERATE_OR_CONTEXT_REVIEW,BUDGET_PERFORMANCE_MISMATCH;ACCOUNTING_ADJUSTMENT_CONTEXT,14763000000,0.2033898305084746,0.0,0.0,0.3409198672356567,0.18248175182481752,fiscal_impact_adjusted,0.14117667417705837,0.1495399056505212,211,211.0,211,0.08695652173913049,56,56.0,56,0.17910447761194026,"{""budget_performance_mismatch"": 0.2, ""execution_management"": 0.2, ""fiscal_impact"": 0.4, ""performance_gap"": 0.2}"
162:2024:통신:정보통신:2100:GENERAL_ACCOUNT,162,통신,정보통신,2100,2024,GENERAL_ACCOUNT,정보통신융합산업,MODERATE_OR_CONTEXT_REVIEW,BUDGET_PERFORMANCE_MISMATCH,138052000000,0.7627118644067796,0.0,0.0,0.017239880624692144,0.5766423357664233,fiscal_impact_adjusted,0.23410491043150777,0.30853272188765035,166,166.0,166,0.28260869565217395,32,32.0,32,0.5373134328358209,"{""budget_performance_mismatch"": 0.2, ""execution_management"": 0.2, ""fiscal_impact"": 0.4, ""performance_gap"": 0.2}"
102:2024:산업·중소기업및에너지:무역및투자유치:3100:FUND,102,산업·중소기업및에너지,무역및투자유치,3100,2024,FUND,중소기업수출촉진지원,MODERATE_OR_CONTEXT_REVIEW,EXECUTION_MANAGEMENT,45557000000,0.4,0.0,0.5,0.0,0.3357664233576642,fiscal_impact_adjusted,0.2343065693430657,0.26,165,165.0,165,0.28695652173913044,27,27.0,27,0.36585365853658536,"{""budget_performance_mismatch"": 0.2, ""execution_management"": 0.2, ""fiscal_impact"": 0.4, ""performance_gap"": 0.2}"
102:2024:산업·중소기업및에너지:중소기업및소상공인육성:5400:GENERAL_ACCOUNT,102,산업·중소기업및에너지,중소기업및소상공인육성,5400,2024,GENERAL_ACCOUNT,중소기업인력지원,MODERATE_OR_CONTEXT_REVIEW,BUDGET_PERFORMANCE_MISMATCH,231315000000,0.65,0.0,0.0,0.5332079631671098,0.656934306569343,fiscal_impact_adjusted,0.3694153152611592,0.366641592633422,82,82.0,82,0.6478260869565218,18,18.0,18,0.5853658536585367,"{""budget_performance_mismatch"": 0.2, ""execution_management"": 0.2, ""fiscal_impact"": 0.4, ""performance_gap"": 0.2}"
102:2024:산업·중소기업및에너지:창업및벤처:5100:FUND,102,산업·중소기업및에너지,창업및벤처,5100,2024,FUND,창업환경조성,MODERATE_OR_CONTEXT_REVIEW,PERFORMANCE_BELOW_TARGET,2728640000000,0.95,1.0,0.0,0.0,0.927007299270073,fiscal_impact_adjusted,0.5708029197080292,0.5800000000000001,10,10.0,10,0.9608695652173913,3,3.0,3,0.9512195121951219,"{""budget_performance_mismatch"": 0.2, ""execution_management"": 0.2, ""fiscal_impact"": 0.4, ""performance_gap"": 0.2}"
102:2024:산업·중소기업및에너지:창업및벤처:5100:GENERAL_ACCOUNT,102,산업·중소기업및에너지,창업및벤처,5100,2024,GENERAL_ACCOUNT,창업환경조성,MODERATE_OR_CONTEXT_REVIEW,PERFORMANCE_BELOW_TARGET,706371000000,0.75,1.0,0.0,0.0,0.7883211678832117,fiscal_impact_adjusted,0.5153284671532847,0.5,19,19.0,19,0.9217391304347826,6,6.0,6,0.8780487804878049,"{""budget_performance_mismatch"": 0.2, ""execution_management"": 0.2, ""fiscal_impact"": 0.4, ""performance_gap"": 0.2}"
102:2024:산업·중소기업및에너지:창업및벤처:5100:SPECIAL_ACCOUNT,102,산업·중소기업및에너지,창업및벤처,5100,2024,SPECIAL_ACCOUNT,창업환경조성,MODERATE_OR_CONTEXT_REVIEW,PERFORMANCE_BELOW_TARGET,81886000000,0.45,1.0,0.0,0.0,0.45985401459854014,fiscal_impact_adjusted,0.38394160583941606,0.38,71,71.0,71,0.6956521739130435,14,14.0,14,0.6829268292682926,"{""budget_performance_mismatch"": 0.2, ""execution_management"": 0.2, ""fiscal_impact"": 0.4, ""performance_gap"": 0.2}"
162:2024:문화및관광:문화예술:1100:GENERAL_ACCOUNT,162,문화및관광,문화예술,1100,2024,GENERAL_ACCOUNT,콘텐츠방송산업육성,MODERATE_OR_CONTEXT_REVIEW,BUDGET_PERFORMANCE_MISMATCH,52385000000,0.4576271186440678,0.0,0.0,0.050033406509496996,0.3795620437956204,fiscal_impact_adjusted,0.16183149882014758,0.19305752875952653,198,198.0,198,0.14347826086956517,48,48.0,48,0.29850746268656714,"{""budget_performance_mismatch"": 0.2, ""execution_management"": 0.2, ""fiscal_impact"": 0.4, ""performance_gap"": 0.2}"
162:2024:통신:방송통신:2400:FUND,162,통신,방송통신,2400,2024,FUND,통신정책지원,MODERATE_OR_CONTEXT_REVIEW,EXECUTION_MANAGEMENT,16096000000,0.23728813559322035,0.0,0.054858349900596425,0.0,0.20437956204379562,fiscal_impact_adjusted,0.09272349479763753,0.10588692421740742,226,226.0,226,0.021739130434782594,65,65.0,65,0.04477611940298509,"{""budget_performance_mismatch"": 0.2, ""execution_management"": 0.2, ""fiscal_impact"": 0.4, ""performance_gap"": 0.2}"
075:2024:보건:보건의료:3200:GENERAL_ACCOUNT,075,보건,보건의료,3200,2024,GENERAL_ACCOUNT,한의학연구및정책개발,MODERATE_OR_CONTEXT_REVIEW,EXECUTION_MANAGEMENT,48507000000,0.38461538461538464,0.0,0.011183952831550086,0.0,0.35766423357664234,fiscal_impact_adjusted,0.14530248399696696,0.15608294441246387,209,209.0,209,0.09565217391304348,78,78.0,78,0.03749999999999998,"{""budget_performance_mismatch"": 0.2, ""execution_management"": 0.2, ""fiscal_impact"": 0.4, ""performance_gap"": 0.2}"
