source_indicator_id,ministry_code,ministry_name,fiscal_year,strategic_goal_number,program_goal_number,source_program_code,performance_program_name,manual_indicator_name_plan,manual_indicator_name_report,manual_indicator_unit,manual_indicator_direction_raw,manual_planned_target_raw,manual_actual_value_raw,manual_official_achievement_rate_raw,pdf_plan_program_name,pdf_plan_indicator_name,pdf_plan_unit,pdf_plan_direction_raw,pdf_plan_target_raw,documented_change_target_before_raw,documented_change_target_after_raw,documented_change_reason_raw,documented_change_source_file,documented_change_split_pdf_page,documented_change_source_pdf_page,documented_change_printed_page,documented_change_ocr_conflict,documented_change_report_conflict,pdf_report_program_name,pdf_report_indicator_name,pdf_report_unit,pdf_report_target_raw,pdf_report_actual_raw,pdf_report_official_achievement_rate_raw,planned_target_numeric_manual,planned_target_numeric_pdf,report_target_numeric_pdf,actual_value_numeric_manual,actual_value_numeric_pdf,official_achievement_rate_numeric_manual,official_achievement_rate_numeric_pdf,computed_achievement_rate,plan_target_change_abs,plan_target_change_pct,report_target_change_abs,report_target_change_pct,report_actual_change_abs,report_actual_change_pct,report_achievement_rate_change_abs_pp,plan_vs_report_target_change_abs,plan_vs_report_target_change_pct,plan_name_match_status,plan_target_match_status,report_name_match_status,report_target_match_status,report_actual_match_status,report_achievement_rate_match_status,page_evidence_status,ocr_status,overall_reconciliation_status,review_reason,review_instruction,reviewer,review_status,review_note,review_confirmed_at,plan_source_file,plan_split_pdf_page,plan_source_pdf_page,plan_printed_page,plan_source_text,report_source_file,report_split_pdf_page,report_source_pdf_page,report_printed_page,report_source_text,source_trace
MSIT-2022-I1-01,162,과학기술정보통신부,2022,Ⅰ,Ⅰ-1,,미래유망원천 기술개발,국내외 SCI 논문 질적수준,국내외 SCI 논문 질적수준,점,,76.67,77.61,101.2,,국내외 SCI 논문 질적수준,,,76.67,76.67,76.67,o 예산감액 - 예산 규모 감소,2022년도 성과보고서_과학기술정보통신부-411-510.pdf,87.0,497.0,,False,False,,국내외 SCI 논문 질적수준,,76.67,77.61,101.2,76.67,76.67,76.67,77.61,77.61,101.2,101.2,,0.0,0.0,0.0,0.0,0.0,0.0,0.0,0.0,0.0,MATCH_AFTER_CHANGE,EXACT_MATCH,EXACT_MATCH,EXACT_MATCH,EXACT_MATCH,EXACT_MATCH,EXACT_MATCH,OCR_REQUIRED,OCR_REQUIRED,PLAN_TARGET_FROM_CHANGE_TABLE_ONLY;TARGET_CHANGE_REASON_DOCUMENTED_IN_별첨6,[계획서] 2022년도 성과계획서_과학기술정보통신부-459-546.pdf ?쪽(원본 ?쪽) / [별첨6 변경표] 2022년도 성과보고서_과학기술정보통신부-411-510.pdf 87쪽(원본 497쪽),,,,,2022년도 성과계획서_과학기술정보통신부-459-546.pdf,,,,,2022년도 성과보고서_과학기술정보통신부.pdf,41.0,41.0,,"국내외 SCI 논문 
질적수준
(점)
표준화된 
순위보정영향력지수 
: 
100×(N×rnIF-1)/(N-1), N : 분야내 저
널 수, rnIF : 순위보정영향력지수
목표
74.86
75.17
75.92
76.67
실적
75.17
73.47
76.67
77.61
달성률(%)
100.4
97.7
101.0
101.2",plan:별첨6만;plan_method:TEXT;report_method:FULL_TEXT
MSIT-2022-I1-02,162,과학기술정보통신부,2022,Ⅰ,Ⅰ-1,,미래유망원천 기술개발,등록특허 질적수준,등록특허 질적수준,점,,4.14,4.06,98.1,,등록특허 질적수준,,,4.14,4.14,4.14,o 예산감액 - 예산 규모 감소,2022년도 성과보고서_과학기술정보통신부-411-510.pdf,87.0,497.0,,False,False,,등록특허 질적수준,,4.14,4.06,98.1,4.14,4.14,4.14,4.06,4.06,98.1,98.1,,0.0,0.0,0.0,0.0,0.0,0.0,0.0,0.0,0.0,MATCH_AFTER_CHANGE,EXACT_MATCH,EXACT_MATCH,EXACT_MATCH,EXACT_MATCH,EXACT_MATCH,EXACT_MATCH,OCR_REQUIRED,OCR_REQUIRED,PLAN_TARGET_FROM_CHANGE_TABLE_ONLY;TARGET_CHANGE_REASON_DOCUMENTED_IN_별첨6,[계획서] 2022년도 성과계획서_과학기술정보통신부-459-546.pdf ?쪽(원본 ?쪽) / [별첨6 변경표] 2022년도 성과보고서_과학기술정보통신부-411-510.pdf 87쪽(원본 497쪽),,,,,2022년도 성과계획서_과학기술정보통신부-459-546.pdf,,,,,2022년도 성과보고서_과학기술정보통신부.pdf,41.0,41.0,,"등록특허 
질적수준
(점)
특허별 SMART 점수 합계 / 등록특
허수
목표
5.24
4.50
4.10
4.14
실적
4.10
4.02
4.10
4.06
달성률(%)
78.2
89.3
100.0
98.1",plan:별첨6만;plan_method:TEXT;report_method:FULL_TEXT
MSIT-2022-I2-01,162,과학기술정보통신부,2022,Ⅰ,Ⅰ-2,,기초연구진흥,IF상위 10% 학술지 논문 수,IF상위 10% 학술지 논문 수,건,,3433,3711,108.1,,IF상위 10% 학술지 논문 수,,,"3,433","3,433","3,433",o 예산감액 - 예산 규모 감소,2022년도 성과보고서_과학기술정보통신부-411-510.pdf,87.0,497.0,,False,False,,IF상위 10% 학술지 논문 수,,"3,433","3,711",108.1,3433.0,3433.0,3433.0,3711.0,3711.0,108.1,108.1,,0.0,0.0,0.0,0.0,0.0,0.0,0.0,0.0,0.0,MATCH_AFTER_CHANGE,EXACT_MATCH,EXACT_MATCH,EXACT_MATCH,EXACT_MATCH,EXACT_MATCH,EXACT_MATCH,OCR_REQUIRED,OCR_REQUIRED,PLAN_TARGET_FROM_CHANGE_TABLE_ONLY;TARGET_CHANGE_REASON_DOCUMENTED_IN_별첨6,[계획서] 2022년도 성과계획서_과학기술정보통신부-459-546.pdf ?쪽(원본 ?쪽) / [별첨6 변경표] 2022년도 성과보고서_과학기술정보통신부-411-510.pdf 87쪽(원본 497쪽),,,,,2022년도 성과계획서_과학기술정보통신부-459-546.pdf,,,,,2022년도 성과보고서_과학기술정보통신부.pdf,49.0,49.0,,"IF상위 10% 
학술지 논문 수
(건)
IF상위 10%학술지 논문발표 건수
목표
2,297
2,481
3,270
3,433
실적
2,944
3,260
3,918
3,711
달성률(%)
128.2
131.3
119.8
108.1",plan:별첨6만;plan_method:TEXT;report_method:FULL_TEXT
MSIT-2022-I2-02,162,과학기술정보통신부,2022,Ⅰ,Ⅰ-2,,기초연구진흥,표준화된 순위보정 영 향력 지수(mrnIF),표준화된 순위보정 영 향력 지수(mrnIF),-,,70.12,70.26,100.2,,표준화된 순위보정 영 향력 지수(mrnIF),,,70.12,70.12,70.12,o 예산감액 - 예산 규모 감소,2022년도 성과보고서_과학기술정보통신부-411-510.pdf,87.0,497.0,,False,False,,표준화된 순위보정 영 향력 지수(mrnIF),,70.12,70.26,100.2,70.12,70.12,70.12,70.26,70.26,100.2,100.2,,0.0,0.0,0.0,0.0,0.0,0.0,0.0,0.0,0.0,MATCH_AFTER_CHANGE,EXACT_MATCH,EXACT_MATCH,EXACT_MATCH,EXACT_MATCH,EXACT_MATCH,EXACT_MATCH,OCR_REQUIRED,OCR_REQUIRED,PLAN_TARGET_FROM_CHANGE_TABLE_ONLY;TARGET_CHANGE_REASON_DOCUMENTED_IN_별첨6,[계획서] 2022년도 성과계획서_과학기술정보통신부-459-546.pdf ?쪽(원본 ?쪽) / [별첨6 변경표] 2022년도 성과보고서_과학기술정보통신부-411-510.pdf 87쪽(원본 497쪽),,,,,2022년도 성과계획서_과학기술정보통신부-459-546.pdf,,,,,2022년도 성과보고서_과학기술정보통신부.pdf,49.0,49.0,,"순위보정 영향력 
지수(mrnIF)
(-)
 SCI논문의 표준화된 영향력지수 
합계÷SCI 논문수
목표
신규
신규
신규
70.12
실적
신규
신규
69.53
70.26
달성률(%)
-
-
-
100.2",plan:별첨6만;plan_method:TEXT;report_method:FULL_TEXT
MSIT-2022-I3-01,162,과학기술정보통신부,2022,Ⅰ,Ⅰ-3,,우주개발진흥,위성개발 단계별 핵심기술문서 달성건수(건)(누계),위성개발 단계별 핵심기술문서 달성건수(건)(누계),건수,,258,258,100,,위성개발 단계별 핵심기술문서 달성건수(건)(누계),,,258,258,258,o 예산감액 - 예산 규모 감소,2022년도 성과보고서_과학기술정보통신부-411-510.pdf,88.0,498.0,,False,False,,위성개발 단계별 핵심기술문서 달성건수(건)(누계),,258,258,,258.0,258.0,258.0,258.0,258.0,100.0,,,0.0,0.0,0.0,0.0,0.0,0.0,,0.0,0.0,MATCH_AFTER_CHANGE,EXACT_MATCH,EXACT_MATCH,EXACT_MATCH,EXACT_MATCH,PDF_MISSING_MANUAL_PRESENT,EXACT_MATCH,OCR_REQUIRED,OCR_REQUIRED,PLAN_TARGET_FROM_CHANGE_TABLE_ONLY;TARGET_CHANGE_REASON_DOCUMENTED_IN_별첨6,[계획서] 2022년도 성과계획서_과학기술정보통신부-459-546.pdf ?쪽(원본 ?쪽) / [보고서] 2022년도 성과보고서_과학기술정보통신부-411-510.pdf 5쪽(원본 415쪽) / [별첨6 변경표] 2022년도 성과보고서_과학기술정보통신부-411-510.pdf 88쪽(원본 498쪽),,,,,2022년도 성과계획서_과학기술정보통신부-459-546.pdf,,,,,2022년도 성과보고서_과학기술정보통신부-411-510.pdf,5.0,415.0,,"핵심기술문서 달
성건수(건)(누계) 
(건수)
결과
 ① 위성개발 단계별 
핵심기술문서 달
성건수(누계)
  ㅇ 측정산식 : 
2018년 이후 위
성 개발단계별 
확보한 표준 핵
심기술문서의 
실적건수(누적)
   ※ (1331) 인공위
성 개발/단위
사업의 5대 세
부사업에 한함
   - 5대 세부사업 : 
당해 단위사업 
전체예산의 
70.1% 
차지 
(2021년 기준) 
     : 다목적실용위
성개발(R&D), 
다목적실용위
성7호 성능개
량사업(R&D), 
차세대중형위
성개발(R&D), 
초소형위성군
집시스템개발
(R&D), 정지궤
도공공복합통
신위성개발
(R&D)
목표
108
183
258
실적
108
186
258",plan:별첨6만;plan_method:TEXT;report_method:TEXT
MSIT-2022-I3-02,162,과학기술정보통신부,2022,Ⅰ,Ⅰ-3,,우주개발진흥,한국형발사체 기술달성도,한국형발사체 기술달성도,%,,100,100,100,,한국형발사체 기술달성도,,,100,100,100,o 예산감액 - 예산 규모 감소,2022년도 성과보고서_과학기술정보통신부-411-510.pdf,88.0,498.0,,False,False,,한국형발사체 기술달성도,,100,100,100.0,100.0,100.0,100.0,100.0,100.0,100.0,100.0,,0.0,0.0,0.0,0.0,0.0,0.0,0.0,0.0,0.0,MATCH_AFTER_CHANGE,EXACT_MATCH,EXACT_MATCH,EXACT_MATCH,EXACT_MATCH,EXACT_MATCH,EXACT_MATCH,OCR_REQUIRED,OCR_REQUIRED,PLAN_TARGET_FROM_CHANGE_TABLE_ONLY;TARGET_CHANGE_REASON_DOCUMENTED_IN_별첨6,[계획서] 2022년도 성과계획서_과학기술정보통신부-459-546.pdf ?쪽(원본 ?쪽) / [별첨6 변경표] 2022년도 성과보고서_과학기술정보통신부-411-510.pdf 88쪽(원본 498쪽),,,,,2022년도 성과계획서_과학기술정보통신부-459-546.pdf,,,,,2022년도 성과보고서_과학기술정보통신부.pdf,56.0,56.0,,"  ㅇ 측정산식 : 한국형발사체 기
술달성도 = (당해연도 달성
기술지수 평균값/최종 목표
기술지수) * 100 
  ※ (1332) 우주발사체개발의 한
국형발사체 개발(R&D) / 단
위사업에 한함
  ▪ 측정방법 (자료수집 방법/출처)
   - 측정대상기간 : ’22.1.1∼ 
’22.12.31 
   - 실적치 집계 완료 시점 : ’22.12
월말 예정
   - 측정수행기관 : 한국연구재
단(한국형발사체개발사업 
전담평가단)
   - 측정대상 표본수 및 선정방법
: 한국형발사체 개발을 위한 
요소기술 109건 중 주요 핵심
기술 33건의 기술달성도 지
수 평균값
목표
83.4
87.5
100
100
실적
83.4
86.8
98.1
100
달성률(%)
100.0
99.2
98.1
100.0",plan:별첨6만;plan_method:TEXT;report_method:FULL_TEXT
MSIT-2022-I4-01,162,과학기술정보통신부,2022,Ⅰ,Ⅰ-4,,원자력 진흥,원자력 안전 기술 역 량 지수,원자력 안전 기술 역 량 지수,%,,84.6,84.9,100.4,,원자력 안전 기술 역 량 지수,,,84.6,84.6,84.6,o 예산감액 - 예산 규모 감소,2022년도 성과보고서_과학기술정보통신부-411-510.pdf,88.0,498.0,,False,False,,원자력 안전 기술 역 량 지수,,,,,84.6,84.6,,84.9,,100.4,,,0.0,0.0,,,,,,,,MATCH_AFTER_CHANGE,EXACT_MATCH,EXACT_MATCH,PDF_MISSING_MANUAL_PRESENT,PDF_MISSING_MANUAL_PRESENT,PDF_MISSING_MANUAL_PRESENT,EXACT_MATCH,OCR_REQUIRED,OCR_REQUIRED,PLAN_TARGET_FROM_CHANGE_TABLE_ONLY;TARGET_CHANGE_REASON_DOCUMENTED_IN_별첨6,[계획서] 2022년도 성과계획서_과학기술정보통신부-459-546.pdf ?쪽(원본 ?쪽) / [보고서] 2022년도 성과보고서_과학기술정보통신부-411-510.pdf 6쪽(원본 416쪽) / [별첨6 변경표] 2022년도 성과보고서_과학기술정보통신부-411-510.pdf 88쪽(원본 498쪽),,,,,2022년도 성과계획서_과학기술정보통신부-459-546.pdf,,,,,2022년도 성과보고서_과학기술정보통신부-411-510.pdf,6.0,416.0,,①원자력 안전 기술 ,plan:별첨6만;plan_method:TEXT;report_method:TEXT
MSIT-2022-I5-01,162,과학기술정보통신부,2022,Ⅰ,Ⅰ-5,,사회문제해결,수요자 만족도 조사,수요자 만족도 조사,점,,70,95.2,136,,,,,,,,,,,,,False,False,,수요자 만족도 조사,,70,95.2,136.0,70.0,,70.0,95.2,95.2,136.0,136.0,,,,0.0,0.0,0.0,0.0,0.0,,,PDF_NOT_FOUND,PDF_NOT_FOUND,EXACT_MATCH,EXACT_MATCH,EXACT_MATCH,EXACT_MATCH,PDF_MISSING_MANUAL_PRESENT,OCR_REQUIRED,OCR_REQUIRED,,[계획서] 2022년도 성과계획서_과학기술정보통신부-459-546.pdf ?쪽(원본 ?쪽),,,,,2022년도 성과계획서_과학기술정보통신부-459-546.pdf,,,,,2022년도 성과보고서_과학기술정보통신부.pdf,79.0,79.0,,"수요자 만족도 
조사
(점)
과제 참여 수요자를 대상으로 만족
도 조사 결과
목표
신규
신규
70
70
실적
신규
신규
81.4
95.2
달성률(%)
-
-
116.3
136.0",plan:NONE;plan_method:NONE;report_method:FULL_TEXT
MSIT-2022-I5-02,162,과학기술정보통신부,2022,Ⅰ,Ⅰ-5,,사회문제해결,실증 성과의 시장 진 출 실적,실증 성과의 시장 진 출 실적,건,,4,4,100,,,,,,,,,,,,,False,False,,실증 성과의 시장 진 출 실적,,4,4,100.0,4.0,,4.0,4.0,4.0,100.0,100.0,,,,0.0,0.0,0.0,0.0,0.0,,,PDF_NOT_FOUND,PDF_NOT_FOUND,EXACT_MATCH,EXACT_MATCH,EXACT_MATCH,EXACT_MATCH,PDF_MISSING_MANUAL_PRESENT,OCR_REQUIRED,OCR_REQUIRED,,[계획서] 2022년도 성과계획서_과학기술정보통신부-459-546.pdf ?쪽(원본 ?쪽),,,,,2022년도 성과계획서_과학기술정보통신부-459-546.pdf,,,,,2022년도 성과보고서_과학기술정보통신부.pdf,79.0,79.0,,"실증 성과의 시장 
진출 실적
(건)
조달 · 민간 수요 등 시장진출 건
목표
신규
신규
신규
4
실적
신규
신규
신규
4
달성률(%)
-
-
-
100.0",plan:NONE;plan_method:NONE;report_method:FULL_TEXT
MSIT-2022-I6-01,162,과학기술정보통신부,2022,Ⅰ,Ⅰ-6,,탄소중립기반 구축,〔기후변화대응기술개 발〕논문 질적수준,〔기후변화대응기술개 발〕논문 질적수준,점,,84.5,82.6,97.8,,〔기후변화대응기술개 발〕논문 질적수준,,,84.5,84.5,84.5,o 예산감액 - 예산 규모 감소,2022년도 성과보고서_과학기술정보통신부-411-510.pdf,88.0,498.0,,False,False,,〔기후변화대응기술개 발〕논문 질적수준,,84.5,82.6,97.8,84.5,84.5,84.5,82.6,82.6,97.8,97.8,,0.0,0.0,0.0,0.0,0.0,0.0,0.0,0.0,0.0,MATCH_AFTER_CHANGE,EXACT_MATCH,EXACT_MATCH,EXACT_MATCH,EXACT_MATCH,EXACT_MATCH,EXACT_MATCH,OCR_REQUIRED,OCR_REQUIRED,PLAN_TARGET_FROM_CHANGE_TABLE_ONLY;TARGET_CHANGE_REASON_DOCUMENTED_IN_별첨6,[계획서] 2022년도 성과계획서_과학기술정보통신부-459-546.pdf ?쪽(원본 ?쪽) / [별첨6 변경표] 2022년도 성과보고서_과학기술정보통신부-411-510.pdf 88쪽(원본 498쪽),,,,,2022년도 성과계획서_과학기술정보통신부-459-546.pdf,,,,,2022년도 성과보고서_과학기술정보통신부.pdf,86.0,86.0,,"기술개발〕논문 
질적 수준
(점)
∙ 논문 건당 표준화된 순위보정 
영향력 지수 산술평균
목표
신규
신규
신규
84.5
실적
신규
신규
신규
82.6
달성률(%)
-
-
-
97.8",plan:별첨6만;plan_method:TEXT;report_method:FULL_TEXT
MSIT-2022-I6-02,162,과학기술정보통신부,2022,Ⅰ,Ⅰ-6,,탄소중립기반 구축,〔수소에너지혁신기술 개발〕논문 질적수준,〔수소에너지혁신기술 개발〕논문 질적수준,점,,71.5,80.1,112,,〔수소에너지혁신기술 개발〕논문 질적수준,,,71.5,71.5,71.5,o 예산감액 - 예산 규모 감소,2022년도 성과보고서_과학기술정보통신부-411-510.pdf,89.0,499.0,,False,False,,〔수소에너지혁신기술 개발〕논문 질적수준,,71.5,80.1,112.0,71.5,71.5,71.5,80.1,80.1,112.0,112.0,,0.0,0.0,0.0,0.0,0.0,0.0,0.0,0.0,0.0,MATCH_AFTER_CHANGE,EXACT_MATCH,EXACT_MATCH,EXACT_MATCH,EXACT_MATCH,EXACT_MATCH,EXACT_MATCH,OCR_REQUIRED,OCR_REQUIRED,PLAN_TARGET_FROM_CHANGE_TABLE_ONLY;TARGET_CHANGE_REASON_DOCUMENTED_IN_별첨6,[계획서] 2022년도 성과계획서_과학기술정보통신부-459-546.pdf ?쪽(원본 ?쪽) / [별첨6 변경표] 2022년도 성과보고서_과학기술정보통신부-411-510.pdf 89쪽(원본 499쪽),,,,,2022년도 성과계획서_과학기술정보통신부-459-546.pdf,,,,,2022년도 성과보고서_과학기술정보통신부.pdf,86.0,86.0,,"신기술개발〕논
문 질적 수준
(점)
∙ 측정산식 : SCI논문 건당 표준화
된 순위보정 영향력지수 (mrnIF) 
산술평균 
∙ 측정방법 및 시기 : 연 1회(연구
재단 성과관리 시스템 및 NTIS
성과 조사)
목표
신규
신규
신규
71.5
실적
신규
신규
신규
80.1
달성률(%)
-
-
-
112.0",plan:별첨6만;plan_method:TEXT;report_method:FULL_TEXT
MSIT-2022-I6-03,162,과학기술정보통신부,2022,Ⅰ,Ⅰ-6,,탄소중립기반 구축,〔에너지클라우드 기술 개발〕등록 특허의 질적 평가값,〔에너지클라우드 기술 개발〕등록 특허의 질적 평가값,점,,4.14,4.25,102.7,,〔에너지클라우드 기술 개발〕등록 특허의 질적 평가값,,,4.14,4.14,4.14,o 예산감액 - 예산 규모 감소,2022년도 성과보고서_과학기술정보통신부-411-510.pdf,88.0,498.0,,False,False,,〔에너지클라우드 기술 개발〕등록 특허의 질적 평가값,,4.14,4.25,102.7,4.14,4.14,4.14,4.25,4.25,102.7,102.7,,0.0,0.0,0.0,0.0,0.0,0.0,0.0,0.0,0.0,MATCH_AFTER_CHANGE,EXACT_MATCH,EXACT_MATCH,EXACT_MATCH,EXACT_MATCH,EXACT_MATCH,EXACT_MATCH,OCR_REQUIRED,OCR_REQUIRED,PLAN_TARGET_FROM_CHANGE_TABLE_ONLY;TARGET_CHANGE_REASON_DOCUMENTED_IN_별첨6,[계획서] 2022년도 성과계획서_과학기술정보통신부-459-546.pdf ?쪽(원본 ?쪽) / [별첨6 변경표] 2022년도 성과보고서_과학기술정보통신부-411-510.pdf 88쪽(원본 498쪽),,,,,2022년도 성과계획서_과학기술정보통신부-459-546.pdf,,,,,2022년도 성과보고서_과학기술정보통신부.pdf,85.0,85.0,,"특허의 질적 
평가값
(점)
∙ 측정산식 : 특허등급 지수 = ∑
(SMART지수) / 특허등록건수
∙ 측정방법 및 시기 : 한국발명진
흥회 SMART 평가시스템에 의
한 특허등급 평가 활용, 연 1회 
(연구재단 성과관리시스템 및 
NTIS성과 조사)
목표
신규
신규
신규
4.14
실적
신규
신규
신규
4.25
달성률(%)
-
-
-
102.7",plan:별첨6만;plan_method:TEXT;report_method:FULL_TEXT
MSIT-2022-II1-01,162,과학기술정보통신부,2022,Ⅱ,Ⅱ-1,,과학기술기반 조성,국제과학비즈니스벨트 조성 공정률,국제과학비즈니스벨트 조성 공정률,%,,87.7,92,104.9,,,,,,,,,,,,,False,False,,국제과학비즈니스벨트 조성 공정률,,87.7,92,104.9,87.7,,87.7,92.0,92.0,104.9,104.9,,,,0.0,0.0,0.0,0.0,0.0,,,PDF_NOT_FOUND,PDF_NOT_FOUND,EXACT_MATCH,EXACT_MATCH,EXACT_MATCH,EXACT_MATCH,PDF_MISSING_MANUAL_PRESENT,OCR_REQUIRED,OCR_REQUIRED,,[계획서] 2022년도 성과계획서_과학기술정보통신부-459-546.pdf ?쪽(원본 ?쪽),,,,,2022년도 성과계획서_과학기술정보통신부-459-546.pdf,,,,,2022년도 성과보고서_과학기술정보통신부.pdf,93.0,93.0,,"국제과학비즈니스
벨트조성 공정률
(%)
ㅇ 측정산식 : Σ((기초과학연구원 건립 
공정율*×40%)+(중이온가속기 
선
행 R&D 장치구축률**×60%))
 * 기초과학연구원 공정률 = 본원 1차 
공정률×50% + 본원 2차 공정률
×20% + 캠퍼스(카이스트·포스텍) 
공정율×30%
 * 중이온가속기 선행 R&D 장치구축
률 = 1차 년도 장치 및 기자재 제작/
구매 목표인 12기의 달성률×100%
  ▪ 측정방법 (자료수집 방법/출처)
 - 측정대상기간 : ’22.1.1～’22.12.31
 - 실적치 집계 완료 시점 : ’22.1월초 
예정
 - 측정수행기관 : 조달청 및 감리업체, 
기초과학연구원 사업단 등
 - 측정대상 표본수 및 선정방법
: 공정률 보고서, 설계/제작도서 및 
시험결과보고서 등
목표
신규
신규
96
87.7
실적
신규
신규
82
92
달성률(%)
-
-
85.4
104.9",plan:NONE;plan_method:NONE;report_method:FULL_TEXT
MSIT-2022-II1-02,162,과학기술정보통신부,2022,Ⅱ,Ⅱ-1,,과학기술기반 조성,연구실 안전환경 구축 률,연구실 안전환경 구축 률,%,,50,50,100,,,,,,,,,,,,,False,False,,연구실 안전환경 구축 률,,50,50,100.0%,50.0,,50.0,50.0,50.0,100.0,100.0,,,,0.0,0.0,0.0,0.0,0.0,,,PDF_NOT_FOUND,PDF_NOT_FOUND,EXACT_MATCH,EXACT_MATCH,EXACT_MATCH,EXACT_MATCH,PDF_MISSING_MANUAL_PRESENT,OCR_REQUIRED,OCR_REQUIRED,,[계획서] 2022년도 성과계획서_과학기술정보통신부-459-546.pdf ?쪽(원본 ?쪽),,,,,2022년도 성과계획서_과학기술정보통신부-459-546.pdf,,,,,2022년도 성과보고서_과학기술정보통신부-411-510.pdf,8.0,418.0,,"①연구실 안전환경 
구축률 (%)
결과
  ㅇ 측정산식 : 연구실 
안전환경 
구축
단계별 
누적공
정률
   ▪ 측정방법 (자료
수집 방법/출처)
   - 측정대상기간 : 
’21.1.1～ 
’21.12.31
   - 실적치 집계 완
료 시점 : ’22.1월
초 예정
   - 측정수행기관 : 
기초과학연구
원 및 용역업체
   - 측정대상 표본
수 및 선정방법
: 안전진단팀 자
체 보고서, 
KINS보고서
목표
30
88
50
실적
30
91
50
달성률
100.0%
103.4%
100.0%",plan:NONE;plan_method:NONE;report_method:TEXT
MSIT-2022-II2-01,162,과학기술정보통신부,2022,Ⅱ,Ⅱ-2,,과학기술인력 양성,만족도 조사,만족도 조사,점,,86.88,89.13,102.6,,만족도 조사,,,86.88,86.88,86.88,o 예산증액 - 예산 규모 증가,2022년도 성과보고서_과학기술정보통신부-411-510.pdf,89.0,499.0,,False,True,,만족도 조사,,70,95.2,136.0,86.88,86.88,70.0,89.13,95.2,102.6,136.0,,0.0,0.0,-16.879999999999995,-19.42909760589318,6.070000000000007,6.810277123303049,33.400000000000006,-16.879999999999995,-19.42909760589318,MATCH_AFTER_CHANGE,EXACT_MATCH,EXACT_MATCH,VALUE_MISMATCH,VALUE_MISMATCH,VALUE_MISMATCH,EXACT_MATCH,OCR_REQUIRED,OCR_REQUIRED,PLAN_TARGET_FROM_CHANGE_TABLE_ONLY;TARGET_CHANGE_REASON_DOCUMENTED_IN_별첨6;CHANGE_TABLE_TARGET_CONTRADICTS_REPORT_TABLE,[계획서] 2022년도 성과계획서_과학기술정보통신부-459-546.pdf ?쪽(원본 ?쪽) / [보고서] 2022년도 성과보고서_과학기술정보통신부.pdf 79쪽(원본 79쪽) / [별첨6 변경표] 2022년도 성과보고서_과학기술정보통신부-411-510.pdf 89쪽(원본 499쪽),,,,,2022년도 성과계획서_과학기술정보통신부-459-546.pdf,,,,,2022년도 성과보고서_과학기술정보통신부.pdf,79.0,79.0,,"과제 참여 수요자를 대상으로 만족
도 조사 결과
목표
신규
신규
70
70
실적
신규
신규
81.4
95.2
달성률(%)
-
-
116.3
136.0",plan:별첨6만;plan_method:TEXT;report_method:FULL_TEXT
MSIT-2022-II2-02,162,과학기술정보통신부,2022,Ⅱ,Ⅱ-2,,과학기술인력 양성,전문인력공급,전문인력공급,명,,250,271,104.6,,전문인력공급,,,259,250,259,o 예산증액 - 목표치 상향 조정,2022년도 성과보고서_과학기술정보통신부-411-510.pdf,89.0,499.0,,False,False,,전문인력공급,,259,271,104.6,250.0,259.0,259.0,271.0,271.0,104.6,104.6,,9.0,3.5999999999999996,9.0,3.5999999999999996,0.0,0.0,0.0,0.0,0.0,MATCH_AFTER_CHANGE,VALUE_MISMATCH,EXACT_MATCH,MATCH_AFTER_CHANGE,EXACT_MATCH,EXACT_MATCH,EXACT_MATCH,OCR_REQUIRED,OCR_REQUIRED,PLAN_TARGET_FROM_CHANGE_TABLE_ONLY;TARGET_CHANGE_REASON_DOCUMENTED_IN_별첨6;REPORT_TARGET_CHANGE_CONFIRMED_BY_별첨6,[계획서] 2022년도 성과계획서_과학기술정보통신부-459-546.pdf ?쪽(원본 ?쪽) / [보고서] 2022년도 성과보고서_과학기술정보통신부.pdf 99쪽(원본 99쪽) / [별첨6 변경표] 2022년도 성과보고서_과학기술정보통신부-411-510.pdf 89쪽(원본 499쪽),,,,,2022년도 성과계획서_과학기술정보통신부-459-546.pdf,,,,,2022년도 성과보고서_과학기술정보통신부.pdf,99.0,99.0,,"'22년
전문인력공급
(명)
ㅇ 핵심기술 분야별 석·박사 배출
인력 + 석·박사 교육인력
※ 핵심기술 : 시스템반도체, 양자
정보과학, 우주분야, 기후기술, 
무인이동체
목표
신규
신규
신규
259
실적
신규
신규
신규
271
달성률(%)
-
-
-
104.6",plan:별첨6만;plan_method:TEXT;report_method:FULL_TEXT
MSIT-2022-II3-01,162,과학기술정보통신부,2022,Ⅱ,Ⅱ-3,,과학문화창달,과학기술진흥단체지원 사업 수혜자 만족도,과학기술진흥단체지원 사업 수혜자 만족도,점,,82.8,84.6,102.2,,과학기술진흥단체지원 사업 수혜자 만족도,,,82.8,82.8,82.8,o 예산증액 - 예산 규모 증가,2022년도 성과보고서_과학기술정보통신부-411-510.pdf,89.0,499.0,,False,False,,과학기술진흥단체지원 사업 수혜자 만족도,,82.8,84.6,102.2,82.8,82.8,82.8,84.6,84.6,102.2,102.2,,0.0,0.0,0.0,0.0,0.0,0.0,0.0,0.0,0.0,MATCH_AFTER_CHANGE,EXACT_MATCH,EXACT_MATCH,EXACT_MATCH,EXACT_MATCH,EXACT_MATCH,EXACT_MATCH,OCR_REQUIRED,OCR_REQUIRED,PLAN_TARGET_FROM_CHANGE_TABLE_ONLY;TARGET_CHANGE_REASON_DOCUMENTED_IN_별첨6,[계획서] 2022년도 성과계획서_과학기술정보통신부-459-546.pdf ?쪽(원본 ?쪽) / [별첨6 변경표] 2022년도 성과보고서_과학기술정보통신부-411-510.pdf 89쪽(원본 499쪽),,,,,2022년도 성과계획서_과학기술정보통신부-459-546.pdf,,,,,2022년도 성과보고서_과학기술정보통신부.pdf,108.0,108.0,,"체지원사업 
수혜자 만족도
(점)
각 사업별(과총지원, 한림원지원, 
WISET지원) 수혜자 만족도 조사
결과의 평균값
목표
신규
신규
신규
82.8
실적
신규
신규
신규
84.6
달성률(%)
-
-
-
102.2",plan:별첨6만;plan_method:TEXT;report_method:FULL_TEXT
MSIT-2022-II3-02,162,과학기술정보통신부,2022,Ⅱ,Ⅱ-3,,과학문화창달,과학문화 만족도,과학문화 만족도,점,,88.5,89.3,100.7,,과학문화 만족도,,,88.71,88.5,88.71,o 기타(목표치 설정 오류) - 최초 목표치 설정 시 활용한 산식의 오류로 인해 수정 목표치 반영,2022년도 성과보고서_과학기술정보통신부-411-510.pdf,89.0,499.0,,False,False,,과학문화 만족도,,88.71,89.3,100.7,88.5,88.71,88.71,89.3,89.3,100.7,100.7,,0.20999999999999375,0.23728813559321327,0.20999999999999375,0.23728813559321327,0.0,0.0,0.0,0.0,0.0,MATCH_AFTER_CHANGE,VALUE_MISMATCH,EXACT_MATCH,MATCH_AFTER_CHANGE,EXACT_MATCH,EXACT_MATCH,EXACT_MATCH,OCR_REQUIRED,OCR_REQUIRED,PLAN_TARGET_FROM_CHANGE_TABLE_ONLY;TARGET_CHANGE_REASON_DOCUMENTED_IN_별첨6;REPORT_TARGET_CHANGE_CONFIRMED_BY_별첨6,[계획서] 2022년도 성과계획서_과학기술정보통신부-459-546.pdf ?쪽(원본 ?쪽) / [보고서] 2022년도 성과보고서_과학기술정보통신부.pdf 108쪽(원본 108쪽) / [별첨6 변경표] 2022년도 성과보고서_과학기술정보통신부-411-510.pdf 89쪽(원본 499쪽),,,,,2022년도 성과계획서_과학기술정보통신부-459-546.pdf,,,,,2022년도 성과보고서_과학기술정보통신부.pdf,108.0,108.0,,"'22년
과학문화 만족도
(점)
과학문화(주요정책 관련 전문가, 수
혜자 대상 만족도 조사) x 0.7 + 국립
과학관(5개) 고객만족도* 평균 x 0.3
* 중앙·과천(’22), 대구·광주·부산
(’21)
목표
신규
신규
신규
88.71
실적
신규
신규
88.36
89.3
달성률(%)
-
-
-
100.7",plan:별첨6만;plan_method:TEXT;report_method:FULL_TEXT
MSIT-2022-II4-01,162,과학기술정보통신부,2022,Ⅱ,Ⅱ-4,,국립중앙과학관 운영,본관 총 관람객 수(만 명),본관 총 관람객 수(만 명),만명,,92.6,62.9,99.4,,본관 총 관람객 수(만 명),,,63.3,92.6,63.3,o 실적치 확정 변경 - ‘21년 실적치 확정에 따라 최 근 5년간(’17~‘21) 실적치를 반영하여 목표치 조정,2022년도 성과보고서_과학기술정보통신부-411-510.pdf,89.0,499.0,,False,False,,본관 총 관람객 수(만 명),,63.3,62.9,99.4,92.6,63.3,63.3,62.9,62.9,99.4,99.4,,-29.299999999999997,-31.641468682505398,-29.299999999999997,-31.641468682505398,0.0,0.0,0.0,0.0,0.0,MATCH_AFTER_CHANGE,VALUE_MISMATCH,EXACT_MATCH,MATCH_AFTER_CHANGE,EXACT_MATCH,EXACT_MATCH,EXACT_MATCH,OCR_REQUIRED,OCR_REQUIRED,PLAN_TARGET_FROM_CHANGE_TABLE_ONLY;TARGET_CHANGE_REASON_DOCUMENTED_IN_별첨6;REPORT_TARGET_CHANGE_CONFIRMED_BY_별첨6,[계획서] 2022년도 성과계획서_과학기술정보통신부-459-546.pdf ?쪽(원본 ?쪽) / [보고서] 2022년도 성과보고서_과학기술정보통신부.pdf 115쪽(원본 115쪽) / [별첨6 변경표] 2022년도 성과보고서_과학기술정보통신부-411-510.pdf 89쪽(원본 499쪽),,,,,2022년도 성과계획서_과학기술정보통신부-459-546.pdf,,,,,2022년도 성과보고서_과학기술정보통신부.pdf,115.0,115.0,,"□측정산식
◯본관 총 관람객 수(만명) : 자동
계수기(본관 관람객 기준)에 
의한 측정
□측정방법
◯측정대상기간 : ‘22.1.1 ~ 
’22.12.31
◯실적치 집계 완료 시점 : ‘23.1월
◯측정수행기관 : 국립중앙과학관
(자동계수)
◯측정대상 : 본관 입장 관람객
(중복계수 방지를 위해 주차
장·생물탐구관 제외)
목표
152.1
147.5
62.8
63.3
실적
145.1
18.1
18.9
62.9
달성률(%)
95.4
12.3
30.1
99.4",plan:별첨6만;plan_method:TEXT;report_method:FULL_TEXT
MSIT-2022-II4-02,162,과학기술정보통신부,2022,Ⅱ,Ⅱ-4,,국립중앙과학관 운영,중앙과학관 이용 관람객 만족도(점),중앙과학관 이용 관람객 만족도(점),점,,87.8,88.5,100.5,,중앙과학관 이용 관람객 만족도(점),,,88.1,87.8,88.1,o 실적치 확정 변경 - ‘21년 실적치 확정에 따라 최 근 5년간(’17~‘21) 실적치를 반영하여 목표치 조정,2022년도 성과보고서_과학기술정보통신부-411-510.pdf,89.0,499.0,,False,False,,중앙과학관 이용 관람객 만족도(점),,88.1,88.5,100.5,87.8,88.1,88.1,88.5,88.5,100.5,100.5,,0.29999999999999716,0.34168564920273026,0.29999999999999716,0.34168564920273026,0.0,0.0,0.0,0.0,0.0,MATCH_AFTER_CHANGE,VALUE_MISMATCH,EXACT_MATCH,MATCH_AFTER_CHANGE,EXACT_MATCH,EXACT_MATCH,EXACT_MATCH,OCR_REQUIRED,OCR_REQUIRED,PLAN_TARGET_FROM_CHANGE_TABLE_ONLY;TARGET_CHANGE_REASON_DOCUMENTED_IN_별첨6;REPORT_TARGET_CHANGE_CONFIRMED_BY_별첨6,[계획서] 2022년도 성과계획서_과학기술정보통신부-459-546.pdf ?쪽(원본 ?쪽) / [보고서] 2022년도 성과보고서_과학기술정보통신부.pdf 115쪽(원본 115쪽) / [별첨6 변경표] 2022년도 성과보고서_과학기술정보통신부-411-510.pdf 89쪽(원본 499쪽),,,,,2022년도 성과계획서_과학기술정보통신부-459-546.pdf,,,,,2022년도 성과보고서_과학기술정보통신부.pdf,115.0,115.0,,"◯중앙과학관 이용 관람객 만족
도(점) = 체감만족 설문(7) + 서
비스품질만족(3)

설문항목별 리커드 5점 척도 
사용
□측정방법
◯측정대상기간 
: 
‘22.1월 
∼ 
’22.12월
◯실적치 집계 완료 시점 : ‘23.1월
◯측정수행기관 : 행정안전부
(책임운영기관 통합 만족도 조사)
◯측정대상 표본수 및 선정방법 
: 총 표본 800명, 무작위 현장조사 
실시
◯조사대상 : 2022년 1월부터 12월
까지 방문 관람객 중 서비스를 
이용한  800명을 대상으로 설문 
실시
◯조사항목 : 차원만족도, 구성
요소 만족도, 체감만족도, 요
소만족도로 PCSI지수 산출
(총 23개 항목에 대해 조사) 

PCSI지수(공공서비스고객
만족도지수/Public-service 
Customer Satisfaction Index) 
: PCSI모델은 기관의 고객만
족 활동에 대한 고객의 긍정
정도, 현재 만족 수준, 만족
활동에 따른 기관의 성과를 
측정하도록 구성되어 있음
(선행요인→만족→성과, 인
목표
86.4
89.1
87.2
88.1
실적
89.1
86.2
87.6
88.5
달성률(%)
103.1
96.8
100.5
100.5",plan:별첨6만;plan_method:TEXT;report_method:FULL_TEXT
MSIT-2022-II4-03,162,과학기술정보통신부,2022,Ⅱ,Ⅱ-4,,국립중앙과학관 운영,전시품 품질 개선 실적,전시품 품질 개선 실적,건수,,63,63,100,,,,,,,,,,,,,False,False,,전시품 품질 개선 실적,,,,,63.0,,,63.0,,100.0,,,,,,,,,,,,PDF_NOT_FOUND,PDF_NOT_FOUND,AMBIGUOUS,OCR_REQUIRED,OCR_REQUIRED,OCR_REQUIRED,PDF_MISSING_MANUAL_PRESENT,OCR_REQUIRED,AMBIGUOUS,INDICATOR_NAME_AMBIGUOUS_MULTIPLE_PROGRAMS_SAME_YEAR,동일 연도 내 지표명 중복 - 프로그램별 위치를 직접 대조하세요. / [계획서] 2022년도 성과계획서_과학기술정보통신부-459-546.pdf ?쪽(원본 ?쪽) / [보고서] 2022년도 성과보고서_과학기술정보통신부-411-510.pdf 11쪽(원본 421쪽),,,,,2022년도 성과계획서_과학기술정보통신부-459-546.pdf,,,,,2022년도 성과보고서_과학기술정보통신부-411-510.pdf,11.0,421.0,,"래
램 톡 십 lz) 측 정 산 식 | 그그
000000
프 로 그 림 폭 표 성 과 지 표 ea ㅣ ( 또 는 측 정 방 법 ) | 건비
EWN =
르 픈
[ See
ㅇ Sa MAS 품 질
개 선 실 적 : 연 간 전
시 품 설치 및 교 체
a+
[ 측 정 방 법
(3) 전 시 품 SA 개 선 ㅇ 측 정 대 상 기 간 :
실 적 ( 건 수 ) ‘22.1.4 ^ '221231
ㅇ 실 적 치 집 계 완 료
시 점 : 23128
ㅇ 측 정 수 행 기 관 ： 국
립 중 앙 과 학 관
ㅇ 측 정 대상 ： 연 간 전 100.0%
시 품 설치 및 교 체
건 수 ( 자 체 측 정 )
프 로 그 램 목 표 : Il-5 과 학 기 술 에 Het 국 민 의 이 해 를 증 진 하 고 대 중 화 에 기 여 한 다 .
0 auaaamy | 옥프 | 20 | 202 | 20 |
ome wet) yg | sweet Ca [ae | or ｜ 208 |
( 만 명 ) 계 중 과 학 관 이 용
스 츠 츠
ine . | 다 서그 | 867% [owe Tem)
vauucmya| 목 포 | 802 | 02 | 002 |
국 립 과 천 과 학 관 ㅣ ㅇ 2) 과 학 관 이 용 람 및 교 육 문 화",plan:NONE;plan_method:NONE;report_method:OCR
MSIT-2022-II5-01,162,과학기술정보통신부,2022,Ⅱ,Ⅱ-5,,국립과천과학관 운영,과학관 이용 고객만족 도,과학관 이용 고객만족 도,점,,87.2,88.9,101.9,,,,,,,,,,,,,False,False,,과학관 이용 고객만족 도,,87.2,88.9,101.9,87.2,,87.2,88.9,88.9,101.9,101.9,,,,0.0,0.0,0.0,0.0,0.0,,,PDF_NOT_FOUND,PDF_NOT_FOUND,EXACT_MATCH,EXACT_MATCH,EXACT_MATCH,EXACT_MATCH,PDF_MISSING_MANUAL_PRESENT,OCR_REQUIRED,OCR_REQUIRED,,[계획서] 2022년도 성과계획서_과학기술정보통신부-459-546.pdf ?쪽(원본 ?쪽),,,,,2022년도 성과계획서_과학기술정보통신부-459-546.pdf,,,,,2022년도 성과보고서_과학기술정보통신부.pdf,123.0,123.0,,"과학관 이용 
고객만족도
(점)
 ㅇ 측정산식 : 전시 관람 및 교육문
화 프로그램 참여 고객 만족도 
조사 실시
목표
86.3
87.2
87.2
87.2
실적
87.8
86.2
87.6
88.9
달성률(%)
101.7
98.9
100.5
101.9",plan:NONE;plan_method:NONE;report_method:FULL_TEXT
MSIT-2022-II5-02,162,과학기술정보통신부,2022,Ⅱ,Ⅱ-5,,국립과천과학관 운영,과학관 총 방문객,과학관 총 방문객,만명,,230,258,112.2,,,,,,,,,,,,,False,False,,과학관 총 방문객,,230,258,112.2,230.0,,230.0,258.0,258.0,112.2,112.2,,,,0.0,0.0,0.0,0.0,0.0,,,PDF_NOT_FOUND,PDF_NOT_FOUND,EXACT_MATCH,EXACT_MATCH,EXACT_MATCH,EXACT_MATCH,PDF_MISSING_MANUAL_PRESENT,OCR_REQUIRED,OCR_REQUIRED,,[계획서] 2022년도 성과계획서_과학기술정보통신부-459-546.pdf ?쪽(원본 ?쪽),,,,,2022년도 성과계획서_과학기술정보통신부-459-546.pdf,,,,,2022년도 성과보고서_과학기술정보통신부.pdf,123.0,123.0,,"'22년
과학관 총 방문객 
(만명)
 ㅇ 측정산식 : 매표시스템 및 방문자 
통계 중 과학관 이용자 수 추출
목표
262
262
262
230
실적
262
222
267
258
달성률(%)
100.0
84.7
101.9
112.2",plan:NONE;plan_method:NONE;report_method:FULL_TEXT
MSIT-2022-II5-03,162,과학기술정보통신부,2022,Ⅱ,Ⅱ-5,,국립과천과학관 운영,전시품 품질 개선 실 적,전시품 품질 개선 실 적,건,,105,111,105.7,,,,,,,,,,,,,False,False,,전시품 품질 개선 실 적,,63,63,100.0,105.0,,63.0,111.0,63.0,105.7,100.0,,,,-42.0,-40.0,-48.0,-43.24324324324324,-5.700000000000003,,,PDF_NOT_FOUND,PDF_NOT_FOUND,AMBIGUOUS,VALUE_MISMATCH,VALUE_MISMATCH,VALUE_MISMATCH,PDF_MISSING_MANUAL_PRESENT,OCR_REQUIRED,AMBIGUOUS,INDICATOR_NAME_AMBIGUOUS_MULTIPLE_PROGRAMS_SAME_YEAR,동일 연도 내 지표명 중복 - 프로그램별 위치를 직접 대조하세요. / [계획서] 2022년도 성과계획서_과학기술정보통신부-459-546.pdf ?쪽(원본 ?쪽) / [보고서] 2022년도 성과보고서_과학기술정보통신부.pdf 116쪽(원본 116쪽),,,,,2022년도 성과계획서_과학기술정보통신부-459-546.pdf,,,,,2022년도 성과보고서_과학기술정보통신부.pdf,116.0,116.0,,"□측정산식
◯측정 전시품 품질 개선 실적 
: 연간 전시품 설치 및 교체 
건수
□측정방법
◯측정대상기간 
: 
‘22.1.1 
~ 
’22.12.31
◯실적치 집계 완료 시점 : ‘23.1월
◯측정수행기관 : 국립중앙과학관
◯측정대상 : 연간 전시품 설치 
및 교체 건수(자체 측정)
목표
신규
신규
신규
63
실적
신규
신규
신규
63
달성률(%)
-
-
-
100.0",plan:NONE;plan_method:NONE;report_method:FULL_TEXT
MSIT-2022-II6-01,162,과학기술정보통신부,2022,Ⅱ,Ⅱ-6,,평생직업교육 체제 구축,여대학원생 공학연구 팀제 지원사업 연구책임자 전공분야 취업률(%),여대학원생 공학연구 팀제 지원사업 연구책임자 전공분야 취업률(%),%,,71.5,종료,0,,여대학원생 공학연구 팀제 지원사업 연구책임자 전공분야 취업률(%),,,71.5,0,71.5,o 기재부 검토의견 - 기존지표 삭제,2022년도 성과보고서_과학기술정보통신부-411-510.pdf,90.0,500.0,,False,True,,여대학원생 공학연구 팀제 지원사업 연구책임자 전공분야 취업률(%),,77.4,78.5,101.4,71.5,71.5,77.4,,78.5,0.0,101.4,,0.0,0.0,5.900000000000006,8.25174825174826,,,101.4,5.900000000000006,8.25174825174826,MATCH_AFTER_CHANGE,EXACT_MATCH,EXACT_MATCH,VALUE_MISMATCH,MANUAL_MISSING_PDF_PRESENT,VALUE_MISMATCH,EXACT_MATCH,OCR_REQUIRED,OCR_REQUIRED,PLAN_TARGET_FROM_CHANGE_TABLE_ONLY;TARGET_CHANGE_REASON_DOCUMENTED_IN_별첨6;CHANGE_TABLE_TARGET_CONTRADICTS_REPORT_TABLE,[계획서] 2022년도 성과계획서_과학기술정보통신부-459-546.pdf ?쪽(원본 ?쪽) / [보고서] 2022년도 성과보고서_과학기술정보통신부.pdf 130쪽(원본 130쪽) / [별첨6 변경표] 2022년도 성과보고서_과학기술정보통신부-411-510.pdf 90쪽(원본 500쪽),,,,,2022년도 성과계획서_과학기술정보통신부-459-546.pdf,,,,,2022년도 성과보고서_과학기술정보통신부.pdf,130.0,130.0,,"중요도를 지닌 성과지표로 수정함으로써 대표성을 보완함
   ※ (변경 전) 여대학원생 공학연구팀제 지원사업 연구책임자 전공분야 취업률(%) 
→ (변경 후) 경력복귀 지원 종료 후 수혜자 취업유지율(%)
   - 경력복귀 지원이 종료된 수혜 인력 중 R&D 관련 분야(연구직, 
기술직, 연구지원ㆍ관리직 등)에 취업 중인 자의 비율을 조사하는 
지표로, 경력단절 여성과학기술인의 연구일자리 복귀 및 경력 
유지·성장을 파악할 수 있는 대표 성과지표임
  ㅇ 코로나19 장기화로 인해 '20년 대비 '21년 실적이 낮아진 점을 
고려하여, 최근 3년간('19∼'21) 평균 실적*으로 목표치(77.4%) 설정
    * 실적 : '19년 72.0%, '20년 81.1%, '21년 79.2%
성과지표
측정산식
(또는 측정방법)
목표대비
달성률
'19년
'20년
'21년
'22년
경력복귀 지원 
종료 후 수혜자 
취업유지율
(%)
취업자 ÷ 지원 종료자
목표
신규
신규
신규
77.4
실적
신규
신규
신규
78.5
달성률(%)
-
-
-
101.4",plan:별첨6만;plan_method:TEXT;report_method:FULL_TEXT
MSIT-2022-II6-02,162,과학기술정보통신부,2022,Ⅱ,Ⅱ-6,,평생직업교육 체제 구축,이공계 여성 멘토링(취업탐색) 사업 수혜자 만족도(점),이공계 여성 멘토링(취업탐색) 사업 수혜자 만족도(점),점,,84,종료,0,,이공계 여성 멘토링(취업탐색) 사업 수혜자 만족도(점),,,84.0,0,84.0,o 기재부 검토의견 - 기존지표 삭제 -,2022년도 성과보고서_과학기술정보통신부-411-510.pdf,90.0,500.0,,False,True,,이공계 여성 멘토링(취업탐색) 사업 수혜자 만족도(점),,94.0,98.5,104.8%,84.0,84.0,94.0,,98.5,0.0,104.8,,0.0,0.0,10.0,11.904761904761903,,,104.8,10.0,11.904761904761903,MATCH_AFTER_CHANGE,EXACT_MATCH,EXACT_MATCH,VALUE_MISMATCH,MANUAL_MISSING_PDF_PRESENT,VALUE_MISMATCH,EXACT_MATCH,OCR_REQUIRED,OCR_REQUIRED,PLAN_TARGET_FROM_CHANGE_TABLE_ONLY;TARGET_CHANGE_REASON_DOCUMENTED_IN_별첨6;CHANGE_TABLE_TARGET_CONTRADICTS_REPORT_TABLE,[계획서] 2022년도 성과계획서_과학기술정보통신부-459-546.pdf ?쪽(원본 ?쪽) / [보고서] 2022년도 성과보고서_과학기술정보통신부-411-510.pdf 11쪽(원본 421쪽) / [별첨6 변경표] 2022년도 성과보고서_과학기술정보통신부-411-510.pdf 90쪽(원본 500쪽),,,,,2022년도 성과계획서_과학기술정보통신부-459-546.pdf,,,,,2022년도 성과보고서_과학기술정보통신부-411-510.pdf,11.0,421.0,,"사업 수혜자 만
족도 (점)
결과
설문조사(리커트 5점 
척도, 100점 환산)
목표
88.0
84.0
종료
실적
82.0
88.0
종료
달성률
93.2%
104.8%
0.0%
 프로그램목표 : Ⅱ-7 이공계 각 분야의 창의적인 우수 인재 양성을 위한 국가장학제도 기반을 조성한다.
과학기술인력
양성
①국가우수 장학금 
수혜자의 의무종
사 보고율 (%)
산출
(2022년 의무종사보
고자 / 2022년 의무종
사 보고 대상자*) × 
100(%)
 * 2년 이상 장학금 수
혜자
목표
77.0
93.6
94.0
실적
93.4
94.5
98.5
달성률
121.3%
101.0%
104.8%",plan:별첨6만;plan_method:TEXT;report_method:TEXT
MSIT-2022-II6-03,162,과학기술정보통신부,2022,Ⅱ,Ⅱ-6,,평생직업교육 체제 구축,,경력복귀 지원 종료 후 수혜자 취업유지율,%,,77.4,78.5,101.4,,경력복귀 지원 종료 후 수혜자 취업유지율,,,77.4,0.5,77.4,"o 기재부 검토의견 - 예산 규모 및 국정과제 등을 고려하여, 높은 중요도를 지 닌 성과지표로 변경하여 대 표성 보완(기존지표 삭제) -",2022년도 성과보고서_과학기술정보통신부-411-510.pdf,90.0,500.0,,False,False,,경력복귀 지원 종료 후 수혜자 취업유지율,,77.4,78.5,101.4,77.4,77.4,77.4,78.5,78.5,101.4,101.4,,0.0,0.0,0.0,0.0,0.0,0.0,0.0,0.0,0.0,MATCH_AFTER_CHANGE,EXACT_MATCH,EXACT_MATCH,EXACT_MATCH,EXACT_MATCH,EXACT_MATCH,EXACT_MATCH,OCR_REQUIRED,OCR_REQUIRED,PLAN_TARGET_FROM_CHANGE_TABLE_ONLY;TARGET_CHANGE_REASON_DOCUMENTED_IN_별첨6;PLAN_REPORT_NAME_CHANGE_DOCUMENTED_IN_별첨6,[계획서] 2022년도 성과계획서_과학기술정보통신부-459-546.pdf ?쪽(원본 ?쪽) / [별첨6 변경표] 2022년도 성과보고서_과학기술정보통신부-411-510.pdf 90쪽(원본 500쪽),,,,,2022년도 성과계획서_과학기술정보통신부-459-546.pdf,,,,,2022년도 성과보고서_과학기술정보통신부.pdf,130.0,130.0,,"종료 후 수혜자 
취업유지율
(%)
취업자 ÷ 지원 종료자
목표
신규
신규
신규
77.4
실적
신규
신규
신규
78.5
달성률(%)
-
-
-
101.4",plan:별첨6만;plan_method:TEXT;report_method:FULL_TEXT
MSIT-2022-II6-04,162,과학기술정보통신부,2022,Ⅱ,Ⅱ-6,,평생직업교육 체제 구축,,"이공계 여성 멘토링(취업탐색, 글로벌) 사업 수혜자 만족도",점,,84,85.2,101.4,,"이공계 여성 멘토링(취업탐색, 글로벌) 사업 수혜자 만족도",,,84.0,0.5,84.0,o 기재부 검토의견 - 이공계 여성 멘토링 프로그 램 내용을 확대 및 포괄하는 성과지표로 변경하여 대표 성 보완(기존지표 삭제),2022년도 성과보고서_과학기술정보통신부-411-510.pdf,90.0,500.0,,False,False,,"이공계 여성 멘토링(취업탐색, 글로벌) 사업 수혜자 만족도",,84.0,85.2,101.4,84.0,84.0,84.0,85.2,85.2,101.4,101.4,,0.0,0.0,0.0,0.0,0.0,0.0,0.0,0.0,0.0,MATCH_AFTER_CHANGE,EXACT_MATCH,EXACT_MATCH,EXACT_MATCH,EXACT_MATCH,EXACT_MATCH,EXACT_MATCH,OCR_REQUIRED,OCR_REQUIRED,PLAN_TARGET_FROM_CHANGE_TABLE_ONLY;TARGET_CHANGE_REASON_DOCUMENTED_IN_별첨6;PLAN_REPORT_NAME_CHANGE_DOCUMENTED_IN_별첨6,[계획서] 2022년도 성과계획서_과학기술정보통신부-459-546.pdf ?쪽(원본 ?쪽) / [별첨6 변경표] 2022년도 성과보고서_과학기술정보통신부-411-510.pdf 90쪽(원본 500쪽),,,,,2022년도 성과계획서_과학기술정보통신부-459-546.pdf,,,,,2022년도 성과보고서_과학기술정보통신부.pdf,130.0,130.0,,", 글로벌) 사업 
수혜자 만족도
(점)
설문조사(리커트 5점 척도, 100점 
환산)
목표
신규
신규
신규
84.0
실적
신규
신규
신규
85.2
달성률(%)
-
-
-
101.4",plan:별첨6만;plan_method:TEXT;report_method:FULL_TEXT
MSIT-2022-II7-01,162,과학기술정보통신부,2022,Ⅱ,Ⅱ-7,,과학기술인력 양성,국가우수 장학금 수혜 자의 의무종사 보고율,국가우수 장학금 수혜 자의 의무종사 보고율,%,,93.7,98.5,104.8,,국가우수 장학금 수혜 자의 의무종사 보고율,,,94.0,93.7,94.0,o 실적치 확정 변경 - 과거 실적치(’20~‘21) 고려하 여 22년 목표치 상향 설정,2022년도 성과보고서_과학기술정보통신부-411-510.pdf,90.0,500.0,,False,False,,국가우수 장학금 수혜 자의 의무종사 보고율,,94.0,98.5,104.8,93.7,94.0,94.0,98.5,98.5,104.8,104.8,,0.29999999999999716,0.32017075773745696,0.29999999999999716,0.32017075773745696,0.0,0.0,0.0,0.0,0.0,MATCH_AFTER_CHANGE,VALUE_MISMATCH,EXACT_MATCH,MATCH_AFTER_CHANGE,EXACT_MATCH,EXACT_MATCH,EXACT_MATCH,OCR_REQUIRED,OCR_REQUIRED,PLAN_TARGET_FROM_CHANGE_TABLE_ONLY;TARGET_CHANGE_REASON_DOCUMENTED_IN_별첨6;REPORT_TARGET_CHANGE_CONFIRMED_BY_별첨6,[계획서] 2022년도 성과계획서_과학기술정보통신부-459-546.pdf ?쪽(원본 ?쪽) / [보고서] 2022년도 성과보고서_과학기술정보통신부.pdf 134쪽(원본 134쪽) / [별첨6 변경표] 2022년도 성과보고서_과학기술정보통신부-411-510.pdf 90쪽(원본 500쪽),,,,,2022년도 성과계획서_과학기술정보통신부-459-546.pdf,,,,,2022년도 성과보고서_과학기술정보통신부.pdf,134.0,134.0,202.0,"수혜자의 
의무종사 보고율
(%)
(2022년 의무종사보고자 / 2022년 
의무종사 보고 대상자*) × 100(%)
 * 2년 이상 장학금 수혜자
목표
신규
77.0
93.6
94.0
실적
신규
93.4
94.5
98.5
달성률(%)
-
121.3
101.0
104.8",plan:별첨6만;plan_method:TEXT;report_method:FULL_TEXT
MSIT-2022-II7-02,162,과학기술정보통신부,2022,Ⅱ,Ⅱ-7,,과학기술인력 양성,이공계 우수학생 장학 금 계속 수혜율,이공계 우수학생 장학 금 계속 수혜율,%,,91.5,91.6,100.1,,,,,,,,,,,,,False,False,,이공계 우수학생 장학 금 계속 수혜율,,91.5,91.6,100.1,91.5,,91.5,91.6,91.6,100.1,100.1,,,,0.0,0.0,0.0,0.0,0.0,,,PDF_NOT_FOUND,PDF_NOT_FOUND,EXACT_MATCH,EXACT_MATCH,EXACT_MATCH,EXACT_MATCH,PDF_MISSING_MANUAL_PRESENT,OCR_REQUIRED,OCR_REQUIRED,,[계획서] 2022년도 성과계획서_과학기술정보통신부-459-546.pdf ?쪽(원본 ?쪽),,,,,2022년도 성과계획서_과학기술정보통신부-459-546.pdf,,,,,2022년도 성과보고서_과학기술정보통신부.pdf,134.0,134.0,202.0,"장학금 계속 
수혜율
(%)
(장학금성적기준 
충족자수/계속
수혜대상자수)×100(%)
 * 학기별 신규장학생, 휴학생, 졸
업생 등 제외
목표
87.5
88.5
91.4
91.5
실적
89.47
96
93.8
91.6
달성률(%)
102.3
108.5
102.6
100.1",plan:NONE;plan_method:NONE;report_method:FULL_TEXT
MSIT-2022-III1-01,162,과학기술정보통신부,2022,Ⅲ,Ⅲ-1,,공공연구성과 활성화,산학연공동연구법인당 평균 누적 순고용,산학연공동연구법인당 평균 누적 순고용,명,,2,2.7,135,,산학연공동연구법인당 평균 누적 순고용,,,2.0,2.0,2.0,o 예산감액 - 예산 규모 감소,2022년도 성과보고서_과학기술정보통신부-411-510.pdf,91.0,501.0,,False,False,,산학연공동연구법인당 평균 누적 순고용,,2.0,2.7,135.0,2.0,2.0,2.0,2.7,2.7,135.0,135.0,,0.0,0.0,0.0,0.0,0.0,0.0,0.0,0.0,0.0,MATCH_AFTER_CHANGE,EXACT_MATCH,EXACT_MATCH,EXACT_MATCH,EXACT_MATCH,EXACT_MATCH,EXACT_MATCH,OCR_REQUIRED,OCR_REQUIRED,PLAN_TARGET_FROM_CHANGE_TABLE_ONLY;TARGET_CHANGE_REASON_DOCUMENTED_IN_별첨6,[계획서] 2022년도 성과계획서_과학기술정보통신부-459-546.pdf ?쪽(원본 ?쪽) / [별첨6 변경표] 2022년도 성과보고서_과학기술정보통신부-411-510.pdf 91쪽(원본 501쪽),,,,,2022년도 성과계획서_과학기술정보통신부-459-546.pdf,,,,,2022년도 성과보고서_과학기술정보통신부.pdf,143.0,143.0,,"법인당 평균 누적 
순고용
(명)
산학연공동연구법인 평균 누적 순
고용(법인당 평균/명) = (산식) ∑
(신규고용인력-당해연도퇴사인
력) / ∑(법인수)
목표
신규
신규
신규
2.0
실적
신규
신규
신규
2.7
달성률(%)
-
-
-
135.0",plan:별첨6만;plan_method:TEXT;report_method:FULL_TEXT
MSIT-2022-III1-02,162,과학기술정보통신부,2022,Ⅲ,Ⅲ-1,,공공연구성과 활성화,중소ㆍ중견 기업 대상 대학TMC당 평균 기술이 전 건수,중소ㆍ중견 기업 대상 대학TMC당 평균 기술이 전 건수,건,,140,143,100.7,,중소ㆍ중견 기업 대상 대학TMC당 평균 기술이 전 건수,,,142,140,142,o 실적치 확정 변경 - 전년도 실적을 고려하여 목 표치 상향 조정,2022년도 성과보고서_과학기술정보통신부-411-510.pdf,91.0,501.0,,False,False,,중소ㆍ중견 기업 대상 대학TMC당 평균 기술이 전 건수,,142,143,100.7,140.0,142.0,142.0,143.0,143.0,100.7,100.7,,2.0,1.4285714285714286,2.0,1.4285714285714286,0.0,0.0,0.0,0.0,0.0,MATCH_AFTER_CHANGE,VALUE_MISMATCH,EXACT_MATCH,MATCH_AFTER_CHANGE,EXACT_MATCH,EXACT_MATCH,EXACT_MATCH,OCR_REQUIRED,OCR_REQUIRED,PLAN_TARGET_FROM_CHANGE_TABLE_ONLY;TARGET_CHANGE_REASON_DOCUMENTED_IN_별첨6;REPORT_TARGET_CHANGE_CONFIRMED_BY_별첨6,[계획서] 2022년도 성과계획서_과학기술정보통신부-459-546.pdf ?쪽(원본 ?쪽) / [보고서] 2022년도 성과보고서_과학기술정보통신부.pdf 143쪽(원본 143쪽) / [별첨6 변경표] 2022년도 성과보고서_과학기술정보통신부-411-510.pdf 91쪽(원본 501쪽),,,,,2022년도 성과계획서_과학기술정보통신부-459-546.pdf,,,,,2022년도 성과보고서_과학기술정보통신부.pdf,143.0,143.0,,"평균 기술이전 
건수
(건)
∑(중소·중견기업 대상 기술이전 
건수)/∑(지원사업단 수)
목표
140
140
140
142
실적
135.3
139.1
162
143
달성률(%)
96.6
99.4
115.7
100.7",plan:별첨6만;plan_method:TEXT;report_method:FULL_TEXT
MSIT-2022-III1-03,162,과학기술정보통신부,2022,Ⅲ,Ⅲ-1,,공공연구성과 활성화,지역별 R&D 정책 및 사업 기획·분석건수,지역별 R&D 정책 및 사업 기획·분석건수,건,,198,271,136.9,,지역별 R&D 정책 및 사업 기획·분석건수,,,198,198,198,o 예산감액 - 예산 규모 감소,2022년도 성과보고서_과학기술정보통신부-411-510.pdf,90.0,500.0,,False,False,,지역별 R&D 정책 및 사업 기획·분석건수,,198,271,136.9,198.0,198.0,198.0,271.0,271.0,136.9,136.9,,0.0,0.0,0.0,0.0,0.0,0.0,0.0,0.0,0.0,MATCH_AFTER_CHANGE,EXACT_MATCH,EXACT_MATCH,EXACT_MATCH,EXACT_MATCH,EXACT_MATCH,EXACT_MATCH,OCR_REQUIRED,OCR_REQUIRED,PLAN_TARGET_FROM_CHANGE_TABLE_ONLY;TARGET_CHANGE_REASON_DOCUMENTED_IN_별첨6,[계획서] 2022년도 성과계획서_과학기술정보통신부-459-546.pdf ?쪽(원본 ?쪽) / [별첨6 변경표] 2022년도 성과보고서_과학기술정보통신부-411-510.pdf 90쪽(원본 500쪽),,,,,2022년도 성과계획서_과학기술정보통신부-459-546.pdf,,,,,2022년도 성과보고서_과학기술정보통신부.pdf,143.0,143.0,,"및 사업 
기획·분석건수
(건)
∑(17개 연지단 별 R&D정책 및 사
업 기획·분석건수)
목표
신규
신규
신규
198
실적
신규
신규
신규
271
달성률(%)
-
-
-
136.9",plan:별첨6만;plan_method:TEXT;report_method:FULL_TEXT
MSIT-2022-III2-01,162,과학기술정보통신부,2022,Ⅲ,Ⅲ-2,,과학기술국제 협력,해당 사업 젠체 SCI급 논문수 대비 IF상위 10% 학술지 논문수 비율,해당 사업 전체 SCI급 논문수 대비 IF상위 10% 학술지 논문수 비율,%,,17,25.5,150,,해당 사업 젠체 SCI급 논문수 대비 IF상위 10% 학술지 논문수 비율,,,17,17,17,변경사항 없음,2022년도 성과보고서_과학기술정보통신부-411-510.pdf,91.0,501.0,,False,False,,해당 사업 전체 SCI급 논문수 대비 IF상위 10% 학술지 논문수 비율,,17,25.5,150.0,17.0,17.0,17.0,25.5,25.5,150.0,150.0,,0.0,0.0,0.0,0.0,0.0,0.0,0.0,0.0,0.0,MATCH_AFTER_CHANGE,EXACT_MATCH,EXACT_MATCH,EXACT_MATCH,EXACT_MATCH,EXACT_MATCH,EXACT_MATCH,OCR_REQUIRED,OCR_REQUIRED,PLAN_TARGET_FROM_CHANGE_TABLE_ONLY;TARGET_CHANGE_REASON_DOCUMENTED_IN_별첨6;PLAN_REPORT_NAME_CHANGE_DOCUMENTED_IN_별첨6,[계획서] 2022년도 성과계획서_과학기술정보통신부-459-546.pdf ?쪽(원본 ?쪽) / [별첨6 변경표] 2022년도 성과보고서_과학기술정보통신부-411-510.pdf 91쪽(원본 501쪽),,,,,2022년도 성과계획서_과학기술정보통신부-459-546.pdf,,,,,2022년도 성과보고서_과학기술정보통신부.pdf,151.0,151.0,,"학술지 논문수 
비율
(%)
ㅇ 측정산식 : 국제공동연구 IF 상위 
10% 학술지 비율
▪ 측정방법
  - 측정대상기간 : ‘21.1.1 ∼ 
’21.12.31
 - 실적치 집계 완료 시점 : ‘22. 
1월말 예정
 - 측정수행기관 : 한국연구재단
 - 측정대상 표본수 및 선정방법
: 국가간협력기반조성, 동북아 
R&D 허브 구축(해외우수연구
기관유치, 전략형 국제공동연구, 
해외우수연구기관 협력 허브 
구축, 국제협력 네트워크 전략
강화) 사업을 통해 도출된 논문 
전수조사(한국연구재단 
성과
관리시스템)하여 가장 최근 발
표된 JCR 학술지 지표를 활용
목표
-
신규
17
17
실적
-
-
23.7
25.5
달성률(%)
-
-
139.4
150.0",plan:별첨6만;plan_method:TEXT;report_method:FULL_TEXT
MSIT-2022-III3-01,162,과학기술정보통신부,2022,Ⅲ,Ⅲ-3,,공공연구성과 활성화,공공연구성과활용 창업기업 수,공공연구성과활용 창업기업 수,개,,296,412,134.6,,공공연구성과활용 창업기업 수,,,306,296,306,ㅇ 예산증액 - 목표치 상향 조정,2022년도 성과보고서_과학기술정보통신부-411-510.pdf,91.0,501.0,,False,False,,공공연구성과활용 창업기업 수,,306,412,134.6,296.0,306.0,306.0,412.0,412.0,134.6,134.6,,10.0,3.3783783783783785,10.0,3.3783783783783785,0.0,0.0,0.0,0.0,0.0,MATCH_AFTER_CHANGE,VALUE_MISMATCH,EXACT_MATCH,MATCH_AFTER_CHANGE,EXACT_MATCH,EXACT_MATCH,EXACT_MATCH,OCR_REQUIRED,OCR_REQUIRED,PLAN_TARGET_FROM_CHANGE_TABLE_ONLY;TARGET_CHANGE_REASON_DOCUMENTED_IN_별첨6;REPORT_TARGET_CHANGE_CONFIRMED_BY_별첨6,[계획서] 2022년도 성과계획서_과학기술정보통신부-459-546.pdf ?쪽(원본 ?쪽) / [보고서] 2022년도 성과보고서_과학기술정보통신부.pdf 159쪽(원본 159쪽) / [별첨6 변경표] 2022년도 성과보고서_과학기술정보통신부-411-510.pdf 91쪽(원본 501쪽),,,,,2022년도 성과계획서_과학기술정보통신부-459-546.pdf,,,,,2022년도 성과보고서_과학기술정보통신부.pdf,159.0,159.0,,"공공연구성과활
용 창업기업 수
(개)
연구소기업 설립 수(개) + 실험실창
업기업 수(개) + 공동기술지주 자회
사 수*(개)
 * 연구소기업 중복 제외
목표
신규
신규
신규
306
실적
신규
신규
신규
412
달성률(%)
-
-
-
134.6",plan:별첨6만;plan_method:TEXT;report_method:FULL_TEXT
MSIT-2022-III3-02,162,과학기술정보통신부,2022,Ⅲ,Ⅲ-3,,공공연구성과 활성화,지원금 1억원 당 기술 이전 건수,지원금 1억원 당 기술 이전 건수,건,,3.16,3.2,100.3,,지원금 1억원 당 기술 이전 건수,,,3.19,3.16,3.19,ㅇ 예산증액 - 목표치 상향 조정,2022년도 성과보고서_과학기술정보통신부-411-510.pdf,91.0,501.0,,False,False,,지원금 1억원 당 기술 이전 건수,,3.19,3.20,100.3,3.16,3.19,3.19,3.2,3.2,100.3,100.3,,0.029999999999999805,0.9493670886075887,0.029999999999999805,0.9493670886075887,0.0,0.0,0.0,0.0,0.0,MATCH_AFTER_CHANGE,VALUE_MISMATCH,EXACT_MATCH,MATCH_AFTER_CHANGE,EXACT_MATCH,EXACT_MATCH,EXACT_MATCH,OCR_REQUIRED,OCR_REQUIRED,PLAN_TARGET_FROM_CHANGE_TABLE_ONLY;TARGET_CHANGE_REASON_DOCUMENTED_IN_별첨6;REPORT_TARGET_CHANGE_CONFIRMED_BY_별첨6,[계획서] 2022년도 성과계획서_과학기술정보통신부-459-546.pdf ?쪽(원본 ?쪽) / [보고서] 2022년도 성과보고서_과학기술정보통신부.pdf 159쪽(원본 159쪽) / [별첨6 변경표] 2022년도 성과보고서_과학기술정보통신부-411-510.pdf 91쪽(원본 501쪽),,,,,2022년도 성과계획서_과학기술정보통신부-459-546.pdf,,,,,2022년도 성과보고서_과학기술정보통신부.pdf,159.0,159.0,,"지원금 1억원 당 
기술이전 건수
(건)
기술이전 건수(개) / 기술이전 관련 
사업* 예산(억 원)
 * 기업연계청년기술전문인력육성, 
연구산업육성, 연구재료 개발확산 
지원, 연구장비개발 및 고도화 
지원사업
목표
신규
신규
신규
3.19
실적
신규
신규
신규
3.20
달성률(%)
-
-
-
100.3",plan:별첨6만;plan_method:TEXT;report_method:FULL_TEXT
MSIT-2022-IV1-01,162,과학기술정보통신부,2022,Ⅳ,Ⅳ-1,,콘텐츠방송산업 육성,디지털콘텐츠 분야 신 규 근로자 고용지수,디지털콘텐츠 분야 신 규 근로자 고용지수,지수,,1.2,1.2,100,,디지털콘텐츠 분야 신 규 근로자 고용지수,,,1.2,1.2,1.2,o 예산증액 - 예산 규모 증가,2022년도 성과보고서_과학기술정보통신부-411-510.pdf,92.0,502.0,,False,False,,디지털콘텐츠 분야 신 규 근로자 고용지수,,1.2,1.2,100.0,1.2,1.2,1.2,1.2,1.2,100.0,100.0,,0.0,0.0,0.0,0.0,0.0,0.0,0.0,0.0,0.0,MATCH_AFTER_CHANGE,EXACT_MATCH,EXACT_MATCH,EXACT_MATCH,EXACT_MATCH,EXACT_MATCH,EXACT_MATCH,OCR_REQUIRED,OCR_REQUIRED,PLAN_TARGET_FROM_CHANGE_TABLE_ONLY;TARGET_CHANGE_REASON_DOCUMENTED_IN_별첨6,[계획서] 2022년도 성과계획서_과학기술정보통신부-459-546.pdf ?쪽(원본 ?쪽) / [별첨6 변경표] 2022년도 성과보고서_과학기술정보통신부-411-510.pdf 92쪽(원본 502쪽),,,,,2022년도 성과계획서_과학기술정보통신부-459-546.pdf,,,,,2022년도 성과보고서_과학기술정보통신부.pdf,168.0,168.0,,"분야 신규 근로자 
고용지수
(지수)
Σ당해년도 신규 고용인원 수 / 해당
사업비 (정부지원예산 1억원당)
목표
신규
신규
신규
1.2
실적
신규
신규
신규
1.2
달성률(%)
0.0
0.0
0.0
100.0",plan:별첨6만;plan_method:TEXT;report_method:FULL_TEXT
MSIT-2022-IV1-02,162,과학기술정보통신부,2022,Ⅳ,Ⅳ-1,,콘텐츠방송산업 육성,디지털콘텐츠 지원기 업 매출 증가율(%),디지털콘텐츠 지원기 업 매출 증가율(%),%,,13,13.2,97.8,,디지털콘텐츠 지원기 업 매출 증가율(%),,,13.5,13,13.5,ㅇ 예산증액 - 목표치 상향 조정,2022년도 성과보고서_과학기술정보통신부-411-510.pdf,92.0,502.0,,False,False,,디지털콘텐츠 지원기 업 매출 증가율(%),,13.5,13.2,97.8,13.0,13.5,13.5,13.2,13.2,97.8,97.8,,0.5,3.8461538461538463,0.5,3.8461538461538463,0.0,0.0,0.0,0.0,0.0,MATCH_AFTER_CHANGE,VALUE_MISMATCH,EXACT_MATCH,MATCH_AFTER_CHANGE,EXACT_MATCH,EXACT_MATCH,EXACT_MATCH,OCR_REQUIRED,OCR_REQUIRED,PLAN_TARGET_FROM_CHANGE_TABLE_ONLY;TARGET_CHANGE_REASON_DOCUMENTED_IN_별첨6;REPORT_TARGET_CHANGE_CONFIRMED_BY_별첨6,[계획서] 2022년도 성과계획서_과학기술정보통신부-459-546.pdf ?쪽(원본 ?쪽) / [보고서] 2022년도 성과보고서_과학기술정보통신부.pdf 168쪽(원본 168쪽) / [별첨6 변경표] 2022년도 성과보고서_과학기술정보통신부-411-510.pdf 92쪽(원본 502쪽),,,,,2022년도 성과계획서_과학기술정보통신부-459-546.pdf,,,,,2022년도 성과보고서_과학기술정보통신부.pdf,168.0,168.0,,"지원기업 매출 
증가율(%)
(%)
[(당해년도 매출액 -전년도 매출
액)/전년도 매출액]×100
목표
신규
신규
신규
13.5
실적
신규
신규
신규
13.2
달성률(%)
0.0
0.0
0.0
97.8",plan:별첨6만;plan_method:TEXT;report_method:FULL_TEXT
MSIT-2022-IV2-01,162,과학기술정보통신부,2022,Ⅳ,Ⅳ-2,,정보통신방송 국제협력,ICT 국제협력 활동 수혜자 만족도,ICT 국제협력 활동 수혜자 만족도,점,,92.5,94.55,102.2,,,,,,,,,,,,,False,False,,ICT 국제협력 활동 수혜자 만족도,,92.5,94.55,102.2,92.5,,92.5,94.55,94.55,102.2,102.2,,,,0.0,0.0,0.0,0.0,0.0,,,PDF_NOT_FOUND,PDF_NOT_FOUND,EXACT_MATCH,EXACT_MATCH,EXACT_MATCH,EXACT_MATCH,PDF_MISSING_MANUAL_PRESENT,OCR_REQUIRED,OCR_REQUIRED,,[계획서] 2022년도 성과계획서_과학기술정보통신부-459-546.pdf ?쪽(원본 ?쪽),,,,,2022년도 성과계획서_과학기술정보통신부-459-546.pdf,,,,,2022년도 성과보고서_과학기술정보통신부.pdf,174.0,174.0,,"활동 수혜자 
만족도
(점)
 ㅇ 측정산식 : (ICT 비즈니스 파트너
십 참가기업 만족도 + ICT 기술정
책협력 만족도) / 2
목표
신규
신규
신규
92.5
실적
신규
신규
(-)
94.55
달성률(%)
-
-
-
102.2",plan:NONE;plan_method:NONE;report_method:FULL_TEXT
MSIT-2022-IV2-02,162,과학기술정보통신부,2022,Ⅳ,Ⅳ-2,,정보통신방송 국제협력,국제기구 활동 기여건 수,국제기구 활동 기여건 수,건,,45,48,100,,국제기구 활동 기여건 수,,,48,45,48,o 실적치 확정 변경 - 최근 3개년 실적 평균(46.7 건) 대비 약 3% 상향한 수준 (48건)으로 목표치 설정,2022년도 성과보고서_과학기술정보통신부-411-510.pdf,92.0,502.0,,False,False,,국제기구 활동 기여건 수,,48,48,100.0,45.0,48.0,48.0,48.0,48.0,100.0,100.0,,3.0,6.666666666666667,3.0,6.666666666666667,0.0,0.0,0.0,0.0,0.0,MATCH_AFTER_CHANGE,VALUE_MISMATCH,EXACT_MATCH,MATCH_AFTER_CHANGE,EXACT_MATCH,EXACT_MATCH,EXACT_MATCH,OCR_REQUIRED,OCR_REQUIRED,PLAN_TARGET_FROM_CHANGE_TABLE_ONLY;TARGET_CHANGE_REASON_DOCUMENTED_IN_별첨6;REPORT_TARGET_CHANGE_CONFIRMED_BY_별첨6,[계획서] 2022년도 성과계획서_과학기술정보통신부-459-546.pdf ?쪽(원본 ?쪽) / [보고서] 2022년도 성과보고서_과학기술정보통신부.pdf 174쪽(원본 174쪽) / [별첨6 변경표] 2022년도 성과보고서_과학기술정보통신부-411-510.pdf 92쪽(원본 502쪽),,,,,2022년도 성과계획서_과학기술정보통신부-459-546.pdf,,,,,2022년도 성과보고서_과학기술정보통신부.pdf,174.0,174.0,,"국제기구 활동 
기여건수
(건)
 ㅇ 측정산식 : 주요 국제기구 × (ICT 
부분) 소관 회의 대응 건수 + 
장관회의·국제회의 개최 대응
건수
목표
신규
신규
신규
48
실적
신규
신규
(-)
48
달성률(%)
-
-
-
100.0",plan:별첨6만;plan_method:TEXT;report_method:FULL_TEXT
MSIT-2022-IV3-01,162,과학기술정보통신부,2022,Ⅳ,Ⅳ-3,,디지털방송전환 기반구축,디지털방송(UHD) 수신 율,디지털방송(UHD) 수신 율,%,,87,87,100,,,,,,,,,,,,,False,False,,디지털방송(UHD) 수신 율,,87,87,100.0,87.0,,87.0,87.0,87.0,100.0,100.0,,,,0.0,0.0,0.0,0.0,0.0,,,PDF_NOT_FOUND,PDF_NOT_FOUND,EXACT_MATCH,EXACT_MATCH,EXACT_MATCH,EXACT_MATCH,PDF_MISSING_MANUAL_PRESENT,OCR_REQUIRED,OCR_REQUIRED,,[계획서] 2022년도 성과계획서_과학기술정보통신부-459-546.pdf ?쪽(원본 ?쪽),,,,,2022년도 성과계획서_과학기술정보통신부-459-546.pdf,,,,,2022년도 성과보고서_과학기술정보통신부.pdf,180.0,180.0,,"디지털방송(UHD
) 수신율
(%)
* 측정산식 : 디지털방송(UHD) 가
시청 가구비율 = (UHD 방송 송신
구역가구수/전체가구수) × 100
* UHD 방송 송신구역 : 지상파 UHD 
방송 활성화 방안의 UHD 방송계
획구역  전체가구수 : 인구주택총
조사(통계청) 가구수
목표
신규
86
87
87
실적
신규
86
87
87
달성률(%)
-
100.0
100.0
100.0",plan:NONE;plan_method:NONE;report_method:FULL_TEXT
MSIT-2022-IV4-01,162,과학기술정보통신부,2022,Ⅳ,Ⅳ-4,,정보통신방송 기반조성,EMC/EMF/안테나 권역 기술지원 건,EMC/EMF/안테나 기술지원 건,건,,275,337,122.5,,EMC/EMF/안테나 권역 기술지원 건,,,275,275,275,o 예산증액 - 예산 규모 증가,2022년도 성과보고서_과학기술정보통신부-411-510.pdf,92.0,502.0,,False,False,,EMC/EMF/안테나 기술지원 건,,275,337,122.5,275.0,275.0,275.0,337.0,337.0,122.5,122.5,,0.0,0.0,0.0,0.0,0.0,0.0,0.0,0.0,0.0,MATCH_AFTER_CHANGE,EXACT_MATCH,EXACT_MATCH,EXACT_MATCH,EXACT_MATCH,EXACT_MATCH,EXACT_MATCH,OCR_REQUIRED,OCR_REQUIRED,PLAN_TARGET_FROM_CHANGE_TABLE_ONLY;TARGET_CHANGE_REASON_DOCUMENTED_IN_별첨6;PLAN_REPORT_NAME_CHANGE_DOCUMENTED_IN_별첨6,[계획서] 2022년도 성과계획서_과학기술정보통신부-459-546.pdf ?쪽(원본 ?쪽) / [별첨6 변경표] 2022년도 성과보고서_과학기술정보통신부-411-510.pdf 92쪽(원본 502쪽),,,,,2022년도 성과계획서_과학기술정보통신부-459-546.pdf,,,,,2022년도 성과보고서_과학기술정보통신부.pdf,186.0,186.0,,"EMC/EMF/안테
나 기술지원 건
(건)
EMC/EMF/안테나/권역 기술지원 
건수 합산
목표
289
420
318
275
실적
298
429
323
337
달성률(%)
103.1
102.1
101.6
122.5",plan:별첨6만;plan_method:TEXT;report_method:FULL_TEXT
MSIT-2022-IV4-02,162,과학기술정보통신부,2022,Ⅳ,Ⅳ-4,,정보통신방송 기반조성,전파산업 중소기업 지원실적,전파산업 중소기업 지원실적,건,,183,236,129,,전파산업 중소기업 지원실적,,,183,183,183,o 예산증액 - 예산 규모 증가,2022년도 성과보고서_과학기술정보통신부-411-510.pdf,92.0,502.0,,False,False,,전파산업 중소기업 지원실적,,183,236,129.0,183.0,183.0,183.0,236.0,236.0,129.0,129.0,,0.0,0.0,0.0,0.0,0.0,0.0,0.0,0.0,0.0,MATCH_AFTER_CHANGE,EXACT_MATCH,EXACT_MATCH,EXACT_MATCH,EXACT_MATCH,EXACT_MATCH,EXACT_MATCH,OCR_REQUIRED,OCR_REQUIRED,PLAN_TARGET_FROM_CHANGE_TABLE_ONLY;TARGET_CHANGE_REASON_DOCUMENTED_IN_별첨6,[계획서] 2022년도 성과계획서_과학기술정보통신부-459-546.pdf ?쪽(원본 ?쪽) / [별첨6 변경표] 2022년도 성과보고서_과학기술정보통신부-411-510.pdf 92쪽(원본 502쪽),,,,,2022년도 성과계획서_과학기술정보통신부-459-546.pdf,,,,,2022년도 성과보고서_과학기술정보통신부.pdf,186.0,186.0,,"중소기업 
지원실적
(건)
제품화 제작지원, 엔지니어링 랩 
기술지원, 전파인증 시험비용 지원 
건수 합산
목표
171
186
211
183
실적
212
200
273
236
달성률(%)
124.0
107.5
129.4
129.0",plan:별첨6만;plan_method:TEXT;report_method:FULL_TEXT
MSIT-2022-IV4-03,162,과학기술정보통신부,2022,Ⅳ,Ⅳ-4,,정보통신방송 기반조성,주파수 사용률 예측 정확도,주파수 사용률 예측 정확도,%,,87,87.8,100.9,,주파수 사용률 예측 정확도,,,87,87,87,o 예산증액 - 예산 규모 증가,2022년도 성과보고서_과학기술정보통신부-411-510.pdf,92.0,502.0,,False,False,,주파수 사용률 예측 정확도,,87,87.8,100.9,87.0,87.0,87.0,87.8,87.8,100.9,100.9,,0.0,0.0,0.0,0.0,0.0,0.0,0.0,0.0,0.0,MATCH_AFTER_CHANGE,EXACT_MATCH,EXACT_MATCH,EXACT_MATCH,EXACT_MATCH,EXACT_MATCH,EXACT_MATCH,OCR_REQUIRED,OCR_REQUIRED,PLAN_TARGET_FROM_CHANGE_TABLE_ONLY;TARGET_CHANGE_REASON_DOCUMENTED_IN_별첨6,[계획서] 2022년도 성과계획서_과학기술정보통신부-459-546.pdf ?쪽(원본 ?쪽) / [별첨6 변경표] 2022년도 성과보고서_과학기술정보통신부-411-510.pdf 92쪽(원본 502쪽),,,,,2022년도 성과계획서_과학기술정보통신부-459-546.pdf,,,,,2022년도 성과보고서_과학기술정보통신부.pdf,185.0,185.0,,"주파수 사용률 
예측 정확도 
(%)
 ㅇ 측정산식 : 100 - 세대별 주파수
사용률 예측 오차율의 산술평균
100 -  


  ▪ 측정방법 
 - 평가방안: 세대별 예측시점 이
후의 예측치와 시간 경과 후 실
제 관측치 간의 평균절대오차
(MAE)로 평가





( n: 관측기간, Ot: 관측치, Ft: 예측)
 - 측정대상기간: ’21~ ’26년 
 - 실적치 집계 완료 시점 : 해당연
도 4분기 예정
 - 측정수행기관 : 이통3사 및 
ETRI
 - 측정대상 표본수 및 선정방법 
: 이통3사의 표본셀(서울지역 
주파수 사용률 상위 10% 셀 혹
은 트래픽 밀집지역 셀) 대상 
정보 수집
목표
신규
신규
85
87
실적
신규
신규
87
87.8
달성률(%)
-
-
102.4
100.9",plan:별첨6만;plan_method:TEXT;report_method:FULL_TEXT
MSIT-2022-IV5-01,162,과학기술정보통신부,2022,Ⅳ,Ⅳ-5,,정보통신융합 산업,특허등급(SMART) 지 수,특허등급(SMART) 지 수,점,,4.26,4.01,94.1,,특허등급(SMART) 지 수,,,4.26,4.26,4.26,o 예산감액 - 예산 규모 감소,2022년도 성과보고서_과학기술정보통신부-411-510.pdf,92.0,502.0,,False,False,,특허등급(SMART) 지 수,,4.26,4.01,94.1,4.26,4.26,4.26,4.01,4.01,94.1,94.1,,0.0,0.0,0.0,0.0,0.0,0.0,0.0,0.0,0.0,MATCH_AFTER_CHANGE,EXACT_MATCH,EXACT_MATCH,EXACT_MATCH,EXACT_MATCH,EXACT_MATCH,EXACT_MATCH,OCR_REQUIRED,OCR_REQUIRED,PLAN_TARGET_FROM_CHANGE_TABLE_ONLY;TARGET_CHANGE_REASON_DOCUMENTED_IN_별첨6,[계획서] 2022년도 성과계획서_과학기술정보통신부-459-546.pdf ?쪽(원본 ?쪽) / [별첨6 변경표] 2022년도 성과보고서_과학기술정보통신부-411-510.pdf 92쪽(원본 502쪽),,,,,2022년도 성과계획서_과학기술정보통신부-459-546.pdf,,,,,2022년도 성과보고서_과학기술정보통신부.pdf,202.0,202.0,,"특허등급(SMAR
T) 지수
(점)
ㅇ 측정산식 : 대표단위·세부사업의 
특허등급 지수 합
 - A(SMART 지수*예산가중치) + 
B(SMART 지수*예산가중치) 
 ※ 측정산식 : ∑(Ai x Bi) / ∑Bi
 - Ai : 특허등급*별 가중치
 * 특허의 권리성, 기술성, 시장성의 
10개 기준으로 특허를 평가하며, 
9개 등급(AAA～C)으로 구분
등급
AAA AA
A
BBB BB
B
CCC CC
C
순위
1
2
3
4
5
6
7
8
9
가중치
9
8
7
6
5
4
3
2
1
 - Bi : 등급별 특허성과 건수
목표
4.47
4.41
4.26
4.26
실적
4.17
4.33
4.0
4.01
달성률(%)
93.3
98.2
93.9
94.1",plan:별첨6만;plan_method:TEXT;report_method:FULL_TEXT
MSIT-2022-IV5-02,162,과학기술정보통신부,2022,Ⅳ,Ⅳ-5,,정보통신융합 산업,해외진출 지원 수혜기 업 만족도,해외진출 지원 수혜기 업 만족도,점,,90.1,9.29,102.7,,해외진출 지원 수혜기 업 만족도,,,9.05,90.1,9.05,o 기재부 검토의견 - 기존 100점 만점으로 환산하 여 측정하던 성과지표를 리 커트 5점 척도로 변경,2022년도 성과보고서_과학기술정보통신부-411-510.pdf,93.0,503.0,,False,False,,해외진출 지원 수혜기 업 만족도,,9.05,9.29,102.7%,90.1,9.05,9.05,9.29,9.29,102.7,102.7,,-81.05,-89.95560488346283,-81.05,-89.95560488346283,0.0,0.0,0.0,0.0,0.0,MATCH_AFTER_CHANGE,VALUE_MISMATCH,EXACT_MATCH,MATCH_AFTER_CHANGE,EXACT_MATCH,EXACT_MATCH,EXACT_MATCH,OCR_REQUIRED,OCR_REQUIRED,PLAN_TARGET_FROM_CHANGE_TABLE_ONLY;TARGET_CHANGE_REASON_DOCUMENTED_IN_별첨6;REPORT_TARGET_CHANGE_CONFIRMED_BY_별첨6,[계획서] 2022년도 성과계획서_과학기술정보통신부-459-546.pdf ?쪽(원본 ?쪽) / [보고서] 2022년도 성과보고서_과학기술정보통신부-411-510.pdf 15쪽(원본 425쪽) / [별첨6 변경표] 2022년도 성과보고서_과학기술정보통신부-411-510.pdf 93쪽(원본 503쪽),,,,,2022년도 성과계획서_과학기술정보통신부-459-546.pdf,,,,,2022년도 성과보고서_과학기술정보통신부-411-510.pdf,15.0,425.0,,"②해외진출 지원 
수혜기업 만족도 
(점)
결과
▪ 측정산식 : ‘융합서
비스 글로벌시장 
진출지원 사업’ 지
원기업 대상 만족
도 조사
   - 항목별 만족여부
를 리커트 5점 
척도(매우불만
족 1점, 불만족 
2점, 보통 3점, 
만족 4점, 매우 
만족 5점)로 평
균 만족도 환산
 ▪ 측정방법
   - 측정대상기간 : 
’22.1.1.～’22.12.31.
   - 실적치 집계 완료 
시점 : ’23.3월말
   - 측정수행기관 : 
정보통신산업
진흥원
   - 측정대상 표본
수 및 선정방법 
: 융합서비스 글
로벌시장 진출
지원 사업지원
기업 대상
 설문조사(전수조사)
   - 조사대상 : 사업 
참여 기업 전체 
수혜 기업 
목표
신규
9.0
9.05
실적
신규
9.45
9.29
달성률
-
105.0%
102.7%",plan:별첨6만;plan_method:TEXT;report_method:TEXT
MSIT-2022-IV6-01,162,과학기술정보통신부,2022,Ⅳ,Ⅳ-6,,지역경제활성화,ICT·SW수혜기업 평균 매출증가율,ICT·SW수혜기업 평균 매출증가율,%,,9,9.1,101.1,,ICT·SW수혜기업 평균 매출증가율,,,9.0,9.0,9.0,o 예산증액 - 예산 규모 증가,2022년도 성과보고서_과학기술정보통신부-411-510.pdf,93.0,503.0,,False,False,,ICT·SW수혜기업 평균 매출증가율,,9.0,9.1,101.1,9.0,9.0,9.0,9.1,9.1,101.1,101.1,,0.0,0.0,0.0,0.0,0.0,0.0,0.0,0.0,0.0,MATCH_AFTER_CHANGE,EXACT_MATCH,EXACT_MATCH,EXACT_MATCH,EXACT_MATCH,EXACT_MATCH,EXACT_MATCH,OCR_REQUIRED,OCR_REQUIRED,PLAN_TARGET_FROM_CHANGE_TABLE_ONLY;TARGET_CHANGE_REASON_DOCUMENTED_IN_별첨6,[계획서] 2022년도 성과계획서_과학기술정보통신부-459-546.pdf ?쪽(원본 ?쪽) / [별첨6 변경표] 2022년도 성과보고서_과학기술정보통신부-411-510.pdf 93쪽(원본 503쪽),,,,,2022년도 성과계획서_과학기술정보통신부-459-546.pdf,,,,,2022년도 성과보고서_과학기술정보통신부.pdf,212.0,212.0,,"ICT·SW수혜기업 
평균 매출증가율
(%)
ICT·SW수혜기업 매출증가율 = 
[(당해년도 매출실적-전년도 매출
실적)/전년도 매출실적]×100
목표
신규
신규
8.9
9.0
실적
신규
신규
9.1
9.1
달성률(%)
-
-
102.3
101.1",plan:별첨6만;plan_method:TEXT;report_method:FULL_TEXT
MSIT-2022-IV6-02,162,과학기술정보통신부,2022,Ⅳ,Ⅳ-6,,지역경제활성화,(ICT융합제조)직접 고용인원(명/억원),(ICT융합제조)직접 고용인원(명/억원),명,,23,40,173.9,,(ICT융합제조)직접 고용인원(명/억원),,,23,23,23,o 예산증액 - 예산 규모 증가,2022년도 성과보고서_과학기술정보통신부-411-510.pdf,93.0,503.0,,False,False,,(ICT융합제조)직접 고용인원(명/억원),,23,40,173.9,23.0,23.0,23.0,40.0,40.0,173.9,173.9,,0.0,0.0,0.0,0.0,0.0,0.0,0.0,0.0,0.0,MATCH_AFTER_CHANGE,EXACT_MATCH,EXACT_MATCH,EXACT_MATCH,EXACT_MATCH,EXACT_MATCH,EXACT_MATCH,OCR_REQUIRED,OCR_REQUIRED,PLAN_TARGET_FROM_CHANGE_TABLE_ONLY;TARGET_CHANGE_REASON_DOCUMENTED_IN_별첨6,[계획서] 2022년도 성과계획서_과학기술정보통신부-459-546.pdf ?쪽(원본 ?쪽) / [별첨6 변경표] 2022년도 성과보고서_과학기술정보통신부-411-510.pdf 93쪽(원본 503쪽),,,,,2022년도 성과계획서_과학기술정보통신부-459-546.pdf,,,,,2022년도 성과보고서_과학기술정보통신부.pdf,212.0,212.0,,"(ICT융합제조)직접 
고용인원(명/억원)
(명)
정부출연금 10억원당 고용인원 
수 × 110%
목표
신규
13
21
23
실적
신규
22
23
40
달성률(%)
-
169.2
109.5
173.9",plan:별첨6만;plan_method:TEXT;report_method:FULL_TEXT
MSIT-2022-IV7-01,162,과학기술정보통신부,2022,Ⅳ,Ⅳ-7,,SW산업진흥,SW기업의 SW품목 매 출액(조 원),SW기업의 SW품목 매 출액(조 원),조원,,85,123.8,142.3,,SW기업의 SW품목 매 출액(조 원),,,87,85,87,o 기타 - 코로나19로 인한 비대면 및 디지털 전환 수요 등을 반영 하여 목표치 87로 상향 설정,2022년도 성과보고서_과학기술정보통신부-411-510.pdf,93.0,503.0,,False,False,,SW기업의 SW품목 매 출액(조 원),,87,123.8,142.3,85.0,87.0,87.0,123.8,123.8,142.3,142.3,,2.0,2.3529411764705883,2.0,2.3529411764705883,0.0,0.0,0.0,0.0,0.0,MATCH_AFTER_CHANGE,VALUE_MISMATCH,EXACT_MATCH,MATCH_AFTER_CHANGE,EXACT_MATCH,EXACT_MATCH,EXACT_MATCH,OCR_REQUIRED,OCR_REQUIRED,PLAN_TARGET_FROM_CHANGE_TABLE_ONLY;TARGET_CHANGE_REASON_DOCUMENTED_IN_별첨6;REPORT_TARGET_CHANGE_CONFIRMED_BY_별첨6,[계획서] 2022년도 성과계획서_과학기술정보통신부-459-546.pdf ?쪽(원본 ?쪽) / [보고서] 2022년도 성과보고서_과학기술정보통신부.pdf 220쪽(원본 220쪽) / [별첨6 변경표] 2022년도 성과보고서_과학기술정보통신부-411-510.pdf 93쪽(원본 503쪽),,,,,2022년도 성과계획서_과학기술정보통신부-459-546.pdf,,,,,2022년도 성과보고서_과학기술정보통신부.pdf,220.0,220.0,,"SW품목 
매출액(조 원)
(조원)
SW 기업(패키지SW, IT서비스, 게임
SW, 인터넷SW) 연간 매출액 합계
목표
75.9
81.1
83
87
실적
78.7
97.9
118.4
123.8
달성률(%)
103.7
120.7
142.7
142.3",plan:별첨6만;plan_method:TEXT;report_method:FULL_TEXT
MSIT-2022-IV7-02,162,과학기술정보통신부,2022,Ⅳ,Ⅳ-7,,SW산업진흥,SW중심대학 취업률 (%),SW중심대학 취업률 (%),%,,67.2,68.8,101.3,,SW중심대학 취업률 (%),,,67.9,67.2,67.9,"o 실적치 확정 변경 - 3개년(‘19년 642%, ’20년 63.3%, ‘21년 61%) 4년제 대학 취업률을 산술평균한 값에 8%(변경전 6%)를 상 향한 67.9점으로 설정",2022년도 성과보고서_과학기술정보통신부-411-510.pdf,93.0,503.0,,False,False,,SW중심대학 취업률 (%),,67.9,68.8,101.3,67.2,67.9,67.9,68.8,68.8,101.3,101.3,,0.7000000000000028,1.0416666666666707,0.7000000000000028,1.0416666666666707,0.0,0.0,0.0,0.0,0.0,MATCH_AFTER_CHANGE,VALUE_MISMATCH,EXACT_MATCH,MATCH_AFTER_CHANGE,EXACT_MATCH,EXACT_MATCH,EXACT_MATCH,OCR_REQUIRED,OCR_REQUIRED,PLAN_TARGET_FROM_CHANGE_TABLE_ONLY;TARGET_CHANGE_REASON_DOCUMENTED_IN_별첨6;REPORT_TARGET_CHANGE_CONFIRMED_BY_별첨6,[계획서] 2022년도 성과계획서_과학기술정보통신부-459-546.pdf ?쪽(원본 ?쪽) / [보고서] 2022년도 성과보고서_과학기술정보통신부.pdf 220쪽(원본 220쪽) / [별첨6 변경표] 2022년도 성과보고서_과학기술정보통신부-411-510.pdf 93쪽(원본 503쪽),,,,,2022년도 성과계획서_과학기술정보통신부-459-546.pdf,,,,,2022년도 성과보고서_과학기술정보통신부.pdf,220.0,220.0,," SW중심대학 
취업률(%)
(%)
∑(SW중심대학별 
취업률(100% 
만점)) / 전체 SW중심대학 수
목표
신규
신규
66.9
67.9
실적
신규
신규
69.1
68.8
달성률(%)
-
-
103.3
101.3",plan:별첨6만;plan_method:TEXT;report_method:FULL_TEXT
MSIT-2022-IV8-01,162,과학기술정보통신부,2022,Ⅳ,Ⅳ-8,,인터넷융합산업,ICT융합 기반산업 시 장 매출액,ICT융합 기반산업 시 장 매출액,조원,,15.31,21.29,139.1,,ICT융합 기반산업 시 장 매출액,,,15.31,15.31,15.31,o 예산증액 - 예산 규모 증가,2022년도 성과보고서_과학기술정보통신부-411-510.pdf,93.0,503.0,,False,False,,ICT융합 기반산업 시 장 매출액,,15.31,21.29,139.1,15.31,15.31,15.31,21.29,21.29,139.1,139.1,,0.0,0.0,0.0,0.0,0.0,0.0,0.0,0.0,0.0,MATCH_AFTER_CHANGE,EXACT_MATCH,EXACT_MATCH,EXACT_MATCH,EXACT_MATCH,EXACT_MATCH,EXACT_MATCH,OCR_REQUIRED,OCR_REQUIRED,PLAN_TARGET_FROM_CHANGE_TABLE_ONLY;TARGET_CHANGE_REASON_DOCUMENTED_IN_별첨6,[계획서] 2022년도 성과계획서_과학기술정보통신부-459-546.pdf ?쪽(원본 ?쪽) / [별첨6 변경표] 2022년도 성과보고서_과학기술정보통신부-411-510.pdf 93쪽(원본 503쪽),,,,,2022년도 성과계획서_과학기술정보통신부-459-546.pdf,,,,,2022년도 성과보고서_과학기술정보통신부.pdf,250.0,250.0,,"기반산업 시장 
매출액
(조원)
사물인터넷 목표 매출액(14.9조원) 
+ 블록체인 목표 매출액(0.41조원)
목표
10.94
12.65
16.07
15.31
실적
11.83
14.67
16.78
21.29
달성률(%)
108.1
116.0
104.4
139.1",plan:별첨6만;plan_method:TEXT;report_method:FULL_TEXT
MSIT-2022-IV8-02,162,과학기술정보통신부,2022,Ⅳ,Ⅳ-8,,인터넷융합산업,인터넷융합산업 정책지원 만족도,인터넷융합산업 정책지원 만족도,점,,86,88.06,102.4,,인터넷융합산업 정책지원 만족도,,,86,86,86,o 예산증액 - 예산 규모 증가,2022년도 성과보고서_과학기술정보통신부-411-510.pdf,93.0,503.0,,False,False,,인터넷융합산업 정책지원 만족도,,86,88.06,102.4,86.0,86.0,86.0,88.06,88.06,102.4,102.4,,0.0,0.0,0.0,0.0,0.0,0.0,0.0,0.0,0.0,MATCH_AFTER_CHANGE,EXACT_MATCH,EXACT_MATCH,EXACT_MATCH,EXACT_MATCH,EXACT_MATCH,EXACT_MATCH,OCR_REQUIRED,OCR_REQUIRED,PLAN_TARGET_FROM_CHANGE_TABLE_ONLY;TARGET_CHANGE_REASON_DOCUMENTED_IN_별첨6,[계획서] 2022년도 성과계획서_과학기술정보통신부-459-546.pdf ?쪽(원본 ?쪽) / [별첨6 변경표] 2022년도 성과보고서_과학기술정보통신부-411-510.pdf 93쪽(원본 503쪽),,,,,2022년도 성과계획서_과학기술정보통신부-459-546.pdf,,,,,2022년도 성과보고서_과학기술정보통신부.pdf,250.0,250.0,,"인터넷융합산업 
정책지원 만족도
(점)
리커트 5점 척도 방식으로 측정 후, 
100점 만점으로 환산
목표
80
82
84
86
실적
86.75
88.7
89.09
88.06
달성률(%)
108.4
108.2
106.1
102.4",plan:별첨6만;plan_method:TEXT;report_method:FULL_TEXT
MSIT-2022-IV9-01,162,과학기술정보통신부,2022,Ⅳ,Ⅳ-9,,전파활용방송 서비스산업,생활환경 전파안전강 화 추진율,생활환경 전파안전강 화 추진율,%,,100,102.3,102.3,,생활환경 전파안전강 화 추진율,,,100,100,100,o 예산증액 - 예산 규모 증가,2022년도 성과보고서_과학기술정보통신부-411-510.pdf,94.0,504.0,,False,False,,생활환경 전파안전강 화 추진율,,100,102.3,102.3,100.0,100.0,100.0,102.3,102.3,102.3,102.3,,0.0,0.0,0.0,0.0,0.0,0.0,0.0,0.0,0.0,MATCH_AFTER_CHANGE,EXACT_MATCH,EXACT_MATCH,EXACT_MATCH,EXACT_MATCH,EXACT_MATCH,EXACT_MATCH,OCR_REQUIRED,OCR_REQUIRED,PLAN_TARGET_FROM_CHANGE_TABLE_ONLY;TARGET_CHANGE_REASON_DOCUMENTED_IN_별첨6,[계획서] 2022년도 성과계획서_과학기술정보통신부-459-546.pdf ?쪽(원본 ?쪽) / [별첨6 변경표] 2022년도 성과보고서_과학기술정보통신부-411-510.pdf 94쪽(원본 504쪽),,,,,2022년도 성과계획서_과학기술정보통신부-459-546.pdf,,,,,2022년도 성과보고서_과학기술정보통신부.pdf,264.0,264.0,,"전파안전강화 
추진율
(%)
{(28㎓ 5G 기지국 및 5G 기반 서비
스 환경 전자파 측정x0.5)+(전자파 
측정 
장비 
무상 
대여 
서비스
x0.5)}x100
목표
신규
신규
100
100
실적
신규
신규
83.5
102.3
달성률(%)
-
-
83.5
102.3",plan:별첨6만;plan_method:TEXT;report_method:FULL_TEXT
MSIT-2022-IV9-03,162,과학기술정보통신부,2022,Ⅳ,Ⅳ-9,,전파활용방송 서비스산업,통신탑재체 개발 목표 대비 진척률,통신탑재체 개발 목표 대비 진척률,%,,100,100,100,,통신탑재체 개발 목표 대비 진척률,,,100,100,100,o 예산증액 - 예산 규모 증가,2022년도 성과보고서_과학기술정보통신부-411-510.pdf,94.0,504.0,,False,False,,통신탑재체 개발 목표 대비 진척률,,100,100,100.0,100.0,100.0,100.0,100.0,100.0,100.0,100.0,,0.0,0.0,0.0,0.0,0.0,0.0,0.0,0.0,0.0,MATCH_AFTER_CHANGE,EXACT_MATCH,EXACT_MATCH,EXACT_MATCH,EXACT_MATCH,EXACT_MATCH,EXACT_MATCH,OCR_REQUIRED,OCR_REQUIRED,PLAN_TARGET_FROM_CHANGE_TABLE_ONLY;TARGET_CHANGE_REASON_DOCUMENTED_IN_별첨6,[계획서] 2022년도 성과계획서_과학기술정보통신부-459-546.pdf ?쪽(원본 ?쪽) / [별첨6 변경표] 2022년도 성과보고서_과학기술정보통신부-411-510.pdf 94쪽(원본 504쪽),,,,,2022년도 성과계획서_과학기술정보통신부-459-546.pdf,,,,,2022년도 성과보고서_과학기술정보통신부.pdf,264.0,264.0,,"통신탑재체 개발 
목표대비 진척률
(%)
(탑재체 표준 핵심기술문서의 실
적건수/목표건수)☓100(%)
목표
신규
신규
100
100
실적
신규
신규
100
100
달성률(%)
-
-
100.0
100.0",plan:별첨6만;plan_method:TEXT;report_method:FULL_TEXT
MSIT-2022-IV10-01,162,과학기술정보통신부,2022,Ⅳ,Ⅳ-10,,인공지능데이터 진흥,인공지능전문기업 육 성 수,인공지능전문기업 육 성 수,개,,100,164,164,,인공지능전문기업 육 성 수,,,100,100,100,"o 예산증액 - 예산 규모 증가 1,284,821 1,200,511 클라우드 서비스 도입 중소기업  수 0.5 클라우드 서비스 도입 중소기업  수 0.5",2022년도 성과보고서_과학기술정보통신부-411-510.pdf,91.0,501.0,,False,False,,인공지능전문기업 육 성 수,,100,164,164.0,100.0,100.0,100.0,164.0,164.0,164.0,164.0,,0.0,0.0,0.0,0.0,0.0,0.0,0.0,0.0,0.0,MATCH_AFTER_CHANGE,EXACT_MATCH,EXACT_MATCH,EXACT_MATCH,EXACT_MATCH,EXACT_MATCH,EXACT_MATCH,OCR_REQUIRED,OCR_REQUIRED,PLAN_TARGET_FROM_CHANGE_TABLE_ONLY;TARGET_CHANGE_REASON_DOCUMENTED_IN_별첨6,[계획서] 2022년도 성과계획서_과학기술정보통신부-459-546.pdf ?쪽(원본 ?쪽) / [별첨6 변경표] 2022년도 성과보고서_과학기술정보통신부-411-510.pdf 91쪽(원본 501쪽),,,,,2022년도 성과계획서_과학기술정보통신부-459-546.pdf,,,,,2022년도 성과보고서_과학기술정보통신부.pdf,274.0,274.0,,"인공지능전문기
업 육성 수
(개)
AI기업 중에서 매출액(전년도 60억
원 이상)과 투자액 기준(최근 2년간 
누적 투자유치액이 30억원 이상)을 
만족하고 대기업이 아닌 기업 수
목표
54
68
83
100
실적
56
73
85
164
달성률(%)
103.7
107.4
102.4
164.0",plan:별첨6만;plan_method:TEXT;report_method:FULL_TEXT
MSIT-2022-IV10-02,162,과학기술정보통신부,2022,Ⅳ,Ⅳ-10,,인공지능데이터 진흥,클라우드 서비스 도입 중소기업 수,클라우드 서비스 도입 중소기업 수,개,,600,1198,133.1,,클라우드 서비스 도입 중소기업 수,,,900,600,900,o 실적치 확정 변경 - 전년도 실적을 고려하여 목 표치 상향 조정,2022년도 성과보고서_과학기술정보통신부-411-510.pdf,91.0,501.0,,False,False,,클라우드 서비스 도입 중소기업 수,,900,"1,198",133.1,600.0,900.0,900.0,1198.0,1198.0,133.1,133.1,,300.0,50.0,300.0,50.0,0.0,0.0,0.0,0.0,0.0,MATCH_AFTER_CHANGE,VALUE_MISMATCH,EXACT_MATCH,MATCH_AFTER_CHANGE,EXACT_MATCH,EXACT_MATCH,EXACT_MATCH,OCR_REQUIRED,OCR_REQUIRED,PLAN_TARGET_FROM_CHANGE_TABLE_ONLY;TARGET_CHANGE_REASON_DOCUMENTED_IN_별첨6;REPORT_TARGET_CHANGE_CONFIRMED_BY_별첨6,[계획서] 2022년도 성과계획서_과학기술정보통신부-459-546.pdf ?쪽(원본 ?쪽) / [보고서] 2022년도 성과보고서_과학기술정보통신부.pdf 274쪽(원본 274쪽) / [별첨6 변경표] 2022년도 성과보고서_과학기술정보통신부-411-510.pdf 91쪽(원본 501쪽),,,,,2022년도 성과계획서_과학기술정보통신부-459-546.pdf,,,,,2022년도 성과보고서_과학기술정보통신부.pdf,274.0,274.0,,"클라우드 서비스 
도입 중소기업 수
(개)
클라우드서비스 신규 가입 중소
기업 수
목표
1,200
2,100
500
900
실적
1,606
2,625
1,006
1,198
달성률(%)
133.8
125.0
201.2
133.1",plan:별첨6만;plan_method:TEXT;report_method:FULL_TEXT
MSIT-2022-V1-01,162,과학기술정보통신부,2022,Ⅴ,Ⅴ-1,,정보보호및활용,정보보호제품 시험환 경(Test Lab) 이용업체 제품의 인증건수와 상용 화 제품 건수(건),정보보호제품 시험환 경(Test Lab) 이용업체 제품의 인증건수와 상용 화 제품 건수(건),건,,44,44,100,,정보보호제품 시험환 경(Test Lab) 이용업체 제품의 인증건수와 상용 화 제품 건수(건),,,44,44,44,o 예산감액 - 예산 규모 감소,2022년도 성과보고서_과학기술정보통신부-411-510.pdf,94.0,504.0,,False,False,,정보보호제품 시험환 경(Test Lab) 이용업체 제품의 인증건수와 상용 화 제품 건수(건),,44,44,100.0,44.0,44.0,44.0,44.0,44.0,100.0,100.0,,0.0,0.0,0.0,0.0,0.0,0.0,0.0,0.0,0.0,MATCH_AFTER_CHANGE,EXACT_MATCH,EXACT_MATCH,EXACT_MATCH,EXACT_MATCH,EXACT_MATCH,EXACT_MATCH,OCR_REQUIRED,OCR_REQUIRED,PLAN_TARGET_FROM_CHANGE_TABLE_ONLY;TARGET_CHANGE_REASON_DOCUMENTED_IN_별첨6,[계획서] 2022년도 성과계획서_과학기술정보통신부-459-546.pdf ?쪽(원본 ?쪽) / [별첨6 변경표] 2022년도 성과보고서_과학기술정보통신부-411-510.pdf 94쪽(원본 504쪽),,,,,2022년도 성과계획서_과학기술정보통신부-459-546.pdf,,,,,2022년도 성과보고서_과학기술정보통신부.pdf,284.0,284.0,,"상용화 제품 
건수(건)
(건)
ㅇ 측정산식 : 측정방법 ①~③의 
인증 및 제품 건수의 합계 
 ▪ 측정방법 (자료수집 방법/출처)
  - 인증취득 및 상용화 제품 건수 
집계에 공신력과 타당성을 확
보를 위해 다음 3가지 방법으
로 집계 
    ① 한국인터넷진흥원(KISA)의 
물리보안평가 
인증(바이
오, CCTV 등) 건수
    ② IT보안인증사무국(CC), 한
국정보통신협회(GS), 
한
국기술시험원(GS) 등  IT 
제품 인증 기관의 인증 제
품 건수
    ③ Test Lab에서 시제품(파일럿, 
베타 등) 테스트를 통해 3
개월 이내에 출시한 제품 
건수(조달청 제품 등록확인)
목표
신규
40
42
44
실적
신규
40
42
44
달성률(%)
-
100.0
100.0
100.0",plan:별첨6만;plan_method:TEXT;report_method:FULL_TEXT
MSIT-2022-V1-02,162,과학기술정보통신부,2022,Ⅴ,Ⅴ-1,,정보보호및활용,5G+ 핵심서비스정보보 호 수준 제고율,5G+ 핵심서비스정보보 호 수준 제고율,%,,70,81.5,108.7,,5G+ 핵심서비스정보보 호 수준 제고율,,,75,70,75,o 실적치 확정 변경 - ‘21년 실적치(71.9%)를 감안 하여 ’22년 목표치를 75%로 상향 설정,2022년도 성과보고서_과학기술정보통신부-411-510.pdf,94.0,504.0,,False,False,,5G+ 핵심서비스정보보 호 수준 제고율,,,,,70.0,75.0,,81.5,,108.7,,,5.0,7.142857142857142,,,,,,,,MATCH_AFTER_CHANGE,VALUE_MISMATCH,EXACT_MATCH,PDF_MISSING_MANUAL_PRESENT,PDF_MISSING_MANUAL_PRESENT,PDF_MISSING_MANUAL_PRESENT,EXACT_MATCH,OCR_REQUIRED,OCR_REQUIRED,PLAN_TARGET_FROM_CHANGE_TABLE_ONLY;TARGET_CHANGE_REASON_DOCUMENTED_IN_별첨6,[계획서] 2022년도 성과계획서_과학기술정보통신부-459-546.pdf ?쪽(원본 ?쪽) / [보고서] 2022년도 성과보고서_과학기술정보통신부-411-510.pdf 18쪽(원본 428쪽) / [별첨6 변경표] 2022년도 성과보고서_과학기술정보통신부-411-510.pdf 94쪽(원본 504쪽),,,,,2022년도 성과계획서_과학기술정보통신부-459-546.pdf,,,,,2022년도 성과보고서_과학기술정보통신부-411-510.pdf,18.0,428.0,,정보보호 수준 ,plan:별첨6만;plan_method:TEXT;report_method:TEXT
MSIT-2022-V2-01,162,과학기술정보통신부,2022,Ⅴ,Ⅴ-2,,통신정책지원,데이터 단위(MB)당 평균요금(가계통신비 부담 경감),데이터 단위(MB)당 평균요금(가계통신비 부담 경감),원,하향,1.94,1.59,118,,데이터 단위(MB)당 평균요금(가계통신비 부담 경감),,,1.94,1.94,1.94,o 예산감액 - 예산 규모 감소,2022년도 성과보고서_과학기술정보통신부-411-510.pdf,94.0,504.0,,False,False,,데이터 단위(MB)당 평균요금(가계통신비 부담 경감),,1.94,1.59,118.0,1.94,1.94,1.94,1.59,1.59,118.0,118.0,122.0125786163522,0.0,0.0,0.0,0.0,0.0,0.0,0.0,0.0,0.0,MATCH_AFTER_CHANGE,EXACT_MATCH,EXACT_MATCH,EXACT_MATCH,EXACT_MATCH,EXACT_MATCH,EXACT_MATCH,OCR_REQUIRED,OCR_REQUIRED,PLAN_TARGET_FROM_CHANGE_TABLE_ONLY;TARGET_CHANGE_REASON_DOCUMENTED_IN_별첨6,[계획서] 2022년도 성과계획서_과학기술정보통신부-459-546.pdf ?쪽(원본 ?쪽) / [별첨6 변경표] 2022년도 성과보고서_과학기술정보통신부-411-510.pdf 94쪽(원본 504쪽),,,,,2022년도 성과계획서_과학기술정보통신부-459-546.pdf,,,,,2022년도 성과보고서_과학기술정보통신부.pdf,294.0,294.0,,"평균요금(가계통
신비 부담 경감)
(원)(하향지표)
이통3사 연간 총 데이터 요금 수익/
총 데이터 이용량
목표
3.54
2.83
2.34
1.94
실적
3.10
2.32
2.04
1.59
달성률(%)
112.4
118.0
112.8
118.0",plan:별첨6만;plan_method:TEXT;report_method:FULL_TEXT
MSIT-2022-V2-02,162,과학기술정보통신부,2022,Ⅴ,Ⅴ-2,,통신정책지원,통신서비스 이용자 만 족도,통신서비스 이용자 만 족도,점,,83,83.8,101,,통신서비스 이용자 만 족도,,,83,83,83,o 예산감액 - 예산 규모 감소,2022년도 성과보고서_과학기술정보통신부-411-510.pdf,95.0,505.0,,False,False,,통신서비스 이용자 만 족도,,83,83.8,101.0,83.0,83.0,83.0,83.8,83.8,101.0,101.0,,0.0,0.0,0.0,0.0,0.0,0.0,0.0,0.0,0.0,MATCH_AFTER_CHANGE,EXACT_MATCH,EXACT_MATCH,EXACT_MATCH,EXACT_MATCH,EXACT_MATCH,EXACT_MATCH,OCR_REQUIRED,OCR_REQUIRED,PLAN_TARGET_FROM_CHANGE_TABLE_ONLY;TARGET_CHANGE_REASON_DOCUMENTED_IN_별첨6,[계획서] 2022년도 성과계획서_과학기술정보통신부-459-546.pdf ?쪽(원본 ?쪽) / [별첨6 변경표] 2022년도 성과보고서_과학기술정보통신부-411-510.pdf 95쪽(원본 505쪽),,,,,2022년도 성과계획서_과학기술정보통신부-459-546.pdf,,,,,2022년도 성과보고서_과학기술정보통신부.pdf,294.0,294.0,,"통신서비스 
이용자 만족도
(점)
리커트 5점 척도
목표
80
82
83
83
실적
81.5
82.2
83.2
83.8
달성률(%)
101.9
100.2
100.2
101.0",plan:별첨6만;plan_method:TEXT;report_method:FULL_TEXT
MSIT-2022-V3-01,162,과학기술정보통신부,2022,Ⅴ,Ⅴ-3,,이용자보호 및 공정경쟁,장애인 통신중계 서비 스 만족도,장애인 통신중계 서비 스 만족도,점수,,96,96.8,100.8,,,,,,,,,,,,,False,False,,장애인 통신중계 서비 스 만족도,,96,96.8,100.8,96.0,,96.0,96.8,96.8,100.8,100.8,,,,0.0,0.0,0.0,0.0,0.0,,,PDF_NOT_FOUND,PDF_NOT_FOUND,EXACT_MATCH,EXACT_MATCH,EXACT_MATCH,EXACT_MATCH,PDF_MISSING_MANUAL_PRESENT,OCR_REQUIRED,OCR_REQUIRED,,[계획서] 2022년도 성과계획서_과학기술정보통신부-459-546.pdf ?쪽(원본 ?쪽),,,,,2022년도 성과계획서_과학기술정보통신부-459-546.pdf,,,,,2022년도 성과보고서_과학기술정보통신부.pdf,297.0,297.0,202.0,"장애인 통신중계 
서비스 만족도
(점수)
통신중계서비스 이용자 만족도 평
가(리커트5단계 척도)
목표
96
96
96
96
실적
96.3
96.6
96.7
96.8
달성률(%)
100.3
100.6
100.7
100.8",plan:NONE;plan_method:NONE;report_method:FULL_TEXT
MSIT-2022-V3-02,162,과학기술정보통신부,2022,Ⅴ,Ⅴ-3,,이용자보호 및 공정경쟁,통신중계 건수,통신중계 건수,건,,12730,13444,100.1,,통신중계 건수,,,13432,12730,13432,"o 실적치 확정 변경 - 최근 2년간 실적 평균치인 13,432건으로 상향 수정 요청",2022년도 성과보고서_과학기술정보통신부-411-510.pdf,95.0,505.0,,False,False,,통신중계 건수,,13432,13444,100.1,12730.0,13432.0,13432.0,13444.0,13444.0,100.1,100.1,,702.0,5.514532600157109,702.0,5.514532600157109,0.0,0.0,0.0,0.0,0.0,MATCH_AFTER_CHANGE,VALUE_MISMATCH,EXACT_MATCH,MATCH_AFTER_CHANGE,EXACT_MATCH,EXACT_MATCH,EXACT_MATCH,OCR_REQUIRED,OCR_REQUIRED,PLAN_TARGET_FROM_CHANGE_TABLE_ONLY;TARGET_CHANGE_REASON_DOCUMENTED_IN_별첨6;REPORT_TARGET_CHANGE_CONFIRMED_BY_별첨6,[계획서] 2022년도 성과계획서_과학기술정보통신부-459-546.pdf ?쪽(원본 ?쪽) / [보고서] 2022년도 성과보고서_과학기술정보통신부.pdf 298쪽(원본 298쪽) / [별첨6 변경표] 2022년도 성과보고서_과학기술정보통신부-411-510.pdf 95쪽(원본 505쪽),,,,,2022년도 성과계획서_과학기술정보통신부-459-546.pdf,,,,,2022년도 성과보고서_과학기술정보통신부.pdf,298.0,298.0,,"(건)
중계사1인당 연간 총 통신중계 건수
목표
760000
11996
12360
13432
실적
412199
12989
13875
13444
달성률(%)
54.2
108.3
112.3
100.1",plan:별첨6만;plan_method:TEXT;report_method:FULL_TEXT
MSIT-2022-V4-01,162,과학기술정보통신부,2022,Ⅴ,Ⅴ-4,,과학기술정보 통신부운영지원,부내 행정업무 정보시 스템 만족도(정보화),부내 행정업무 정보시 스템 만족도(정보화),점,,87.6,87.8,100.2,,부내 행정업무 정보시 스템 만족도(정보화),,,87.6,87.6,87.6,o 예산증액 - 예산 규모 증가,2022년도 성과보고서_과학기술정보통신부-411-510.pdf,95.0,505.0,,False,False,,부내 행정업무 정보시 스템 만족도(정보화),,87.6,87.8,100.2,87.6,87.6,87.6,87.8,87.8,100.2,100.2,,0.0,0.0,0.0,0.0,0.0,0.0,0.0,0.0,0.0,MATCH_AFTER_CHANGE,EXACT_MATCH,EXACT_MATCH,EXACT_MATCH,EXACT_MATCH,EXACT_MATCH,EXACT_MATCH,OCR_REQUIRED,OCR_REQUIRED,PLAN_TARGET_FROM_CHANGE_TABLE_ONLY;TARGET_CHANGE_REASON_DOCUMENTED_IN_별첨6,[계획서] 2022년도 성과계획서_과학기술정보통신부-459-546.pdf ?쪽(원본 ?쪽) / [별첨6 변경표] 2022년도 성과보고서_과학기술정보통신부-411-510.pdf 95쪽(원본 505쪽),,,,,2022년도 성과계획서_과학기술정보통신부-459-546.pdf,,,,,2022년도 성과보고서_과학기술정보통신부.pdf,306.0,306.0,,"정보시스템 
만족도(정보화)
(점)
만족도 점수(∑리커트 척도 100점 
환산점수/응답자수)
목표
신규
신규
86.2
87.6
실적
신규
신규
86.5
87.8
달성률(%)
-
-
100.4
100.2",plan:별첨6만;plan_method:TEXT;report_method:FULL_TEXT
MSIT-2022-V4-02,162,과학기술정보통신부,2022,Ⅴ,Ⅴ-4,,과학기술정보 통신부운영지원,재난방송온라인시스템 연계건수,재난방송온라인시스템 연계건수,건,,4,5,125,,재난방송온라인시스템 연계건수,,,4,4,4,o 예산증액 - 예산 규모 증가,2022년도 성과보고서_과학기술정보통신부-411-510.pdf,95.0,505.0,,False,False,,재난방송온라인시스템 연계건수,,4,5,125.0,4.0,4.0,4.0,5.0,5.0,125.0,125.0,,0.0,0.0,0.0,0.0,0.0,0.0,0.0,0.0,0.0,MATCH_AFTER_CHANGE,EXACT_MATCH,EXACT_MATCH,EXACT_MATCH,EXACT_MATCH,EXACT_MATCH,EXACT_MATCH,OCR_REQUIRED,OCR_REQUIRED,PLAN_TARGET_FROM_CHANGE_TABLE_ONLY;TARGET_CHANGE_REASON_DOCUMENTED_IN_별첨6,[계획서] 2022년도 성과계획서_과학기술정보통신부-459-546.pdf ?쪽(원본 ?쪽) / [별첨6 변경표] 2022년도 성과보고서_과학기술정보통신부-411-510.pdf 95쪽(원본 505쪽),,,,,2022년도 성과계획서_과학기술정보통신부-459-546.pdf,,,,,2022년도 성과보고서_과학기술정보통신부.pdf,306.0,306.0,,"재난방송온라인
시스템연계건수
(건)
재난방송온라인시스템과 타 시스
템간 신규로 연계한 건수
목표
신규
2
2
4
실적
신규
2
2
5
달성률(%)
-
100.0
100.0
125.0",plan:별첨6만;plan_method:TEXT;report_method:FULL_TEXT
MSIT-2022-V4-03,162,과학기술정보통신부,2022,Ⅴ,Ⅴ-4,,과학기술정보 통신부운영지원,정보보호 수준 달성률,정보보호 수준 달성률,%,,200,205,102.5,,정보보호 수준 달성률,,,200,200,200,o 예산증액 - 예산 규모 증가,2022년도 성과보고서_과학기술정보통신부-411-510.pdf,95.0,505.0,,False,False,,정보보호 수준 달성률,,200,205,102.5,200.0,200.0,200.0,205.0,205.0,102.5,102.5,,0.0,0.0,0.0,0.0,0.0,0.0,0.0,0.0,0.0,MATCH_AFTER_CHANGE,EXACT_MATCH,EXACT_MATCH,EXACT_MATCH,EXACT_MATCH,EXACT_MATCH,EXACT_MATCH,OCR_REQUIRED,OCR_REQUIRED,PLAN_TARGET_FROM_CHANGE_TABLE_ONLY;TARGET_CHANGE_REASON_DOCUMENTED_IN_별첨6,[계획서] 2022년도 성과계획서_과학기술정보통신부-459-546.pdf ?쪽(원본 ?쪽) / [별첨6 변경표] 2022년도 성과보고서_과학기술정보통신부-411-510.pdf 95쪽(원본 505쪽),,,,,2022년도 성과계획서_과학기술정보통신부-459-546.pdf,,,,,2022년도 성과보고서_과학기술정보통신부.pdf,306.0,306.0,,"정보보호 수준 
달성률
(%)
(사이버안전수준강화 평가 결과)* 
+(내부 정보보호 포인트 평균 결
과)**
 * 100점 환산
 ** 기본 포인트(100점)에서 가감점 
적용
목표
신규
신규
195
200
실적
신규
신규
201.6
205
달성률(%)
-
-
103.4
102.5",plan:별첨6만;plan_method:TEXT;report_method:FULL_TEXT
MSIT-2022-V5-01,162,과학기술정보통신부,2022,Ⅴ,Ⅴ-5,,과학기술정보 통신부운영지원,보안관제 서비스 만족 도,보안관제 서비스 만족 도,점,,89.3,89.6,100.1,,보안관제 서비스 만족 도,,,89.5,89.3,89.5,o 실적치 확정 변경 - 최근 5년 실적 평균을 반영하 여 목표치를 당초 89.3에서 89.5로 상향,2022년도 성과보고서_과학기술정보통신부-411-510.pdf,95.0,505.0,,False,False,,보안관제 서비스 만족 도,,89.5,89.6,100.1,89.3,89.5,89.5,89.6,89.6,100.1,100.1,,0.20000000000000284,0.22396416573348585,0.20000000000000284,0.22396416573348585,0.0,0.0,0.0,0.0,0.0,MATCH_AFTER_CHANGE,VALUE_MISMATCH,EXACT_MATCH,MATCH_AFTER_CHANGE,EXACT_MATCH,EXACT_MATCH,EXACT_MATCH,OCR_REQUIRED,OCR_REQUIRED,PLAN_TARGET_FROM_CHANGE_TABLE_ONLY;TARGET_CHANGE_REASON_DOCUMENTED_IN_별첨6;REPORT_TARGET_CHANGE_CONFIRMED_BY_별첨6,[계획서] 2022년도 성과계획서_과학기술정보통신부-459-546.pdf ?쪽(원본 ?쪽) / [보고서] 2022년도 성과보고서_과학기술정보통신부.pdf 313쪽(원본 313쪽) / [별첨6 변경표] 2022년도 성과보고서_과학기술정보통신부-411-510.pdf 95쪽(원본 505쪽),,,,,2022년도 성과계획서_과학기술정보통신부-459-546.pdf,,,,,2022년도 성과보고서_과학기술정보통신부.pdf,313.0,313.0,202.0,"보안관제 서비스 
만족도
(점)
보안관제 서비스 제공에 대한 설문
조사
목표
89
89.1
89.2
89.5
실적
89.1
90.7
89.3
89.6
달성률(%)
100.1
101.8
100.1
100.1",plan:별첨6만;plan_method:TEXT;report_method:FULL_TEXT
MSIT-2022-V5-02,162,과학기술정보통신부,2022,Ⅴ,Ⅴ-5,,과학기술정보 통신부운영지원,사이버공격 모의훈련 지원건수,사이버공격 모의훈련 지원건수,건,,140,198,127.7,,사이버공격 모의훈련 지원건수,,,155,140,155,o 실적치 확정 변경 - 최근 3개년('19~'21) 평균실 적(129건)의 20%를 상향하 여 155건으로 조정,2022년도 성과보고서_과학기술정보통신부-411-510.pdf,95.0,505.0,,False,False,,사이버공격 모의훈련 지원건수,,155,198,127.7,140.0,155.0,155.0,198.0,198.0,127.7,127.7,,15.0,10.714285714285714,15.0,10.714285714285714,0.0,0.0,0.0,0.0,0.0,MATCH_AFTER_CHANGE,VALUE_MISMATCH,EXACT_MATCH,MATCH_AFTER_CHANGE,EXACT_MATCH,EXACT_MATCH,EXACT_MATCH,OCR_REQUIRED,OCR_REQUIRED,PLAN_TARGET_FROM_CHANGE_TABLE_ONLY;TARGET_CHANGE_REASON_DOCUMENTED_IN_별첨6;REPORT_TARGET_CHANGE_CONFIRMED_BY_별첨6,[계획서] 2022년도 성과계획서_과학기술정보통신부-459-546.pdf ?쪽(원본 ?쪽) / [보고서] 2022년도 성과보고서_과학기술정보통신부.pdf 313쪽(원본 313쪽) / [별첨6 변경표] 2022년도 성과보고서_과학기술정보통신부-411-510.pdf 95쪽(원본 505쪽),,,,,2022년도 성과계획서_과학기술정보통신부-459-546.pdf,,,,,2022년도 성과보고서_과학기술정보통신부.pdf,313.0,313.0,202.0,"모의훈련 
지원건수
(건)
보안관제 대상기관 사이버 모의훈
련(실전훈련) 지원 실적
목표
62
80
120
155
실적
113
124
151
198
달성률(%)
182.3
155.0
125.8
127.7",plan:별첨6만;plan_method:TEXT;report_method:FULL_TEXT
MSIT-2022-V6-01,162,과학기술정보통신부,2022,Ⅴ,Ⅴ-6,,국가사회정보화,디지털 역량수준 향상 도,디지털 역량수준 향상 도,%,,28.53,35.2,118.1,,디지털 역량수준 향상 도,,,29.8,28.53,29.8,"o 기타 - 디지털 역량수준 향상도의 ‘21 년 실적 28.8을 반영하여, ’22 년 목표치 29.8로 상향 설정",2022년도 성과보고서_과학기술정보통신부-411-510.pdf,96.0,506.0,,False,False,,디지털 역량수준 향상 도,,29.8,35.2,118.1,28.53,29.8,29.8,35.2,35.2,118.1,118.1,,1.2699999999999996,4.451454609183314,1.2699999999999996,4.451454609183314,0.0,0.0,0.0,0.0,0.0,MATCH_AFTER_CHANGE,VALUE_MISMATCH,EXACT_MATCH,MATCH_AFTER_CHANGE,EXACT_MATCH,EXACT_MATCH,EXACT_MATCH,OCR_REQUIRED,OCR_REQUIRED,PLAN_TARGET_FROM_CHANGE_TABLE_ONLY;TARGET_CHANGE_REASON_DOCUMENTED_IN_별첨6;REPORT_TARGET_CHANGE_CONFIRMED_BY_별첨6,[계획서] 2022년도 성과계획서_과학기술정보통신부-459-546.pdf ?쪽(원본 ?쪽) / [보고서] 2022년도 성과보고서_과학기술정보통신부.pdf 325쪽(원본 325쪽) / [별첨6 변경표] 2022년도 성과보고서_과학기술정보통신부-411-510.pdf 96쪽(원본 506쪽),,,,,2022년도 성과계획서_과학기술정보통신부-459-546.pdf,,,,,2022년도 성과보고서_과학기술정보통신부.pdf,325.0,325.0,,"디지털 역량수준 
향상도
(%)
▪(측정산식)
 - (교육후 디지털역량점수 - 교육
전 디지털역량점수) / 교육전 디
지털역량점수 x 100
▪(측정방법)
 - 디지털배움터 교육생 대상 교육 
전후 역량향상도 설문
목표
신규
신규
신규
29.8
실적
신규
신규
-
35.2
달성률(%)
-
-
-
118.1",plan:별첨6만;plan_method:TEXT;report_method:FULL_TEXT
MSIT-2022-V6-02,162,과학기술정보통신부,2022,Ⅴ,Ⅴ-6,,국가사회정보화,주요정보통신 기반시 설 정보보호 수준율,주요정보통신 기반시 설 정보보호 수준율,%,,83.1,83.2,100.1,,주요정보통신 기반시 설 정보보호 수준율,,,83.1,83.1,83.1,o 예산감액 - 예산 규모 감소,2022년도 성과보고서_과학기술정보통신부-411-510.pdf,96.0,506.0,,False,False,,주요정보통신 기반시 설 정보보호 수준율,,83.1,83.2,100.1,83.1,83.1,83.1,83.2,83.2,100.1,100.1,,0.0,0.0,0.0,0.0,0.0,0.0,0.0,0.0,0.0,MATCH_AFTER_CHANGE,EXACT_MATCH,EXACT_MATCH,EXACT_MATCH,EXACT_MATCH,EXACT_MATCH,EXACT_MATCH,OCR_REQUIRED,OCR_REQUIRED,PLAN_TARGET_FROM_CHANGE_TABLE_ONLY;TARGET_CHANGE_REASON_DOCUMENTED_IN_별첨6,[계획서] 2022년도 성과계획서_과학기술정보통신부-459-546.pdf ?쪽(원본 ?쪽) / [별첨6 변경표] 2022년도 성과보고서_과학기술정보통신부-411-510.pdf 96쪽(원본 506쪽),,,,,2022년도 성과계획서_과학기술정보통신부-459-546.pdf,,,,,2022년도 성과보고서_과학기술정보통신부.pdf,325.0,325.0,,"기반시설 
정보보호 수준율
(%)
▪(측정산식)
 - (T/5)x100
* T : 과기정통부 소관 기관의 수준평가 
평균
▪(측정방법)
 - 주요정보통신기반시설 보호대책 
정보보호 수준평가 진단 평가
결과
목표
신규
신규
신규
83.1
실적
신규
신규
-
83.2
달성률(%)
-
-
-
100.1",plan:별첨6만;plan_method:TEXT;report_method:FULL_TEXT
MSIT-2022-VI1-01,162,과학기술정보통신부,2022,Ⅵ,Ⅵ-1,,우정서비스,우정서비스 고객만족도,우정서비스 고객만족도,점,,-,92.5,100.9,,우정서비스 고객만족도,,,91.7,0.2,91.7,o 실적치 확정 변경 - 최초 목표 제출 시 전년 실적 미확정으로 목표치 미제출,2022년도 성과보고서_과학기술정보통신부-411-510.pdf,96.0,506.0,,False,False,,우정서비스 고객만족도,,91.7,92.5,100.9,,91.7,91.7,92.5,92.5,100.9,100.9,,,,,,0.0,0.0,0.0,0.0,0.0,MATCH_AFTER_CHANGE,MANUAL_MISSING_PDF_PRESENT,EXACT_MATCH,MANUAL_MISSING_PDF_PRESENT,EXACT_MATCH,EXACT_MATCH,EXACT_MATCH,OCR_REQUIRED,OCR_REQUIRED,PLAN_TARGET_FROM_CHANGE_TABLE_ONLY;TARGET_CHANGE_REASON_DOCUMENTED_IN_별첨6,[계획서] 2022년도 성과계획서_과학기술정보통신부-459-546.pdf ?쪽(원본 ?쪽) / [보고서] 2022년도 성과보고서_과학기술정보통신부.pdf 337쪽(원본 337쪽) / [별첨6 변경표] 2022년도 성과보고서_과학기술정보통신부-411-510.pdf 96쪽(원본 506쪽),,,,,2022년도 성과계획서_과학기술정보통신부-459-546.pdf,,,,,2022년도 성과보고서_과학기술정보통신부.pdf,337.0,337.0,,"우정서비스 
고객만족도
(점)
외부기관평가
목표
91.3
91.6
91.6
91.7
실적
91.6
91.6
91.8
92.5
달성률(%)
100.3
100.0
100.2
100.9",plan:별첨6만;plan_method:TEXT;report_method:FULL_TEXT
MSIT-2022-VI1-02,162,과학기술정보통신부,2022,Ⅵ,Ⅵ-1,,우정서비스,우편사업 경영수지,우편사업 경영수지,억원,하향,-,709,709,,우편사업 경영수지,,,100,0.8,100,o 실적치 확정 변경 - 최초 목표 제출 시 전년 실적 미확정으로 목표치 미제출,2022년도 성과보고서_과학기술정보통신부-411-510.pdf,96.0,506.0,,False,False,,우편사업 경영수지,,100,709,709.0,,100.0,100.0,709.0,709.0,709.0,709.0,14.104372355430183,,,,,0.0,0.0,0.0,0.0,0.0,MATCH_AFTER_CHANGE,MANUAL_MISSING_PDF_PRESENT,EXACT_MATCH,MANUAL_MISSING_PDF_PRESENT,EXACT_MATCH,EXACT_MATCH,EXACT_MATCH,OCR_REQUIRED,OCR_REQUIRED,PLAN_TARGET_FROM_CHANGE_TABLE_ONLY;TARGET_CHANGE_REASON_DOCUMENTED_IN_별첨6,[계획서] 2022년도 성과계획서_과학기술정보통신부-459-546.pdf ?쪽(원본 ?쪽) / [보고서] 2022년도 성과보고서_과학기술정보통신부.pdf 337쪽(원본 337쪽) / [별첨6 변경표] 2022년도 성과보고서_과학기술정보통신부-411-510.pdf 96쪽(원본 506쪽),,,,,2022년도 성과계획서_과학기술정보통신부-459-546.pdf,,,,,2022년도 성과보고서_과학기술정보통신부.pdf,337.0,337.0,,"우편사업 
경영수지
(억원)
수입 대비 지출
목표
-2,000
-2,350
-2,350
100
실적
-1,115
-1,239
151
709
달성률(%)
142.5
147.3
206.4
709.0",plan:별첨6만;plan_method:TEXT;report_method:FULL_TEXT
MSIT-2022-VI2-01,162,과학기술정보통신부,2022,Ⅵ,Ⅵ-2,,우체국예금,예금사업BIS비율,예금사업BIS비율,%,,10.5,19.59,100,,예금사업BIS비율,,,10.5,10.5,10.5,o 예산감액 - 예산 규모 감소,2022년도 성과보고서_과학기술정보통신부-411-510.pdf,96.0,506.0,,False,True,,예금사업BIS비율,,"3,487","-2,949",0.0%,10.5,10.5,3487.0,19.59,-2949.0,100.0,0.0,,0.0,0.0,3476.5,33109.52380952381,-2968.59,-15153.598774885146,-100.0,3476.5,33109.52380952381,MATCH_AFTER_CHANGE,EXACT_MATCH,EXACT_MATCH,VALUE_MISMATCH,VALUE_MISMATCH,VALUE_MISMATCH,EXACT_MATCH,OCR_REQUIRED,OCR_REQUIRED,PLAN_TARGET_FROM_CHANGE_TABLE_ONLY;TARGET_CHANGE_REASON_DOCUMENTED_IN_별첨6;CHANGE_TABLE_TARGET_CONTRADICTS_REPORT_TABLE,[계획서] 2022년도 성과계획서_과학기술정보통신부-459-546.pdf ?쪽(원본 ?쪽) / [보고서] 2022년도 성과보고서_과학기술정보통신부-411-510.pdf 20쪽(원본 430쪽) / [별첨6 변경표] 2022년도 성과보고서_과학기술정보통신부-411-510.pdf 96쪽(원본 506쪽),,,,,2022년도 성과계획서_과학기술정보통신부-459-546.pdf,,,,,2022년도 성과보고서_과학기술정보통신부-411-510.pdf,20.0,430.0,,"140.7%
②예금사업BIS비율 
(%)
산출
BIS비율 = (자기자본/위
험가중자산) × 100
목표
10.5이상
10.5이상
10.5이상
실적
16.0
22.32
19.59
달성률
100.0%
100.0%
100.0%
 프로그램목표 : Ⅵ-3 우체국보험의 안정적 사업운영을 통해 고객가치를 증진한다.
우체국보험
①당기순이익 (억원)
결과
당기순이익=위험률차
이익+사업비차이익+이
자율차이익
목표
2,750
2,841
3,487
실적
3,770
5,840
-2,949
달성률
137.1%
205.6%
0.0%",plan:별첨6만;plan_method:TEXT;report_method:TEXT
MSIT-2022-VI2-02,162,과학기술정보통신부,2022,Ⅵ,Ⅵ-2,,우체국예금,조달마진액,조달마진액,억원,,5213,8171,140.7,,조달마진액,,,"5,807","5,213","5,807","o 실적치 확정 변경 - 조달마진율, 예금수신고 예 상치 반영하여 재설정",2022년도 성과보고서_과학기술정보통신부-411-510.pdf,96.0,506.0,,False,False,,조달마진액,,"5,807","8,171",140.7,5213.0,5807.0,5807.0,8171.0,8171.0,140.7,140.7,,594.0,11.394590446959524,594.0,11.394590446959524,0.0,0.0,0.0,0.0,0.0,MATCH_AFTER_CHANGE,VALUE_MISMATCH,EXACT_MATCH,MATCH_AFTER_CHANGE,EXACT_MATCH,EXACT_MATCH,EXACT_MATCH,OCR_REQUIRED,OCR_REQUIRED,PLAN_TARGET_FROM_CHANGE_TABLE_ONLY;TARGET_CHANGE_REASON_DOCUMENTED_IN_별첨6;REPORT_TARGET_CHANGE_CONFIRMED_BY_별첨6,[계획서] 2022년도 성과계획서_과학기술정보통신부-459-546.pdf ?쪽(원본 ?쪽) / [보고서] 2022년도 성과보고서_과학기술정보통신부.pdf 344쪽(원본 344쪽) / [별첨6 변경표] 2022년도 성과보고서_과학기술정보통신부-411-510.pdf 96쪽(원본 506쪽),,,,,2022년도 성과계획서_과학기술정보통신부-459-546.pdf,,,,,2022년도 성과보고서_과학기술정보통신부.pdf,344.0,344.0,,"(억원)
조달마진액 = 예금평균잔액 x 
조달마진율
목표
5,056
5,558
5,200
5,807
실적
5,558
5,582
6,520
8,171
달성률(%)
109.9
100.4
125.4
140.7",plan:별첨6만;plan_method:TEXT;report_method:FULL_TEXT
MSIT-2022-VI3-01,162,과학기술정보통신부,2022,Ⅵ,Ⅵ-3,,우체국보험,당기순이익,당기순이익,억원,,2639,-2949,0,,당기순이익,,,"3,487","2,639","3,487",o 실적치 확정 변경 - 이례적인 투자수지변동분을 제외한 평균실적치 및 평균 증가율 반영,2022년도 성과보고서_과학기술정보통신부-411-510.pdf,97.0,507.0,,False,False,,당기순이익,,"3,487","-2,949",0.0,2639.0,3487.0,3487.0,-2949.0,-2949.0,0.0,0.0,,848.0,32.13338385752179,848.0,32.13338385752179,0.0,0.0,0.0,0.0,0.0,MATCH_AFTER_CHANGE,VALUE_MISMATCH,EXACT_MATCH,MATCH_AFTER_CHANGE,EXACT_MATCH,EXACT_MATCH,EXACT_MATCH,OCR_REQUIRED,OCR_REQUIRED,PLAN_TARGET_FROM_CHANGE_TABLE_ONLY;TARGET_CHANGE_REASON_DOCUMENTED_IN_별첨6;REPORT_TARGET_CHANGE_CONFIRMED_BY_별첨6,[계획서] 2022년도 성과계획서_과학기술정보통신부-459-546.pdf ?쪽(원본 ?쪽) / [보고서] 2022년도 성과보고서_과학기술정보통신부.pdf 386쪽(원본 386쪽) / [별첨6 변경표] 2022년도 성과보고서_과학기술정보통신부-411-510.pdf 97쪽(원본 507쪽),,,,,2022년도 성과계획서_과학기술정보통신부-459-546.pdf,,,,,2022년도 성과보고서_과학기술정보통신부.pdf,386.0,386.0,,"(억원)
당기순이익=위험률차이익+사업비차
이익+이자율차이익
목표
2,750
2,750
2,841
3,487
실적
2,917
3,770
5,840
-2,949
달성률(%)
106.1
137.1
205.6
0.0",plan:별첨6만;plan_method:TEXT;report_method:FULL_TEXT
MSIT-2022-VI3-02,162,과학기술정보통신부,2022,Ⅵ,Ⅵ-3,,우체국보험,보험총자산,보험총자산,조원,,62.5,61.2,95.6,,보험총자산,,,64.0,62.5,64.0,o 실적치 확정 변경 - 최근 3년 평균 실적치 및 3년 평균증가율을 반영하여 목 표 상향,2022년도 성과보고서_과학기술정보통신부-411-510.pdf,97.0,507.0,,False,False,,보험총자산,,64.0,61.2,95.6,62.5,64.0,64.0,61.2,61.2,95.6,95.6,,1.5,2.4,1.5,2.4,0.0,0.0,0.0,0.0,0.0,MATCH_AFTER_CHANGE,VALUE_MISMATCH,EXACT_MATCH,MATCH_AFTER_CHANGE,EXACT_MATCH,EXACT_MATCH,EXACT_MATCH,OCR_REQUIRED,OCR_REQUIRED,PLAN_TARGET_FROM_CHANGE_TABLE_ONLY;TARGET_CHANGE_REASON_DOCUMENTED_IN_별첨6;REPORT_TARGET_CHANGE_CONFIRMED_BY_별첨6,[계획서] 2022년도 성과계획서_과학기술정보통신부-459-546.pdf ?쪽(원본 ?쪽) / [보고서] 2022년도 성과보고서_과학기술정보통신부.pdf 386쪽(원본 386쪽) / [별첨6 변경표] 2022년도 성과보고서_과학기술정보통신부-411-510.pdf 97쪽(원본 507쪽),,,,,2022년도 성과계획서_과학기술정보통신부-459-546.pdf,,,,,2022년도 성과보고서_과학기술정보통신부.pdf,386.0,386.0,,"0.0
보험총자산
(조원)
자산 = 부채 + 자본
목표
56.3
57.0
61.0
64.0
실적
57.7
60.9
63.1
61.2
달성률(%)
102.5
106.8
103.4
95.6",plan:별첨6만;plan_method:TEXT;report_method:FULL_TEXT
MSIT-2023-I1-01,162,과학기술정보통신부,2023,Ⅰ,Ⅰ-1,,미래유망원천기술개발,국내외 SCI 논문 질적수준,국내외 SCI 논문 질적수준,점,,77.05,78.12,100.2,,국내외 SCI 논문 질적수준,,,77.99,77.05,77.99,< '22년 실적치 확정에 따라 목표치 조정 >,2023년도 성과보고서_과학기술정보통신부-465-583.pdf,93.0,557.0,,False,False,,국내외 SCI 논문 질적수준,,77.99,78.12,100.2,77.05,77.99,77.99,78.12,78.12,100.2,100.2,,0.9399999999999977,1.2199870214146629,0.9399999999999977,1.2199870214146629,0.0,0.0,0.0,0.0,0.0,MATCH_AFTER_CHANGE,VALUE_MISMATCH,EXACT_MATCH,MATCH_AFTER_CHANGE,EXACT_MATCH,EXACT_MATCH,EXACT_MATCH,NOT_APPLICABLE,VALUE_MISMATCH,PLAN_TARGET_FROM_CHANGE_TABLE_ONLY;TARGET_CHANGE_REASON_DOCUMENTED_IN_별첨6;REPORT_TARGET_CHANGE_CONFIRMED_BY_별첨6,[계획서] 2023년도 성과계획서_과학기술정보통신부-486-577.pdf ?쪽(원본 ?쪽) / [보고서] 2023년도 성과보고서_과학기술정보통신부.pdf 43쪽(원본 43쪽) / [별첨6 변경표] 2023년도 성과보고서_과학기술정보통신부-465-583.pdf 93쪽(원본 557쪽),,,,,2023년도 성과계획서_과학기술정보통신부-486-577.pdf,,,,,2023년도 성과보고서_과학기술정보통신부.pdf,43.0,43.0,,"국내외 SCI 
논문 질적수준
(점)
ㅇ 측정산식 :  표준화된 순위보
정 영향력지수(mrnIF) 평균
    * mrnIF = 100 ⅹ ( N ⅹ 
rnIF - 1 ) / ( N - 1) , 
N=해당 분야내 저널 수, 
rnIF=순위보정영향력지수 
    * rnIF = (N-Rj+1) / N , N=
해당 
분야내 
저널 
수, 
Rj=특정 저널의 분야 내 
순위(IF 기준)
목표
75.17
75.92
76.67
77.99
실적
73.47
76.67
77.61
78.12
달성률(%)
97.7
101.0
101.2
100.2",plan:별첨6만;plan_method:TEXT;report_method:FULL_TEXT
MSIT-2023-I1-02,162,과학기술정보통신부,2023,Ⅰ,Ⅰ-1,,미래유망원천기술개발,등록특허 질적수준,등록특허 질적수준,점,,4.16,4.11,100.7,,등록특허 질적수준,,,4.16,4.16,4.08,예산 감액,2023년도 성과보고서_과학기술정보통신부-465-583.pdf,93.0,557.0,,False,False,,등록특허 질적수준,,4.08,4.11,100.7,4.16,4.16,4.08,4.11,4.11,100.7,100.7,,0.0,0.0,-0.08000000000000007,-1.9230769230769247,0.0,0.0,0.0,-0.08000000000000007,-1.9230769230769247,EXACT_MATCH,EXACT_MATCH,EXACT_MATCH,MATCH_AFTER_CHANGE,EXACT_MATCH,EXACT_MATCH,EXACT_MATCH,NOT_APPLICABLE,MATCH_AFTER_CHANGE,TARGET_CHANGE_REASON_DOCUMENTED_IN_별첨6;REPORT_TARGET_CHANGE_CONFIRMED_BY_별첨6,[보고서] 2023년도 성과보고서_과학기술정보통신부.pdf 43쪽(원본 43쪽) / [별첨6 변경표] 2023년도 성과보고서_과학기술정보통신부-465-583.pdf 93쪽(원본 557쪽),,,,,2023년도 성과계획서_과학기술정보통신부-486-577.pdf,1.0,486.0,478.0,"등록특허 질적수준 ② 0.5 R&D 점 4.16( ) 정성 결과 프로그램목표 창의적 도전적 기초연구 활성화를 위해 개인 집단연구지원을 강화하며기초연구기반을 구축한다 -2. · · , . Ⅰ 기초연구진흥 상위 학술지 IF 10% ① 논문 수 0.7 R&D 건 3,604( ) 정량 결과",2023년도 성과보고서_과학기술정보통신부.pdf,43.0,43.0,,"등록특허 
질적수준
(점)
특허별 SMART 점수 합계 / 등
록특허수
목표
4.50
4.10
4.14
4.08
실적
4.02
4.10
4.06
4.11
달성률(%)
89.3
100.0
98.1
100.7",plan:별첨1;plan_method:TEXT;report_method:FULL_TEXT
MSIT-2023-I2-01,162,과학기술정보통신부,2023,Ⅰ,Ⅰ-2,,기초연구진흥,IF상위 10% 학술지 논문 수,IF상위 10% 학술지 논문 수,건,,3604,3821,106,,IF상위 10% 학술지 논문 수,,,"3,604","3,604","3,604",변경사항 없음,2023년도 성과보고서_과학기술정보통신부-465-583.pdf,94.0,558.0,,False,False,,IF상위 10% 학술지 논문 수,,"3,604","(3,821)",106.0,3604.0,3604.0,3604.0,3821.0,3821.0,106.0,106.0,,0.0,0.0,0.0,0.0,0.0,0.0,0.0,0.0,0.0,MATCH_AFTER_CHANGE,EXACT_MATCH,EXACT_MATCH,EXACT_MATCH,EXACT_MATCH,EXACT_MATCH,EXACT_MATCH,NOT_APPLICABLE,MATCH_AFTER_CHANGE,PLAN_TARGET_FROM_CHANGE_TABLE_ONLY;TARGET_CHANGE_REASON_DOCUMENTED_IN_별첨6,[계획서] 2023년도 성과계획서_과학기술정보통신부-486-577.pdf ?쪽(원본 ?쪽) / [별첨6 변경표] 2023년도 성과보고서_과학기술정보통신부-465-583.pdf 94쪽(원본 558쪽),,,,,2023년도 성과계획서_과학기술정보통신부-486-577.pdf,,,,,2023년도 성과보고서_과학기술정보통신부.pdf,51.0,51.0,,"IF상위 10% 
학술지 논문 수
(건)
IF상위 10%학술지 논문발표 건수
목표
2,481
3,270
3,433
3,604
실적
4,191
(4,644)
(4,225)
(3,821)
달성률(%)
168.9
142.0
123.1
106.0",plan:별첨6만;plan_method:TEXT;report_method:FULL_TEXT
MSIT-2023-I2-02,162,과학기술정보통신부,2023,Ⅰ,Ⅰ-2,,기초연구진흥,표준화된 순위보정 영 향력 지수(mrnIF),표준화된 순위보정 영향력 지수(mrnIF),-,,70.16,72.47,103.3,,표준화된 순위보정 영 향력 지수(mrnIF),,,70.16,70.16,70.16,변경사항 없음,2023년도 성과보고서_과학기술정보통신부-465-583.pdf,93.0,557.0,,False,True,,표준화된 순위보정 영향력 지수(mrnIF),,77.99,78.12,100.2,70.16,70.16,77.99,72.47,78.12,103.3,100.2,,0.0,0.0,7.829999999999998,11.160205245153932,5.650000000000006,7.796329515661661,-3.0999999999999943,7.829999999999998,11.160205245153932,EXACT_MATCH,EXACT_MATCH,EXACT_MATCH,VALUE_MISMATCH,VALUE_MISMATCH,VALUE_MISMATCH,EXACT_MATCH,NOT_APPLICABLE,VALUE_MISMATCH,TARGET_CHANGE_REASON_DOCUMENTED_IN_별첨6;CHANGE_TABLE_TARGET_CONTRADICTS_REPORT_TABLE,[보고서] 2023년도 성과보고서_과학기술정보통신부.pdf 43쪽(원본 43쪽) / [별첨6 변경표] 2023년도 성과보고서_과학기술정보통신부-465-583.pdf 93쪽(원본 557쪽),,,,,2023년도 성과계획서_과학기술정보통신부-486-577.pdf,1.0,486.0,478.0,"표준화된 순위보정 영 ② 향력 지수(mrnIF) 0.3 R&D 70.16(-) 정성 결과 프로그램목표 미래 우주분야의 핵심 경쟁력 확보민간 중심의 우주산업 활성화를 통해 사회 및 경제발전을 -3. , Ⅰ 견인하는 우주개발을 추진한다. 우주개발진흥 위성개발 단계별 핵심 ① 기술문서 달성건수건 ( ) 누계 ( )",2023년도 성과보고서_과학기술정보통신부.pdf,43.0,43.0,,"ㅇ 측정산식 :  표준화된 순위보
정 영향력지수(mrnIF) 평균
    * mrnIF = 100 ⅹ ( N ⅹ 
rnIF - 1 ) / ( N - 1) , 
N=해당 분야내 저널 수, 
rnIF=순위보정영향력지수 
    * rnIF = (N-Rj+1) / N , N=
해당 
분야내 
저널 
수, 
Rj=특정 저널의 분야 내 
순위(IF 기준)
목표
75.17
75.92
76.67
77.99
실적
73.47
76.67
77.61
78.12
달성률(%)
97.7
101.0
101.2
100.2",plan:별첨1;plan_method:TEXT;report_method:FULL_TEXT
MSIT-2023-I3-01,162,과학기술정보통신부,2023,Ⅰ,Ⅰ-3,,우주개발진흥,위성개발 단계별 핵심 기술문서 달성건수(건) (누계),위성개발 단계별 핵심 기술문서 달성건수(건) (누계),건수,,321,335,100,,위성개발 단계별 핵심 기술문서 달성건수(건) (누계),,,321.0,321,335,KPS 사업 전략계획서 수립(`22.下) 및 문서달성 목표치 확정 등에 따른 전체 지표 목표치 변경,2023년도 성과보고서_과학기술정보통신부-465-583.pdf,94.0,558.0,,False,False,,위성개발 단계별 핵심 기술문서 달성건수(건) (누계),,335,335,100.0,321.0,321.0,335.0,335.0,335.0,100.0,100.0,,0.0,0.0,14.0,4.361370716510903,0.0,0.0,0.0,14.0,4.361370716510903,EXACT_MATCH,EXACT_MATCH,EXACT_MATCH,MATCH_AFTER_CHANGE,EXACT_MATCH,EXACT_MATCH,EXACT_MATCH,NOT_APPLICABLE,MATCH_AFTER_CHANGE,TARGET_CHANGE_REASON_DOCUMENTED_IN_별첨6;REPORT_TARGET_CHANGE_CONFIRMED_BY_별첨6,[보고서] 2023년도 성과보고서_과학기술정보통신부.pdf 59쪽(원본 59쪽) / [별첨6 변경표] 2023년도 성과보고서_과학기술정보통신부-465-583.pdf 94쪽(원본 558쪽),,,,,2023년도 성과계획서_과학기술정보통신부-486-577.pdf,1.0,486.0,478.0,"위성개발 단계별 핵심 ① 기술문서 달성건수건 ( ) 누계 ( ) 0.5 R&D 건수 321( ) 정량 결과 한국형발사체 고도화 ② 진척도 0.5 R&D 30(%) 정량 결과 프로그램목표 차세대 원자력 기술안전 강화 등 원자력 혁신기술의 역량 강화를 통해 탄소중립 실현에 기여한다 -4. , . Ⅰ",2023년도 성과보고서_과학기술정보통신부.pdf,59.0,59.0,,"달성건수(건)(누
계)
(건수)
위성개발 단계별 핵심기술문서 
달성건수(누계)
 ㅇ 측정산식 : 2018년 이후 위
성 개발단계별 확보한 표준 
핵심기술문서의 실적건수
(누적)
 ※ (1331) 인공위성 개발/단위
사업의 5개 세부사업 기준
 - 5개 세부사업 : 당해 단위사
업 전체예산의 61% 차지
(2023년 기준) 
 : 다목적실용위성7호 성능개량
사업(R&D), 
차세대중형위성
개발(R&D), 
초소형위성군집
시스템개발(R&D), 
정지궤도
공공복합통신위성개발(R&D), 
한국형위성항법시스템개발
(R&D)
목표
108
183
258
335
실적
108
186
258
335
달성률(%)
100.0
101.6
100.0
100.0",plan:별첨1;plan_method:TEXT;report_method:FULL_TEXT
MSIT-2023-I5-01,162,과학기술정보통신부,2023,Ⅰ,Ⅰ-5,,사회문제해결,수요자 만족도 조사,수요자 만족도 조사,점,,70,91.1,103.5,,수요자 만족도 조사,,,70.0,70,88,변경사항 없음,2023년도 성과보고서_과학기술정보통신부-465-583.pdf,94.0,558.0,,False,False,,수요자 만족도 조사,,88,91.1,103.5,70.0,70.0,88.0,91.1,91.1,103.5,103.5,,0.0,0.0,18.0,25.71428571428571,0.0,0.0,0.0,18.0,25.71428571428571,EXACT_MATCH,EXACT_MATCH,EXACT_MATCH,MATCH_AFTER_CHANGE,EXACT_MATCH,EXACT_MATCH,EXACT_MATCH,NOT_APPLICABLE,MATCH_AFTER_CHANGE,TARGET_CHANGE_REASON_DOCUMENTED_IN_별첨6;REPORT_TARGET_CHANGE_CONFIRMED_BY_별첨6,[보고서] 2023년도 성과보고서_과학기술정보통신부.pdf 83쪽(원본 83쪽) / [별첨6 변경표] 2023년도 성과보고서_과학기술정보통신부-465-583.pdf 94쪽(원본 558쪽),,,,,2023년도 성과계획서_과학기술정보통신부-486-577.pdf,2.0,487.0,479.0,"수요자 만족도 조사 ① 0.7 R&D 점 70( ) 정성 결과 실증 체계 구축 건수 ② 0.3 R&D 건 37( ) 정량 결과 프로그램목표 탄소중립 실현의 부담을 경감하고새로운 성장의 기회로 전환하는 신산업 창출 기반을 마련한다 -6. , . Ⅰ 탄소중립기반구축",2023년도 성과보고서_과학기술정보통신부.pdf,83.0,83.0,,"수요자 만족도 
조사
(점)
과제 참여 수요자를 대상으로 만족
도 조사 결과
목표
신규
70
70
88
실적
신규
81.4
95.2
91.1
달성률(%)
-
116.3
136.0
103.5",plan:별첨1;plan_method:TEXT;report_method:FULL_TEXT
MSIT-2023-I6-01,162,과학기술정보통신부,2023,Ⅰ,Ⅰ-6,,탄소중립기반구축,국내외 SCI 논문 질적수준(점),국내외 SCI 논문 질적수준(점),점,,69.25,81.51,117.7,,국내외 SCI 논문 질적수준(점),,,69.25,69.25,69.25,변경사항 없음,2023년도 성과보고서_과학기술정보통신부-465-583.pdf,95.0,559.0,,False,True,,국내외 SCI 논문 질적수준(점),,77.99,78.12,100.2,69.25,69.25,77.99,81.51,78.12,117.7,100.2,,0.0,0.0,8.739999999999995,12.620938628158838,-3.3900000000000006,-4.158998895841001,-17.5,8.739999999999995,12.620938628158838,MATCH_AFTER_CHANGE,EXACT_MATCH,EXACT_MATCH,VALUE_MISMATCH,VALUE_MISMATCH,VALUE_MISMATCH,EXACT_MATCH,NOT_APPLICABLE,VALUE_MISMATCH,PLAN_TARGET_FROM_CHANGE_TABLE_ONLY;TARGET_CHANGE_REASON_DOCUMENTED_IN_별첨6;CHANGE_TABLE_TARGET_CONTRADICTS_REPORT_TABLE,[계획서] 2023년도 성과계획서_과학기술정보통신부-486-577.pdf ?쪽(원본 ?쪽) / [보고서] 2023년도 성과보고서_과학기술정보통신부.pdf 43쪽(원본 43쪽) / [별첨6 변경표] 2023년도 성과보고서_과학기술정보통신부-465-583.pdf 95쪽(원본 559쪽),,,,,2023년도 성과계획서_과학기술정보통신부-486-577.pdf,,,,,2023년도 성과보고서_과학기술정보통신부.pdf,43.0,43.0,,"논문 질적수준
(점)
ㅇ 측정산식 :  표준화된 순위보
정 영향력지수(mrnIF) 평균
    * mrnIF = 100 ⅹ ( N ⅹ 
rnIF - 1 ) / ( N - 1) , 
N=해당 분야내 저널 수, 
rnIF=순위보정영향력지수 
    * rnIF = (N-Rj+1) / N , N=
해당 
분야내 
저널 
수, 
Rj=특정 저널의 분야 내 
순위(IF 기준)
목표
75.17
75.92
76.67
77.99
실적
73.47
76.67
77.61
78.12
달성률(%)
97.7
101.0
101.2
100.2",plan:별첨6만;plan_method:TEXT;report_method:FULL_TEXT
MSIT-2023-I6-02,162,과학기술정보통신부,2023,Ⅰ,Ⅰ-6,,탄소중립기반구축,등록특허 질적수준(점),등록특허 질적수준(점),점,,1.37,1.71,124.8,,등록특허 질적수준(점),,,1.37,1.37,1.37,변경사항 없음,2023년도 성과보고서_과학기술정보통신부-465-583.pdf,95.0,559.0,,False,True,,등록특허 질적수준(점),,4.08,4.11,100.7,1.37,1.37,4.08,1.71,4.11,124.8,100.7,,0.0,0.0,2.71,197.81021897810217,2.4000000000000004,140.35087719298247,-24.099999999999994,2.71,197.81021897810217,EXACT_MATCH,EXACT_MATCH,EXACT_MATCH,VALUE_MISMATCH,VALUE_MISMATCH,VALUE_MISMATCH,EXACT_MATCH,NOT_APPLICABLE,VALUE_MISMATCH,TARGET_CHANGE_REASON_DOCUMENTED_IN_별첨6;CHANGE_TABLE_TARGET_CONTRADICTS_REPORT_TABLE,[보고서] 2023년도 성과보고서_과학기술정보통신부.pdf 43쪽(원본 43쪽) / [별첨6 변경표] 2023년도 성과보고서_과학기술정보통신부-465-583.pdf 95쪽(원본 559쪽),,,,,2023년도 성과계획서_과학기술정보통신부-486-577.pdf,2.0,487.0,479.0,"등록특허 질적수준 ② 점 ( ) 0.5 R&D 점 1.37( ) 정성 산출 전략목표 청년부터 중장년까지 과학기술인재를 체계적으로 지원하고과학기술문화를 전국으로 확산한다 . , . Ⅱ 프로그램목표 세계적 과학기반 혁신클러스트를 순조롭게 조성하고 안전한 연구실 환경을 만든다 -1. . Ⅱ 과학기술기반조성",2023년도 성과보고서_과학기술정보통신부.pdf,43.0,43.0,,"질적수준
(점)
특허별 SMART 점수 합계 / 등
록특허수
목표
4.50
4.10
4.14
4.08
실적
4.02
4.10
4.06
4.11
달성률(%)
89.3
100.0
98.1
100.7",plan:별첨1;plan_method:TEXT;report_method:FULL_TEXT
MSIT-2023-II1-01,162,과학기술정보통신부,2023,Ⅱ,Ⅱ-1,,과학기술기반조성,국제과학비즈니스벨트 조성 공정률,기초과학연구원 공정률,%,,88.6,8.24,34.3,,국제과학비즈니스벨트 조성 공정률,,,88.6,88.6,24,성과지표 변경,2023년도 성과보고서_과학기술정보통신부-465-583.pdf,95.0,559.0,,False,False,,기초과학연구원 공정률,,24,8.24,34.3,88.6,88.6,24.0,8.24,8.24,34.3,34.3,,0.0,0.0,-64.6,-72.91196388261851,0.0,0.0,0.0,-64.6,-72.91196388261851,EXACT_MATCH,EXACT_MATCH,EXACT_MATCH,MATCH_AFTER_CHANGE,EXACT_MATCH,EXACT_MATCH,EXACT_MATCH,NOT_APPLICABLE,MATCH_AFTER_CHANGE,TARGET_CHANGE_REASON_DOCUMENTED_IN_별첨6;REPORT_TARGET_CHANGE_CONFIRMED_BY_별첨6;PLAN_REPORT_NAME_CHANGE_DOCUMENTED_IN_별첨6,[보고서] 2023년도 성과보고서_과학기술정보통신부.pdf 97쪽(원본 97쪽) / [별첨6 변경표] 2023년도 성과보고서_과학기술정보통신부-465-583.pdf 95쪽(원본 559쪽),,,,,2023년도 성과계획서_과학기술정보통신부-486-577.pdf,2.0,487.0,479.0,"국제과학비즈니스벨트 ② 조성 공정률 0.5 R&D 88.6(%) 정량 과정 공정률 프로그램목표 대전환 시대미래변화 대응 역량과 과학기술 경쟁력을 갖춘 과학기술인력을 양성한다 -2. , . Ⅱ 과학기술인력양성 전문인력공급 ① 0.5 R&D 명 792( ) 정량 결과",2023년도 성과보고서_과학기술정보통신부.pdf,97.0,97.0,,"기초과학연구원 
공정률
(%)
ㅇ 측정산식 : Σ(0.8*기초과학연
구원 
본원2차 
누적 
공정률
+0.2*UNIST 캠퍼스 누적 공
정률)
※ 연도별 예산확보 계획에 따
라 성과지표 설정
  ▪ 측정방법 (자료수집 방법/
출처)
 - 측정대상기간 : 
’23.1.1～’23.12.31
 - 
실적치 
집계 
완료 
시점 
: 
’24.1월말 예정
 - 측정수행기관 : 감리업체, 기
초과학연구원 사업단 등
 - 측정대상 표본수 및 선정방
법
 : 공정률 보고서
목표
신규
신규
신규
24
실적
신규
신규
신규
8.24
달성률(%)
-
-
-
34.3",plan:별첨1;plan_method:TEXT;report_method:FULL_TEXT
MSIT-2023-II1-02,162,과학기술정보통신부,2023,Ⅱ,Ⅱ-1,,과학기술기반조성,연구실 안전관리 이행 률,연구실 안전관리 이행 률,%,,86,87.4,100.8,,연구실 안전관리 이행 률,,,86.0,86,86.7,< '22년 실적치 확정에 따라 목표치 상향 조정 >,2023년도 성과보고서_과학기술정보통신부-465-583.pdf,95.0,559.0,,False,False,,연구실 안전관리 이행 률,,86.7,87.4,100.8,86.0,86.0,86.7,87.4,87.4,100.8,100.8,,0.0,0.0,0.7000000000000028,0.8139534883720964,0.0,0.0,0.0,0.7000000000000028,0.8139534883720964,EXACT_MATCH,EXACT_MATCH,EXACT_MATCH,MATCH_AFTER_CHANGE,EXACT_MATCH,EXACT_MATCH,EXACT_MATCH,NOT_APPLICABLE,MATCH_AFTER_CHANGE,TARGET_CHANGE_REASON_DOCUMENTED_IN_별첨6;REPORT_TARGET_CHANGE_CONFIRMED_BY_별첨6,[보고서] 2023년도 성과보고서_과학기술정보통신부.pdf 97쪽(원본 97쪽) / [별첨6 변경표] 2023년도 성과보고서_과학기술정보통신부-465-583.pdf 95쪽(원본 559쪽),,,,,2023년도 성과계획서_과학기술정보통신부-486-577.pdf,2.0,487.0,479.0,"연구실 안전관리 이행 ① 률 0.5 R&D 86(%) 정량 결과 국제과학비즈니스벨트 ② 조성 공정률 0.5 R&D 88.6(%) 정량 과정 공정률 프로그램목표 대전환 시대미래변화 대응 역량과 과학기술 경쟁력을 갖춘 과학기술인력을 양성한다 -2. , . Ⅱ 과학기술인력양성",2023년도 성과보고서_과학기술정보통신부.pdf,97.0,97.0,,"안전관리 
이행률
(%)
ㅇ 측정산식 : (후속조치 이행건
수/지적사항 건수)×100
 ▪ 측정방법 (자료수집 방법/
출처)
 - 측정대상기간 : ’23.3.1～’23.12.31
(현장지도･검사 후속조치 결과 
제출 기간)
 - 
실적치 
집계 
완료 
시점 
: 
’24.1월말 예정
 - 측정수행기관 : 과학기술정
보통신부(국가연구안전관리
본부)
 - 측정대상 표본수 및 선정방
법 : ’23년도 연구실 현장지
도･검사 대상기관
목표
81
83
86
86.7
실적
86.1
83.7
86.5
87.4
달성률(%)
106.3
100.8
100.6
100.8",plan:별첨1;plan_method:TEXT;report_method:FULL_TEXT
MSIT-2023-II2-01,162,과학기술정보통신부,2023,Ⅱ,Ⅱ-2,,과학기술인력양성,만족도 조사,만족도 조사,점,,86.67,88.6,99.8,,만족도 조사,,,70.0,70,88,변경사항 없음,2023년도 성과보고서_과학기술정보통신부-465-583.pdf,94.0,558.0,,False,False,,만족도 조사,,88,91.1,103.5,86.67,70.0,88.0,88.6,91.1,99.8,103.5,,-16.67,-19.233875620168455,1.3299999999999983,1.5345563632167973,2.5,2.8216704288939054,3.700000000000003,18.0,25.71428571428571,EXACT_MATCH,VALUE_MISMATCH,EXACT_MATCH,VALUE_MISMATCH,VALUE_MISMATCH,VALUE_MISMATCH,EXACT_MATCH,NOT_APPLICABLE,VALUE_MISMATCH,TARGET_CHANGE_REASON_DOCUMENTED_IN_별첨6,[계획서] 2023년도 성과계획서_과학기술정보통신부-486-577.pdf 2쪽(원본 487쪽) / [보고서] 2023년도 성과보고서_과학기술정보통신부.pdf 83쪽(원본 83쪽) / [별첨6 변경표] 2023년도 성과보고서_과학기술정보통신부-465-583.pdf 94쪽(원본 558쪽),,,,,2023년도 성과계획서_과학기술정보통신부-486-577.pdf,2.0,487.0,479.0,"수요자 만족도 조사 ① 0.7 R&D 점 70( ) 정성 결과 실증 체계 구축 건수 ② 0.3 R&D 건 37( ) 정량 결과 프로그램목표 탄소중립 실현의 부담을 경감하고새로운 성장의 기회로 전환하는 신산업 창출 기반을 마련한다 -6. , . Ⅰ 탄소중립기반구축",2023년도 성과보고서_과학기술정보통신부.pdf,83.0,83.0,,"과제 참여 수요자를 대상으로 만족
도 조사 결과
목표
신규
70
70
88
실적
신규
81.4
95.2
91.1
달성률(%)
-
116.3
136.0
103.5",plan:별첨1;plan_method:TEXT;report_method:FULL_TEXT
MSIT-2023-II2-03,162,과학기술정보통신부,2023,Ⅱ,Ⅱ-2,,과학기술인력양 성,,경력복귀 성공률,%,,65.2,71.4,109.5,,경력복귀 성공률,,,65.2,0.2,65.2,변경사항 없음,2023년도 성과보고서_과학기술정보통신부-465-583.pdf,96.0,560.0,,False,False,,경력복귀 성공률,,65.2,71.4,109.5,65.2,65.2,65.2,71.4,71.4,109.5,109.5,,0.0,0.0,0.0,0.0,0.0,0.0,0.0,0.0,0.0,MATCH_AFTER_CHANGE,EXACT_MATCH,EXACT_MATCH,EXACT_MATCH,EXACT_MATCH,EXACT_MATCH,EXACT_MATCH,NOT_APPLICABLE,MATCH_AFTER_CHANGE,PLAN_TARGET_FROM_CHANGE_TABLE_ONLY;TARGET_CHANGE_REASON_DOCUMENTED_IN_별첨6;PLAN_REPORT_NAME_CHANGE_DOCUMENTED_IN_별첨6,[계획서] 2023년도 성과계획서_과학기술정보통신부-486-577.pdf ?쪽(원본 ?쪽) / [별첨6 변경표] 2023년도 성과보고서_과학기술정보통신부-465-583.pdf 96쪽(원본 560쪽),,,,,2023년도 성과계획서_과학기술정보통신부-486-577.pdf,,,,,2023년도 성과보고서_과학기술정보통신부.pdf,105.0,105.0,,"경력복귀 
성공률
(%)
취업자 ÷ 지원 종료자
목표
신규
신규
신규
65.2
실적
신규
신규
신규
71.4
달성률(%)
-
-
-
109.5",plan:별첨6만;plan_method:TEXT;report_method:FULL_TEXT
MSIT-2023-II3-01,162,과학기술정보통신부,2023,Ⅱ,Ⅱ-3,,과학문화창달,과학문화 만족도,과학문화 만족도,점,,88.8,90.5,101.1,,과학문화 만족도,,,88.8,88.8,89.5,변경사항 없음,2023년도 성과보고서_과학기술정보통신부-465-583.pdf,96.0,560.0,,False,False,,과학문화 만족도,,89.5,90.5,101.1,88.8,88.8,89.5,90.5,90.5,101.1,101.1,,0.0,0.0,0.7000000000000028,0.7882882882882916,0.0,0.0,0.0,0.7000000000000028,0.7882882882882916,EXACT_MATCH,EXACT_MATCH,EXACT_MATCH,MATCH_AFTER_CHANGE,EXACT_MATCH,EXACT_MATCH,EXACT_MATCH,NOT_APPLICABLE,MATCH_AFTER_CHANGE,TARGET_CHANGE_REASON_DOCUMENTED_IN_별첨6;REPORT_TARGET_CHANGE_CONFIRMED_BY_별첨6,[보고서] 2023년도 성과보고서_과학기술정보통신부.pdf 118쪽(원본 118쪽) / [별첨6 변경표] 2023년도 성과보고서_과학기술정보통신부-465-583.pdf 96쪽(원본 560쪽),,,,,2023년도 성과계획서_과학기술정보통신부-486-577.pdf,2.0,487.0,479.0,과학문화 만족도 ① 0.7 일반 재정 점 88.8( ) 정성 결과 과학기술진흥단체지원 ② 사업 수혜자 만족도 0.3 일반 재정 점 80( ) 정량 결과 프로그램목표 국립중앙과학관 운영을 효율적으로 지원한다 -4. . Ⅱ 국립중앙과학관운영,2023년도 성과보고서_과학기술정보통신부.pdf,118.0,118.0,,"과학문화 
만족도
(점)
과학문화(주요정책 관련 전문가, 수혜자 
대상 만족도 조사) x 0.7 + 국립과학
관(5개) 고객만족도* 평균 x 0.3
목표
신규
신규
88.71
89.5
실적
신규
88.36
89.3
90.5
달성률(%)
-
-
100.7
101.1",plan:별첨1;plan_method:TEXT;report_method:FULL_TEXT
MSIT-2023-II3-02,162,과학기술정보통신부,2023,Ⅱ,Ⅱ-3,,과학문화창달,과학기술진흥단체지원 사업 수혜자 만족도,과학기술진흥단체지원 사업 수혜자 만족도,점,,80,82.3,100,,과학기술진흥단체지원 사업 수혜자 만족도,,,80.0,80,82.3,변경사항 없음,2023년도 성과보고서_과학기술정보통신부-465-583.pdf,96.0,560.0,,False,False,,과학기술진흥단체지원 사업 수혜자 만족도,,82.3,82.3,100.0,80.0,80.0,82.3,82.3,82.3,100.0,100.0,,0.0,0.0,2.299999999999997,2.8749999999999964,0.0,0.0,0.0,2.299999999999997,2.8749999999999964,EXACT_MATCH,EXACT_MATCH,EXACT_MATCH,MATCH_AFTER_CHANGE,EXACT_MATCH,EXACT_MATCH,EXACT_MATCH,NOT_APPLICABLE,MATCH_AFTER_CHANGE,TARGET_CHANGE_REASON_DOCUMENTED_IN_별첨6;REPORT_TARGET_CHANGE_CONFIRMED_BY_별첨6,[보고서] 2023년도 성과보고서_과학기술정보통신부.pdf 118쪽(원본 118쪽) / [별첨6 변경표] 2023년도 성과보고서_과학기술정보통신부-465-583.pdf 96쪽(원본 560쪽),,,,,2023년도 성과계획서_과학기술정보통신부-486-577.pdf,2.0,487.0,479.0,과학기술진흥단체지원 ② 사업 수혜자 만족도 0.3 일반 재정 점 80( ) 정량 결과 프로그램목표 국립중앙과학관 운영을 효율적으로 지원한다 -4. . Ⅱ 국립중앙과학관운영 본관 총 관람객 수만 ( ① 명) 0.3 일반 재정 만명 92.9( ) 정량 산출,2023년도 성과보고서_과학기술정보통신부.pdf,118.0,118.0,,"체지원사업 
수혜자 만족도
(점)
‘한국과학기술단체총연합회지원’ 
사업 수요자 대상 설문조사 결과 
만족도 점수
목표
신규
신규
82.8
82.3
실적
신규
(-)
84.6
82.3
달성률(%)
-
-
102.2
100.0",plan:별첨1;plan_method:TEXT;report_method:FULL_TEXT
MSIT-2023-II4-01,162,과학기술정보통신부,2023,Ⅱ,Ⅱ-4,,국립중앙과학관운영,본관 총 관람객 수(만 명),본관 총 관람객 수(만 명),만명,,92.9,83.5,90.2,,본관 총 관람객 수(만 명),,,92.9,92.9,92.6,< '22년 실적치 확정에 따라 목표치 조정 >,2023년도 성과보고서_과학기술정보통신부-465-583.pdf,96.0,560.0,,False,False,,본관 총 관람객 수(만 명),,92.6,83.5,90.2,92.9,92.9,92.6,83.5,83.5,90.2,90.2,,0.0,0.0,-0.30000000000001137,-0.32292787944027057,0.0,0.0,0.0,-0.30000000000001137,-0.32292787944027057,EXACT_MATCH,EXACT_MATCH,EXACT_MATCH,MATCH_AFTER_CHANGE,EXACT_MATCH,EXACT_MATCH,EXACT_MATCH,NOT_APPLICABLE,MATCH_AFTER_CHANGE,TARGET_CHANGE_REASON_DOCUMENTED_IN_별첨6;REPORT_TARGET_CHANGE_CONFIRMED_BY_별첨6,[보고서] 2023년도 성과보고서_과학기술정보통신부.pdf 126쪽(원본 126쪽) / [별첨6 변경표] 2023년도 성과보고서_과학기술정보통신부-465-583.pdf 96쪽(원본 560쪽),,,,,2023년도 성과계획서_과학기술정보통신부-486-577.pdf,2.0,487.0,479.0,본관 총 관람객 수만 ( ① 명) 0.3 일반 재정 만명 92.9( ) 정량 산출 중앙과학관 이용 관람 ② 객 만족도점 ( ) 0.4 일반 재정 점 88.4( ) 정성 결과 전시품 품질 개선 실 ③ 적건수 ( ) 0.3 일반 재정 건수 64( ) 정량 산출 책임운영 기관평가,2023년도 성과보고서_과학기술정보통신부.pdf,126.0,126.0,,"본관 총 관람객 
수(만명)
ㅇ 측정산식 : 자동계수기(본관 
관람객 기준)에 의한 측정
목표
147.5
62.8
63.3
92.6
실적
18.1
18.9
62.9
83.5
달성률(%)
12.3
30.1
99.4
90.2",plan:별첨1;plan_method:TEXT;report_method:FULL_TEXT
MSIT-2023-II4-03,162,과학기술정보통신부,2023,Ⅱ,Ⅱ-4,,국립중앙과학관운영,중앙과학관 이용 관람객 만족도(점),중앙과학관 이용 관람객 만족도(점),점,,88.4,88.8,100.1,,중앙과학관 이용 관람객 만족도(점),,,88.4,88.4,88.7,< '22년 실적치 확정에 따라 목표치 조정 >,2023년도 성과보고서_과학기술정보통신부-465-583.pdf,96.0,560.0,,False,False,,중앙과학관 이용 관람객 만족도(점),,88.7,88.8,100.1,88.4,88.4,88.7,88.8,88.8,100.1,100.1,,0.0,0.0,0.29999999999999716,0.3393665158371008,0.0,0.0,0.0,0.29999999999999716,0.3393665158371008,EXACT_MATCH,EXACT_MATCH,EXACT_MATCH,MATCH_AFTER_CHANGE,EXACT_MATCH,EXACT_MATCH,EXACT_MATCH,NOT_APPLICABLE,MATCH_AFTER_CHANGE,TARGET_CHANGE_REASON_DOCUMENTED_IN_별첨6;REPORT_TARGET_CHANGE_CONFIRMED_BY_별첨6,[보고서] 2023년도 성과보고서_과학기술정보통신부.pdf 126쪽(원본 126쪽) / [별첨6 변경표] 2023년도 성과보고서_과학기술정보통신부-465-583.pdf 96쪽(원본 560쪽),,,,,2023년도 성과계획서_과학기술정보통신부-486-577.pdf,2.0,487.0,479.0,중앙과학관 이용 관람 ② 객 만족도점 ( ) 0.4 일반 재정 점 88.4( ) 정성 결과 전시품 품질 개선 실 ③ 적건수 ( ) 0.3 일반 재정 건수 64( ) 정량 산출 책임운영 기관평가 지표,2023년도 성과보고서_과학기술정보통신부.pdf,126.0,126.0,,"이용 관람객 
만족도(점)
ㅇ 측정산식 : 체감만족 설문(7) 
+ 서비스품질만족(3)
목표
89.1
87.2
88.1
88.7
실적
86.2
87.6
88.5
88.8
달성률(%)
96.7
100.5
100.5
100.1",plan:별첨1;plan_method:TEXT;report_method:FULL_TEXT
MSIT-2023-II5-01,162,과학기술정보통신부,2023,Ⅱ,Ⅱ-5,,국립과천과학관운영,과학관 이용 고객만족 도,과학관 이용 고객만족 도,점,,87.2,89.2,101.9,,과학관 이용 고객만족 도,,,87.2,87.2,87.5,실적치 확정 변경,2023년도 성과보고서_과학기술정보통신부-465-583.pdf,97.0,561.0,,False,False,,과학관 이용 고객만족 도,,87.5,89.2,101.9,87.2,87.2,87.5,89.2,89.2,101.9,101.9,,0.0,0.0,0.29999999999999716,0.34403669724770314,0.0,0.0,0.0,0.29999999999999716,0.34403669724770314,EXACT_MATCH,EXACT_MATCH,EXACT_MATCH,MATCH_AFTER_CHANGE,EXACT_MATCH,EXACT_MATCH,EXACT_MATCH,NOT_APPLICABLE,MATCH_AFTER_CHANGE,TARGET_CHANGE_REASON_DOCUMENTED_IN_별첨6;REPORT_TARGET_CHANGE_CONFIRMED_BY_별첨6,[보고서] 2023년도 성과보고서_과학기술정보통신부.pdf 133쪽(원본 133쪽) / [별첨6 변경표] 2023년도 성과보고서_과학기술정보통신부-465-583.pdf 97쪽(원본 561쪽),,,,,2023년도 성과계획서_과학기술정보통신부-486-577.pdf,3.0,488.0,480.0,과학관 이용 고객만족 ② 도 0.4 일반 재정 점 87.2( ) 정성 결과 전시품 품질 개선 실 ③ 적 0.3 일반 재정 건 105( ) 정량 산출 프로그램목표 우수한 여성 과학기술인재 육성을 위해 생애 전주기 맞춤형 지원체계를 구축한다 -6. . Ⅱ 평생직업교육 체제 구축,2023년도 성과보고서_과학기술정보통신부.pdf,133.0,133.0,,"과학관 이용 
고객만족도
(점)
ㅇ 측정산식 : 전시 관람 및 교
육문화 프로그램 참여 고객 만족
도 조사 실시
목표
87.2
87.2
87.2
87.5
실적
86.2
87.6
88.9
89.2
달성률(%)
98.9
100.5
101.9
101.9",plan:별첨1;plan_method:TEXT;report_method:FULL_TEXT
MSIT-2023-II5-02,162,과학기술정보통신부,2023,Ⅱ,Ⅱ-5,,국립과천과학관운영,과학관 총 방문객,과학관 총 방문객,만명,,252,240,92.3,,과학관 총 방문객,,,252.0,252,260,실적치 확정 변경,2023년도 성과보고서_과학기술정보통신부-465-583.pdf,97.0,561.0,,False,False,,과학관 총 방문객,,260,240,92.3,252.0,252.0,260.0,240.0,240.0,92.3,92.3,,0.0,0.0,8.0,3.1746031746031744,0.0,0.0,0.0,8.0,3.1746031746031744,EXACT_MATCH,EXACT_MATCH,EXACT_MATCH,MATCH_AFTER_CHANGE,EXACT_MATCH,EXACT_MATCH,EXACT_MATCH,NOT_APPLICABLE,MATCH_AFTER_CHANGE,TARGET_CHANGE_REASON_DOCUMENTED_IN_별첨6;REPORT_TARGET_CHANGE_CONFIRMED_BY_별첨6,[보고서] 2023년도 성과보고서_과학기술정보통신부.pdf 133쪽(원본 133쪽) / [별첨6 변경표] 2023년도 성과보고서_과학기술정보통신부-465-583.pdf 97쪽(원본 561쪽),,,,,2023년도 성과계획서_과학기술정보통신부-486-577.pdf,3.0,488.0,480.0,과학관 총 방문객 ① 0.3 일반 재정 만명 252( ) 정량 산출 과학관 이용 고객만족 ② 도 0.4 일반 재정 점 87.2( ) 정성 결과 전시품 품질 개선 실 ③ 적 0.3 일반 재정 건 105( ) 정량 산출 프로그램목표 우수한 여성 과학기술인재 육성을 위해 생애 전주기 맞춤형 지원체계를 구축한다 -6. . Ⅱ,2023년도 성과보고서_과학기술정보통신부.pdf,133.0,133.0,,"과학관 총 
방문객 
(만명)
  ㅇ 측정산식 : 매표시스템 및 
방문자 통계 중 과학관 이용자 
수 추출
목표
262
262
230
260
실적
222
267
258
240
달성률(%)
84.7
101.9
112.2
92.3",plan:별첨1;plan_method:TEXT;report_method:FULL_TEXT
MSIT-2023-II5-03,162,과학기술정보통신부,2023,Ⅱ,Ⅱ-5,,국립과천과학관운영,전시품 품질 개선 실 적,전시품 품질 개선 실 적,건,,105,113,107.6,,전시품 품질 개선 실 적,,,64.0,64,64,변경사항 없음,2023년도 성과보고서_과학기술정보통신부-465-583.pdf,96.0,560.0,,False,False,,전시품 품질 개선 실 적,,64,66,103.1,105.0,64.0,64.0,113.0,66.0,107.6,103.1,,-41.0,-39.04761904761905,-41.0,-39.04761904761905,-47.0,-41.5929203539823,-4.5,0.0,0.0,EXACT_MATCH,VALUE_MISMATCH,EXACT_MATCH,VALUE_MISMATCH,VALUE_MISMATCH,VALUE_MISMATCH,EXACT_MATCH,NOT_APPLICABLE,VALUE_MISMATCH,TARGET_CHANGE_REASON_DOCUMENTED_IN_별첨6,[계획서] 2023년도 성과계획서_과학기술정보통신부-486-577.pdf 2쪽(원본 487쪽) / [보고서] 2023년도 성과보고서_과학기술정보통신부.pdf 126쪽(원본 126쪽) / [별첨6 변경표] 2023년도 성과보고서_과학기술정보통신부-465-583.pdf 96쪽(원본 560쪽),,,,,2023년도 성과계획서_과학기술정보통신부-486-577.pdf,2.0,487.0,479.0,전시품 품질 개선 실 ③ 적건수 ( ) 0.3 일반 재정 건수 64( ) 정량 산출 책임운영 기관평가 지표 프로그램목표 과학기술에 대한 국민의 이해를 증진하고 대중화에 기여한다 -5. . Ⅱ,2023년도 성과보고서_과학기술정보통신부.pdf,126.0,126.0,,"전시품 품질 
개선 실적(건수)
(건수)
ㅇ 측정산식 : 연간 전시품 설
치 및 교체 건수
목표
신규
신규
63
64
실적
신규
신규
63
66
달성률(%)
-
-
100.0
103.1",plan:별첨1;plan_method:TEXT;report_method:FULL_TEXT
MSIT-2023-II6-01,162,과학기술정보통신부,2023,Ⅱ,Ⅱ-6,,평생직업교육 체제 구축,경력복귀 지원 종료 후 수혜자 취업유지율,,%,,77.4,,,,경력복귀 지원 종료 후 수혜자 취업유지율,,,77.4,0.5,77.4,사업 이관,2023년도 성과보고서_과학기술정보통신부-465-583.pdf,97.0,561.0,,False,False,,,,,,,77.4,77.4,,,,,,,0.0,0.0,,,,,,,,EXACT_MATCH,EXACT_MATCH,OCR_REQUIRED,OCR_REQUIRED,OCR_REQUIRED,OCR_REQUIRED,PDF_MISSING_MANUAL_PRESENT,OCR_REQUIRED,OCR_REQUIRED,TARGET_CHANGE_REASON_DOCUMENTED_IN_별첨6;REPORT_TEXT_LAYER_PUA_GLYPH_OCR_NEEDED;PLAN_REPORT_NAME_CHANGE_DOCUMENTED_IN_별첨6,[보고서] 2023년도 성과보고서_과학기술정보통신부-465-583.pdf ?쪽(원본 ?쪽) / [별첨6 변경표] 2023년도 성과보고서_과학기술정보통신부-465-583.pdf 97쪽(원본 561쪽),,,,,2023년도 성과계획서_과학기술정보통신부-486-577.pdf,3.0,488.0,480.0,"경력복귀 지원 종료 ① 후 수혜자 취업유지율 0.5 R&D 77.4(%) 정량 결과 이공계 여성 멘토링 ② 취업탐색 글로벌 사업 ( , ) 수혜자 만족도 0.5 R&D 점 84.0( ) 정성 결과",2023년도 성과보고서_과학기술정보통신부-465-583.pdf,,,,,plan:별첨1;plan_method:TEXT;report_method:NONE
MSIT-2023-II6-02,162,과학기술정보통신부,2023,Ⅱ,Ⅱ-6,,평생직업교육 체제 구축,"이공계 여성 멘토링(취 업탐색, 글로벌) 사업 수혜자 만족도",,점,,84,,,,"이공계 여성 멘토링(취 업탐색, 글로벌) 사업 수혜자 만족도",,,84.0,0.5,84.0,사업 이관,2023년도 성과보고서_과학기술정보통신부-465-583.pdf,98.0,562.0,,False,False,,,,,,,84.0,84.0,,,,,,,0.0,0.0,,,,,,,,EXACT_MATCH,EXACT_MATCH,OCR_REQUIRED,OCR_REQUIRED,OCR_REQUIRED,OCR_REQUIRED,PDF_MISSING_MANUAL_PRESENT,OCR_REQUIRED,OCR_REQUIRED,TARGET_CHANGE_REASON_DOCUMENTED_IN_별첨6;REPORT_TEXT_LAYER_PUA_GLYPH_OCR_NEEDED;PLAN_REPORT_NAME_CHANGE_DOCUMENTED_IN_별첨6,[보고서] 2023년도 성과보고서_과학기술정보통신부-465-583.pdf ?쪽(원본 ?쪽) / [별첨6 변경표] 2023년도 성과보고서_과학기술정보통신부-465-583.pdf 98쪽(원본 562쪽),,,,,2023년도 성과계획서_과학기술정보통신부-486-577.pdf,3.0,488.0,480.0,"이공계 여성 멘토링 ② 취업탐색 글로벌 사업 ( , ) 수혜자 만족도 0.5 R&D 점 84.0( ) 정성 결과 프로그램목표 이공계 각 분야의 창의적인 우수 인재 양성을 위한 국가장학제도 기반을 조성한다 -7. . Ⅱ 과학기술인력양성",2023년도 성과보고서_과학기술정보통신부-465-583.pdf,,,,,plan:별첨1;plan_method:TEXT;report_method:NONE
MSIT-2023-II7-01,162,과학기술정보통신부,2023,Ⅱ,Ⅱ-7,,과학기술인력양성,국가우수 장학금 수혜 자의 의무종사 보고율,국가우수 장학금 수혜 자의 의무종사 보고율,%,,94.1,99.5,104.1,,국가우수 장학금 수혜 자의 의무종사 보고율,,,94.1,94.1,95.6,실적치 확정 변경,2023년도 성과보고서_과학기술정보통신부-465-583.pdf,97.0,561.0,,False,False,,국가우수 장학금 수혜 자의 의무종사 보고율,,95.6,99.5,104.1,94.1,94.1,95.6,99.5,99.5,104.1,104.1,,0.0,0.0,1.5,1.5940488841657812,0.0,0.0,0.0,1.5,1.5940488841657812,EXACT_MATCH,EXACT_MATCH,EXACT_MATCH,MATCH_AFTER_CHANGE,EXACT_MATCH,EXACT_MATCH,EXACT_MATCH,NOT_APPLICABLE,MATCH_AFTER_CHANGE,TARGET_CHANGE_REASON_DOCUMENTED_IN_별첨6;REPORT_TARGET_CHANGE_CONFIRMED_BY_별첨6,[보고서] 2023년도 성과보고서_과학기술정보통신부.pdf 138쪽(원본 138쪽) / [별첨6 변경표] 2023년도 성과보고서_과학기술정보통신부-465-583.pdf 97쪽(원본 561쪽),,,,,2023년도 성과계획서_과학기술정보통신부-486-577.pdf,3.0,488.0,480.0,"국가우수 장학금 수혜 ① 자의 의무종사 보고율 0.5 일반 재정 94.1(%) 정량 산출 - 이공계 우수학생 장학 ② 금 계속 수혜율 0.5 일반 재정 91.6(%) 정량 산출 - 전략목표 국가과학기술 역량 제고를 위해 연구성과 확산산학연 협력지역 혁신 및 전략적 국제협력을 강화한다 . , , . Ⅲ 프로그램목표 산학연 협력 활성화를 통해 기술사업화창업을 촉진하고 지역 지원을 통해 지역의 연구역량 -1. R&D Ⅲ ･ 강화 및 경제 활성화 유도",2023년도 성과보고서_과학기술정보통신부.pdf,138.0,138.0,202.0,"의무종사 
보고율
(%)
(2023년 의무종사보고자 / 2023년 
의무종사 보고 대상자*) × 100(%)
 * 2년 이상 장학금 수혜자
목표
77.0
93.6
94.0
95.6
실적
93.4
94.5
98.5
99.5
달성률(%)
121.3
101.0
104.8
104.1",plan:별첨1;plan_method:TEXT;report_method:FULL_TEXT
MSIT-2023-II7-02,162,과학기술정보통신부,2023,Ⅱ,Ⅱ-7,,과학기술인력양성,이공계 우수학생 장학 금 계속 수혜율,이공계 우수학생 장학 금 계속 수혜율,%,,91.6,92,100.3,,이공계 우수학생 장학 금 계속 수혜율,,,91.6,91.6,91.7,실적치 확정 변경,2023년도 성과보고서_과학기술정보통신부-465-583.pdf,97.0,561.0,,False,False,,이공계 우수학생 장학 금 계속 수혜율,,91.7,92.0,100.3,91.6,91.6,91.7,92.0,92.0,100.3,100.3,,0.0,0.0,0.10000000000000853,0.10917030567686521,0.0,0.0,0.0,0.10000000000000853,0.10917030567686521,EXACT_MATCH,EXACT_MATCH,EXACT_MATCH,MATCH_AFTER_CHANGE,EXACT_MATCH,EXACT_MATCH,EXACT_MATCH,NOT_APPLICABLE,MATCH_AFTER_CHANGE,TARGET_CHANGE_REASON_DOCUMENTED_IN_별첨6;REPORT_TARGET_CHANGE_CONFIRMED_BY_별첨6,[보고서] 2023년도 성과보고서_과학기술정보통신부.pdf 139쪽(원본 139쪽) / [별첨6 변경표] 2023년도 성과보고서_과학기술정보통신부-465-583.pdf 97쪽(원본 561쪽),,,,,2023년도 성과계획서_과학기술정보통신부-486-577.pdf,3.0,488.0,480.0,"이공계 우수학생 장학 ② 금 계속 수혜율 0.5 일반 재정 91.6(%) 정량 산출 - 전략목표 국가과학기술 역량 제고를 위해 연구성과 확산산학연 협력지역 혁신 및 전략적 국제협력을 강화한다 . , , . Ⅲ 프로그램목표 산학연 협력 활성화를 통해 기술사업화창업을 촉진하고 지역 지원을 통해 지역의 연구역량 -1. R&D Ⅲ ･ 강화 및 경제 활성화 유도 공공연구성과활성화",2023년도 성과보고서_과학기술정보통신부.pdf,139.0,139.0,,"장학금 계속 
수혜율
(%)
(장학금성적기준 충족자수/계속수혜
대상자수)×100(%)
 * 학기별 신규장학생, 휴학생, 졸업생 
등 제외
목표
88.5
91.4
91.5
91.7
실적
96
93.8
91.6
92.0
달성률(%)
108.5
102.6
100.1
100.3",plan:별첨1;plan_method:TEXT;report_method:FULL_TEXT
MSIT-2023-III1-01,162,과학기술정보통신부,2023,Ⅲ,Ⅲ-1,,공공연구성과활성화,산학연공동연구법인당 평균 누적 순고용,산학연공동연구법인당 평균 누적 순고용,명,,2.1,5.4,245.5,,산학연공동연구법인당 평균 누적 순고용,,,2.1,2.1,2.2,실적치 확정 변경,2023년도 성과보고서_과학기술정보통신부-465-583.pdf,98.0,562.0,,False,False,,산학연공동연구법인당 평균 누적 순고용,,2.2,5.4,245.5,2.1,2.1,2.2,5.4,5.4,245.5,245.5,,0.0,0.0,0.10000000000000009,4.761904761904765,0.0,0.0,0.0,0.10000000000000009,4.761904761904765,EXACT_MATCH,EXACT_MATCH,EXACT_MATCH,MATCH_AFTER_CHANGE,EXACT_MATCH,EXACT_MATCH,EXACT_MATCH,NOT_APPLICABLE,MATCH_AFTER_CHANGE,TARGET_CHANGE_REASON_DOCUMENTED_IN_별첨6;REPORT_TARGET_CHANGE_CONFIRMED_BY_별첨6,[보고서] 2023년도 성과보고서_과학기술정보통신부.pdf 149쪽(원본 149쪽) / [별첨6 변경표] 2023년도 성과보고서_과학기술정보통신부-465-583.pdf 98쪽(원본 562쪽),,,,,2023년도 성과계획서_과학기술정보통신부-486-577.pdf,3.0,488.0,480.0,산학연공동연구법인당 ② 평균 누적 순고용 0.5 R&D 명 2.1( ) 정량 결과 지역별 정책 및 R&D ③ 사업 기회 건수 0.2 R&D 건 1088( ) 정량 산출 프로그램목표 전략적 국제협력을 통해 국가과학기술역량을 강화하고 과학기술 교류협력기반을 확대한다과학기술 -2. . ( Ⅲ 국제협력) 과학기술국제협력,2023년도 성과보고서_과학기술정보통신부.pdf,149.0,149.0,,"법인당 평균 
누적 순고용
(명)
산학연공동연구법인 평균 누적 
순고용(법인당 평균/명) = (산
식) ∑(신규고용인력-당해연도퇴
사인력) / ∑(법인수)
목표
신규
신규
2.0
2.2
실적
신규
신규
2.7
5.4
달성률(%)
-
-
135.0
245.5",plan:별첨1;plan_method:TEXT;report_method:FULL_TEXT
MSIT-2023-III1-02,162,과학기술정보통신부,2023,Ⅲ,Ⅲ-1,,공공연구성과활성화,중소ㆍ중견 기업 대상 대학TMC당 평균 기술이 전 건수,중소ㆍ중견 기업 대상 대학TMC당 평균 기술이 전 건수,건,,143,146.3,102,,중소ㆍ중견 기업 대상 대학TMC당 평균 기술이 전 건수,,,143.5,143,143.5,실적치 확정 변경,2023년도 성과보고서_과학기술정보통신부-465-583.pdf,98.0,562.0,,False,False,,중소ㆍ중견 기업 대상 대학TMC당 평균 기술이 전 건수,,143.5,146.3,102.0%,143.0,143.5,143.5,146.3,146.3,102.0,102.0,,0.5,0.34965034965034963,0.5,0.34965034965034963,0.0,0.0,0.0,0.0,0.0,MATCH_AFTER_CHANGE,VALUE_MISMATCH,EXACT_MATCH,MATCH_AFTER_CHANGE,EXACT_MATCH,EXACT_MATCH,EXACT_MATCH,NOT_APPLICABLE,VALUE_MISMATCH,PLAN_TARGET_FROM_CHANGE_TABLE_ONLY;TARGET_CHANGE_REASON_DOCUMENTED_IN_별첨6;REPORT_TARGET_CHANGE_CONFIRMED_BY_별첨6,[계획서] 2023년도 성과계획서_과학기술정보통신부-486-577.pdf ?쪽(원본 ?쪽) / [보고서] 2023년도 성과보고서_과학기술정보통신부-465-583.pdf 12쪽(원본 476쪽) / [별첨6 변경표] 2023년도 성과보고서_과학기술정보통신부-465-583.pdf 98쪽(원본 562쪽),,,,,2023년도 성과계획서_과학기술정보통신부-486-577.pdf,,,,,2023년도 성과보고서_과학기술정보통신부-465-583.pdf,12.0,476.0,,"당 평균 기술이전 
건수 (건)
산출
∑(중소･중견기
업 대상 기술이
전 건수)/∑(지원
사업단 수)
목표
140
142
143.5
실적
162
143
146.3
달성률
115.7%
100.7%
102.0%",plan:별첨6만;plan_method:TEXT;report_method:TEXT
MSIT-2023-III1-03,162,과학기술정보통신부,2023,Ⅲ,Ⅲ-1,,공공연구성과활성화,지역별 R&D 정책 및 사업 기회 건수,지역별 R&D 정책 및 사업 기획 건수,건,,1088,1323,121.6,,지역별 R&D 정책 및 사업 기회 건수,,,"1,088",1088,"1,088",기타,2023년도 성과보고서_과학기술정보통신부-465-583.pdf,98.0,562.0,,False,False,,지역별 R&D 정책 및 사업 기획 건수,,"1,088",1323,121.6,1088.0,1088.0,1088.0,1323.0,1323.0,121.6,121.6,,0.0,0.0,0.0,0.0,0.0,0.0,0.0,0.0,0.0,MATCH_AFTER_CHANGE,EXACT_MATCH,EXACT_MATCH,EXACT_MATCH,EXACT_MATCH,EXACT_MATCH,EXACT_MATCH,NOT_APPLICABLE,MATCH_AFTER_CHANGE,PLAN_TARGET_FROM_CHANGE_TABLE_ONLY;TARGET_CHANGE_REASON_DOCUMENTED_IN_별첨6;PLAN_REPORT_NAME_CHANGE_DOCUMENTED_IN_별첨6,[계획서] 2023년도 성과계획서_과학기술정보통신부-486-577.pdf ?쪽(원본 ?쪽) / [별첨6 변경표] 2023년도 성과보고서_과학기술정보통신부-465-583.pdf 98쪽(원본 562쪽),,,,,2023년도 성과계획서_과학기술정보통신부-486-577.pdf,,,,,2023년도 성과보고서_과학기술정보통신부.pdf,149.0,149.0,,"정책 및 사업 
기획 건수
(건)
∑(17개 연지단 별 R&D 정책 및 사업 
기획건수)
목표
신규
신규
신규
1,088
실적
신규
신규
1,107
1323
달성률(%)
-
-
-
121.6",plan:별첨6만;plan_method:TEXT;report_method:FULL_TEXT
MSIT-2023-III2-01,162,과학기술정보통신부,2023,Ⅲ,Ⅲ-2,,과학기술국제협력,해당 사업 전체 SCI급 논문수 대비 IF상위 10% 학술지 논문수 비 율,해당 사업 전체 SCI급 논문수 대비 IF상위 10% 학술지 논문수 비 율,%,,19.8,30,151.5,,해당 사업 전체 SCI급 논문수 대비 IF상위 10% 학술지 논문수 비 율,,,19.8,19.8,19.8,변경사항 없음,2023년도 성과보고서_과학기술정보통신부-465-583.pdf,98.0,562.0,,False,False,,해당 사업 전체 SCI급 논문수 대비 IF상위 10% 학술지 논문수 비 율,,19.8,30,151.5,19.8,19.8,19.8,30.0,30.0,151.5,151.5,,0.0,0.0,0.0,0.0,0.0,0.0,0.0,0.0,0.0,MATCH_AFTER_CHANGE,EXACT_MATCH,EXACT_MATCH,EXACT_MATCH,EXACT_MATCH,EXACT_MATCH,EXACT_MATCH,NOT_APPLICABLE,MATCH_AFTER_CHANGE,PLAN_TARGET_FROM_CHANGE_TABLE_ONLY;TARGET_CHANGE_REASON_DOCUMENTED_IN_별첨6,[계획서] 2023년도 성과계획서_과학기술정보통신부-486-577.pdf ?쪽(원본 ?쪽) / [별첨6 변경표] 2023년도 성과보고서_과학기술정보통신부-465-583.pdf 98쪽(원본 562쪽),,,,,2023년도 성과계획서_과학기술정보통신부-486-577.pdf,,,,,2023년도 성과보고서_과학기술정보통신부.pdf,156.0,156.0,,"10% 학술지 
논문수 비율
(%)
ㅇ 측정산식 : 국제공동연구 IF 상
위 10% 학술지 비율
▪ 측정방법
  - 측정대상기간 : ‘23.1.1 ∼ 
’23.12.31
  - 실적치 집계 완료 시점 : ‘24. 
2월말 예정
  - 측정수행기관 : 한국연구재단
  - 측정대상 표본수 및 선정방법
    : 국가간협력기반조성, 동북아 
R&D 허브 구축(해외우수연구
기관유치, 전략형국제공동연구, 
해외  우수연구기관 협력 허브 
구축, 국제협력 네트워크 전략 
강화) 사업을 통해 도출된 논문 
전수       조사(한국연구재단 
성과관리시스템)하여 가장 최
근 발표된 JCR 학술지 지표를 
활용
목표
신규
17
17
19.8
실적
-
23.7
25.5
30
달성률(%)
-
139.4
150.0
151.5",plan:별첨6만;plan_method:TEXT;report_method:FULL_TEXT
MSIT-2023-III3-01,162,과학기술정보통신부,2023,Ⅲ,Ⅲ-3,,공공연구성과활성화,공공연구성과활용 창업기업 수,공공연구성과활용 창업기업 수,개,,307,366,135.1,,공공연구성과활용 창업기업 수,,,307.0,307,271,○ 측정산식(변동없음): 연구소기업 설립 수(개) + 실험실창업기업 수(개) + 공동기술지주 자회사 수*(개)  * 연구소기업 중복 제외 ○ 변경사유: 1. 실험실창업기업 수의 경우 '22년 창업선도대학 사업,2023년도 성과보고서_과학기술정보통신부-465-583.pdf,100.0,564.0,,False,False,,공공연구성과활용 창업기업 수,,271,366,135.1,307.0,307.0,271.0,366.0,366.0,135.1,135.1,,0.0,0.0,-36.0,-11.726384364820847,0.0,0.0,0.0,-36.0,-11.726384364820847,EXACT_MATCH,EXACT_MATCH,EXACT_MATCH,MATCH_AFTER_CHANGE,EXACT_MATCH,EXACT_MATCH,EXACT_MATCH,NOT_APPLICABLE,MATCH_AFTER_CHANGE,TARGET_CHANGE_REASON_DOCUMENTED_IN_별첨6;REPORT_TARGET_CHANGE_CONFIRMED_BY_별첨6,[보고서] 2023년도 성과보고서_과학기술정보통신부.pdf 165쪽(원본 165쪽) / [별첨6 변경표] 2023년도 성과보고서_과학기술정보통신부-465-583.pdf 100쪽(원본 564쪽),,,,,2023년도 성과계획서_과학기술정보통신부-486-577.pdf,3.0,488.0,480.0,공공연구성과활용 창 ② 업기업 수 0.5 R&D 개 307( ) 정량 산출 전략목표 디지털경제 패권국 도약을 위해 데이터 클라우드 메타버스 디지털 플랫폼 등 디지털 신산업을 . AI· · ·SW· · Ⅳ 세계 최고수준으로 육성한다. 프로그램목표 콘텐츠 방송산업 육성을 촉진한다 -1. . Ⅳ,2023년도 성과보고서_과학기술정보통신부.pdf,165.0,165.0,,"공공연구성과활
용 창업기업 수
(개)
연구소기업 설립 수(개) + 
실험실창업기업 수(개) + 
공동기술지주 자회사 수*
(개)
 * 연구소기업 중복 제외
목표
신규
신규
306
271
실적
신규
신규
412
366
달성률(%)
-
-
134.6
135.1",plan:별첨1;plan_method:TEXT;report_method:FULL_TEXT
MSIT-2023-III3-02,162,과학기술정보통신부,2023,Ⅲ,Ⅲ-3,,공공연구성과활성화,지원금 1억원 당 기술 이전 건수,지원금 1억원 당 기술 이전 건수,건,,3.3,5.7,172.7,,지원금 1억원 당 기술 이전 건수,,,3.3,3.3,3.3,○ 연구개발특구운영 및 인프라지원 예산증액(2억원)으로 본 지표와는 상관관계가 없음.,2023년도 성과보고서_과학기술정보통신부-465-583.pdf,99.0,563.0,,False,False,,지원금 1억원 당 기술 이전 건수,,3.3,5.7,172.7,3.3,3.3,3.3,5.7,5.7,172.7,172.7,,0.0,0.0,0.0,0.0,0.0,0.0,0.0,0.0,0.0,MATCH_AFTER_CHANGE,EXACT_MATCH,EXACT_MATCH,EXACT_MATCH,EXACT_MATCH,EXACT_MATCH,EXACT_MATCH,NOT_APPLICABLE,MATCH_AFTER_CHANGE,PLAN_TARGET_FROM_CHANGE_TABLE_ONLY;TARGET_CHANGE_REASON_DOCUMENTED_IN_별첨6,[계획서] 2023년도 성과계획서_과학기술정보통신부-486-577.pdf ?쪽(원본 ?쪽) / [별첨6 변경표] 2023년도 성과보고서_과학기술정보통신부-465-583.pdf 99쪽(원본 563쪽),,,,,2023년도 성과계획서_과학기술정보통신부-486-577.pdf,,,,,2023년도 성과보고서_과학기술정보통신부.pdf,165.0,165.0,,"당 기술이전 
건수
(건)
기술이전 건수(개) / 기술
이전 관련 사업* 예산(억 
원)
 * 기업연계청년기술전문인력육
성, 연구산업육성, 연구재료 개
발확산 지원, 연구장비산업육성
목표
신규
신규
3.19
3.3
실적
신규
신규
3.20
5.7
달성률(%)
-
-
100.3
172.7",plan:별첨6만;plan_method:TEXT;report_method:FULL_TEXT
MSIT-2023-IV1-02,162,과학기술정보통신부,2023,Ⅳ,Ⅳ-1,,콘텐츠방송산업육성,디지털콘텐츠 분야 신 규 근로자 고용지수,디지털콘텐츠 분야 신 규 근로자 고용지수,지수,,1.2,1.25,101.6,,디지털콘텐츠 분야 신 규 근로자 고용지수,,,1.2,1.2,1.23,변경사항 없음,2023년도 성과보고서_과학기술정보통신부-465-583.pdf,101.0,565.0,,False,False,,디지털콘텐츠 분야 신 규 근로자 고용지수,,1.23,1.25,101.6,1.2,1.2,1.23,1.25,1.25,101.6,101.6,,0.0,0.0,0.030000000000000027,2.500000000000002,0.0,0.0,0.0,0.030000000000000027,2.500000000000002,EXACT_MATCH,EXACT_MATCH,EXACT_MATCH,MATCH_AFTER_CHANGE,EXACT_MATCH,EXACT_MATCH,EXACT_MATCH,NOT_APPLICABLE,MATCH_AFTER_CHANGE,TARGET_CHANGE_REASON_DOCUMENTED_IN_별첨6;REPORT_TARGET_CHANGE_CONFIRMED_BY_별첨6,[보고서] 2023년도 성과보고서_과학기술정보통신부.pdf 176쪽(원본 176쪽) / [별첨6 변경표] 2023년도 성과보고서_과학기술정보통신부-465-583.pdf 101쪽(원본 565쪽),,,,,2023년도 성과계획서_과학기술정보통신부-486-577.pdf,4.0,489.0,481.0,디지털콘텐츠 분야 신 ② 규 근로자 고용지수 0.5 일반 재정 지수 1.2( ) 정량 결과 프로그램목표 해외진출 주요 전략국가들과의 정부간 협력을 기반으로 국내 유망 콘텐츠 중소기업의 해외 -2. ICT· Ⅳ 판로 개척 및 수출 확대를 지원한다. 정보통신방송국제협력 국제협력 활동 수 ICT ① 혜자 만족도 0.5 일반 재정 점 92.9( ) 정성 결과,2023년도 성과보고서_과학기술정보통신부.pdf,176.0,176.0,,"근로자 
고용지수
(지수)
Σ당해년도 신규 고용인원 수 
/ 해당사업비 (정부지원예산 
1억원당)
목표
신규
신규
1.2
1.23
실적
신규
신규
1.2
1.25
달성률(%)
-
-
100.0
101.6",plan:별첨1;plan_method:TEXT;report_method:FULL_TEXT
MSIT-2023-IV2-01,162,과학기술정보통신부,2023,Ⅳ,Ⅳ-2,,정보통신방송국제협력,ICT 국제협력 활동 수혜자 만족도,ICT 국제협력 활동 수혜자 만족도,점,,92.9,94.4,101.6,,ICT 국제협력 활동 수혜자 만족도,,,92.9,92.9,92.9,변경사항 없음,2023년도 성과보고서_과학기술정보통신부-465-583.pdf,101.0,565.0,,False,False,,ICT 국제협력 활동 수혜자 만족도,,92.9,94.4,101.6,92.9,92.9,92.9,94.4,94.4,101.6,101.6,,0.0,0.0,0.0,0.0,0.0,0.0,0.0,0.0,0.0,MATCH_AFTER_CHANGE,EXACT_MATCH,EXACT_MATCH,EXACT_MATCH,EXACT_MATCH,EXACT_MATCH,EXACT_MATCH,NOT_APPLICABLE,MATCH_AFTER_CHANGE,PLAN_TARGET_FROM_CHANGE_TABLE_ONLY;TARGET_CHANGE_REASON_DOCUMENTED_IN_별첨6,[계획서] 2023년도 성과계획서_과학기술정보통신부-486-577.pdf ?쪽(원본 ?쪽) / [별첨6 변경표] 2023년도 성과보고서_과학기술정보통신부-465-583.pdf 101쪽(원본 565쪽),,,,,2023년도 성과계획서_과학기술정보통신부-486-577.pdf,,,,,2023년도 성과보고서_과학기술정보통신부.pdf,182.0,182.0,,"활동 수혜자 
만족도
(점)
 ㅇ 측정산식 : (ICT 비즈니스 파
트너십 참가기업 만족도 + ICT 기
술정책협력 만족도) / 2
목표
신규
신규
92.5
92.9
실적
신규
(-)
94.5
94.4
달성률(%)
-
-
102.2
101.6",plan:별첨6만;plan_method:TEXT;report_method:FULL_TEXT
MSIT-2023-IV4-02,162,과학기술정보통신부,2023,Ⅳ,Ⅳ-4,,정보통신방송기반조성,EMC/EMF/안테나 기 술지원 건,EMC/EMF/안테나 기 술지원 건,건,,1490,259,120.5,,EMC/EMF/안테나 기 술지원 건,,,215,1490,215,<예산 감액(중기 70억→'23년 12.83억)>,2023년도 성과보고서_과학기술정보통신부-465-583.pdf,102.0,566.0,,False,False,,EMC/EMF/안테나 기 술지원 건,,215,259,120.5,1490.0,215.0,215.0,259.0,259.0,120.5,120.5,,-1275.0,-85.57046979865773,-1275.0,-85.57046979865773,0.0,0.0,0.0,0.0,0.0,MATCH_AFTER_CHANGE,VALUE_MISMATCH,EXACT_MATCH,MATCH_AFTER_CHANGE,EXACT_MATCH,EXACT_MATCH,EXACT_MATCH,NOT_APPLICABLE,VALUE_MISMATCH,PLAN_TARGET_FROM_CHANGE_TABLE_ONLY;TARGET_CHANGE_REASON_DOCUMENTED_IN_별첨6;REPORT_TARGET_CHANGE_CONFIRMED_BY_별첨6,[계획서] 2023년도 성과계획서_과학기술정보통신부-486-577.pdf ?쪽(원본 ?쪽) / [보고서] 2023년도 성과보고서_과학기술정보통신부.pdf 194쪽(원본 194쪽) / [별첨6 변경표] 2023년도 성과보고서_과학기술정보통신부-465-583.pdf 102쪽(원본 566쪽),,,,,2023년도 성과계획서_과학기술정보통신부-486-577.pdf,,,,,2023년도 성과보고서_과학기술정보통신부.pdf,194.0,194.0,,"EMC/EMF/안테
나 기술지원 건
(건)
EMC/EMF/안테나/권역 
기
술지원 건수 합산
목표
420
318
275
215
실적
429
323
337
259
달성률(%)
102.1
101.6
122.5
120.5",plan:별첨6만;plan_method:TEXT;report_method:FULL_TEXT
MSIT-2023-IV5-01,162,과학기술정보통신부,2023,Ⅳ,Ⅳ-5,,정보통신융합산업,특허등급(SMART) 지 수,특허등급(SMART) 지 수,점,,4.26,4.4,103.3,,특허등급(SMART) 지 수,,,4.26,4.26,4.26,변경사항 없음,2023년도 성과보고서_과학기술정보통신부-465-583.pdf,102.0,566.0,,False,False,,특허등급(SMART) 지 수,,4.26,(4.4),103.3,4.26,4.26,4.26,4.4,4.4,103.3,103.3,,0.0,0.0,0.0,0.0,0.0,0.0,0.0,0.0,0.0,MATCH_AFTER_CHANGE,EXACT_MATCH,EXACT_MATCH,EXACT_MATCH,EXACT_MATCH,EXACT_MATCH,EXACT_MATCH,NOT_APPLICABLE,MATCH_AFTER_CHANGE,PLAN_TARGET_FROM_CHANGE_TABLE_ONLY;TARGET_CHANGE_REASON_DOCUMENTED_IN_별첨6,[계획서] 2023년도 성과계획서_과학기술정보통신부-486-577.pdf ?쪽(원본 ?쪽) / [별첨6 변경표] 2023년도 성과보고서_과학기술정보통신부-465-583.pdf 102쪽(원본 566쪽),,,,,2023년도 성과계획서_과학기술정보통신부-486-577.pdf,,,,,2023년도 성과보고서_과학기술정보통신부.pdf,209.0,209.0,,"특허등급(SMAR
T) 지수
(점)
ㅇ 측정방법
   - 측정대상기간 : ’23.1.1 ~ 
’23.12.31   
   - 실적치 집계 완료 시점 : 
’24.2월말
   - 측정수행기관 : 정보통신
기술진흥센터, 한국발명진
흥회
   - 측정대상 표본수 및 선정
방법 
: 
방송통신산업기술
개발, 한국전자통신연구원
연구개발지원, 
정보통신방
송혁신인재양성, 차세대엣
지컴퓨팅시스템기술개발, 정
보통신방송기술국제공동연구, 
스마트제조혁신기술개발, 6G
핵심기술개발 사업에 
대해 
전수조사 및 점수부여
ㅇ 측정산식 : 대표단위･세부사
업의 특허등급 지수 합
 - ∑세부사업 SMART 지수*가중치(1/7) 
  (∑세부사업) (가중치의 합=1)
목표
4.41
4.26
4.26
4.26
실적
4.33
4.0
4.3
(4.4)
달성률(%)
98.2
93.9
100.9
103.3",plan:별첨6만;plan_method:TEXT;report_method:FULL_TEXT
MSIT-2023-IV6-01,162,과학기술정보통신부,2023,Ⅳ,Ⅳ-6,,지역경제활성화,ICT·SW수혜기업 평균 매출증가율,ICT·SW수혜기업 평균 매출증가율,%,,9,9.1,101.1,,,,,,,,,,,,,False,False,,,,,,,9.0,,,9.1,,101.1,,,,,,,,,,,,PDF_NOT_FOUND,PDF_NOT_FOUND,OCR_REQUIRED,OCR_REQUIRED,OCR_REQUIRED,OCR_REQUIRED,PDF_NOT_FOUND,OCR_REQUIRED,OCR_REQUIRED,REPORT_TEXT_LAYER_PUA_GLYPH_OCR_NEEDED,[계획서] 2023년도 성과계획서_과학기술정보통신부-486-577.pdf ?쪽(원본 ?쪽) / [보고서] 2023년도 성과보고서_과학기술정보통신부-465-583.pdf ?쪽(원본 ?쪽),,,,,2023년도 성과계획서_과학기술정보통신부-486-577.pdf,,,,,2023년도 성과보고서_과학기술정보통신부-465-583.pdf,,,,,plan:NONE;plan_method:NONE;report_method:NONE
MSIT-2023-IV6-02,162,과학기술정보통신부,2023,Ⅳ,Ⅳ-6,,지역경제활성화,(ICT융합제조)직접 고용인원(명/억원),(ICT융합제조)직접 고용인원(명/억원),명,,23,24,104.3,,(ICT융합제조)직접 고용인원(명/억원),,,23,23,23,변경사항 없음,2023년도 성과보고서_과학기술정보통신부-465-583.pdf,103.0,567.0,,False,False,,(ICT융합제조)직접 고용인원(명/억원),,23,24,104.3,23.0,23.0,23.0,24.0,24.0,104.3,104.3,,0.0,0.0,0.0,0.0,0.0,0.0,0.0,0.0,0.0,MATCH_AFTER_CHANGE,EXACT_MATCH,EXACT_MATCH,EXACT_MATCH,EXACT_MATCH,EXACT_MATCH,EXACT_MATCH,NOT_APPLICABLE,MATCH_AFTER_CHANGE,PLAN_TARGET_FROM_CHANGE_TABLE_ONLY;TARGET_CHANGE_REASON_DOCUMENTED_IN_별첨6,[계획서] 2023년도 성과계획서_과학기술정보통신부-486-577.pdf ?쪽(원본 ?쪽) / [별첨6 변경표] 2023년도 성과보고서_과학기술정보통신부-465-583.pdf 103쪽(원본 567쪽),,,,,2023년도 성과계획서_과학기술정보통신부-486-577.pdf,,,,,2023년도 성과보고서_과학기술정보통신부.pdf,220.0,220.0,,"고용인원(명/억
원)
(명)
정부출연금 10억원당 고용인원 
수 × 110%
목표
13
21
23
23
실적
22
23
40
24
달성률(%)
169.2
109.5
173.9
104.3",plan:별첨6만;plan_method:TEXT;report_method:FULL_TEXT
MSIT-2023-IV7-01,162,과학기술정보통신부,2023,Ⅳ,Ⅳ-7,,SW산업진흥,SW기업의 SW품목 매 출액(조 원),SW기업의 SW품목 매 출액(조 원),조원,,95.3,154.3,144.7,,SW기업의 SW품목 매 출액(조 원),,,106.6,95.3,106.6,변경사항 없음,2023년도 성과보고서_과학기술정보통신부-465-583.pdf,103.0,567.0,,False,False,,SW기업의 SW품목 매 출액(조 원),,106.6,154.3,144.7%,95.3,106.6,106.6,154.3,154.3,144.7,144.7,,11.299999999999997,11.857292759706189,11.299999999999997,11.857292759706189,0.0,0.0,0.0,0.0,0.0,MATCH_AFTER_CHANGE,VALUE_MISMATCH,EXACT_MATCH,MATCH_AFTER_CHANGE,EXACT_MATCH,EXACT_MATCH,EXACT_MATCH,NOT_APPLICABLE,VALUE_MISMATCH,PLAN_TARGET_FROM_CHANGE_TABLE_ONLY;TARGET_CHANGE_REASON_DOCUMENTED_IN_별첨6;REPORT_TARGET_CHANGE_CONFIRMED_BY_별첨6,[계획서] 2023년도 성과계획서_과학기술정보통신부-486-577.pdf ?쪽(원본 ?쪽) / [보고서] 2023년도 성과보고서_과학기술정보통신부-465-583.pdf 17쪽(원본 481쪽) / [별첨6 변경표] 2023년도 성과보고서_과학기술정보통신부-465-583.pdf 103쪽(원본 567쪽),,,,,2023년도 성과계획서_과학기술정보통신부-486-577.pdf,,,,,2023년도 성과보고서_과학기술정보통신부-465-583.pdf,17.0,481.0,,"매출액(조 
원) (조원)
결과
SW 기업(패키지
SW, 
IT서비스, 
게임SW, 인터넷
SW) 연간 매출
목표
83
87
106.6
실적
118.4
148.5
154.3
달성률
142.7%
170.7%
144.7%",plan:별첨6만;plan_method:TEXT;report_method:TEXT
MSIT-2023-IV7-02,162,과학기술정보통신부,2023,Ⅳ,Ⅳ-7,,SW산업진흥,SW중심대학 취업률 (%),SW중심대학 취업률 (%),%,,68.5,68.3,100.6,,SW중심대학 취업률 (%),,,67.9,68.5,67.9,변경사항 없음,2023년도 성과보고서_과학기술정보통신부-465-583.pdf,103.0,567.0,,False,False,,SW중심대학 취업률 (%),,67.9,68.3,100.6,68.5,67.9,67.9,68.3,68.3,100.6,100.6,,-0.5999999999999943,-0.8759124087591158,-0.5999999999999943,-0.8759124087591158,0.0,0.0,0.0,0.0,0.0,MATCH_AFTER_CHANGE,VALUE_MISMATCH,EXACT_MATCH,MATCH_AFTER_CHANGE,EXACT_MATCH,EXACT_MATCH,EXACT_MATCH,NOT_APPLICABLE,VALUE_MISMATCH,PLAN_TARGET_FROM_CHANGE_TABLE_ONLY;TARGET_CHANGE_REASON_DOCUMENTED_IN_별첨6;REPORT_TARGET_CHANGE_CONFIRMED_BY_별첨6,[계획서] 2023년도 성과계획서_과학기술정보통신부-486-577.pdf ?쪽(원본 ?쪽) / [보고서] 2023년도 성과보고서_과학기술정보통신부.pdf 229쪽(원본 229쪽) / [별첨6 변경표] 2023년도 성과보고서_과학기술정보통신부-465-583.pdf 103쪽(원본 567쪽),,,,,2023년도 성과계획서_과학기술정보통신부-486-577.pdf,,,,,2023년도 성과보고서_과학기술정보통신부.pdf,229.0,229.0,," SW중심대학 
취업률(%)
∑(SW중심대학별 
취업률
(100% 만점)) / 전체 SW
중심대학 수
목표
신규
66.9
67.9
67.9
실적
73.4
69.1
68.8
68.3
달성률(%)
-
103.3
101.3
100.6",plan:별첨6만;plan_method:TEXT;report_method:FULL_TEXT
MSIT-2023-IV8-01,162,과학기술정보통신부,2023,Ⅳ,Ⅳ-8,,인터넷융합산업,ICT융합 기반산업 시 장 매출액,ICT융합 기반산업 시 장 매출액,조원,,17.2,25.5,118.1,,ICT융합 기반산업 시 장 매출액,,,21.6,17.2,21.6,변경사항 없음,2023년도 성과보고서_과학기술정보통신부-465-583.pdf,103.0,567.0,,False,False,,ICT융합 기반산업 시 장 매출액,,21.6,25.5,118.1,17.2,21.6,21.6,25.5,25.5,118.1,118.1,,4.400000000000002,25.581395348837223,4.400000000000002,25.581395348837223,0.0,0.0,0.0,0.0,0.0,MATCH_AFTER_CHANGE,VALUE_MISMATCH,EXACT_MATCH,MATCH_AFTER_CHANGE,EXACT_MATCH,EXACT_MATCH,EXACT_MATCH,NOT_APPLICABLE,VALUE_MISMATCH,PLAN_TARGET_FROM_CHANGE_TABLE_ONLY;TARGET_CHANGE_REASON_DOCUMENTED_IN_별첨6;REPORT_TARGET_CHANGE_CONFIRMED_BY_별첨6,[계획서] 2023년도 성과계획서_과학기술정보통신부-486-577.pdf ?쪽(원본 ?쪽) / [보고서] 2023년도 성과보고서_과학기술정보통신부.pdf 257쪽(원본 257쪽) / [별첨6 변경표] 2023년도 성과보고서_과학기술정보통신부-465-583.pdf 103쪽(원본 567쪽),,,,,2023년도 성과계획서_과학기술정보통신부-486-577.pdf,,,,,2023년도 성과보고서_과학기술정보통신부.pdf,257.0,257.0,,"기반산업 시장 
매출액
(조원)
사물인터넷 
목표 
매출액(21.3조원) 
+ 블록체인 목표 매출액(0.32조원)
목표
12.65
16.07
15.31
21.6
실적
14.67
16.78
23.6
25.5
달성률(%)
116.0
104.4
154.1
118.1",plan:별첨6만;plan_method:TEXT;report_method:FULL_TEXT
MSIT-2023-IV8-02,162,과학기술정보통신부,2023,Ⅳ,Ⅳ-8,,인터넷융합산업,인터넷융합산업 정책 지원 만족도,인터넷융합산업 정책 지원 만족도,점,,87.5,87.6,99.7,,인터넷융합산업 정책 지원 만족도,,,87.5,87.5,87.9,변경사항 없음,2023년도 성과보고서_과학기술정보통신부-465-583.pdf,103.0,567.0,,False,False,,인터넷융합산업 정책 지원 만족도,,87.9,87.6,99.7,87.5,87.5,87.9,87.6,87.6,99.7,99.7,,0.0,0.0,0.4000000000000057,0.4571428571428637,0.0,0.0,0.0,0.4000000000000057,0.4571428571428637,EXACT_MATCH,EXACT_MATCH,EXACT_MATCH,MATCH_AFTER_CHANGE,EXACT_MATCH,EXACT_MATCH,EXACT_MATCH,NOT_APPLICABLE,MATCH_AFTER_CHANGE,TARGET_CHANGE_REASON_DOCUMENTED_IN_별첨6;REPORT_TARGET_CHANGE_CONFIRMED_BY_별첨6,[보고서] 2023년도 성과보고서_과학기술정보통신부.pdf 257쪽(원본 257쪽) / [별첨6 변경표] 2023년도 성과보고서_과학기술정보통신부-465-583.pdf 103쪽(원본 567쪽),,,,,2023년도 성과계획서_과학기술정보통신부-486-577.pdf,5.0,490.0,482.0,인터넷융합산업 정책 ② 지원 만족도 0.3 R&D 점 87.5( ) 정성 결과 프로그램목표 세계 최고의 정보통신방송 인프라 구축을 통해 시장경쟁력을 확보한다 -9. . Ⅳ 전파활용방송서비스산업 전파기반산업 SCIE ① 논문 건수의료 산업핵 ( + 심),2023년도 성과보고서_과학기술정보통신부.pdf,257.0,257.0,,"정책지원 
만족도
(점)
리커트 5점 척도 방식으로 측정 후, 
100점 만점으로 환산
목표
82
84
86
87.9
실적
88.7
89.09
88.1
87.6
달성률(%)
108.2
106.1
102.4
99.7",plan:별첨1;plan_method:TEXT;report_method:FULL_TEXT
MSIT-2023-IV10-01,162,과학기술정보통신부,2023,Ⅳ,Ⅳ-10,,인공지능데이터진흥,인공지능전문기업 육 성 수,인공지능전문기업 육 성 수,개,,120,177,104.1,,인공지능전문기업 육 성 수,,,120.0,120,170,"사업신설 등으로 예산액이 일부 증액되었으나, 목표치와 관련없는 예산증액(지자체 협업 실증사업,용역비 등)으로, 목표치에 영향을 주지 않음",2023년도 성과보고서_과학기술정보통신부-465-583.pdf,101.0,565.0,,False,False,,인공지능전문기업 육 성 수,,170,177,104.1,120.0,120.0,170.0,177.0,177.0,104.1,104.1,,0.0,0.0,50.0,41.66666666666667,0.0,0.0,0.0,50.0,41.66666666666667,EXACT_MATCH,EXACT_MATCH,EXACT_MATCH,MATCH_AFTER_CHANGE,EXACT_MATCH,EXACT_MATCH,EXACT_MATCH,NOT_APPLICABLE,MATCH_AFTER_CHANGE,TARGET_CHANGE_REASON_DOCUMENTED_IN_별첨6;REPORT_TARGET_CHANGE_CONFIRMED_BY_별첨6,[보고서] 2023년도 성과보고서_과학기술정보통신부.pdf 283쪽(원본 283쪽) / [별첨6 변경표] 2023년도 성과보고서_과학기술정보통신부-465-583.pdf 101쪽(원본 565쪽),,,,,2023년도 성과계획서_과학기술정보통신부-486-577.pdf,5.0,490.0,482.0,"인공지능전문기업 육 ① 성 수 0.5 정보화 개 120( ) 정량 산출 클라우드 서비스 도입 ② 중소기업 수 0.5 정보화 개 1,300( ) 정량 산출 전략목표 세계 최고의 네트워크 구축과 국가 사회의 디지털 혁신 전면화사이버안보 대응역량을 강화한다 . , . Ⅴ 프로그램목표 안전한 인터넷 사회구현을 위해 정보보호를 강화한다 -1. . Ⅴ",2023년도 성과보고서_과학기술정보통신부.pdf,283.0,283.0,,"인공지능전문기
업 육성 수
(개)
AI기업 중에서 매출액(전년도 60
억원 이상)과 투자액 기준(최근 
2년간 누적 투자유치액이 30억
원 
이상)을 만족하고 
대기업이 
아닌 기업 수
목표
68
83
100
170
실적
73
85
164
177
달성률(%)
107.4
102.4
164.0
104.1",plan:별첨1;plan_method:TEXT;report_method:FULL_TEXT
MSIT-2023-IV10-02,162,과학기술정보통신부,2023,Ⅳ,Ⅳ-10,,인공지능데이터진흥,클라우드 서비스 도입 중소기업 수,클라우드 서비스 도입 중소기업 수,개,,1300,1370,114.2,,클라우드 서비스 도입 중소기업 수,,,1300.0,"1,300","1,200","예산액이 일부 증액되었으나, 목표치와 관련없는 예산(연구용역비) 증액으로, 목표치에 영향을 주지 않음",2023년도 성과보고서_과학기술정보통신부-465-583.pdf,101.0,565.0,,False,False,,클라우드 서비스 도입 중소기업 수,,"1,200",1370,114.2,1300.0,1300.0,1200.0,1370.0,1370.0,114.2,114.2,,0.0,0.0,-100.0,-7.6923076923076925,0.0,0.0,0.0,-100.0,-7.6923076923076925,EXACT_MATCH,EXACT_MATCH,EXACT_MATCH,MATCH_AFTER_CHANGE,EXACT_MATCH,EXACT_MATCH,EXACT_MATCH,NOT_APPLICABLE,MATCH_AFTER_CHANGE,TARGET_CHANGE_REASON_DOCUMENTED_IN_별첨6;REPORT_TARGET_CHANGE_CONFIRMED_BY_별첨6,[보고서] 2023년도 성과보고서_과학기술정보통신부.pdf 283쪽(원본 283쪽) / [별첨6 변경표] 2023년도 성과보고서_과학기술정보통신부-465-583.pdf 101쪽(원본 565쪽),,,,,2023년도 성과계획서_과학기술정보통신부-486-577.pdf,5.0,490.0,482.0,"클라우드 서비스 도입 ② 중소기업 수 0.5 정보화 개 1,300( ) 정량 산출 전략목표 세계 최고의 네트워크 구축과 국가 사회의 디지털 혁신 전면화사이버안보 대응역량을 강화한다 . , . Ⅴ 프로그램목표 안전한 인터넷 사회구현을 위해 정보보호를 강화한다 -1. . Ⅴ 정보보호및활용",2023년도 성과보고서_과학기술정보통신부.pdf,283.0,283.0,,"서비스 도입 
중소기업  수
(개)
클라우드서비스 신규 가입 중소
기업 수
목표
2,100
500
1,100
1,200
실적
2,625
1,006
1,152
1370
달성률(%)
125.0
201.2
104.7
114.2",plan:별첨1;plan_method:TEXT;report_method:FULL_TEXT
MSIT-2023-V1-01,162,과학기술정보통신부,2023,Ⅴ,Ⅴ-1,,정보보호및활용,정보보호제품 시험환 경(Test Lab) 이용업체 제품의 인증건수와 상용 화 제품 건수(건),정보보호제품 시험환 경(Test Lab) 이용업체 제품의 인증건수와 상용 화 제품 건수(건),건,,46,46,100,,정보보호제품 시험환 경(Test Lab) 이용업체 제품의 인증건수와 상용 화 제품 건수(건),,,46,46,46,변경사항 없음,2023년도 성과보고서_과학기술정보통신부-465-583.pdf,104.0,568.0,,False,False,,정보보호제품 시험환 경(Test Lab) 이용업체 제품의 인증건수와 상용 화 제품 건수(건),,,,,46.0,46.0,,46.0,,100.0,,,0.0,0.0,,,,,,,,MATCH_AFTER_CHANGE,EXACT_MATCH,EXACT_MATCH,PDF_MISSING_MANUAL_PRESENT,PDF_MISSING_MANUAL_PRESENT,PDF_MISSING_MANUAL_PRESENT,EXACT_MATCH,NOT_APPLICABLE,PDF_MISSING_MANUAL_PRESENT,PLAN_TARGET_FROM_CHANGE_TABLE_ONLY;TARGET_CHANGE_REASON_DOCUMENTED_IN_별첨6,[계획서] 2023년도 성과계획서_과학기술정보통신부-486-577.pdf ?쪽(원본 ?쪽) / [보고서] 2023년도 성과보고서_과학기술정보통신부-465-583.pdf 19쪽(원본 483쪽) / [별첨6 변경표] 2023년도 성과보고서_과학기술정보통신부-465-583.pdf 104쪽(원본 568쪽),,,,,2023년도 성과계획서_과학기술정보통신부-486-577.pdf,,,,,2023년도 성과보고서_과학기술정보통신부-465-583.pdf,19.0,483.0,,상용화 제품 건수,plan:별첨6만;plan_method:TEXT;report_method:TEXT
MSIT-2023-V1-02,162,과학기술정보통신부,2023,Ⅴ,Ⅴ-1,,정보보호및활용,5G+ 핵심서비스정보보 호 수준 제고율,5G+ 핵심서비스정보보 호 수준 제고율,%,,80,84.6,105.7,,5G+ 핵심서비스정보보 호 수준 제고율,,,80,80,80,변경사항 없음,2023년도 성과보고서_과학기술정보통신부-465-583.pdf,104.0,568.0,,False,False,,5G+ 핵심서비스정보보 호 수준 제고율,,80,84.6,105.7,80.0,80.0,80.0,84.6,84.6,105.7,105.7,,0.0,0.0,0.0,0.0,0.0,0.0,0.0,0.0,0.0,MATCH_AFTER_CHANGE,EXACT_MATCH,EXACT_MATCH,EXACT_MATCH,EXACT_MATCH,EXACT_MATCH,EXACT_MATCH,NOT_APPLICABLE,MATCH_AFTER_CHANGE,PLAN_TARGET_FROM_CHANGE_TABLE_ONLY;TARGET_CHANGE_REASON_DOCUMENTED_IN_별첨6,[계획서] 2023년도 성과계획서_과학기술정보통신부-486-577.pdf ?쪽(원본 ?쪽) / [별첨6 변경표] 2023년도 성과보고서_과학기술정보통신부-465-583.pdf 104쪽(원본 568쪽),,,,,2023년도 성과계획서_과학기술정보통신부-486-577.pdf,,,,,2023년도 성과보고서_과학기술정보통신부.pdf,296.0,296.0,,"보호 수준 
제고율
(%)
- 측정대상기간 : ‘23.8.1.∼ 
’23.12.31.
- 실적치 집계 완료 시점 : 
‘23.12월말
- 조사기관 : 과기정통부 
주관으로 KISA 등 전문
기관에 위탁
- 조사대상 : 취약점 점검 
대상 기업 및 서비스
- 측정산식 : ∑(발견된 보
안위협 
대응조치*가중
치)/∑(보안위협 
항목*가
중치)*100
 * 가중치 : 권고0.2, 필요0.4, 
중요0.6, 심각0.8, 매우심각1
 * 보안위협 항목 ‧관리/물리
(보안조직 및 규정, 시설‧장
비 및 매체 보안, 접근권한 
목표
60
65
75
80
실적
60.6
71.9
81.5
84.6
달성률(%)
101.0
110.6
108.7
105.7",plan:별첨6만;plan_method:TEXT;report_method:FULL_TEXT
MSIT-2023-V2-01,162,과학기술정보통신부,2023,Ⅴ,Ⅴ-2,,통신정책지원,데이터 단위(MB)당 평균요금(가계통신비 부담 경감),데이터 단위(MB)당 평균요금(가계통신비 부담 경감),원,하향,1.66,1.37,117.5,,데이터 단위(MB)당 평균요금(가계통신비 부담 경감),,,1.66,1.66,1.66,변경사항 없음,2023년도 성과보고서_과학기술정보통신부-465-583.pdf,104.0,568.0,,False,False,,데이터 단위(MB)당 평균요금(가계통신비 부담 경감),,1.66,1.37,117.5,1.66,1.66,1.66,1.37,1.37,117.5,117.5,121.16788321167881,0.0,0.0,0.0,0.0,0.0,0.0,0.0,0.0,0.0,MATCH_AFTER_CHANGE,EXACT_MATCH,EXACT_MATCH,EXACT_MATCH,EXACT_MATCH,EXACT_MATCH,EXACT_MATCH,NOT_APPLICABLE,MATCH_AFTER_CHANGE,PLAN_TARGET_FROM_CHANGE_TABLE_ONLY;TARGET_CHANGE_REASON_DOCUMENTED_IN_별첨6,[계획서] 2023년도 성과계획서_과학기술정보통신부-486-577.pdf ?쪽(원본 ?쪽) / [별첨6 변경표] 2023년도 성과보고서_과학기술정보통신부-465-583.pdf 104쪽(원본 568쪽),,,,,2023년도 성과계획서_과학기술정보통신부-486-577.pdf,,,,,2023년도 성과보고서_과학기술정보통신부.pdf,306.0,306.0,,"평균요금(가계통
신비 부담 경감)
(원)(하향지표)
이통3사 연간 총 데이터 요금 
수익/총 데이터 이용량
목표
2.83
2.34
1.94
1.66
실적
2.32
2.04
1.59
1.37
달성률(%)
118.0
112.8
118.0
117.5",plan:별첨6만;plan_method:TEXT;report_method:FULL_TEXT
MSIT-2023-V4-02,162,과학기술정보통신부,2023,Ⅴ,Ⅴ-4,,과학기술정보통신부운영지원,정보보호 수준 달성률,정보보호 수준 달성률,%,,201,206,100,,정보보호 수준 달성률,,,201.0,201,206,실적치 확정 변경,2023년도 성과보고서_과학기술정보통신부-465-583.pdf,105.0,569.0,,False,False,,정보보호 수준 달성률,,206,206,100.0,201.0,201.0,206.0,206.0,206.0,100.0,100.0,,0.0,0.0,5.0,2.4875621890547266,0.0,0.0,0.0,5.0,2.4875621890547266,EXACT_MATCH,EXACT_MATCH,EXACT_MATCH,MATCH_AFTER_CHANGE,EXACT_MATCH,EXACT_MATCH,EXACT_MATCH,NOT_APPLICABLE,MATCH_AFTER_CHANGE,TARGET_CHANGE_REASON_DOCUMENTED_IN_별첨6;REPORT_TARGET_CHANGE_CONFIRMED_BY_별첨6,[보고서] 2023년도 성과보고서_과학기술정보통신부.pdf 319쪽(원본 319쪽) / [별첨6 변경표] 2023년도 성과보고서_과학기술정보통신부-465-583.pdf 105쪽(원본 569쪽),,,,,2023년도 성과계획서_과학기술정보통신부-486-577.pdf,6.0,491.0,483.0,정보보호 수준 달성률 ② 0.3 정보화 201(%) 정량 결과 재난방송온라인시스템 ③ 연계건수 0.3 정보화 건 5( ) 정량 결과 프로그램목표 사이버안보 대응역량 강화를 통해 신뢰받는 대국민 서비스를 제공한다 -5. Ⅴ 과학기술정보통신부운영지원,2023년도 성과보고서_과학기술정보통신부.pdf,319.0,319.0,,"정보보호 수준 
달성률
(%)
(사이버안전수준강화 평가 결과)*+(내부 
정보보호 포인트 평균 결과)**
 * 100점 환산
 ** 기본 포인트(100점)에서 가감점 적
용
목표
신규
195
200
206
실적
신규
201.6
205
206
달성률(%)
-
103.4
102.5
100.0",plan:별첨1;plan_method:TEXT;report_method:FULL_TEXT
MSIT-2023-V4-03,162,과학기술정보통신부,2023,Ⅴ,Ⅴ-4,,과학기술정보통신부운영지원,재난방송온라인시스템 연계건수,재난방송온라인시스템 연계건수,건,,5,6,100,,재난방송온라인시스템 연계건수,,,5.0,5,6,실적치 확정 변경,2023년도 성과보고서_과학기술정보통신부-465-583.pdf,105.0,569.0,,False,False,,재난방송온라인시스템 연계건수,,6,6,100.0,5.0,5.0,6.0,6.0,6.0,100.0,100.0,,0.0,0.0,1.0,20.0,0.0,0.0,0.0,1.0,20.0,EXACT_MATCH,EXACT_MATCH,EXACT_MATCH,MATCH_AFTER_CHANGE,EXACT_MATCH,EXACT_MATCH,EXACT_MATCH,NOT_APPLICABLE,MATCH_AFTER_CHANGE,TARGET_CHANGE_REASON_DOCUMENTED_IN_별첨6;REPORT_TARGET_CHANGE_CONFIRMED_BY_별첨6,[보고서] 2023년도 성과보고서_과학기술정보통신부.pdf 319쪽(원본 319쪽) / [별첨6 변경표] 2023년도 성과보고서_과학기술정보통신부-465-583.pdf 105쪽(원본 569쪽),,,,,2023년도 성과계획서_과학기술정보통신부-486-577.pdf,6.0,491.0,483.0,재난방송온라인시스템 ③ 연계건수 0.3 정보화 건 5( ) 정량 결과 프로그램목표 사이버안보 대응역량 강화를 통해 신뢰받는 대국민 서비스를 제공한다 -5. Ⅴ 과학기술정보통신부운영지원 사이버공격 대응지원 ① 신속도 0.5 정보화 초 640( ) 정량 결과 하향지표,2023년도 성과보고서_과학기술정보통신부.pdf,319.0,319.0,,"재난방송온라인
시스템연계건수
(건)
재난방송온라인시스템과 
타 
시스템간 
신규로 연계한 건수
목표
2
2
4
6
실적
2
2
5
6
달성률(%)
100.0
100.0
125.0
100.0",plan:별첨1;plan_method:TEXT;report_method:FULL_TEXT
MSIT-2023-V5-02,162,과학기술정보통신부,2023,Ⅴ,Ⅴ-5,,과학기술정보통신부운영지원,침해사고 사전예방 지원건수,침해사고 사전예방 지원건수,건,,2650,3916,101.7,,침해사고 사전예방 지원건수,,,2650.0,2650,3849,기타,2023년도 성과보고서_과학기술정보통신부-465-583.pdf,106.0,570.0,230.0,False,False,,침해사고 사전예방 지원건수,,3849,3916,101.7%,2650.0,2650.0,3849.0,3916.0,3916.0,101.7,101.7,,0.0,0.0,1199.0,45.24528301886793,0.0,0.0,0.0,1199.0,45.24528301886793,EXACT_MATCH,EXACT_MATCH,EXACT_MATCH,MATCH_AFTER_CHANGE,EXACT_MATCH,EXACT_MATCH,EXACT_MATCH,NOT_APPLICABLE,MATCH_AFTER_CHANGE,TARGET_CHANGE_REASON_DOCUMENTED_IN_별첨6;REPORT_TARGET_CHANGE_CONFIRMED_BY_별첨6,[보고서] 2023년도 성과보고서_과학기술정보통신부-465-583.pdf 22쪽(원본 486쪽) / [별첨6 변경표] 2023년도 성과보고서_과학기술정보통신부-465-583.pdf 106쪽(원본 570쪽),,,,,2023년도 성과계획서_과학기술정보통신부-486-577.pdf,6.0,491.0,483.0,침해사고 사전예방 지 ② 원건수 0.5 정보화 건 2650( ) 정량 산출 프로그램목표 편리하고 효율적인 국가사회정보화 체계를 확립하고 안전한 사이버공간을 조성한다 -6. . Ⅴ 국가사회정보화 디지털 역량수준 향상 ① 도 0.6 정보화 29.8(%) 정성 결과,2023년도 성과보고서_과학기술정보통신부-465-583.pdf,22.0,486.0,,"예방 
지원건수 
(건)
산출
▪측정방법
 - 측정대상기간 
: ’23.01.01 ～ 
’23.12.31
 - 실적치 집계 
완료 시점 : 
’24년 1월말 
예정
 - 측정수행기관 
: 
한국과학기술
정보연구원 
과학기술사이
버안전센터
 - 측정대상 
표본수 및 
선정방법 : 
과학기술사이
버안전센터 
보안관제 
대상기관 
61개를 
대상으로 
수행한 
침해사고 
사전예방 
기술지원 
실적 
전수조사
   * 홈페이지 
: 
’ 1 5 년부터 
목표
신규
신규
3849
실적
신규
3578
3916
달성률
-
-
101.7%",plan:별첨1;plan_method:TEXT;report_method:TEXT
MSIT-2023-VI1-01,162,과학기술정보통신부,2023,Ⅵ,Ⅵ-1,,우정서비스,우정서비스 고객만족도,우정서비스 고객만족도,등급,,A,A,100,,우정서비스 고객만족도,,,0.5,0.2,0.2,변경사항 없음,2023년도 성과보고서_과학기술정보통신부-465-583.pdf,106.0,570.0,230.0,False,True,,우정서비스 고객만족도,,"6,255","8,140",130.1%,,0.5,6255.0,,8140.0,100.0,130.1,,,,,,,,30.099999999999994,6254.5,1250900.0,EXACT_MATCH,MANUAL_MISSING_PDF_PRESENT,EXACT_MATCH,MANUAL_MISSING_PDF_PRESENT,MANUAL_MISSING_PDF_PRESENT,VALUE_MISMATCH,EXACT_MATCH,NOT_APPLICABLE,VALUE_MISMATCH,TARGET_CHANGE_REASON_DOCUMENTED_IN_별첨6;CHANGE_TABLE_TARGET_CONTRADICTS_REPORT_TABLE,[계획서] 2023년도 성과계획서_과학기술정보통신부-486-577.pdf 6쪽(원본 491쪽) / [보고서] 2023년도 성과보고서_과학기술정보통신부-465-583.pdf 24쪽(원본 488쪽) / [별첨6 변경표] 2023년도 성과보고서_과학기술정보통신부-465-583.pdf 106쪽(원본 570쪽),,,,,2023년도 성과계획서_과학기술정보통신부-486-577.pdf,6.0,491.0,483.0,우정서비스 고객만족 ② 도 0.2 일반 재정 등급 A( ) 정성 결과 프로그램목표 우체국예금의 내실화와 지속가능경영 기반 강화한다 -2. . Ⅵ 우체국예금 조달마진액 ① 0.5 일반 재정,2023년도 성과보고서_과학기술정보통신부-465-583.pdf,24.0,488.0,,"②우정서비스 
고객만족도 (등급)
결과
외부기관평가
목표
91.6
91.7
A
실적
91.8
92.5
A
달성률
100.2%
100.9%
100.0%
 프로그램목표 : Ⅵ-2 우체국예금의 내실화와 지속가능경영 기반 강화한다.
우체국예금
①조달마진액
(억원)
산출
조달마진액 = 
예금평균잔액 x 
조달마진율
목표
5,200
5,807
6,255
실적
6,520
8,171
8,140
달성률
125.4%
140.7%
130.1%",plan:별첨1;plan_method:TEXT;report_method:TEXT
MSIT-2023-VI1-02,162,과학기술정보통신부,2023,Ⅵ,Ⅵ-1,,우정서비스,우편사업 경영수지,우편사업 경영수지,억원,,-230,-1572,95.2,,우편사업 경영수지,,,-230.0,-230,-1500,변경사항 없음,2023년도 성과보고서_과학기술정보통신부-465-583.pdf,106.0,570.0,230.0,False,False,,우편사업 경영수지,,-1500,"-1,572",95.2,-230.0,-230.0,-1500.0,-1572.0,-1572.0,95.2,95.2,,0.0,0.0,-1270.0,-552.1739130434783,0.0,0.0,0.0,-1270.0,-552.1739130434783,EXACT_MATCH,EXACT_MATCH,EXACT_MATCH,MATCH_AFTER_CHANGE,EXACT_MATCH,EXACT_MATCH,EXACT_MATCH,NOT_APPLICABLE,MATCH_AFTER_CHANGE,TARGET_CHANGE_REASON_DOCUMENTED_IN_별첨6;REPORT_TARGET_CHANGE_CONFIRMED_BY_별첨6,[보고서] 2023년도 성과보고서_과학기술정보통신부.pdf 360쪽(원본 360쪽) / [별첨6 변경표] 2023년도 성과보고서_과학기술정보통신부-465-583.pdf 106쪽(원본 570쪽),,,,,2023년도 성과계획서_과학기술정보통신부-486-577.pdf,6.0,491.0,483.0,우편사업 경영수지 ① 0.8 일반 재정 -230 억원 ( ) 정량 산출 우정서비스 고객만족 ② 도 0.2 일반 재정 등급 A( ) 정성 결과,2023년도 성과보고서_과학기술정보통신부.pdf,360.0,360.0,,"우편사업 
경영수지
(억원)
수입 대비 지출
목표
-2,350
-2,350
100
-1500
실적
-1,239
559
709
-1,572
달성률(%)
147.3
223.8
709.0
95.2",plan:별첨1;plan_method:TEXT;report_method:FULL_TEXT
MSIT-2023-VI2-01,162,과학기술정보통신부,2023,Ⅵ,Ⅵ-2,,우체국예금,예금사업BIS비율,예금사업BIS비율,%,,10.5,22.39,100,,예금사업BIS비율,,,10.5,10.5,10.5,변경사항 없음,2023년도 성과보고서_과학기술정보통신부-465-583.pdf,106.0,570.0,230.0,False,True,,예금사업BIS비율,,500,"3,655",731.0%,10.5,10.5,500.0,22.39,3655.0,100.0,731.0,,0.0,0.0,489.5,4661.904761904762,3632.61,16224.251898168824,631.0,489.5,4661.904761904762,MATCH_AFTER_CHANGE,EXACT_MATCH,EXACT_MATCH,VALUE_MISMATCH,VALUE_MISMATCH,VALUE_MISMATCH,EXACT_MATCH,NOT_APPLICABLE,VALUE_MISMATCH,PLAN_TARGET_FROM_CHANGE_TABLE_ONLY;TARGET_CHANGE_REASON_DOCUMENTED_IN_별첨6;CHANGE_TABLE_TARGET_CONTRADICTS_REPORT_TABLE,[계획서] 2023년도 성과계획서_과학기술정보통신부-486-577.pdf ?쪽(원본 ?쪽) / [보고서] 2023년도 성과보고서_과학기술정보통신부-465-583.pdf 24쪽(원본 488쪽) / [별첨6 변경표] 2023년도 성과보고서_과학기술정보통신부-465-583.pdf 106쪽(원본 570쪽),,,,,2023년도 성과계획서_과학기술정보통신부-486-577.pdf,,,,,2023년도 성과보고서_과학기술정보통신부-465-583.pdf,24.0,488.0,,"②예금사업BIS비
율 (%)
산출
BIS비율 = (자기자
본/위험가중자산) × 
100
목표
10.5이
상
10.5이
상
10.5이
상
실적
21.96
19.17
22.39
달성률
100.0%
100.0%
100.0%
 프로그램목표 : Ⅵ-3 우체국보험의 안정적 사업운영을 통해 고객가치를 증진한다.
우체국보험
①당기순이익 
(억
원)
결과
당기순이익=위험
률차이익+사업비
차이익+이자율차
이익
목표
2,841
3,487
500
실적
5,840
-2,949
3,655
달성률
205.6%
0.0%
731.0%",plan:별첨6만;plan_method:TEXT;report_method:TEXT
MSIT-2023-VI3-01,162,과학기술정보통신부,2023,Ⅵ,Ⅵ-3,,우체국보험,당기순이익,당기순이익,억원,,2900,3655,731,,당기순이익,,,2900.0,"2,900",500,<22년 실적확정에 따른 목표변경>,2023년도 성과보고서_과학기술정보통신부-465-583.pdf,107.0,571.0,,False,False,,당기순이익,,500,"3,655",731.0,2900.0,2900.0,500.0,3655.0,3655.0,731.0,731.0,,0.0,0.0,-2400.0,-82.75862068965517,0.0,0.0,0.0,-2400.0,-82.75862068965517,EXACT_MATCH,EXACT_MATCH,EXACT_MATCH,MATCH_AFTER_CHANGE,EXACT_MATCH,EXACT_MATCH,EXACT_MATCH,NOT_APPLICABLE,MATCH_AFTER_CHANGE,TARGET_CHANGE_REASON_DOCUMENTED_IN_별첨6;REPORT_TARGET_CHANGE_CONFIRMED_BY_별첨6,[보고서] 2023년도 성과보고서_과학기술정보통신부.pdf 434쪽(원본 434쪽) / [별첨6 변경표] 2023년도 성과보고서_과학기술정보통신부-465-583.pdf 107쪽(원본 571쪽),,,,,2023년도 성과계획서_과학기술정보통신부-486-577.pdf,6.0,491.0,483.0,"당기순이익 ① 0.4 일반 재정 억 2,900( 원) 정량 결과 보험총자산 ② 0.6 일반 재정 조원 65.4( ) 정량 결과",2023년도 성과보고서_과학기술정보통신부.pdf,434.0,434.0,,"(억원)
당기순이익=위험률차이익+사업
비차이익+이자율차이익
목표
2,750
2,841
3,487
500
실적
3,770
5,840
-2,949
3,655
달성률(%)
137.1
205.6
0.0
731.0",plan:별첨1;plan_method:TEXT;report_method:FULL_TEXT
MSIT-2023-VI3-02,162,과학기술정보통신부,2023,Ⅵ,Ⅵ-3,,우체국보험,보험총자산,보험총자산,조원,,65.4,62.6,100.8,,보험총자산,,,65.4,65.4,62.1,"<22년 실적확정에 따른 목표변경> '22년 총자산은 금융자산 평가손익 증가에도 불구하고 저축성 연금보험 해약에 따른 책임준비금 감소등으로 전년 대비 3,217억원 감소한 61.4조원 예상됨",2023년도 성과보고서_과학기술정보통신부-465-583.pdf,107.0,571.0,,False,False,,보험총자산,,62.1,62.6,100.8,65.4,65.4,62.1,62.6,62.6,100.8,100.8,,0.0,0.0,-3.3000000000000043,-5.045871559633033,0.0,0.0,0.0,-3.3000000000000043,-5.045871559633033,EXACT_MATCH,EXACT_MATCH,EXACT_MATCH,MATCH_AFTER_CHANGE,EXACT_MATCH,EXACT_MATCH,EXACT_MATCH,NOT_APPLICABLE,MATCH_AFTER_CHANGE,TARGET_CHANGE_REASON_DOCUMENTED_IN_별첨6;REPORT_TARGET_CHANGE_CONFIRMED_BY_별첨6,[보고서] 2023년도 성과보고서_과학기술정보통신부.pdf 434쪽(원본 434쪽) / [별첨6 변경표] 2023년도 성과보고서_과학기술정보통신부-465-583.pdf 107쪽(원본 571쪽),,,,,2023년도 성과계획서_과학기술정보통신부-486-577.pdf,6.0,491.0,483.0,보험총자산 ② 0.6 일반 재정 조원 65.4( ) 정량 결과,2023년도 성과보고서_과학기술정보통신부.pdf,434.0,434.0,,"731.0
보험총자산
(조원)
자산 = 부채 + 자본
목표
57.0
61.0
64.0
62.1
실적
60.9
63.1
61.2
62.6
달성률(%)
106.8
103.4
95.6
100.8",plan:별첨1;plan_method:TEXT;report_method:FULL_TEXT
MSIT-2024-I1-01,162,과학기술정보통신부,2024,Ⅰ,Ⅰ-1,,미래유망원천기술개발,국내외 SCI 논문 질적수준,국내외 SCI 논문 질적수준,점,,78.37,81.48,103.8,,국내외 SCI 논문 질적수준,,,78.37,78.37,78.51,< '23년 실적치 확정에 따라 목표치 조정 >,2024년도 성과보고서_과학기술정보통신부-494-594.pdf,85.0,578.0,,False,False,,국내외 SCI 논문 질적수준,,78.51,81.48,103.8,78.37,78.37,78.51,81.48,81.48,103.8,103.8,,0.0,0.0,0.14000000000000057,0.17863978563225796,0.0,0.0,0.0,0.14000000000000057,0.17863978563225796,AMBIGUOUS,EXACT_MATCH,AMBIGUOUS,MATCH_AFTER_CHANGE,EXACT_MATCH,EXACT_MATCH,EXACT_MATCH,NOT_APPLICABLE,AMBIGUOUS,TARGET_CHANGE_REASON_DOCUMENTED_IN_별첨6;REPORT_TARGET_CHANGE_CONFIRMED_BY_별첨6;INDICATOR_NAME_AMBIGUOUS_MULTIPLE_PROGRAMS_SAME_YEAR,동일 연도 내 지표명 중복 - 프로그램별 위치를 직접 대조하세요. / [계획서] 2024년도 성과계획서_과학기술정보통신부-490-582.pdf 1쪽(원본 490쪽) / [보고서] 2024년도 성과보고서_과학기술정보통신부.pdf 53쪽(원본 53쪽) / [별첨6 변경표] 2024년도 성과보고서_과학기술정보통신부-494-594.pdf 85쪽(원본 578쪽),,,,,2024년도 성과계획서_과학기술정보통신부-490-582.pdf,1.0,490.0,482.0,"미래유망원천기술개발 ①국내외 SCI 논문 질적수준 1.0 R&D 78.37(점) 정성 결과 프로그램목표Ⅰ-2. 창의적·도전적 기초연구 활성화를 위해 개인·집단연구지원을 강화하며, 기초연구기반을 구축한다. 기초연구진흥 ①IF상위 10% 학술지 논문 수 1.0 R&D 3,969(건) 정량 결과 프로그램목표Ⅰ-3. 미래 우주분야의 핵심 경쟁력 확보, 민간 중심의 우주산업 활성화를 통해 사회 및 경제발전을 견인하는 우주개발을 추진한다.",2024년도 성과보고서_과학기술정보통신부.pdf,53.0,53.0,,"국내외 SCI 
논문 질적수준
(점)
ㅇ측정산식 :  표준화된 순위보정 
영향력지수(mrnIF) 평균
  * mrnIF = 100 ⅹ ( N ⅹ rnIF - 1 ) 
/ ( N - 1) , N=해당 분야내 
저널 
수, 
rnIF=순위보정영향
력지수 
  * rnIF = (N-Rj+1) / N , N=해당 
분야내 저널 수, Rj=특정 저
널의 분야 내 순위(IF 기준)
목표
75.92
76.67
77.99
78.51
실적
76.67
77.61
78.12
81.48
달성률(%)
101.0
101.2
100.2
103.8",plan:별첨1;plan_method:TEXT;report_method:FULL_TEXT
MSIT-2024-I6-01,162,과학기술정보통신부,2024,Ⅰ,Ⅰ-6,,탄소중립기반구축,국내외 SCI 논문 질적수준,국내외 SCI 논문 질적수준,점,,69.95,85.6,122.4,,국내외 SCI 논문 질적수준,,,78.37,78.37,78.51,< '23년 실적치 확정에 따라 목표치 조정 >,2024년도 성과보고서_과학기술정보통신부-494-594.pdf,85.0,578.0,,False,False,,국내외 SCI 논문 질적수준,,78.51,81.48,103.8,69.95,78.37,78.51,85.6,81.48,122.4,103.8,,8.420000000000002,12.037169406719087,8.560000000000002,12.2373123659757,-4.11999999999999,-4.813084112149522,-18.60000000000001,0.14000000000000057,0.17863978563225796,AMBIGUOUS,VALUE_MISMATCH,AMBIGUOUS,VALUE_MISMATCH,VALUE_MISMATCH,VALUE_MISMATCH,EXACT_MATCH,NOT_APPLICABLE,AMBIGUOUS,TARGET_CHANGE_REASON_DOCUMENTED_IN_별첨6;INDICATOR_NAME_AMBIGUOUS_MULTIPLE_PROGRAMS_SAME_YEAR,동일 연도 내 지표명 중복 - 프로그램별 위치를 직접 대조하세요. / [계획서] 2024년도 성과계획서_과학기술정보통신부-490-582.pdf 1쪽(원본 490쪽) / [보고서] 2024년도 성과보고서_과학기술정보통신부.pdf 53쪽(원본 53쪽) / [별첨6 변경표] 2024년도 성과보고서_과학기술정보통신부-494-594.pdf 85쪽(원본 578쪽),,,,,2024년도 성과계획서_과학기술정보통신부-490-582.pdf,1.0,490.0,482.0,"미래유망원천기술개발 ①국내외 SCI 논문 질적수준 1.0 R&D 78.37(점) 정성 결과 프로그램목표Ⅰ-2. 창의적·도전적 기초연구 활성화를 위해 개인·집단연구지원을 강화하며, 기초연구기반을 구축한다. 기초연구진흥 ①IF상위 10% 학술지 논문 수 1.0 R&D 3,969(건) 정량 결과 프로그램목표Ⅰ-3. 미래 우주분야의 핵심 경쟁력 확보, 민간 중심의 우주산업 활성화를 통해 사회 및 경제발전을 견인하는 우주개발을 추진한다.",2024년도 성과보고서_과학기술정보통신부.pdf,53.0,53.0,,"국내외 SCI 
논문 질적수준
(점)
ㅇ측정산식 :  표준화된 순위보정 
영향력지수(mrnIF) 평균
  * mrnIF = 100 ⅹ ( N ⅹ rnIF - 1 ) 
/ ( N - 1) , N=해당 분야내 
저널 
수, 
rnIF=순위보정영향
력지수 
  * rnIF = (N-Rj+1) / N , N=해당 
분야내 저널 수, Rj=특정 저
널의 분야 내 순위(IF 기준)
목표
75.92
76.67
77.99
78.51
실적
76.67
77.61
78.12
81.48
달성률(%)
101.0
101.2
100.2
103.8",plan:별첨1;plan_method:TEXT;report_method:FULL_TEXT
MSIT-2024-II1-01,162,과학기술정보통신부,2024,Ⅱ,Ⅱ-1,,과학기술기반조성,기초과학연구원 공정률,기초과학연구원 공정률,%,,40.1,36,105.9,,기초과학연구원 공정률,,,40.1,40.1,34,< '23년 실적치 확정에 따라 목표치 조정 >,2024년도 성과보고서_과학기술정보통신부-494-594.pdf,86.0,579.0,,False,False,,기초과학연구원 공정률,,34,36,105.9,40.1,40.1,34.0,36.0,36.0,105.9,105.9,,0.0,0.0,-6.100000000000001,-15.21197007481297,0.0,0.0,0.0,-6.100000000000001,-15.21197007481297,EXACT_MATCH,EXACT_MATCH,EXACT_MATCH,MATCH_AFTER_CHANGE,EXACT_MATCH,EXACT_MATCH,EXACT_MATCH,NOT_APPLICABLE,MATCH_AFTER_CHANGE,TARGET_CHANGE_REASON_DOCUMENTED_IN_별첨6;REPORT_TARGET_CHANGE_CONFIRMED_BY_별첨6,[보고서] 2024년도 성과보고서_과학기술정보통신부.pdf 110쪽(원본 110쪽) / [별첨6 변경표] 2024년도 성과보고서_과학기술정보통신부-494-594.pdf 86쪽(원본 579쪽),,,,,2024년도 성과계획서_과학기술정보통신부-490-582.pdf,2.0,491.0,483.0,"과학기술기반조성 ①기초과학연구원 공정률 1.0 R&D 40.1(%) 정량 과정 공정률 프로그램목표Ⅱ-2. 미래변화 대응 역량과 과학기술 경쟁력을 갖춘 과학기술인력을 양성한다. 과학기술인력양성 ①전문인력공급 1.0 R&D 1,052(명) 정량 결과 프로그램목표Ⅱ-3. 과학기술 문화를 창달하고 과학기술 생활화를 전개한다.",2024년도 성과보고서_과학기술정보통신부.pdf,110.0,110.0,,"기초과학연구원 
공정률
(%)
ㅇ 측정산식 : Σ(0.8*기초과학연구원 본원
2차 누적 공정률+0.2*UNIST 캠퍼스 
누적 공정률)
※ 연도별 예산확보 계획에 따라 성과지표 
설정
 ▪ 측정방법 (자료수집 방법/출처)
  - 측정대상기간 : ’24.1.1.∼’24.12.31.
  - 실적치 집계 완료 시점 : ’25.2월말 
예정
  - 측정수행기관 : 감리업체, 기초과학연
구원 사업단 등
  - 측정대상 표본수 및 선정방법
    : 공정률 보고서
목표
신규
신규
24
34
실적
신규
신규
8.2
36
달성률(%)
-
-
34.2
105.9",plan:별첨1;plan_method:TEXT;report_method:FULL_TEXT
MSIT-2024-II2-01,162,과학기술정보통신부,2024,Ⅱ,Ⅱ-2,,과학기술인력양성,전문인력공급,전문인력공급,명,,1052,1438,146.4,,전문인력공급,,,1052.0,"1,052",982,예산 및 목표치 변경,2024년도 성과보고서_과학기술정보통신부-494-594.pdf,86.0,579.0,,False,False,,전문인력공급,,982,"1,438",146.4,1052.0,1052.0,982.0,1438.0,1438.0,146.4,146.4,,0.0,0.0,-70.0,-6.653992395437262,0.0,0.0,0.0,-70.0,-6.653992395437262,EXACT_MATCH,EXACT_MATCH,EXACT_MATCH,MATCH_AFTER_CHANGE,EXACT_MATCH,EXACT_MATCH,EXACT_MATCH,NOT_APPLICABLE,MATCH_AFTER_CHANGE,TARGET_CHANGE_REASON_DOCUMENTED_IN_별첨6;REPORT_TARGET_CHANGE_CONFIRMED_BY_별첨6,[보고서] 2024년도 성과보고서_과학기술정보통신부.pdf 118쪽(원본 118쪽) / [별첨6 변경표] 2024년도 성과보고서_과학기술정보통신부-494-594.pdf 86쪽(원본 579쪽),,,,,2024년도 성과계획서_과학기술정보통신부-490-582.pdf,2.0,491.0,483.0,"과학기술인력양성 ①전문인력공급 1.0 R&D 1,052(명) 정량 결과 프로그램목표Ⅱ-3. 과학기술 문화를 창달하고 과학기술 생활화를 전개한다. 과학문화창달 ①과학문화 만족도 1.0 일반 재정 89.5(점) 정성 결과 프로그램목표Ⅱ-4. 국립중앙과학관 운영을 효율적으로 지원한다.",2024년도 성과보고서_과학기술정보통신부.pdf,118.0,118.0,,"'24년
전문인력공급
(명)
핵심기술 분야별 석·박사 등 
전문인력 교육 및 배출 인원
 ※ 핵심기술 : 시스템반도체, 
양자정보과학, 우주분야, 
기후기술, 무인이동체 등 
목표
신규
259
792
982
실적
신규
271
792
1,438
달성률(%)
-
104.6
100.0
146.4",plan:별첨1;plan_method:TEXT;report_method:FULL_TEXT
MSIT-2024-II3-01,162,과학기술정보통신부,2024,Ⅱ,Ⅱ-3,,과학문화창달,과학문화 만족도,과학문화 만족도,점,,89.5,90.74,101.3,,과학문화 만족도,,,89.5,89.5,89.6,< '23년 실적치 확정에 따라 목표치 조정 >,2024년도 성과보고서_과학기술정보통신부-494-594.pdf,87.0,580.0,,False,False,,과학문화 만족도,,89.6,90.74,101.3,89.5,89.5,89.6,90.74,90.74,101.3,101.3,,0.0,0.0,0.09999999999999432,0.11173184357541266,0.0,0.0,0.0,0.09999999999999432,0.11173184357541266,EXACT_MATCH,EXACT_MATCH,EXACT_MATCH,MATCH_AFTER_CHANGE,EXACT_MATCH,EXACT_MATCH,EXACT_MATCH,NOT_APPLICABLE,MATCH_AFTER_CHANGE,TARGET_CHANGE_REASON_DOCUMENTED_IN_별첨6;REPORT_TARGET_CHANGE_CONFIRMED_BY_별첨6,[보고서] 2024년도 성과보고서_과학기술정보통신부.pdf 131쪽(원본 131쪽) / [별첨6 변경표] 2024년도 성과보고서_과학기술정보통신부-494-594.pdf 87쪽(원본 580쪽),,,,,2024년도 성과계획서_과학기술정보통신부-490-582.pdf,2.0,491.0,483.0,과학문화창달 ①과학문화 만족도 1.0 일반 재정 89.5(점) 정성 결과 프로그램목표Ⅱ-4. 국립중앙과학관 운영을 효율적으로 지원한다. 국립중앙과학관운영 ①본관 총 관람객 수(만명) 1.0 일반 재정 110.1 (만명) 정량 산출,2024년도 성과보고서_과학기술정보통신부.pdf,131.0,131.0,,"과학문화 
만족도
(점)
과학문화(주요정책 관련 전문가, 수혜자 
대상 만족도 조사) x 0.7 + 국립과학
관(5개) 고객만족도* 평균 x 0.3
목표
신규
88.71
89.5
89.6
실적
88.36
89.3
90.5
90.74
달성률(%)
-
100.7
101.1
101.3",plan:별첨1;plan_method:TEXT;report_method:FULL_TEXT
MSIT-2024-II4-01,162,과학기술정보통신부,2024,Ⅱ,Ⅱ-4,,국립중앙과학관운영,본관 총 관람객 수(만명),본관 총 관람객 수(만명),만명,,110.1,92.1,88.6,,본관 총 관람객 수(만명),,,110.1,110.1,104.0,< '23년 실적치 확정에 따라 목표치 조정 >,2024년도 성과보고서_과학기술정보통신부-494-594.pdf,87.0,580.0,,False,False,,본관 총 관람객 수(만명),,104.0,92.1,88.6,110.1,110.1,104.0,92.1,92.1,88.6,88.6,,0.0,0.0,-6.099999999999994,-5.540417801998179,0.0,0.0,0.0,-6.099999999999994,-5.540417801998179,EXACT_MATCH,EXACT_MATCH,EXACT_MATCH,MATCH_AFTER_CHANGE,EXACT_MATCH,EXACT_MATCH,EXACT_MATCH,NOT_APPLICABLE,MATCH_AFTER_CHANGE,TARGET_CHANGE_REASON_DOCUMENTED_IN_별첨6;REPORT_TARGET_CHANGE_CONFIRMED_BY_별첨6,[보고서] 2024년도 성과보고서_과학기술정보통신부.pdf 137쪽(원본 137쪽) / [별첨6 변경표] 2024년도 성과보고서_과학기술정보통신부-494-594.pdf 87쪽(원본 580쪽),,,,,2024년도 성과계획서_과학기술정보통신부-490-582.pdf,2.0,491.0,483.0,국립중앙과학관운영 ①본관 총 관람객 수(만명) 1.0 일반 재정 110.1 (만명) 정량 산출 프로그램목표Ⅱ-5. 과학기술에 대한 국민의 이해를 증진하고 대중화에 기여한다. 국립과천과학관운영 ①과학관 총 방문객 1.0 일반 재정 260(만명) 정량 산출,2024년도 성과보고서_과학기술정보통신부.pdf,137.0,137.0,,"본관 총 관람객 
수(만명)
(만명)
ㅇ 측정산식 : 자동계수기(본관 
관람객 기준)에 의한 측정
목표
62.8
63.3
92.6
104.0
실적
18.9
62.9
83.5
92.1
달성률(%)
30.1
99.4
90.2
88.6",plan:별첨1;plan_method:TEXT;report_method:FULL_TEXT
MSIT-2024-II5-01,162,과학기술정보통신부,2024,Ⅱ,Ⅱ-5,,국립과천과학관운영,과학관 총 방문객,과학관 총 방문객,만명,,260,249.5,101.4,,과학관 총 방문객,,,260.0,260,246,< '23년 실적치 확정에 따라 목표치 조정 >,2024년도 성과보고서_과학기술정보통신부-494-594.pdf,87.0,580.0,,False,False,,과학관 총 방문객,,246,249.5,101.4,260.0,260.0,246.0,249.5,249.5,101.4,101.4,,0.0,0.0,-14.0,-5.384615384615385,0.0,0.0,0.0,-14.0,-5.384615384615385,EXACT_MATCH,EXACT_MATCH,EXACT_MATCH,MATCH_AFTER_CHANGE,EXACT_MATCH,EXACT_MATCH,EXACT_MATCH,NOT_APPLICABLE,MATCH_AFTER_CHANGE,TARGET_CHANGE_REASON_DOCUMENTED_IN_별첨6;REPORT_TARGET_CHANGE_CONFIRMED_BY_별첨6,[보고서] 2024년도 성과보고서_과학기술정보통신부.pdf 144쪽(원본 144쪽) / [별첨6 변경표] 2024년도 성과보고서_과학기술정보통신부-494-594.pdf 87쪽(원본 580쪽),,,,,2024년도 성과계획서_과학기술정보통신부-490-582.pdf,2.0,491.0,483.0,"국립과천과학관운영 ①과학관 총 방문객 1.0 일반 재정 260(만명) 정량 산출 프로그램목표Ⅱ-6. 이공계 각 분야의 창의적인 우수 인재 양성을 위한 국가장학제도 기반을 조성한다. 과학기술인력양성 ①우수학생 국가장학금 수혜자의 이공계 진출률 1.0 일반 재정 7.5(%) 정성 투입 전략목표Ⅲ. 국가과학기술 역량 제고를 위해 연구성과 확산, 산학연 협력, 지역 혁신 및 전략적 국제협력을 강화한다.",2024년도 성과보고서_과학기술정보통신부.pdf,144.0,144.0,,"과학관 총 
방문객 
(만명)
ㅇ 측정산식 : 매표시스템 및 
방문자 통계 중 과학관 
이용자 수 추출 
목표
262
230
260
246
실적
267.4
258.7
240.1
249.5
달성률(%)
102.1
112.5
92.3
101.4",plan:별첨1;plan_method:TEXT;report_method:FULL_TEXT
MSIT-2024-III1-01,162,과학기술정보통신부,2024,Ⅲ,Ⅲ-1,,공공연구성과활성화,출연금 10억원 당 R&D 참여기업 고용창출 건수,출연금 10억원 당 R&D 참여기업 고용창출 건수,명,,4.8,9.54,269.5,,출연금 10억원 당 R&D 참여기업 고용창출 건수,,,4.8,4.8,3.54,< '23년 실적치 확정에 따라 목표치 조정 >,2024년도 성과보고서_과학기술정보통신부-494-594.pdf,87.0,580.0,,False,False,,출연금 10억원 당 R&D 참여기업 고용창출 건수,,3.54,9.54,269.5,4.8,4.8,3.54,9.54,9.54,269.5,269.5,,0.0,0.0,-1.2599999999999998,-26.249999999999996,0.0,0.0,0.0,-1.2599999999999998,-26.249999999999996,EXACT_MATCH,EXACT_MATCH,EXACT_MATCH,MATCH_AFTER_CHANGE,EXACT_MATCH,EXACT_MATCH,EXACT_MATCH,NOT_APPLICABLE,MATCH_AFTER_CHANGE,TARGET_CHANGE_REASON_DOCUMENTED_IN_별첨6;REPORT_TARGET_CHANGE_CONFIRMED_BY_별첨6,[보고서] 2024년도 성과보고서_과학기술정보통신부.pdf 156쪽(원본 156쪽) / [별첨6 변경표] 2024년도 성과보고서_과학기술정보통신부-494-594.pdf 87쪽(원본 580쪽),,,,,2024년도 성과계획서_과학기술정보통신부-490-582.pdf,2.0,491.0,483.0,공공연구성과활성화 ①출연금 10억원 당 R&D 참여기업 고용창출 건수 1.0 R&D 4.8(명) 정량 결과 프로그램목표Ⅲ-2. 전략적 국제협력을 통해 국가과학기술역량을 강화하고 과학기술 교류.협력기반을 확대한다(과학기술 국제협력) 과학기술국제협력 ①해당 사업 전체 SCI급 논문수 대비 IF상위 10% 학술지 논문수 비율,2024년도 성과보고서_과학기술정보통신부.pdf,156.0,156.0,,"참여기업 
고용창출 건수
(명)
∑(신규고용인력-당해연도퇴사인력)
/출연금*10억원
목표
신규
신규
신규
3.54
실적
신규
신규
신규
9.54
달성률(%)
-
-
-
269.5",plan:별첨1;plan_method:TEXT;report_method:FULL_TEXT
MSIT-2024-III2-01,162,과학기술정보통신부,2024,Ⅲ,Ⅲ-2,,과학기술국제협력,해당 사업 전체 SCI급 논문수 대비 IF상위 10% 학술지 논문수 비율,해당 사업 전체 SCI급 논문수 대비 IF상위 10% 학술지 논문수 비율,%,,19.8,37.5,159.6,,해당 사업 전체 SCI급 논문수 대비 IF상위 10% 학술지 논문수 비율,,,19.8,19.8,23.5,< '23년 실적치 확정에 따라 목표치 조정 >,2024년도 성과보고서_과학기술정보통신부-494-594.pdf,88.0,581.0,,False,False,,해당 사업 전체 SCI급 논문수 대비 IF상위 10% 학술지 논문수 비율,,23.5,37.5,159.6,19.8,19.8,23.5,37.5,37.5,159.6,159.6,,0.0,0.0,3.6999999999999993,18.68686868686868,0.0,0.0,0.0,3.6999999999999993,18.68686868686868,EXACT_MATCH,EXACT_MATCH,EXACT_MATCH,MATCH_AFTER_CHANGE,EXACT_MATCH,EXACT_MATCH,EXACT_MATCH,NOT_APPLICABLE,MATCH_AFTER_CHANGE,TARGET_CHANGE_REASON_DOCUMENTED_IN_별첨6;REPORT_TARGET_CHANGE_CONFIRMED_BY_별첨6,[보고서] 2024년도 성과보고서_과학기술정보통신부.pdf 164쪽(원본 164쪽) / [별첨6 변경표] 2024년도 성과보고서_과학기술정보통신부-494-594.pdf 88쪽(원본 581쪽),,,,,2024년도 성과계획서_과학기술정보통신부-490-582.pdf,2.0,491.0,483.0,①해당 사업 전체 SCI급 논문수 대비 IF상위 10% 학술지 논문수 비율 1.0 R&D 19.8(%) 정량 결과 프로그램목표Ⅲ-3. 공공연구성과 사업화를 통한 과학기술기반 일자리를 창출한다. 공공연구성과활성화 ①공공연구성과활용 창업기업 수 1.0 R&D 273(개) 정량 산출,2024년도 성과보고서_과학기술정보통신부.pdf,164.0,164.0,,"10% 학술지 
논문수 비율
(%)
ㅇ 측정산식 : 국제공동연구 IF 상
위 10% 학술지 비율
▪ 측정방법
  - 측정대상기간 : ‘24.1.1 ∼ 
’24.12.31
  - 실적치 집계 완료 시점 : ‘25. 
2월말 예정
  - 측정수행기관 : 한국연구재단
  - 측정대상 표본수 및 선정방법
    : 국가간협력기반조성, 동북아 
R&D 허브 구축(해외우수연
구기관 협력 허브 구축, 국
제협력 네트  워크 전략 강
화) 사업을 통해 도출된 논
문 전수 조사(한국연구재단 
성과관리시스템)하여 
가장 
최근 발표된 JCR 학술지 지
표를 활용
목표
17
17
19.8
23.5
실적
23.7
25.5
30
37.5
달성률(%)
139.4
150.0
151.5
159.6",plan:별첨1;plan_method:TEXT;report_method:FULL_TEXT
MSIT-2024-IV1-01,162,과학기술정보통신부,2024,Ⅳ,Ⅳ-1,,콘텐츠방송산업육성,디지털콘텐츠 지원기업 매출 증가율(%),디지털콘텐츠 지원기업 매출 증가율(%),%,,13.5,13.8,100,,디지털콘텐츠 지원기업 매출 증가율(%),,,13.5,13.5,13.8,< '23년 실적치 확정에 따라 목표치 조정 >,2024년도 성과보고서_과학기술정보통신부-494-594.pdf,88.0,581.0,,False,False,,디지털콘텐츠 지원기업 매출 증가율(%),,13.8,13.8,100.0,13.5,13.5,13.8,13.8,13.8,100.0,100.0,,0.0,0.0,0.3000000000000007,2.2222222222222276,0.0,0.0,0.0,0.3000000000000007,2.2222222222222276,EXACT_MATCH,EXACT_MATCH,EXACT_MATCH,MATCH_AFTER_CHANGE,EXACT_MATCH,EXACT_MATCH,EXACT_MATCH,NOT_APPLICABLE,MATCH_AFTER_CHANGE,TARGET_CHANGE_REASON_DOCUMENTED_IN_별첨6;REPORT_TARGET_CHANGE_CONFIRMED_BY_별첨6,[보고서] 2024년도 성과보고서_과학기술정보통신부.pdf 186쪽(원본 186쪽) / [별첨6 변경표] 2024년도 성과보고서_과학기술정보통신부-494-594.pdf 88쪽(원본 581쪽),,,,,2024년도 성과계획서_과학기술정보통신부-490-582.pdf,3.0,492.0,484.0,콘텐츠방송산업육성 ①디지털콘텐츠 지원기업 매출 증가율(%) 1.0 일반 재정 13.5(%) 정량 결과 프로그램목표Ⅳ-2. 해외진출 주요 전략국가들과의 정부간 협력을 기반으로 국내 유망 ICT·콘텐츠 중소기업의 해외 판로 개척 및 수출 확대를 지원한다. 정보통신방송국제협력 ①ICT 국제협력 활동 수혜자 만족도 1.0 일반 재정 93.4(점) 정성 결과 프로그램목표Ⅳ-3. 전파방송분야 중소기업의 육성을 지원하여 전파산업 경쟁력을 강화한다.,2024년도 성과보고서_과학기술정보통신부.pdf,186.0,186.0,,"지원기업 매출 
증가율(%)
(%)
[(당해년도 매출액 -전년도 
매출액)/전년도 매출액]×100
목표
신규
13.5
13.5
13.8
실적
신규
13.2
13.5
13.8
달성률(%)
-
97.8
100.0
100.0",plan:별첨1;plan_method:TEXT;report_method:FULL_TEXT
MSIT-2024-IV2-01,162,과학기술정보통신부,2024,Ⅳ,Ⅳ-2,,정보통신방송국제협력,ICT 국제협력 활동 수혜자 만족도,ICT 국제협력 활동 수혜자 만족도,점,,93.4,94.7,100.9,,ICT 국제협력 활동 수혜자 만족도,,,93.4,93.4,93.9,< '23년 실적치 확정에 따라 목표치 조정 >,2024년도 성과보고서_과학기술정보통신부-494-594.pdf,88.0,581.0,,False,False,,ICT 국제협력 활동 수혜자 만족도,,93.9,94.7,100.9,93.4,93.4,93.9,94.7,94.7,100.9,100.9,,0.0,0.0,0.5,0.5353319057815845,0.0,0.0,0.0,0.5,0.5353319057815845,EXACT_MATCH,EXACT_MATCH,EXACT_MATCH,MATCH_AFTER_CHANGE,EXACT_MATCH,EXACT_MATCH,EXACT_MATCH,NOT_APPLICABLE,MATCH_AFTER_CHANGE,TARGET_CHANGE_REASON_DOCUMENTED_IN_별첨6;REPORT_TARGET_CHANGE_CONFIRMED_BY_별첨6,[보고서] 2024년도 성과보고서_과학기술정보통신부.pdf 196쪽(원본 196쪽) / [별첨6 변경표] 2024년도 성과보고서_과학기술정보통신부-494-594.pdf 88쪽(원본 581쪽),,,,,2024년도 성과계획서_과학기술정보통신부-490-582.pdf,3.0,492.0,484.0,정보통신방송국제협력 ①ICT 국제협력 활동 수혜자 만족도 1.0 일반 재정 93.4(점) 정성 결과 프로그램목표Ⅳ-3. 전파방송분야 중소기업의 육성을 지원하여 전파산업 경쟁력을 강화한다. 정보통신방송기반조성 ①주파수 사용률 예측 정확도 1.0 일반 재정 91(%) 정성 투입 주파수 사용률,2024년도 성과보고서_과학기술정보통신부.pdf,196.0,196.0,,"활동 수혜자 
만족도
(점)
ㅇ 측정산식 : (ICT 비즈니스 파
트너십 참가기업 만족도 + ICT 
기술정책협력 만족도) / 2
목표
신규
92.5
92.9
93.9
실적
(-)
94.5
94.4
94.7
달성률(%)
-
102.2
101.6
100.9",plan:별첨1;plan_method:TEXT;report_method:FULL_TEXT
MSIT-2024-IV6-01,162,과학기술정보통신부,2024,Ⅳ,Ⅳ-6,,SW산업진흥,SW기업의 SW품목 매출액(조 원),SW기업의 SW품목 매출액(조 원),조원,,111.5,171.1,109.1,,SW기업의 SW품목 매출액(조 원),,,111.5,111.5,156.9,< '23년 실적치 확정에 따라 목표치 조정 >,2024년도 성과보고서_과학기술정보통신부-494-594.pdf,89.0,582.0,88.0,False,False,,SW기업의 SW품목 매출액(조 원),,156.9,171.1,109.1,111.5,111.5,156.9,171.1,171.1,109.1,109.1,,0.0,0.0,45.400000000000006,40.71748878923767,0.0,0.0,0.0,45.400000000000006,40.71748878923767,EXACT_MATCH,EXACT_MATCH,EXACT_MATCH,MATCH_AFTER_CHANGE,EXACT_MATCH,EXACT_MATCH,EXACT_MATCH,NOT_APPLICABLE,MATCH_AFTER_CHANGE,TARGET_CHANGE_REASON_DOCUMENTED_IN_별첨6;REPORT_TARGET_CHANGE_CONFIRMED_BY_별첨6,[보고서] 2024년도 성과보고서_과학기술정보통신부.pdf 237쪽(원본 237쪽) / [별첨6 변경표] 2024년도 성과보고서_과학기술정보통신부-494-594.pdf 89쪽(원본 582쪽),,,,,2024년도 성과계획서_과학기술정보통신부-490-582.pdf,3.0,492.0,484.0,SW산업진흥 ①SW기업의 SW품목 매출액(조 원) 1.0 일반 재정 111.5 (조원) 정량 결과 프로그램목표Ⅳ-7. ICT융합 신산업 기반 조성과 융합기술 확산을 통해 신시장 창출을 촉진한다. 인터넷융합산업,2024년도 성과보고서_과학기술정보통신부.pdf,237.0,237.0,,"SW품목 
매출액(조 원)
(조원)
SW 기업(패키지SW, IT서
비스, 게임SW, 인터넷SW) 
연간 매출액 합계
목표
83
87
106.6
156.9
실적
118.4
148.5
154.3
171.1
달성률(%)
142.7
170.7
144.7
109.1",plan:별첨1;plan_method:TEXT;report_method:FULL_TEXT
MSIT-2024-IV7-02,162,과학기술정보통신부,2024,Ⅳ,Ⅳ-7,,인터넷융합산업,인터넷융합산업 정책지원 만족도,,점,,88,,,,인터넷융합산업 정책지원 만족도,,,88.0,0.3,88,<조세연구원 권고로 프로그램 지표 1개로 변경됨>,2024년도 성과보고서_과학기술정보통신부-494-594.pdf,89.0,582.0,88.0,False,False,,,,,,,88.0,88.0,,,,,,,0.0,0.0,,,,,,,,EXACT_MATCH,EXACT_MATCH,OCR_REQUIRED,OCR_REQUIRED,OCR_REQUIRED,OCR_REQUIRED,PDF_MISSING_MANUAL_PRESENT,OCR_REQUIRED,OCR_REQUIRED,TARGET_CHANGE_REASON_DOCUMENTED_IN_별첨6;REPORT_TEXT_LAYER_PUA_GLYPH_OCR_NEEDED;PLAN_REPORT_NAME_CHANGE_DOCUMENTED_IN_별첨6,[보고서] 2024년도 성과보고서_과학기술정보통신부-494-594.pdf ?쪽(원본 ?쪽) / [별첨6 변경표] 2024년도 성과보고서_과학기술정보통신부-494-594.pdf 89쪽(원본 582쪽),,,,,2024년도 성과계획서_과학기술정보통신부-490-582.pdf,3.0,492.0,484.0,②인터넷융합산업 정책지원 만족도 0.3 R&D 88(점) 정성 결과 프로그램목표Ⅳ-8. 세계 최고의 정보통신방송 인프라 구축을 통해 시장경쟁력을 확보한다. 전파활용방송서비스산업 ①전파기반산업(전파의료응 용핵심기술+전파산업핵심 기술+Sub_THz대역전파응 용기술)의 SCI 논문의 [표준화된 순위보정 영향력 지수mrnIF(지수)×0.6+특 허출원건수×0.5],2024년도 성과보고서_과학기술정보통신부-494-594.pdf,,,,,plan:별첨1;plan_method:TEXT;report_method:NONE
MSIT-2024-IV8-01,162,과학기술정보통신부,2024,Ⅳ,Ⅳ-8,,전파활용방송서비스산업,전파기반산업(전파의료응 용핵심기술+전파산업핵심 기술+Sub THz대역전파응 _ 용기술)의 SCI 논문의 [표준화된 순위보정 영향력 지수mrnIF(지수)×0.6+특 허출원건수×0.5],전파기반산업(전파의료응 용핵심기술+전파산업핵심 기술+Sub THz대역전파응 _ 용기술)의 SCI 논문의 [표준화된 순위보정 영향력 지수mrnIF(지수)×0.6+특 허출원건수×0.5],지수,,159.4,73.96,162,,,,,,,,,,,,,False,False,,,,,,,159.4,,,73.96,,162.0,,,,,,,,,,,,PDF_NOT_FOUND,PDF_NOT_FOUND,OCR_REQUIRED,OCR_REQUIRED,OCR_REQUIRED,OCR_REQUIRED,PDF_NOT_FOUND,OCR_REQUIRED,OCR_REQUIRED,REPORT_TEXT_LAYER_PUA_GLYPH_OCR_NEEDED,[계획서] 2024년도 성과계획서_과학기술정보통신부-490-582.pdf ?쪽(원본 ?쪽) / [보고서] 2024년도 성과보고서_과학기술정보통신부-494-594.pdf ?쪽(원본 ?쪽),,,,,2024년도 성과계획서_과학기술정보통신부-490-582.pdf,,,,,2024년도 성과보고서_과학기술정보통신부-494-594.pdf,,,,,plan:NONE;plan_method:NONE;report_method:NONE
MSIT-2024-IV9-01,162,과학기술정보통신부,2024,Ⅳ,Ⅳ-9,,인공지능데이터진흥,인공지능 매출액,인공지능 매출액,조 원,,5.52,5.87,103.9,,인공지능 매출액,,,5.52,5.52,5.65,< '23년 실적치 확정에 따라 목표치 조정 >,2024년도 성과보고서_과학기술정보통신부-494-594.pdf,90.0,583.0,,False,False,,인공지능 매출액,,5.65,5.87,103.9,5.52,5.52,5.65,5.87,5.87,103.9,103.9,,0.0,0.0,0.13000000000000078,2.3550724637681304,0.0,0.0,0.0,0.13000000000000078,2.3550724637681304,EXACT_MATCH,EXACT_MATCH,EXACT_MATCH,MATCH_AFTER_CHANGE,EXACT_MATCH,EXACT_MATCH,EXACT_MATCH,NOT_APPLICABLE,MATCH_AFTER_CHANGE,TARGET_CHANGE_REASON_DOCUMENTED_IN_별첨6;REPORT_TARGET_CHANGE_CONFIRMED_BY_별첨6,[보고서] 2024년도 성과보고서_과학기술정보통신부.pdf 300쪽(원본 300쪽) / [별첨6 변경표] 2024년도 성과보고서_과학기술정보통신부-494-594.pdf 90쪽(원본 583쪽),,,,,2024년도 성과계획서_과학기술정보통신부-490-582.pdf,3.0,492.0,484.0,인공지능데이터진흥 ①인공지능 매출액 1.0 정보화 5.52 (조 원) 정량 산출,2024년도 성과보고서_과학기술정보통신부.pdf,300.0,300.0,,"인공지능 
매출액
(조 원)
'23년 확정 실적치에 국내 AI 시장 연평균 
성장률(IDC, 15%) + 정책적 노력을 통한 
추가 성장률(5%)을 적용하여 목표치 설정
※ 국내 AI 시장 성장률 전망(IDC) : '23~27년 
연평균 15% 성장
목표
신규
신규
4.68
5.65
실적
신규
신규
4.71
5.87
달성률(%)
-
-
100.6
103.9",plan:별첨1;plan_method:TEXT;report_method:FULL_TEXT
MSIT-2024-V1-01,162,과학기술정보통신부,2024,Ⅴ,Ⅴ-1,,정보보호및활용,5G+ 핵심서비스정보 보호 수준 제고율,5G+ 핵심서비스정보 보호 수준 제고율,%,,85,89.9,103.8,,5G+ 핵심서비스정보 보호 수준 제고율,,,85.0,85,86.6,< '23년 실적치 확정에 따라 목표치 조정 >,2024년도 성과보고서_과학기술정보통신부-494-594.pdf,90.0,583.0,,False,False,,5G+ 핵심서비스정보 보호 수준 제고율,,86.6,89.9,103.8,85.0,85.0,86.6,89.9,89.9,103.8,103.8,,0.0,0.0,1.5999999999999943,1.882352941176464,0.0,0.0,0.0,1.5999999999999943,1.882352941176464,EXACT_MATCH,EXACT_MATCH,EXACT_MATCH,MATCH_AFTER_CHANGE,EXACT_MATCH,EXACT_MATCH,EXACT_MATCH,NOT_APPLICABLE,MATCH_AFTER_CHANGE,TARGET_CHANGE_REASON_DOCUMENTED_IN_별첨6;REPORT_TARGET_CHANGE_CONFIRMED_BY_별첨6,[보고서] 2024년도 성과보고서_과학기술정보통신부.pdf 314쪽(원본 314쪽) / [별첨6 변경표] 2024년도 성과보고서_과학기술정보통신부-494-594.pdf 90쪽(원본 583쪽),,,,,2024년도 성과계획서_과학기술정보통신부-490-582.pdf,4.0,493.0,485.0,정보보호및활용 ①5G+ 핵심서비스정보 보호 수준 제고율 1.0 일반 재정 85(%) 정성 결과 프로그램목표Ⅴ-2. 통신서비스 이용자의 권익을 증진하고 세계 최고의 네트워크 인프라를 구축한다. 통신정책지원 ①버스(AP)당 월평균 데이터 이용량(GB) (상향지표),2024년도 성과보고서_과학기술정보통신부.pdf,314.0,314.0,,"보호 수준 
제고율
(%)
- 측정대상기간 : ‘24.1.1.∼ ’24.12.31.
- 실적치 집계 완료 시점 : ‘24.12월말
- 조사기관 : 과기정통부 주관으로 
KISA 등 전문기관에 위탁
- 조사대상 : 취약점 점검 대상 기업 
및 서비스
- 측정산식 : ∑(발견된 보안위협 
대응조치*가중치)/∑(보안위협 
항목*가중치)*100
 * 가중치 : 권고0.2, 필요0.4, 중요0.6, 심각0.8, 
매우심각1
 * 보안위협 항목
 ‧ 관리/물리(보안조직 및 규정, 시설‧장비 및 
매체 보안, 접근권한 관리, 시스템 운영 
보안, 시스템 개발 보안, 침해사고 관리, 
개인정보보호 7개 영역 40개 세부 항목) 
 ‧ 기술(자원 가용성 관리, 물리적 인터페이스, 
이벤트 알람, 보안 로그, 사용자 및 
기기‧식별 인증, 접근통제, I/O 포트 등 저장 
데이터 보호, 기기상태 관리, 네트워크 
감시, 제어 명령 및 상태 정보 송‧수신 보호 
10개 영역 44개 세부 항목)
목표
65
75
80
86.6
실적
71.9
81.5
84.6
89.9
달성률(%)
110.6
108.7
105.8
103.8",plan:별첨1;plan_method:TEXT;report_method:FULL_TEXT
MSIT-2024-V2-01,162,과학기술정보통신부,2024,Ⅴ,Ⅴ-2,,통신정책지원,버스(AP)당 월평균 데이터 이용량(GB) (상향지표),버스(AP)당 월평균 데이터 이용량(GB) (상향지표),GB,상향,77.2,165.3,157.7,,버스(AP)당 월평균 데이터 이용량(GB) (상향지표),,,77.2,77.2,104.8,< '23년 실적치 확정에 따라 목표치 조정 >,2024년도 성과보고서_과학기술정보통신부-494-594.pdf,90.0,583.0,,False,False,,버스(AP)당 월평균 데이터 이용량(GB) (상향지표),,104.8,165.3,157.7,77.2,77.2,104.8,165.3,165.3,157.7,157.7,157.7290076335878,0.0,0.0,27.599999999999994,35.75129533678756,0.0,0.0,0.0,27.599999999999994,35.75129533678756,EXACT_MATCH,EXACT_MATCH,EXACT_MATCH,MATCH_AFTER_CHANGE,EXACT_MATCH,EXACT_MATCH,EXACT_MATCH,NOT_APPLICABLE,MATCH_AFTER_CHANGE,TARGET_CHANGE_REASON_DOCUMENTED_IN_별첨6;REPORT_TARGET_CHANGE_CONFIRMED_BY_별첨6,[보고서] 2024년도 성과보고서_과학기술정보통신부.pdf 329쪽(원본 329쪽) / [별첨6 변경표] 2024년도 성과보고서_과학기술정보통신부-494-594.pdf 90쪽(원본 583쪽),,,,,2024년도 성과계획서_과학기술정보통신부-490-582.pdf,4.0,493.0,485.0,①버스(AP)당 월평균 데이터 이용량(GB) (상향지표) 1.0 정보화 77.2(GB) 정량 결과 상향지표 프로그램목표Ⅴ-3. 통신소외계층 통신이용환경 조성 및 통신접근권을 제고한다. 이용자보호및공정경쟁 ①통신중계 건수 1.0 일반 재정,2024년도 성과보고서_과학기술정보통신부.pdf,329.0,329.0,,"이용량(GB) 
(상향지표)
(GB)
버스(AP)당 월평균 버스와이파이 
데이터 이용량(GB) 
목표치 변경 ☞ 전년 실적 대비 
3% 상향
목표
58.7
62.5
75.0
104.8
실적
60.7
72.8
101.8
165.3
달성률(%)
103.4
116.5
135.7
157.7",plan:별첨1;plan_method:TEXT;report_method:FULL_TEXT
MSIT-2024-V3-01,162,과학기술정보통신부,2024,Ⅴ,Ⅴ-3,,이용자보호및공정경쟁,통신중계 건수,통신중계 건수,건,,13700,13986,101.3,,통신중계 건수,,,13700.0,13700,13800,< '23년 실적치 확정에 따라 목표치 조정 >,2024년도 성과보고서_과학기술정보통신부-494-594.pdf,90.0,583.0,,False,False,,통신중계 건수,,13800,13986,101.3,13700.0,13700.0,13800.0,13986.0,13986.0,101.3,101.3,,0.0,0.0,100.0,0.7299270072992701,0.0,0.0,0.0,100.0,0.7299270072992701,EXACT_MATCH,EXACT_MATCH,EXACT_MATCH,MATCH_AFTER_CHANGE,EXACT_MATCH,EXACT_MATCH,EXACT_MATCH,NOT_APPLICABLE,MATCH_AFTER_CHANGE,TARGET_CHANGE_REASON_DOCUMENTED_IN_별첨6;REPORT_TARGET_CHANGE_CONFIRMED_BY_별첨6,[보고서] 2024년도 성과보고서_과학기술정보통신부.pdf 333쪽(원본 333쪽) / [별첨6 변경표] 2024년도 성과보고서_과학기술정보통신부-494-594.pdf 90쪽(원본 583쪽),,,,,2024년도 성과계획서_과학기술정보통신부-490-582.pdf,4.0,493.0,485.0,"이용자보호및공정경쟁 ①통신중계 건수 1.0 일반 재정 13,700 (13,700건) 정량 산출 프로그램목표Ⅴ-4. 방송통신재난대응·행정의 역량을 강화한다. 과학기술정보통신부운영지원",2024년도 성과보고서_과학기술정보통신부.pdf,333.0,333.0,,"중계사 1인당 연간 총 통신중계 
건수
목표
12360
13432
13700
13800
실적
13875
13444
13925
13986
달성률(%)
112.3
100.1
101.6
101.3",plan:별첨1;plan_method:TEXT;report_method:FULL_TEXT
MSIT-2024-V4-01,162,과학기술정보통신부,2024,Ⅴ,Ⅴ-4,,과학기술정보통신부운영지원,중요통신시설 현장점검 통신설비시스템 활용률,중요통신시설 현장점검 통신설비시스템 활용률,%,,97,100,102,,중요통신시설 현장점검 통신설비시스템 활용률,,,97.0,97,98,< '23년 실적치 확정에 따라 목표치 조정 >,2024년도 성과보고서_과학기술정보통신부-494-594.pdf,90.0,583.0,,False,False,,중요통신시설 현장점검 통신설비시스템 활용률,,98,100,102.0,97.0,97.0,98.0,100.0,100.0,102.0,102.0,,0.0,0.0,1.0,1.0309278350515463,0.0,0.0,0.0,1.0,1.0309278350515463,EXACT_MATCH,EXACT_MATCH,EXACT_MATCH,MATCH_AFTER_CHANGE,EXACT_MATCH,EXACT_MATCH,EXACT_MATCH,NOT_APPLICABLE,MATCH_AFTER_CHANGE,TARGET_CHANGE_REASON_DOCUMENTED_IN_별첨6;REPORT_TARGET_CHANGE_CONFIRMED_BY_별첨6,[보고서] 2024년도 성과보고서_과학기술정보통신부.pdf 340쪽(원본 340쪽) / [별첨6 변경표] 2024년도 성과보고서_과학기술정보통신부-494-594.pdf 90쪽(원본 583쪽),,,,,2024년도 성과계획서_과학기술정보통신부-490-582.pdf,4.0,493.0,485.0,①중요통신시설 현장점검 통신설비시스템 활용률 1.0 정보화 97(%) 정량 결과 프로그램목표Ⅴ-5. 사이버안보 대응역량 강화를 통해 신뢰받는 대국민 서비스를 제공한다 과학기술정보통신부운영지원 ①사이버공격 대응지원 신속도 1.0 정보화 630(초) 정량 결과 하향지표,2024년도 성과보고서_과학기술정보통신부.pdf,340.0,340.0,,"통신설비시스템 
활용률
(%)
(통신설비시스템 활용 건수 / 중요통신
시설 현장점검 건수) x 100
목표
신규
95
97
98
실적
신규
97.58
100
100
달성률(%)
-
102.7
103.1
102.0",plan:별첨1;plan_method:TEXT;report_method:FULL_TEXT
MSIT-2024-V6-02,162,과학기술정보통신부,2024,Ⅴ,Ⅴ-6,,국가사회정보화,디지털 역량수준 향상도,,%,,32.8,,,,디지털 역량수준 향상도,,,32.8,0.6,32.8,<조세연구원 권고로 프로그램 지표 1개로 변경됨>,2024년도 성과보고서_과학기술정보통신부-494-594.pdf,91.0,584.0,,False,False,,,,,,,32.8,32.8,,,,,,,0.0,0.0,,,,,,,,EXACT_MATCH,EXACT_MATCH,OCR_REQUIRED,OCR_REQUIRED,OCR_REQUIRED,OCR_REQUIRED,PDF_MISSING_MANUAL_PRESENT,OCR_REQUIRED,OCR_REQUIRED,TARGET_CHANGE_REASON_DOCUMENTED_IN_별첨6;REPORT_TEXT_LAYER_PUA_GLYPH_OCR_NEEDED;PLAN_REPORT_NAME_CHANGE_DOCUMENTED_IN_별첨6,[보고서] 2024년도 성과보고서_과학기술정보통신부-494-594.pdf ?쪽(원본 ?쪽) / [별첨6 변경표] 2024년도 성과보고서_과학기술정보통신부-494-594.pdf 91쪽(원본 584쪽),,,,,2024년도 성과계획서_과학기술정보통신부-490-582.pdf,4.0,493.0,485.0,"①디지털 역량수준 향상도 0.6 정보화 32.8(%) 정성 결과 ②주요정보통신 기반시설 정보보호 수준율 0.4 정보화 85.1(%) 정량 산출 전략목표Ⅵ. 보편적 서비스 제공과 공적 역할을 충실히 수행하고, 사업의 건전한 성장과 디지털 혁신을 도모한다. 프로그램목표Ⅵ-1. 안정적 수익을 바탕으로 언제 어디서나 편리하게 이용할 수 있는 대국민 우정서비스를 제공한다.",2024년도 성과보고서_과학기술정보통신부-494-594.pdf,,,,,plan:별첨1;plan_method:TEXT;report_method:NONE
MSIT-2024-VI1-01,162,과학기술정보통신부,2024,Ⅵ,Ⅵ-1,,우정서비스,우편사업 경영수지,우편사업 경영수지,억원,,-1846,-1660,112.6,,우편사업 경영수지,,,-1846.0,"-1,846","-1,900",< '23년 실적치 확정에 따라 목표치 조정 >,2024년도 성과보고서_과학기술정보통신부-494-594.pdf,91.0,584.0,,False,False,,우편사업 경영수지,,"-1,900",-1660,112.6,-1846.0,-1846.0,-1900.0,-1660.0,-1660.0,112.6,112.6,,0.0,0.0,-54.0,-2.925243770314193,0.0,0.0,0.0,-54.0,-2.925243770314193,EXACT_MATCH,EXACT_MATCH,EXACT_MATCH,MATCH_AFTER_CHANGE,EXACT_MATCH,EXACT_MATCH,EXACT_MATCH,NOT_APPLICABLE,MATCH_AFTER_CHANGE,TARGET_CHANGE_REASON_DOCUMENTED_IN_별첨6;REPORT_TARGET_CHANGE_CONFIRMED_BY_별첨6,[보고서] 2024년도 성과보고서_과학기술정보통신부.pdf 370쪽(원본 370쪽) / [별첨6 변경표] 2024년도 성과보고서_과학기술정보통신부-494-594.pdf 91쪽(원본 584쪽),,,,,2024년도 성과계획서_과학기술정보통신부-490-582.pdf,4.0,493.0,485.0,"우정서비스 ①우편사업 경영수지 1.0 일반 재정 -1,846 (억원) 정량 산출 프로그램목표Ⅵ-2. 우체국예금의 내실화와 지속가능경영 기반 강화한다.",2024년도 성과보고서_과학기술정보통신부.pdf,370.0,370.0,1500.0,"우편사업 
경영수지
(억원)
수입 대비 지출
목표
-2,350
100
-1500
-1,900
실적
559
709
-1,572
-1660
달성률(%)
-
709.0
95.4
112.6",plan:별첨1;plan_method:TEXT;report_method:FULL_TEXT
MSIT-2024-VI2-01,162,과학기술정보통신부,2024,Ⅵ,Ⅵ-2,,우체국예금,조달마진액,조달마진액,억원,,6495,6847,106.2,,조달마진액,,,6495.0,"6,495","6,447",< '23년 실적치 확정에 따라 목표치 조정 >,2024년도 성과보고서_과학기술정보통신부-494-594.pdf,91.0,584.0,,False,False,,조달마진액,,"6,447",6847,106.2,6495.0,6495.0,6447.0,6847.0,6847.0,106.2,106.2,,0.0,0.0,-48.0,-0.7390300230946882,0.0,0.0,0.0,-48.0,-0.7390300230946882,EXACT_MATCH,EXACT_MATCH,EXACT_MATCH,MATCH_AFTER_CHANGE,EXACT_MATCH,EXACT_MATCH,EXACT_MATCH,NOT_APPLICABLE,MATCH_AFTER_CHANGE,TARGET_CHANGE_REASON_DOCUMENTED_IN_별첨6;REPORT_TARGET_CHANGE_CONFIRMED_BY_별첨6,[보고서] 2024년도 성과보고서_과학기술정보통신부.pdf 402쪽(원본 402쪽) / [별첨6 변경표] 2024년도 성과보고서_과학기술정보통신부-494-594.pdf 91쪽(원본 584쪽),,,,,2024년도 성과계획서_과학기술정보통신부-490-582.pdf,4.0,493.0,485.0,"우체국예금 ①조달마진액 1.0 일반 재정 6,495 (억원) 정량 산출 프로그램목표Ⅵ-3. 우체국보험의 안정적 사업운영을 통해 고객가치를 증진한다. 우체국보험 ①당기순이익 1.0 일반 재정",2024년도 성과보고서_과학기술정보통신부.pdf,402.0,402.0,,"(억원)
조달마진액 = 예금평균잔액 x 
조달마진율
목표
5,200
5,807
6,255
6,447
실적
6,520
8,171
8,140
6847
달성률(%)
125.4
140.7
130.1
106.2",plan:별첨1;plan_method:TEXT;report_method:FULL_TEXT
MSIT-2024-VI3-01,162,과학기술정보통신부,2024,Ⅵ,Ⅵ-3,,우체국보험,당기순이익,당기순이익,억원,,1083,2626,328.3,,당기순이익,,,1083.0,"1,083",800,< '23년 실적치 확정에 따라 목표치 조정 >,2024년도 성과보고서_과학기술정보통신부-494-594.pdf,91.0,584.0,,False,False,,당기순이익,,800,"2,626",328.3,1083.0,1083.0,800.0,2626.0,2626.0,328.3,328.3,,0.0,0.0,-283.0,-26.13111726685134,0.0,0.0,0.0,-283.0,-26.13111726685134,EXACT_MATCH,EXACT_MATCH,EXACT_MATCH,MATCH_AFTER_CHANGE,EXACT_MATCH,EXACT_MATCH,EXACT_MATCH,NOT_APPLICABLE,MATCH_AFTER_CHANGE,TARGET_CHANGE_REASON_DOCUMENTED_IN_별첨6;REPORT_TARGET_CHANGE_CONFIRMED_BY_별첨6,[보고서] 2024년도 성과보고서_과학기술정보통신부.pdf 444쪽(원본 444쪽) / [별첨6 변경표] 2024년도 성과보고서_과학기술정보통신부-494-594.pdf 91쪽(원본 584쪽),,,,,2024년도 성과계획서_과학기술정보통신부-490-582.pdf,4.0,493.0,485.0,"우체국보험 ①당기순이익 1.0 일반 재정 1,083 (억원) 정량 결과",2024년도 성과보고서_과학기술정보통신부.pdf,444.0,444.0,,"(억원)
당기순이익=위험률차이익+사업비차
이익+이자율차이익
목표
2,841
3,487
500
800
실적
5,840
-2,949
3,655
2,626
달성률(%)
205.6
0.0
731.0
328.3",plan:별첨1;plan_method:TEXT;report_method:FULL_TEXT
