source_indicator_id,ministry_code,ministry_name,fiscal_year,strategic_goal_number,program_goal_number,source_program_code,performance_program_name,manual_indicator_name_plan,manual_indicator_name_report,manual_indicator_unit,manual_indicator_direction_raw,manual_planned_target_raw,manual_actual_value_raw,manual_official_achievement_rate_raw,pdf_plan_program_name,pdf_plan_indicator_name,pdf_plan_unit,pdf_plan_direction_raw,pdf_plan_target_raw,documented_change_target_before_raw,documented_change_target_after_raw,documented_change_reason_raw,documented_change_source_file,documented_change_split_pdf_page,documented_change_source_pdf_page,documented_change_printed_page,documented_change_ocr_conflict,documented_change_report_conflict,pdf_report_program_name,pdf_report_indicator_name,pdf_report_unit,pdf_report_target_raw,pdf_report_actual_raw,pdf_report_official_achievement_rate_raw,planned_target_numeric_manual,planned_target_numeric_pdf,report_target_numeric_pdf,actual_value_numeric_manual,actual_value_numeric_pdf,official_achievement_rate_numeric_manual,official_achievement_rate_numeric_pdf,computed_achievement_rate,plan_target_change_abs,plan_target_change_pct,report_target_change_abs,report_target_change_pct,report_actual_change_abs,report_actual_change_pct,report_achievement_rate_change_abs_pp,plan_vs_report_target_change_abs,plan_vs_report_target_change_pct,plan_name_match_status,plan_target_match_status,report_name_match_status,report_target_match_status,report_actual_match_status,report_achievement_rate_match_status,page_evidence_status,ocr_status,overall_reconciliation_status,review_reason,review_instruction,reviewer,review_status,review_note,review_confirmed_at,plan_source_file,plan_split_pdf_page,plan_source_pdf_page,plan_printed_page,plan_source_text,report_source_file,report_split_pdf_page,report_source_pdf_page,report_printed_page,report_source_text,source_trace
MOHW-2022-I1-01,075,보건복지부,2022,Ⅰ,Ⅰ-1,,기초생활보장,전체 빈곤층 대비 복 지수혜 비율,전체 빈곤층 대비 복 지수혜 비율,%,,29.5,36.6,100.3,,전체 빈곤층 대비 복 지수혜 비율,,,36.5,29.5,36.5,"22년 목표치는 ‘22년 총인구 추계값(’21년 통계청 장래인구추계), ‘22년 상대적 빈곤율 가정, ’21년 복지수혜자수를 반영하여 36.5%로 수정",2022년도 성과보고서_보건복지부-243-333.pdf,64.0,306.0,,False,False,,전체 빈곤층 대비 복 지수혜 비율,,36.5,(36.6),100.3,29.5,36.5,36.5,36.6,36.6,100.3,100.3,,7.0,23.728813559322035,7.0,23.728813559322035,0.0,0.0,0.0,0.0,0.0,MATCH_AFTER_CHANGE,VALUE_MISMATCH,EXACT_MATCH,MATCH_AFTER_CHANGE,EXACT_MATCH,EXACT_MATCH,EXACT_MATCH,OCR_REQUIRED,OCR_REQUIRED,PLAN_TARGET_FROM_CHANGE_TABLE_ONLY;TARGET_CHANGE_REASON_DOCUMENTED_IN_별첨6;REPORT_TARGET_CHANGE_CONFIRMED_BY_별첨6,[계획서] 2022년도 성과계획서_보건복지부-323-433.pdf ?쪽(원본 ?쪽) / [보고서] 2022년도 성과보고서_보건복지부.pdf 31쪽(원본 31쪽) / [별첨6 변경표] 2022년도 성과보고서_보건복지부-243-333.pdf 64쪽(원본 306쪽),,,,,2022년도 성과계획서_보건복지부-323-433.pdf,,,,,2022년도 성과보고서_보건복지부.pdf,31,31,,"전체 빈곤층 대비 
복지수혜 비율
(%)
복지수혜자 수(A)/전체 빈곤층(B) 
× 100
- 복지수혜자 수(A) = 기초생활보
장수급자 수 + 차상위본인부담
경감 수급자 수(중위소득 50% 
이하) + 차상위자활 수급자수(중
위소득 50% 이하)
* 행복e음 자료 추출
- 전체빈곤층(B) = 주민등록인구수(행
정안전부) × 빈곤율*(통계청, 가계금
융․복지조사(패널))
* 균등화 처분가능소득 상대적 빈
곤율 : 균등화 처분가소득의 중위
소득 50%이하에 속한 인구수로 
나눈 비율
목표
22.5
23.8
26.4
36.5
실적
25.6
27.8
34.0
(36.6)
달성률(%)
113.8
116.8
128.8
100.3",plan:별첨6만;plan_method:TEXT;report_method:FULL_TEXT
MOHW-2022-I2-01,075,보건복지부,2022,Ⅰ,Ⅰ-2,,노숙인의사상자지원,거리노숙인 위기관리 사업 상담건수,거리노숙인 위기관리 사업 상담건수,건,,9474,10431,110.1,,,,,,,,,,,,,False,False,,거리노숙인 위기관리 사업 상담건수,,9474,10431,110.1,9474.0,,9474.0,10431.0,10431.0,110.1,110.1,,,,0.0,0.0,0.0,0.0,0.0,,,PDF_NOT_FOUND,PDF_NOT_FOUND,EXACT_MATCH,EXACT_MATCH,EXACT_MATCH,EXACT_MATCH,PDF_MISSING_MANUAL_PRESENT,OCR_REQUIRED,OCR_REQUIRED,,[계획서] 2022년도 성과계획서_보건복지부-323-433.pdf ?쪽(원본 ?쪽),,,,,2022년도 성과계획서_보건복지부-323-433.pdf,,,,,2022년도 성과보고서_보건복지부.pdf,38,38,,"위기관리사업 
상담건수
(건)
▪ 측정산식
   위기관리사업 상담건수(건)
목표
신규
신규
신규
9474
실적
신규
신규
-
10431
달성률(%)
-
-
-
110.1",plan:NONE;plan_method:NONE;report_method:FULL_TEXT
MOHW-2022-I2-02,075,보건복지부,2022,Ⅰ,Ⅰ-2,,노숙인의사상자지원,노숙인 자활프로그램 참여자 중 자활 성공율,노숙인 자활프로그램 참여자 중 자활 성공율,%,,7.75,7.5,96.8,,,,,,,,,,,,,False,False,,노숙인 자활프로그램 참여자 중 자활 성공율,,7.75,7.5,96.8,7.75,,7.75,7.5,7.5,96.8,96.8,,,,0.0,0.0,0.0,0.0,0.0,,,PDF_NOT_FOUND,PDF_NOT_FOUND,EXACT_MATCH,EXACT_MATCH,EXACT_MATCH,EXACT_MATCH,PDF_MISSING_MANUAL_PRESENT,OCR_REQUIRED,OCR_REQUIRED,,[계획서] 2022년도 성과계획서_보건복지부-323-433.pdf ?쪽(원본 ?쪽),,,,,2022년도 성과계획서_보건복지부-323-433.pdf,,,,,2022년도 성과보고서_보건복지부.pdf,38,38,,"참여자 중 자활 
성공율
(%)
 ▪ 측정산식
   (자활성공자(사회복귀자) 수/ 
자활프로그램 참여자수) *100
목표
5.65
7.55
7.65
7.75
실적
6.1
11.3
7.8
7.5
달성률(%)
108.0
149.7
102.0
96.8",plan:NONE;plan_method:NONE;report_method:FULL_TEXT
MOHW-2022-I3-01,075,보건복지부,2022,Ⅰ,Ⅰ-3,,장애인생활안정 및 재활 지원,장애인 현금급여 수급 률,장애인 현금급여 수급 률,%,,28.8,29.2,101.4,,장애인 현금급여 수급 률,,,28.8,28.8,28.8,장애인활동지원 사업의 예산액이 변경되었으나 프로그램 성과 지표에 직접적으로 영향을 미치지 않아 목표치 변경을 하지 않음.,2022년도 성과보고서_보건복지부-243-333.pdf,64.0,306.0,,False,False,,장애인 현금급여 수급 률,,28.8,29.2,101.4,28.8,28.8,28.8,29.2,29.2,101.4,101.4,,0.0,0.0,0.0,0.0,0.0,0.0,0.0,0.0,0.0,MATCH_AFTER_CHANGE,EXACT_MATCH,EXACT_MATCH,EXACT_MATCH,EXACT_MATCH,EXACT_MATCH,EXACT_MATCH,OCR_REQUIRED,OCR_REQUIRED,PLAN_TARGET_FROM_CHANGE_TABLE_ONLY;TARGET_CHANGE_REASON_DOCUMENTED_IN_별첨6,[계획서] 2022년도 성과계획서_보건복지부-323-433.pdf ?쪽(원본 ?쪽) / [별첨6 변경표] 2022년도 성과보고서_보건복지부-243-333.pdf 64쪽(원본 306쪽),,,,,2022년도 성과계획서_보건복지부-323-433.pdf,,,,,2022년도 성과보고서_보건복지부.pdf,46,46,,"장애인 현금급여 
수급률
(%)
○ 측정산식 : (장애인연금 수급자
수 + 장애수당 수급자수 + 장애
아동수당 수급자수 / 등록장애
인수)*100
  - 장애인연금수급자수·장애수당
수급자수·장애아동수당수급
자수 : 당해연도말 해당급여를 
받고있는 자의 수
  - 등록장애인수 : 당해연도말 등
록한 장애인 수
 ▪ 측정방법 
    - 측정대상기간 : ’22.1.1∼ 
’22.12.31 
    - 실적치 집계 완료 시점 : 
’22.12월말 예정
    - 측정수행기관 : 직접수행(행
복e음시스템 통계자료)
    - 측정대상 표본수 및 선정방법 
: 해당없음
목표
28.4
28.4
28.5
28.8
실적
28.7
29.3
29.4
29.2
달성률(%)
101.1
103.2
103.2
101.4",plan:별첨6만;plan_method:TEXT;report_method:FULL_TEXT
MOHW-2022-I3-02,075,보건복지부,2022,Ⅰ,Ⅰ-3,,장애인생활안정 및 재활 지원,기초생활보장수급자 중 장애인 비율,기초생활보장수급자 중 장애인 비율,%,하향,25,23,108,,기초생활보장수급자 중 장애인 비율,,,25.0,25.0,25.0,장애인활동지원 사업의 예산액이 변경되었으나 프로그램 성과 지표에 직접적으로 영향을 미치지 않아 목표치 변경을 하지 않음. * 보조사업 성과지표인 장애인 활동지원 수급율 지표만 변경 : ‘22년 성과계획서 입력 당시에,2022년도 성과보고서_보건복지부-243-333.pdf,65.0,307.0,,False,False,,기초생활보장수급자 중 장애인 비율,,25.0,23.0,108.0,25.0,25.0,25.0,23.0,23.0,108.0,108.0,108.69565217391303,0.0,0.0,0.0,0.0,0.0,0.0,0.0,0.0,0.0,MATCH_AFTER_CHANGE,EXACT_MATCH,EXACT_MATCH,EXACT_MATCH,EXACT_MATCH,EXACT_MATCH,EXACT_MATCH,OCR_REQUIRED,OCR_REQUIRED,PLAN_TARGET_FROM_CHANGE_TABLE_ONLY;TARGET_CHANGE_REASON_DOCUMENTED_IN_별첨6,[계획서] 2022년도 성과계획서_보건복지부-323-433.pdf ?쪽(원본 ?쪽) / [별첨6 변경표] 2022년도 성과보고서_보건복지부-243-333.pdf 65쪽(원본 307쪽),,,,,2022년도 성과계획서_보건복지부-323-433.pdf,,,,,2022년도 성과보고서_보건복지부.pdf,46,46,,"급자 중 장애인 
비율
(%)(하향지표)
 ○ 측정산식 : (등록장애인인 기초
생활보장수급자수/기초생활
보장수급자수)*100
 ▪ 측정방법
    - 측정대상기간 : 2022.1.1.~ 
12.31
    - 실적치 집계 만료 시점 : 
‘22.12월말
    - 측정수행기관 : 사회보장정
보원
    - 측정대상 표본수 및 선정방
법 : 행복e음에 등록된 보장
중인 기초생활보장수급자 
중 장애인으로 등록된 자 수 
목표
신규
신규
신규
25.0
실적
신규
신규
신규
23.0
달성률(%)
-
-
-
108.0",plan:별첨6만;plan_method:TEXT;report_method:FULL_TEXT
MOHW-2022-I4-01,075,보건복지부,2022,Ⅰ,Ⅰ-4,,국립재활원,국립재활원 고객만족 도,국립재활원 고객만족 도,점,,85.9,86.3,100.5,,국립재활원 고객만족 도,,,85.9,85.9,85.9,추경재원 마련 위한 공통경비 감액 등으로 본 지표와는 상관관계가 없음,2022년도 성과보고서_보건복지부-243-333.pdf,65.0,307.0,,False,False,,국립재활원 고객만족 도,,85.9,86.3,100.5,85.9,85.9,85.9,86.3,86.3,100.5,100.5,,0.0,0.0,0.0,0.0,0.0,0.0,0.0,0.0,0.0,MATCH_AFTER_CHANGE,EXACT_MATCH,EXACT_MATCH,EXACT_MATCH,EXACT_MATCH,EXACT_MATCH,EXACT_MATCH,OCR_REQUIRED,OCR_REQUIRED,PLAN_TARGET_FROM_CHANGE_TABLE_ONLY;TARGET_CHANGE_REASON_DOCUMENTED_IN_별첨6,[계획서] 2022년도 성과계획서_보건복지부-323-433.pdf ?쪽(원본 ?쪽) / [별첨6 변경표] 2022년도 성과보고서_보건복지부-243-333.pdf 65쪽(원본 307쪽),,,,,2022년도 성과계획서_보건복지부-323-433.pdf,,,,,2022년도 성과보고서_보건복지부.pdf,54,54,,"국립재활원 
고객만족도
(점)
설문지 취합하여 5점 척도로 평균값 
산출 후 PCSI모델에 따른 가중치를 
부여하여 100점 만점으로 종합점수 
산출
목표
86.5
85.6
85.6
85.9
실적
86.5
85.6
87.4
86.3
달성률(%)
100.0
100.0
102.1
100.5",plan:별첨6만;plan_method:TEXT;report_method:FULL_TEXT
MOHW-2022-I4-02,075,보건복지부,2022,Ⅰ,Ⅰ-4,,국립재활원,치료효과율,치료효과율,점,,10.6,10.7,100.9,,치료효과율,,,10.6,10.6,10.6,추경재원 마련 위한 공통경비 감액 등으로 본 지표와는 상관관계가 없음,2022년도 성과보고서_보건복지부-243-333.pdf,65.0,307.0,,False,False,,치료효과율,,10.6,10.7,100.9,10.6,10.6,10.6,10.7,10.7,100.9,100.9,,0.0,0.0,0.0,0.0,0.0,0.0,0.0,0.0,0.0,EXACT_MATCH,EXACT_MATCH,EXACT_MATCH,EXACT_MATCH,EXACT_MATCH,EXACT_MATCH,EXACT_MATCH,OCR_REQUIRED,OCR_REQUIRED,TARGET_CHANGE_REASON_DOCUMENTED_IN_별첨6,[별첨6 변경표] 2022년도 성과보고서_보건복지부-243-333.pdf 65쪽(원본 307쪽),,,,,2022년도 성과계획서_보건복지부-323-433.pdf,2.0,324.0,,wan 17 22 년 프 래 모 포 프 로 그 램 목 표 성과 | aes | 정 량 분 야 정 성 프 로 그 램 목 표 | -4. 재 활 le 연 구 교 육 을 통 하 여 국 가 중 앙 재 활 기 관 으 로 서 의 ALA 역 한 소 해 르 TS 0) 국 립 재 활 원 고 객 만 족 일 반 재 도 정 85.9( 점 ) 국 립 재 활 원 meus 일 반 재 @ 치 료 효 과율 = 10.6( 점 ) 프 로 그 램 목 표 1-5. 지 역 복 지 서 비 스 활 성 화 Old 사 회 복 지 기 반 조 성 = ( 회 복 지 기 반 조 성 @ 사 례 관 리 가 구 위 기 상 일 반 재 。 황 해 소율 x 88.7(%) 전 략 목 표 |. 맞 춤형 보 건 인 프 라 HSS Set 국 민 의 건 강 보장 프 로 그 램 목 표,2022년도 성과보고서_보건복지부.pdf,54,54,,"(점)
ㅇ 측정산식 : 치료효과율 = [{(뇌병
변환자 퇴원점수의 합-입원점
수의 합)/평가환자수}+{(척수손
상환자 퇴원점수의 합-입원점
수의 합)/평가환자수}]
2(뇌병변환자군+척수손상환자군)
K-MBI(modified bathel index, 뇌병변 
환자 일상생활동작평가), SCIM-Ⅲ 
(spinal cord independence measure, 
척수손상환자 독립성평가)에 대하
여 입퇴원시 평가점수를 측정하여 
산출된 점수 결과
목표
9.9
10.1
10.5
10.6
실적
10.0
10.8
10.4
10.7
달성률(%)
101.0
106.9
99.0
100.9",plan:별첨1;plan_method:OCR;report_method:FULL_TEXT
MOHW-2022-I5-01,075,보건복지부,2022,Ⅰ,Ⅰ-5,,사회복지기반조성,복지사각지대 지원율,복지사각지대 지원율,%,,35,50.1,143.1,,복지사각지대 지원율,,,35,35,35,추경재원 마련 위한 공통경비 감액 등으로 본 지표와는 상관관계가 없음,2022년도 성과보고서_보건복지부-243-333.pdf,65.0,307.0,,False,False,,복지사각지대 지원율,,35,50.1,143.1,35.0,35.0,35.0,50.1,50.1,143.1,143.1,,0.0,0.0,0.0,0.0,0.0,0.0,0.0,0.0,0.0,MATCH_AFTER_CHANGE,EXACT_MATCH,EXACT_MATCH,EXACT_MATCH,EXACT_MATCH,EXACT_MATCH,EXACT_MATCH,OCR_REQUIRED,OCR_REQUIRED,PLAN_TARGET_FROM_CHANGE_TABLE_ONLY;TARGET_CHANGE_REASON_DOCUMENTED_IN_별첨6,[계획서] 2022년도 성과계획서_보건복지부-323-433.pdf ?쪽(원본 ?쪽) / [별첨6 변경표] 2022년도 성과보고서_보건복지부-243-333.pdf 65쪽(원본 307쪽),,,,,2022년도 성과계획서_보건복지부-323-433.pdf,,,,,2022년도 성과보고서_보건복지부.pdf,64,64,,"복지사각지대 
지원율
(%)
ㅇ 측정산식 : (실적마감일 기준*)
복지사각지대 발굴대상자** 중 
조치완료 
대상자***/복지사각
지대 발굴대상자
  * 실적마감일은 당해년도 지자
체 합동평가 실적산정기간과 
동일함
  ** 사각지대 발굴관리 시스템을 
통해 예측되어 읍면동에 중앙
발굴로 통보된 대상자
  *** 공공서비스(기초, 차상위, 긴
급 등) 및 민간서비스(공동모
금회, 푸드뱅크 등) 수혜자
목표
신규
신규
신규
35
실적
신규
신규
신규
50.1
달성률(%)
-
-
-
143.1",plan:별첨6만;plan_method:TEXT;report_method:FULL_TEXT
MOHW-2022-I5-02,075,보건복지부,2022,Ⅰ,Ⅰ-5,,사회복지기반조성,사례관리 가구 위기상 황 해소율,사례관리 가구 위기상 황 해소율,%,,88.7,89.1,100.5,,사례관리 가구 위기상 황 해소율,,,88.7,88.7,88.7,추경재원 마련 위한 공통경비 감액 등으로 본 지표와는 상관관계가 없음,2022년도 성과보고서_보건복지부-243-333.pdf,65.0,307.0,,False,False,,사례관리 가구 위기상 황 해소율,,88.7,89.1,100.5,88.7,88.7,88.7,89.1,89.1,100.5,100.5,,0.0,0.0,0.0,0.0,0.0,0.0,0.0,0.0,0.0,MATCH_AFTER_CHANGE,EXACT_MATCH,EXACT_MATCH,EXACT_MATCH,EXACT_MATCH,EXACT_MATCH,EXACT_MATCH,OCR_REQUIRED,OCR_REQUIRED,PLAN_TARGET_FROM_CHANGE_TABLE_ONLY;TARGET_CHANGE_REASON_DOCUMENTED_IN_별첨6,[계획서] 2022년도 성과계획서_보건복지부-323-433.pdf ?쪽(원본 ?쪽) / [별첨6 변경표] 2022년도 성과보고서_보건복지부-243-333.pdf 65쪽(원본 307쪽),,,,,2022년도 성과계획서_보건복지부-323-433.pdf,,,,,2022년도 성과보고서_보건복지부.pdf,64,64,,"사례관리 가구 
위기상황 해소율
(%)
ㅇ (‘22년 긍정적 종결 대상 수)/ 
(’22년 전체 종결 대상 수)]×100 
  * 사례관리가구의 위기상황 해소
를 긍정적인 결과(장기목표달
성, 단기목표달성, 상황호전)로 
종결된 사례관리가구 비율로 
산출
목표
신규
신규
신규
88.7
실적
신규
신규
신규
89.1
달성률(%)
-
-
-
100.5",plan:별첨6만;plan_method:TEXT;report_method:FULL_TEXT
MOHW-2022-II1-01,075,보건복지부,2022,Ⅱ,Ⅱ-1,,보건의료서비스지원,보건의료연구 정책연 계 실적,보건의료연구 정책연 계 실적,건,,11,12,109.1,,보건의료연구 정책연 계 실적,,,11,11,11,예산증감사항으로 본 지표와 관계 없음,2022년도 성과보고서_보건복지부-243-333.pdf,66.0,308.0,,False,False,,보건의료연구 정책연 계 실적,,11,12,109.1,11.0,11.0,11.0,12.0,12.0,109.1,109.1,,0.0,0.0,0.0,0.0,0.0,0.0,0.0,0.0,0.0,MATCH_AFTER_CHANGE,EXACT_MATCH,EXACT_MATCH,EXACT_MATCH,EXACT_MATCH,EXACT_MATCH,EXACT_MATCH,OCR_REQUIRED,OCR_REQUIRED,PLAN_TARGET_FROM_CHANGE_TABLE_ONLY;TARGET_CHANGE_REASON_DOCUMENTED_IN_별첨6,[계획서] 2022년도 성과계획서_보건복지부-323-433.pdf ?쪽(원본 ?쪽) / [별첨6 변경표] 2022년도 성과보고서_보건복지부-243-333.pdf 66쪽(원본 308쪽),,,,,2022년도 성과계획서_보건복지부-323-433.pdf,,,,,2022년도 성과보고서_보건복지부.pdf,74,74,,"보건의료연구 
정책연계 실적
(건)
최근 3개년 보건의료정책 지원 및 건강보험
정책 지원 건수(ⓐ+ⓑ+◯
c )의 평균치 
ⓐ 정부 아젠다 지원
ⓑ 정부시책 반영
◯
c 법률 제·개정 지원
목표
8.8
9.9
10.9
11
실적
9.0
10
11
12
달성률(%)
102.3
101.0
100.9
109.1",plan:별첨6만;plan_method:TEXT;report_method:FULL_TEXT
MOHW-2022-II1-02,075,보건복지부,2022,Ⅱ,Ⅱ-1,,보건의료서비스지원,요양병원 중간현장조 사 개선율,요양병원 중간현장조 사 개선율,%,,88,88.3,100.3,,요양병원 중간현장조 사 개선율,,,88,88,88,예산증감사항으로 본 지표와 관계 없음,2022년도 성과보고서_보건복지부-243-333.pdf,66.0,308.0,,False,False,,요양병원 중간현장조 사 개선율,,88,88.3,100.3,88.0,88.0,88.0,88.3,88.3,100.3,100.3,,0.0,0.0,0.0,0.0,0.0,0.0,0.0,0.0,0.0,MATCH_AFTER_CHANGE,EXACT_MATCH,EXACT_MATCH,EXACT_MATCH,EXACT_MATCH,EXACT_MATCH,EXACT_MATCH,OCR_REQUIRED,OCR_REQUIRED,PLAN_TARGET_FROM_CHANGE_TABLE_ONLY;TARGET_CHANGE_REASON_DOCUMENTED_IN_별첨6,[계획서] 2022년도 성과계획서_보건복지부-323-433.pdf ?쪽(원본 ?쪽) / [별첨6 변경표] 2022년도 성과보고서_보건복지부-243-333.pdf 66쪽(원본 308쪽),,,,,2022년도 성과계획서_보건복지부-323-433.pdf,,,,,2022년도 성과보고서_보건복지부.pdf,74,74,,"중간현장조사 
개선율
(%)
중간현장조사 후 당해연도 ‘개선완료’한 병
원 수/ 중간현장조사 시행 후 당해연도 
개선대상 요양병원 수×100
목표
85
85
88
88
실적
90.6
-
88.6
88.3
달성률(%)
106.6
-
100.7
100.3",plan:별첨6만;plan_method:TEXT;report_method:FULL_TEXT
MOHW-2022-II2-01,075,보건복지부,2022,Ⅱ,Ⅱ-2,,공공보건의료확충,공공보건의료계획 시 행결과 평가점수,공공보건의료계획 시 행결과 평가점수,점,,86.8,86.8,100,,공공보건의료계획 시 행결과 평가점수,,,86.8,86.8,86.8,감염병 대응 지원체계 구축 및 운영 예산액이 변동되었으나 프로그램 성과지표에 직접적으로 영향을 미치지 않아 목표치를 변경하지 않음,2022년도 성과보고서_보건복지부-243-333.pdf,66.0,308.0,,False,False,,공공보건의료계획 시 행결과 평가점수,,,,,86.8,86.8,,86.8,,100.0,,,0.0,0.0,,,,,,,,MATCH_AFTER_CHANGE,EXACT_MATCH,EXACT_MATCH,PDF_MISSING_MANUAL_PRESENT,PDF_MISSING_MANUAL_PRESENT,PDF_MISSING_MANUAL_PRESENT,EXACT_MATCH,OCR_REQUIRED,OCR_REQUIRED,PLAN_TARGET_FROM_CHANGE_TABLE_ONLY;TARGET_CHANGE_REASON_DOCUMENTED_IN_별첨6,[계획서] 2022년도 성과계획서_보건복지부-323-433.pdf ?쪽(원본 ?쪽) / [보고서] 2022년도 성과보고서_보건복지부-243-333.pdf 8쪽(원본 250쪽) / [별첨6 변경표] 2022년도 성과보고서_보건복지부-243-333.pdf 66쪽(원본 308쪽),,,,,2022년도 성과계획서_보건복지부-323-433.pdf,,,,,2022년도 성과보고서_보건복지부-243-333.pdf,8,250,,획 시행결과 평가,plan:별첨6만;plan_method:TEXT;report_method:TEXT
MOHW-2022-II2-02,075,보건복지부,2022,Ⅱ,Ⅱ-2,,공공보건의료확충,지역거점공공병원 운 영평가 평균점수,지역거점공공병원 운 영평가 평균점수,점,,78.5,77.4,98.6,,지역거점공공병원 운 영평가 평균점수,,,78.5,78.5,78.5,감염병 대응 지원체계 구축 및 운영 예산액이 변동되었으나 프로그램 성과지표에 직접적으로 영향을 미치지 않아 목표치를 변경하지 않음,2022년도 성과보고서_보건복지부-243-333.pdf,66.0,308.0,,False,False,,지역거점공공병원 운 영평가 평균점수,,78.5,77.4,98.6,78.5,78.5,78.5,77.4,77.4,98.6,98.6,,0.0,0.0,0.0,0.0,0.0,0.0,0.0,0.0,0.0,MATCH_AFTER_CHANGE,EXACT_MATCH,EXACT_MATCH,EXACT_MATCH,EXACT_MATCH,EXACT_MATCH,EXACT_MATCH,OCR_REQUIRED,OCR_REQUIRED,PLAN_TARGET_FROM_CHANGE_TABLE_ONLY;TARGET_CHANGE_REASON_DOCUMENTED_IN_별첨6,[계획서] 2022년도 성과계획서_보건복지부-323-433.pdf ?쪽(원본 ?쪽) / [별첨6 변경표] 2022년도 성과보고서_보건복지부-243-333.pdf 66쪽(원본 308쪽),,,,,2022년도 성과계획서_보건복지부-323-433.pdf,,,,,2022년도 성과보고서_보건복지부.pdf,88,88,,"원 운영평가 
평균점수
(점)
지역거점공공병원 운영평가 총 점수/
지역거점공공병원수
- 측정대상:지방의료원 및 적십자병원
- 측정대상기간: '21.1.1.~'21.12.31.
- 표본수:전체41개소
- 조사영역:양질의 의료, 합리적 운영, 공
익적 보건의료서비스, 책임운영 등
목표
신규
신규
신규
78.5
실적
신규
신규
-
77.4
달성률(%)
-
-
-
98.6",plan:별첨6만;plan_method:TEXT;report_method:FULL_TEXT
MOHW-2022-II3-01,075,보건복지부,2022,Ⅱ,Ⅱ-3,,응급의료체계운영지원,중증응급환자 적정시 간내 최종치료기관 도착 비율,중증응급환자 적정시 간내 최종치료기관 도착 비율,%,,51.7,49.6,95.9,,중증응급환자 적정시 간내 최종치료기관 도착 비율,,,51.7,51.7,51.7,예산증감사항으로 본 지표와 관계 없음,2022년도 성과보고서_보건복지부-243-333.pdf,66.0,308.0,,False,False,,중증응급환자 적정시 간내 최종치료기관 도착 비율,,51.7,(49.6),95.9,51.7,51.7,51.7,49.6,49.6,95.9,95.9,,0.0,0.0,0.0,0.0,0.0,0.0,0.0,0.0,0.0,MATCH_AFTER_CHANGE,EXACT_MATCH,EXACT_MATCH,EXACT_MATCH,EXACT_MATCH,EXACT_MATCH,EXACT_MATCH,OCR_REQUIRED,OCR_REQUIRED,PLAN_TARGET_FROM_CHANGE_TABLE_ONLY;TARGET_CHANGE_REASON_DOCUMENTED_IN_별첨6,[계획서] 2022년도 성과계획서_보건복지부-323-433.pdf ?쪽(원본 ?쪽) / [별첨6 변경표] 2022년도 성과보고서_보건복지부-243-333.pdf 66쪽(원본 308쪽),,,,,2022년도 성과계획서_보건복지부-323-433.pdf,,,,,2022년도 성과보고서_보건복지부.pdf,98,98,,"최종치료기관 
도착비율
(%)
발병 24시간이내 환자 중 급성 심혈관 
질환 2시간 이내, 허혈성 뇌졸증 3시간 
이내, 중증외상 1시간 이내 내원하고 진
료결과가 입원인 환자 수) ×100 / (발병 
24시간 이내 내원한 급성심혈관, 허혈성뇌
졸중,중증외상 입원환자 수)
목표
53.1
53.1
51.7
51.7
실적
52.1
51.7
49.8
(49.6)
달성률(%)
98.1
97.4
96.3
95.9",plan:별첨6만;plan_method:TEXT;report_method:FULL_TEXT
MOHW-2022-II3-02,075,보건복지부,2022,Ⅱ,Ⅱ-3,,응급의료체계운영지원,중증환자 최종치료 제 공률,중증환자 최종치료 제 공률,%,,90.6,91.6,101.1,,중증환자 최종치료 제 공률,,,90.6,90.6,90.6,예산증감사항으로 본 지표와 관계 없음,2022년도 성과보고서_보건복지부-243-333.pdf,66.0,308.0,,False,False,,중증환자 최종치료 제 공률,,90.6,91.6,101.1,90.6,90.6,90.6,91.6,91.6,101.1,101.1,,0.0,0.0,0.0,0.0,0.0,0.0,0.0,0.0,0.0,MATCH_AFTER_CHANGE,EXACT_MATCH,EXACT_MATCH,EXACT_MATCH,EXACT_MATCH,EXACT_MATCH,EXACT_MATCH,OCR_REQUIRED,OCR_REQUIRED,PLAN_TARGET_FROM_CHANGE_TABLE_ONLY;TARGET_CHANGE_REASON_DOCUMENTED_IN_별첨6,[계획서] 2022년도 성과계획서_보건복지부-323-433.pdf ?쪽(원본 ?쪽) / [별첨6 변경표] 2022년도 성과보고서_보건복지부-243-333.pdf 66쪽(원본 308쪽),,,,,2022년도 성과계획서_보건복지부-323-433.pdf,,,,,2022년도 성과보고서_보건복지부.pdf,98,98,,"중증환자 
최종치료 제공률
(%)
권역응급의료센터에 내원한 최종치료
를 제공한 환자/권역응급의료센터에 
내원한 최종치료 필요 질환 환자*100
목표
신규
신규
신규
90.6
실적
신규
신규
신규
91.6
달성률(%)
0.0
0.0
0.0
101.1",plan:별첨6만;plan_method:TEXT;report_method:FULL_TEXT
MOHW-2022-II4-01,075,보건복지부,2022,Ⅱ,Ⅱ-4,,보건산업육성,(신규) 보건의료실용화 지수(점),(신규) 보건의료실용화 지수(점),점,,86,101,117.4,,(신규) 보건의료실용화 지수(점),,,86.0,86.0,86.0,예산증감사항으로 본 지표와 관계 없음,2022년도 성과보고서_보건복지부-243-333.pdf,67.0,309.0,,False,False,,(신규) 보건의료실용화 지수(점),,86.0,101,117.4,86.0,86.0,86.0,101.0,101.0,117.4,117.4,,0.0,0.0,0.0,0.0,0.0,0.0,0.0,0.0,0.0,MATCH_AFTER_CHANGE,EXACT_MATCH,EXACT_MATCH,EXACT_MATCH,EXACT_MATCH,EXACT_MATCH,EXACT_MATCH,OCR_REQUIRED,OCR_REQUIRED,PLAN_TARGET_FROM_CHANGE_TABLE_ONLY;TARGET_CHANGE_REASON_DOCUMENTED_IN_별첨6,[계획서] 2022년도 성과계획서_보건복지부-323-433.pdf ?쪽(원본 ?쪽) / [별첨6 변경표] 2022년도 성과보고서_보건복지부-243-333.pdf 67쪽(원본 309쪽),,,,,2022년도 성과계획서_보건복지부-323-433.pdf,,,,,2022년도 성과보고서_보건복지부.pdf,117,117,,"보건의료실용화
지수(점)
(점)
임상시험 승인 건 수 + 품목허가 건 수 + 
기술이전 건 수
목표
신규
신규
84.3
86.0
실적
신규
신규
86
101
달성률(%)
-
-
104.0
117.4",plan:별첨6만;plan_method:TEXT;report_method:FULL_TEXT
MOHW-2022-II4-02,075,보건복지부,2022,Ⅱ,Ⅱ-4,,보건산업육성,(신규) 의약품 의료기 기 화장품 수출액(억불),(신규) 의약품 의료기 기 화장품 수출액(억불),억불,,306,244,85,,(신규) 의약품 의료기 기 화장품 수출액(억불),,,287,306,287,"○ 보건산업 수출액은 ‘20년 217억 달러(전년대비 38.3% 상승), ’21년 251억 달러 (전년대비 15.6% 상승) 하며 코로나 19 이후 급격히 상승하다가 연착륙하고 있음 ○ 코로나19 팬더믹 상황과 같이 보건산업 수출액의",2022년도 성과보고서_보건복지부-243-333.pdf,67.0,309.0,,False,False,,(신규) 의약품 의료기 기 화장품 수출액(억불),,287,244,85.0,306.0,287.0,287.0,244.0,244.0,85.0,85.0,,-19.0,-6.209150326797386,-19.0,-6.209150326797386,0.0,0.0,0.0,0.0,0.0,MATCH_AFTER_CHANGE,VALUE_MISMATCH,EXACT_MATCH,MATCH_AFTER_CHANGE,EXACT_MATCH,EXACT_MATCH,EXACT_MATCH,OCR_REQUIRED,OCR_REQUIRED,PLAN_TARGET_FROM_CHANGE_TABLE_ONLY;TARGET_CHANGE_REASON_DOCUMENTED_IN_별첨6;REPORT_TARGET_CHANGE_CONFIRMED_BY_별첨6,[계획서] 2022년도 성과계획서_보건복지부-323-433.pdf ?쪽(원본 ?쪽) / [보고서] 2022년도 성과보고서_보건복지부.pdf 117쪽(원본 117쪽) / [별첨6 변경표] 2022년도 성과보고서_보건복지부-243-333.pdf 67쪽(원본 309쪽),,,,,2022년도 성과계획서_보건복지부-323-433.pdf,,,,,2022년도 성과보고서_보건복지부.pdf,117,117,,"의료기기 화장품 
수출액(억불)
(억불)
연도내 의약품·의료기기·화장품 수출
액 현황
목표
신규
신규
258
287
실적
신규
신규
254
244
달성률(%)
-
-
98.4
85.0",plan:별첨6만;plan_method:TEXT;report_method:FULL_TEXT
MOHW-2022-II5-01,075,보건복지부,2022,Ⅱ,Ⅱ-5,,한의학연구및정책개발,한의약 국제 인지도,한의약 국제 인지도,%,,58,78.7,135.7,,한의약 국제 인지도,,,58.0,,,,,,,,False,False,,한의약 국제 인지도,,58,78.7,135.7,58.0,58.0,58.0,78.7,78.7,135.7,135.7,,0.0,0.0,0.0,0.0,0.0,0.0,0.0,0.0,0.0,EXACT_MATCH,EXACT_MATCH,EXACT_MATCH,EXACT_MATCH,EXACT_MATCH,EXACT_MATCH,EXACT_MATCH,OCR_REQUIRED,OCR_REQUIRED,,,,,,,2022년도 성과계획서_보건복지부-323-433.pdf,2.0,324.0,,wan 17 22 년 프 래 모 포 프 로 그 램 목 표 성과 | aes | 정 량 분 야 정 성 프 로 그 램 목 표 | -4. 재 활 le 연 구 교 육 을 통 하 여 국 가 중 앙 재 활 기 관 으 로 서 의 ALA 역 한 소 해 르 TS 0) 국 립 재 활 원 고 객 만 족 일 반 재 도 정 85.9( 점 ) 국 립 재 활 원 meus 일 반 재 @ 치 료 효 과율 = 10.6( 점 ) 프 로 그 램 목 표 1-5. 지 역 복 지 서 비 스 활 성 화 Old 사 회 복 지 기 반 조 성 = ( 회 복 지 기 반 조 성 @ 사 례 관 리 가 구 위 기 상 일 반 재 。 황 해 소율 x 88.7(%) 전 략 목 표 |. 맞 춤형 보 건 인 프 라 HSS Set 국 민 의 건 강 보장 프 로 그 램 목 표,2022년도 성과보고서_보건복지부.pdf,125,125,,"있는 해외 거주 외국인 대상 한의약 
국제 인지도 조사결과
목표
신규
58
61
58
실적
신규
신규
신규
78.7
달성률(%)
-
0.0
0.0
135.7",plan:별첨1;plan_method:OCR;report_method:FULL_TEXT
MOHW-2022-II5-02,075,보건복지부,2022,Ⅱ,Ⅱ-5,,한의학연구및정책개발,한의약 소재 물질 분 양 건 수,한의약 소재 물질 분 양 건 수,건,,2055,2453,119.4,,,,,,,,,,,,,False,False,,한의약 소재 물질 분 양 건 수,,"2,055","2,453",119.4,2055.0,,2055.0,2453.0,2453.0,119.4,119.4,,,,0.0,0.0,0.0,0.0,0.0,,,PDF_NOT_FOUND,PDF_NOT_FOUND,EXACT_MATCH,EXACT_MATCH,EXACT_MATCH,EXACT_MATCH,PDF_MISSING_MANUAL_PRESENT,OCR_REQUIRED,OCR_REQUIRED,,[계획서] 2022년도 성과계획서_보건복지부-323-433.pdf ?쪽(원본 ?쪽),,,,,2022년도 성과계획서_보건복지부-323-433.pdf,,,,,2022년도 성과보고서_보건복지부.pdf,125,125,,"한의약 소재 물질 
분양 건 수
(건)
연구 및 제품 개발을 위한 소재물질
을 기업, 대학 등에 유무상 분양한 
물질 개수의 합
목표
신규
1,698
1,868
2,055
실적
신규
1,630
2,043
2,453
달성률(%)
-
96.0
109.4
119.4",plan:NONE;plan_method:NONE;report_method:FULL_TEXT
MOHW-2022-II5-03,075,보건복지부,2022,Ⅱ,Ⅱ-5,,한의학연구및정책개발,한의표준진료지침 개 발건수,한의표준진료지침 개 발건수,건수,,5,5,100,,,,,,,,,,,,,False,False,,한의표준진료지침 개 발건수,,113.5,,,5.0,,113.5,5.0,,100.0,,,,,108.5,2170.0,,,,,,PDF_NOT_FOUND,PDF_NOT_FOUND,EXACT_MATCH,VALUE_MISMATCH,PDF_MISSING_MANUAL_PRESENT,PDF_MISSING_MANUAL_PRESENT,PDF_MISSING_MANUAL_PRESENT,OCR_REQUIRED,OCR_REQUIRED,,[계획서] 2022년도 성과계획서_보건복지부-323-433.pdf ?쪽(원본 ?쪽) / [보고서] 2022년도 성과보고서_보건복지부-243-333.pdf 9쪽(원본 251쪽),,,,,2022년도 성과계획서_보건복지부-323-433.pdf,,,,,2022년도 성과보고서_보건복지부-243-333.pdf,9,251,,"침 
개발건수 
(건
수)
산출
○ (측정산식) 
당
해연도 한의약혁신
기술개발사업
(R&D) 
내 
가이드
라인개발 분야 표
준진료지침 
개발 
건수
목표
신규
신규
5건
실적
신규
신규
5건
달성률
-
0.0%
100.0%
 프로그램목표 : Ⅱ-6 안정적인 건강보험 재정운용으로 국민의 의료이용 보장 
건강보험제도 
①보험료부담 
대
결과
ㅇ 
측정산식 
: 
목표
110.5
113.0
113.5",plan:NONE;plan_method:NONE;report_method:TEXT
MOHW-2022-II6-01,075,보건복지부,2022,Ⅱ,Ⅱ-6,,건강보험제도 운영,보험료부담 대비 급여 비 비율,보험료부담 대비 급여 비 비율,%,,113.5,108.6,95.7,,보험료부담 대비 급여 비 비율,,,113.5,113.5,113.5,예산증감사항으로 본 지표와 관계 없음,2022년도 성과보고서_보건복지부-243-333.pdf,67.0,309.0,,False,False,,보험료부담 대비 급여 비 비율,,113.5,(108.6),95.7,113.5,113.5,113.5,108.6,108.6,95.7,95.7,,0.0,0.0,0.0,0.0,0.0,0.0,0.0,0.0,0.0,MATCH_AFTER_CHANGE,EXACT_MATCH,EXACT_MATCH,EXACT_MATCH,EXACT_MATCH,EXACT_MATCH,EXACT_MATCH,OCR_REQUIRED,OCR_REQUIRED,PLAN_TARGET_FROM_CHANGE_TABLE_ONLY;TARGET_CHANGE_REASON_DOCUMENTED_IN_별첨6,[계획서] 2022년도 성과계획서_보건복지부-323-433.pdf ?쪽(원본 ?쪽) / [별첨6 변경표] 2022년도 성과보고서_보건복지부-243-333.pdf 67쪽(원본 309쪽),,,,,2022년도 성과계획서_보건복지부-323-433.pdf,,,,,2022년도 성과보고서_보건복지부.pdf,136,136,,"보험료부담 대비 
급여비 비율
(%)
ㅇ 측정산식 : 100 × (당해 연도 
총급여비÷총 보험료) 
 ▪ 측정방법
    - 측정대상기간 : ’22.1.1 ～ 
’22.12.31
    - 실적치 집계 완료 시점 : ’23.3
월말 예정(최종 통계는 4월 
이사회 통과후 확정)
    - 측정수행기관 : 국민건강보
험공단
    - 측정대상 표본수 및 선정방법
      : 현금흐름기준 당해연도 
총급여비 대비 총보험료 
비중
목표
108.0
110.5
113.0
113.5
실적
117.5
113.6
110.7
(108.6)
달성률(%)
108.8
102.8
98.0
95.7",plan:별첨6만;plan_method:TEXT;report_method:FULL_TEXT
MOHW-2022-II6-02,075,보건복지부,2022,Ⅱ,Ⅱ-6,,건강보험제도 운영,차상위계층 만성질환 자 만족도 조사,차상위계층 만성질환 자 만족도 조사,점,,91,92.3,101.4,,차상위계층 만성질환 자 만족도 조사,,,91.0,91.0,91.0,예산증감사항으로 본 지표와 관계 없음,2022년도 성과보고서_보건복지부-243-333.pdf,67.0,309.0,,False,False,,차상위계층 만성질환 자 만족도 조사,,91.0,92.3,101.4,91.0,91.0,91.0,92.3,92.3,101.4,101.4,,0.0,0.0,0.0,0.0,0.0,0.0,0.0,0.0,0.0,MATCH_AFTER_CHANGE,EXACT_MATCH,EXACT_MATCH,EXACT_MATCH,EXACT_MATCH,EXACT_MATCH,EXACT_MATCH,OCR_REQUIRED,OCR_REQUIRED,PLAN_TARGET_FROM_CHANGE_TABLE_ONLY;TARGET_CHANGE_REASON_DOCUMENTED_IN_별첨6,[계획서] 2022년도 성과계획서_보건복지부-323-433.pdf ?쪽(원본 ?쪽) / [별첨6 변경표] 2022년도 성과보고서_보건복지부-243-333.pdf 67쪽(원본 309쪽),,,,,2022년도 성과계획서_보건복지부-323-433.pdf,,,,,2022년도 성과보고서_보건복지부.pdf,136,136,,"• 측정산식: 차상위계층(만성질
환자) 만족도 조사(리서치) 종
합점수
목표
88.5
90.0
90.7
91.0
실적
90.7
91.2
91.8
92.3
달성률(%)
102.5
101.3
101.2
101.4",plan:별첨6만;plan_method:TEXT;report_method:FULL_TEXT
MOHW-2022-III1-01,075,보건복지부,2022,Ⅲ,Ⅲ-1,,소록도병원,소록도병원 고객만족 도 조사(점),소록도병원 고객만족 도 조사(점),점,,88,75,85.2,,,,,,,,,,,,,False,False,,소록도병원 고객만족 도 조사(점),,88,75,85.2,88.0,,88.0,75.0,75.0,85.2,85.2,,,,0.0,0.0,0.0,0.0,0.0,,,PDF_NOT_FOUND,PDF_NOT_FOUND,EXACT_MATCH,EXACT_MATCH,EXACT_MATCH,EXACT_MATCH,PDF_MISSING_MANUAL_PRESENT,OCR_REQUIRED,OCR_REQUIRED,,[계획서] 2022년도 성과계획서_보건복지부-323-433.pdf ?쪽(원본 ?쪽),,,,,2022년도 성과계획서_보건복지부-323-433.pdf,,,,,2022년도 성과보고서_보건복지부.pdf,143,143,,"고객만족도 
조사(점)
(점)
ㅇ 측정산식 : 고객만족도 조사 평균
(100점만점)=고객만족도 조사결
과 총점/조사대상 총수
목표
88
88
88
88
실적
86
83
76
75
달성률(%)
97.7
94.3
86.4
85.2",plan:NONE;plan_method:NONE;report_method:FULL_TEXT
MOHW-2022-III2-01,075,보건복지부,2022,Ⅲ,Ⅲ-2,,국민건강생활실천,담배반출량,담배반출량,백만 갑,하향,3479,3659,94.8,,담배반출량,,,"3,479","3,479","3,479",예산증감사항으로 본 지표와 관계 없음,2022년도 성과보고서_보건복지부-243-333.pdf,67.0,309.0,,False,False,,담배반출량,,"3,479","3,659",94.8,3479.0,3479.0,3479.0,3659.0,3659.0,94.8,94.8,95.08062312107133,0.0,0.0,0.0,0.0,0.0,0.0,0.0,0.0,0.0,MATCH_AFTER_CHANGE,EXACT_MATCH,EXACT_MATCH,EXACT_MATCH,EXACT_MATCH,EXACT_MATCH,EXACT_MATCH,OCR_REQUIRED,OCR_REQUIRED,PLAN_TARGET_FROM_CHANGE_TABLE_ONLY;TARGET_CHANGE_REASON_DOCUMENTED_IN_별첨6,[계획서] 2022년도 성과계획서_보건복지부-323-433.pdf ?쪽(원본 ?쪽) / [별첨6 변경표] 2022년도 성과보고서_보건복지부-243-333.pdf 67쪽(원본 309쪽),,,,,2022년도 성과계획서_보건복지부-323-433.pdf,,,,,2022년도 성과보고서_보건복지부.pdf,154,154,,"궐련 및 전자담배 
반출량(국민건강증진부담금 징수 
결정 내역)
목표
신규
신규
신규
3,479
실적
신규
신규
-
3,659
달성률(%)
-
-
-
94.8",plan:별첨6만;plan_method:TEXT;report_method:FULL_TEXT
MOHW-2022-III2-02,075,보건복지부,2022,Ⅲ,Ⅲ-2,,국민건강생활실천,지역사회건강증진사업 성과도,지역사회건강증진사업 성과도,점,,79.5,85.4,107.4,,지역사회건강증진사업 성과도,,,79.5,79.5,79.5,예산증감사항으로 본 지표와 관계 없음,2022년도 성과보고서_보건복지부-243-333.pdf,67.0,309.0,,False,False,,지역사회건강증진사업 성과도,,79.5,85.4,107.4,79.5,79.5,79.5,85.4,85.4,107.4,107.4,,0.0,0.0,0.0,0.0,0.0,0.0,0.0,0.0,0.0,MATCH_AFTER_CHANGE,EXACT_MATCH,EXACT_MATCH,EXACT_MATCH,EXACT_MATCH,EXACT_MATCH,EXACT_MATCH,OCR_REQUIRED,OCR_REQUIRED,PLAN_TARGET_FROM_CHANGE_TABLE_ONLY;TARGET_CHANGE_REASON_DOCUMENTED_IN_별첨6,[계획서] 2022년도 성과계획서_보건복지부-323-433.pdf ?쪽(원본 ?쪽) / [별첨6 변경표] 2022년도 성과보고서_보건복지부-243-333.pdf 67쪽(원본 309쪽),,,,,2022년도 성과계획서_보건복지부-323-433.pdf,,,,,2022년도 성과보고서_보건복지부.pdf,154,154,,"지역사회건강증
진사업성과도
(점)
성인 1만명을 대상으로 지역 
보건기관의 건강증진사업에 대한 
주관적 평가, 사업참여에 따른 
건강개선 만족도 등을 5점 척도로 
조사하여 점수화
목표
신규
신규
신규
79.5
실적
-
-
-
85.4
달성률(%)
-
-
-
107.4",plan:별첨6만;plan_method:TEXT;report_method:FULL_TEXT
MOHW-2022-III3-01,075,보건복지부,2022,Ⅲ,Ⅲ-3,,국립정신건강센터,국립정신건강센터 고 객만족도,국립정신건강센터 고 객만족도,점,,95.8,94.5,98.6,,국립정신건강센터 고 객만족도,,,95.8,95.8,95.8,추경재원 마련 위한 공통경비 감액 등으로 본 지표와는 상관관계가 없음,2022년도 성과보고서_보건복지부-243-333.pdf,68.0,310.0,,False,False,,국립정신건강센터 고 객만족도,,95.8,94.5,98.6,95.8,95.8,95.8,94.5,94.5,98.6,98.6,,0.0,0.0,0.0,0.0,0.0,0.0,0.0,0.0,0.0,MATCH_AFTER_CHANGE,EXACT_MATCH,EXACT_MATCH,EXACT_MATCH,EXACT_MATCH,EXACT_MATCH,EXACT_MATCH,OCR_REQUIRED,OCR_REQUIRED,PLAN_TARGET_FROM_CHANGE_TABLE_ONLY;TARGET_CHANGE_REASON_DOCUMENTED_IN_별첨6,[계획서] 2022년도 성과계획서_보건복지부-323-433.pdf ?쪽(원본 ?쪽) / [별첨6 변경표] 2022년도 성과보고서_보건복지부-243-333.pdf 68쪽(원본 310쪽),,,,,2022년도 성과계획서_보건복지부-323-433.pdf,,,,,2022년도 성과보고서_보건복지부.pdf,165,165,,"국립정신건강센
터 고객만족도
(점)
고객만족도=(설문조사 해당평균값/5)×100 
: 설문지 취합 후 5점 척도로 평균값 산출하
여 100점 만점으로 환산
목표
87.0
91.3
95.3
95.8
실적
94.8
95.3
95.7
94.5
달성률(%)
109.0
104.4
100.4
98.6",plan:별첨6만;plan_method:TEXT;report_method:FULL_TEXT
MOHW-2022-III4-01,075,보건복지부,2022,Ⅲ,Ⅲ-4,,국립나주병원,국립나주병원 고객만 족도,국립나주병원 고객만 족도,점,,94.4,91.7,97.1,,국립나주병원 고객만 족도,,,94.4,94.4,94.4,추경재원 마련 위한 공통경비 감액 등으로 본 지표와는 상관관계가 없음,2022년도 성과보고서_보건복지부-243-333.pdf,68.0,310.0,,False,False,,국립나주병원 고객만 족도,,94.4,91.7,97.1,94.4,94.4,94.4,91.7,91.7,97.1,97.1,,0.0,0.0,0.0,0.0,0.0,0.0,0.0,0.0,0.0,MATCH_AFTER_CHANGE,EXACT_MATCH,EXACT_MATCH,EXACT_MATCH,EXACT_MATCH,EXACT_MATCH,EXACT_MATCH,OCR_REQUIRED,OCR_REQUIRED,PLAN_TARGET_FROM_CHANGE_TABLE_ONLY;TARGET_CHANGE_REASON_DOCUMENTED_IN_별첨6,[계획서] 2022년도 성과계획서_보건복지부-323-433.pdf ?쪽(원본 ?쪽) / [별첨6 변경표] 2022년도 성과보고서_보건복지부-243-333.pdf 68쪽(원본 310쪽),,,,,2022년도 성과계획서_보건복지부-323-433.pdf,,,,,2022년도 성과보고서_보건복지부.pdf,172,172,,"국립나주병원 
고객만족도
(점)
ㅇ 측정산식 : 외래 및 입원환자 
대상 구조화된 설문지에 의한 
현장 조사로 5점 척도로 측정 
후 100점 만점으로 환산
목표
94.3
93.5
94.4
94.4
실적
93.1
94.2
89.1
91.7
달성률(%)
98.7
100.8
94.4
97.1",plan:별첨6만;plan_method:TEXT;report_method:FULL_TEXT
MOHW-2022-III5-01,075,보건복지부,2022,Ⅲ,Ⅲ-5,,국립부곡병원,국립부곡병원 고객만 족도,국립부곡병원 고객만 족도,점,,88,89.7,101.9,,국립부곡병원 고객만 족도,,,88.0,88.0,88.0,추경재원 마련 위한 공통경비 감액 등으로 본 지표와는 상관관계가 없음,2022년도 성과보고서_보건복지부-243-333.pdf,68.0,310.0,,False,False,,국립부곡병원 고객만 족도,,88.0,89.7,101.9,88.0,88.0,88.0,89.7,89.7,101.9,101.9,,0.0,0.0,0.0,0.0,0.0,0.0,0.0,0.0,0.0,MATCH_AFTER_CHANGE,EXACT_MATCH,EXACT_MATCH,EXACT_MATCH,EXACT_MATCH,EXACT_MATCH,EXACT_MATCH,OCR_REQUIRED,OCR_REQUIRED,PLAN_TARGET_FROM_CHANGE_TABLE_ONLY;TARGET_CHANGE_REASON_DOCUMENTED_IN_별첨6,[계획서] 2022년도 성과계획서_보건복지부-323-433.pdf ?쪽(원본 ?쪽) / [별첨6 변경표] 2022년도 성과보고서_보건복지부-243-333.pdf 68쪽(원본 310쪽),,,,,2022년도 성과계획서_보건복지부-323-433.pdf,,,,,2022년도 성과보고서_보건복지부.pdf,177,177,,"국립부곡병원 
고객만족도
(점)
 고객만족지수 = 요소만족도(70%) 
+ 체감만족도(30%)
 * 요소만족도 = ∑(각차원별(상품
품질,전달품질,환경품질,사회
품질)만족도×중요도)
 * 체감만족도 = (절대적만족+상
대적만족+감정적만족
목표
90.0
88.0
88.0
88.0
실적
87.1
87.5
86.2
89.7
달성률(%)
96.8
99.4
98.0
101.9",plan:별첨6만;plan_method:TEXT;report_method:FULL_TEXT
MOHW-2022-III6-01,075,보건복지부,2022,Ⅲ,Ⅲ-6,,국립춘천병원,국립춘천병원 고객만 족도,국립춘천병원 고객만 족도,점,,96.9,92.5,95.5,,국립춘천병원 고객만 족도,,,96.9,96.9,96.9,추경재원 마련 위한 공통경비 감액 등으로 본 지표와는 상관관계가 없음,2022년도 성과보고서_보건복지부-243-333.pdf,68.0,310.0,,False,False,,국립춘천병원 고객만 족도,,96.9,92.5,95.5,96.9,96.9,96.9,92.5,92.5,95.5,95.5,,0.0,0.0,0.0,0.0,0.0,0.0,0.0,0.0,0.0,MATCH_AFTER_CHANGE,EXACT_MATCH,EXACT_MATCH,EXACT_MATCH,EXACT_MATCH,EXACT_MATCH,EXACT_MATCH,OCR_REQUIRED,OCR_REQUIRED,PLAN_TARGET_FROM_CHANGE_TABLE_ONLY;TARGET_CHANGE_REASON_DOCUMENTED_IN_별첨6,[계획서] 2022년도 성과계획서_보건복지부-323-433.pdf ?쪽(원본 ?쪽) / [별첨6 변경표] 2022년도 성과보고서_보건복지부-243-333.pdf 68쪽(원본 310쪽),,,,,2022년도 성과계획서_보건복지부-323-433.pdf,,,,,2022년도 성과보고서_보건복지부.pdf,183,183,,"국립춘천병원 
고객만족도
(점)
설문지 취합하여 5점 척도로 평균값 
산출 후 PCSI모델에 따른 가중치를 
부여하여 100점 만점으로 종합점수 
산출
목표
96.5
97.3
96.9
96.9
실적
97.3
96.6
94.3
92.5
달성률(%)
100.8
99.3
97.3
95.5",plan:별첨6만;plan_method:TEXT;report_method:FULL_TEXT
MOHW-2022-III7-01,075,보건복지부,2022,Ⅲ,Ⅲ-7,,국립공주병원,국립공주병원 고객만 족도,국립공주병원 고객만 족도,점,,93.9,92.3,98.3,,국립공주병원 고객만 족도,,,93.9,93.9,93.9,추경재원 마련 위한 공통경비 감액 등으로 본 지표와는 상관관계가 없음,2022년도 성과보고서_보건복지부-243-333.pdf,68.0,310.0,,False,False,,국립공주병원 고객만 족도,,93.9,92.3,98.3,93.9,93.9,93.9,92.3,92.3,98.3,98.3,,0.0,0.0,0.0,0.0,0.0,0.0,0.0,0.0,0.0,MATCH_AFTER_CHANGE,EXACT_MATCH,EXACT_MATCH,EXACT_MATCH,EXACT_MATCH,EXACT_MATCH,EXACT_MATCH,OCR_REQUIRED,OCR_REQUIRED,PLAN_TARGET_FROM_CHANGE_TABLE_ONLY;TARGET_CHANGE_REASON_DOCUMENTED_IN_별첨6,[계획서] 2022년도 성과계획서_보건복지부-323-433.pdf ?쪽(원본 ?쪽) / [별첨6 변경표] 2022년도 성과보고서_보건복지부-243-333.pdf 68쪽(원본 310쪽),,,,,2022년도 성과계획서_보건복지부-323-433.pdf,,,,,2022년도 성과보고서_보건복지부.pdf,189,189,,"국립공주병원 
고객만족도
(점)
*PCSI: public-service customer satisfaction 
index) 공공기관 고객만족도 지수
ㅇ 측정산식 : 고객만족도(PCSI)= 체감 
만족도(A)+요소 만족도(B)
A: (절대적만족+상대적 만족+감정적 만족)/3
B: ∑(각 차원별 만족도(서비스 상품 품질, 
서비스 전달 품질, 서비스 환경 품질, 사회 
품질)×중요도)
목표
93.6
92.6
93.4
93.9
실적
95.7
93.2
94.5
92.3
달성률(%)
102.2
100.7
101.2
98.3",plan:별첨6만;plan_method:TEXT;report_method:FULL_TEXT
MOHW-2022-IV1-01,075,보건복지부,2022,Ⅳ,Ⅳ-1,,아동보호 및 복지 강화,아동빈곤율(OECD),아동빈곤율(OECD),%,하향,12.2,9.8,119.7,,아동빈곤율(OECD),,,12.2,12.2,12.2,예산증감사항으로 본 지표와 관계 없음,2022년도 성과보고서_보건복지부-243-333.pdf,68.0,310.0,,False,False,,아동빈곤율(OECD),,12.2,9.8,119.7,12.2,12.2,12.2,9.8,9.8,119.7,119.7,124.48979591836734,0.0,0.0,0.0,0.0,0.0,0.0,0.0,0.0,0.0,MATCH_AFTER_CHANGE,EXACT_MATCH,EXACT_MATCH,EXACT_MATCH,EXACT_MATCH,EXACT_MATCH,EXACT_MATCH,OCR_REQUIRED,OCR_REQUIRED,PLAN_TARGET_FROM_CHANGE_TABLE_ONLY;TARGET_CHANGE_REASON_DOCUMENTED_IN_별첨6,[계획서] 2022년도 성과계획서_보건복지부-323-433.pdf ?쪽(원본 ?쪽) / [별첨6 변경표] 2022년도 성과보고서_보건복지부-243-333.pdf 68쪽(원본 310쪽),,,,,2022년도 성과계획서_보건복지부-323-433.pdf,,,,,2022년도 성과보고서_보건복지부.pdf,198,198,,"'22년
아동빈곤율(OECD)
(%)(하향지표)
(소득 빈곤선 이하 아동수 ÷ 전체 아
동수) × 100
목표
신규
14.4
14.3
12.2
실적
신규
12.3
12.3
9.8
달성률(%)
-
114.6
114.0
119.7",plan:별첨6만;plan_method:TEXT;report_method:FULL_TEXT
MOHW-2022-IV1-02,075,보건복지부,2022,Ⅳ,Ⅳ-1,,아동보호 및 복지 강화,아동학대발견율,아동학대발견율,‰,상향,4.1,4,97.6,,아동학대발견율,,,4.1,4.1,4.1,예산증감사항으로 본 지표와 관계 없음,2022년도 성과보고서_보건복지부-243-333.pdf,68.0,310.0,,False,False,,아동학대발견율,,4.1,(4.0),97.6,4.1,4.1,4.1,4.0,4.0,97.6,97.6,97.56097560975611,0.0,0.0,0.0,0.0,0.0,0.0,0.0,0.0,0.0,MATCH_AFTER_CHANGE,EXACT_MATCH,EXACT_MATCH,EXACT_MATCH,EXACT_MATCH,EXACT_MATCH,EXACT_MATCH,OCR_REQUIRED,OCR_REQUIRED,PLAN_TARGET_FROM_CHANGE_TABLE_ONLY;TARGET_CHANGE_REASON_DOCUMENTED_IN_별첨6,[계획서] 2022년도 성과계획서_보건복지부-323-433.pdf ?쪽(원본 ?쪽) / [별첨6 변경표] 2022년도 성과보고서_보건복지부-243-333.pdf 68쪽(원본 310쪽),,,,,2022년도 성과계획서_보건복지부-323-433.pdf,,,,,2022년도 성과보고서_보건복지부.pdf,198,198,,"119.7
아동학대발견율
(‰)
 발견율(‰) = (아동학대 사례건수) 
/ (추계아동인구*) × 1,000
 * 만0세~만17세(아동복지법상 
아동정의 기준 연령)
 ▪ 측정방법
    - 측정대상기간 : ’22.1.1 ~ 
’22.12.31   
      - 실적치 집계 완료 시점 : 
’23.2월말 예정
      - 측정수행기관 : 보건복지
부, 아동권리보장원
목표
신규
신규
4.0
4.1
실적
신규
신규
5.0
(4.0)
달성률(%)
-
-
125.0
97.6",plan:별첨6만;plan_method:TEXT;report_method:FULL_TEXT
MOHW-2022-IV2-01,075,보건복지부,2022,Ⅳ,Ⅳ-2,,저출산대응및인구정책 지원,결혼·출산·육아에 대한 긍정적 태도 변화 (단 위: %),결혼·출산·육아에 대한 긍정적 태도 변화 (단 위: %),%p,,59.1,44.6,75.5,,결혼·출산·육아에 대한 긍정적 태도 변화 (단 위: %),,,59.1,59.1,59.1,"22년 출생아수 예측 변경에 따른 감액(첫만남이용권 △54억 감액, 아동수당 △246억 감액)으로 성과지표 변경 없음",2022년도 성과보고서_보건복지부-243-333.pdf,69.0,311.0,,False,False,,결혼·출산·육아에 대한 긍정적 태도 변화 (단 위: %),,59.1,44.6,75.5,59.1,59.1,59.1,44.6,44.6,75.5,75.5,,0.0,0.0,0.0,0.0,0.0,0.0,0.0,0.0,0.0,MATCH_AFTER_CHANGE,EXACT_MATCH,EXACT_MATCH,EXACT_MATCH,EXACT_MATCH,EXACT_MATCH,EXACT_MATCH,OCR_REQUIRED,OCR_REQUIRED,PLAN_TARGET_FROM_CHANGE_TABLE_ONLY;TARGET_CHANGE_REASON_DOCUMENTED_IN_별첨6,[계획서] 2022년도 성과계획서_보건복지부-323-433.pdf ?쪽(원본 ?쪽) / [별첨6 변경표] 2022년도 성과보고서_보건복지부-243-333.pdf 69쪽(원본 311쪽),,,,,2022년도 성과계획서_보건복지부-323-433.pdf,,,,,2022년도 성과보고서_보건복지부.pdf,205,205,,"태도 변화
(단위: %)
(%p)
ㅇ 리커트 5점 척도
(①매우 부정적, ②조금 부정적, ③보통, ④
조금 긍정적, ⑤매우 긍정적)
 * 부정 %(①+②), 보통 %(③), 긍정 %(④+⑤)
 * 100점 환산 점수 : ①매우 부정적인 
태도로 바뀌었다(20점), ②조금 부정
적인 태도로 바뀌었다(40점), ③보통
이다:(60점), ④조금 긍정적인 태도
로 바뀌었다(80점), ⑤매우 긍정적인 
태도로 바뀌었다(100점)
 ▪ 측정방법
 - 측정대상기간 : ‘22..11.~12. 
 - 실적치 집계 완료시점 : ’22.12월말 예정
 - 측정수행기관 : 온라인 패널 전문 조사기관
 - 측정대상 표본수 및 선정방법 : 전국 20-59
세 성인남녀(1,000명)
목표
신규
신규
53.1
59.1
실적
40.9
47.1
47.2
44.6
달성률(%)
-
-
88.9
75.5",plan:별첨6만;plan_method:TEXT;report_method:FULL_TEXT
MOHW-2022-IV2-02,075,보건복지부,2022,Ⅳ,Ⅳ-2,,저출산대응및인구정책 지원,합계출산율(명),합계출산율(명),명,,0.72,0.74,102.8,,합계출산율(명),,,0.72,0.72,0.72,"22년 출생아수 예측 변경에 따른 감액(첫만남이용권 △54억 감액, 아동수당 △246억 감액)으로 성과지표 변경 없음",2022년도 성과보고서_보건복지부-243-333.pdf,69.0,311.0,,False,False,,합계출산율(명),,0.72,(0.74),102.8,0.72,0.72,0.72,0.74,0.74,102.8,102.8,,0.0,0.0,0.0,0.0,0.0,0.0,0.0,0.0,0.0,EXACT_MATCH,EXACT_MATCH,EXACT_MATCH,EXACT_MATCH,EXACT_MATCH,EXACT_MATCH,EXACT_MATCH,OCR_REQUIRED,OCR_REQUIRED,TARGET_CHANGE_REASON_DOCUMENTED_IN_별첨6,[별첨6 변경표] 2022년도 성과보고서_보건복지부-243-333.pdf 69쪽(원본 311쪽),,,,,2022년도 성과계획서_보건복지부-323-433.pdf,4.0,326.0,,"san 17 22 년 프 로 그 램 목 표 선 고 므 구 프 성과 ㅣ 목 표 치 | 정 량 ' 분 야 정 성 프 로 그 램 목 표 1/-2. 저 출 산 대 응 및 인 구 정 책 지 원 ~~ 일 반 재 0) 합 계 출 산 율 ( 명 ) = 0.72( 명 ) 저 출 산 대 응 및 인 구 정 책 지 원 @ 결 혼 ㆍ 출 산 ㆍ 육 아 에 일 반 제 대 한 금 정 적 태 도 변 화 르 ""| 59.1(%p) ( 단 위 : %) 될 프 로 그 램 목 표 1/-3. 보 육 지 원 Ast 0) 어 린 이 집 이 용 부 모 만 일 반 재 보 육 지 원 강 화 ) 가 정 양 육 수 당 수 혜 자 일 반 재 만 족 도 정 프 로 그 램 목 표 1#-4. 취 약 노 인 보 호 를 Set 안 정 적 인 + Swat 보장 은 1) ",2022년도 성과보고서_보건복지부.pdf,204,204,,"'22년
합계출산율(명)
(명)
연령별 출산율(ASFR)의 총합
 * 연령별 출산율 : 1년간 발생한 모의 
연령별(15~49세) 출생아 수를 해
당 연령별 여자의 연앙인구(7월1일 기
준)로 나누어 1,000분율로 표시
목표
신규
신규
0.78
0.72
실적
0.92
0.84
0.81
(0.74)
달성률(%)
-
-
103.8
102.8",plan:별첨1;plan_method:OCR;report_method:FULL_TEXT
MOHW-2022-IV3-01,075,보건복지부,2022,Ⅳ,Ⅳ-3,,보육지원강화,가정양육수당 수혜자 만족도,가정양육수당 수혜자 만족도,점,,3.6,3.98,110.6,,가정양육수당 수혜자 만족도,,,3.6,3.6,3.6,"22년 출생아수 예측 변경에 따른 감액(영아수당 △244억, 가정양육수당 △256억, 영유아보육료 △247억)으로 성과지표 변경 없음",2022년도 성과보고서_보건복지부-243-333.pdf,69.0,311.0,,False,False,,가정양육수당 수혜자 만족도,,3.6,3.98,110.6,3.6,3.6,3.6,3.98,3.98,110.6,110.6,,0.0,0.0,0.0,0.0,0.0,0.0,0.0,0.0,0.0,MATCH_AFTER_CHANGE,EXACT_MATCH,EXACT_MATCH,EXACT_MATCH,EXACT_MATCH,EXACT_MATCH,EXACT_MATCH,OCR_REQUIRED,OCR_REQUIRED,PLAN_TARGET_FROM_CHANGE_TABLE_ONLY;TARGET_CHANGE_REASON_DOCUMENTED_IN_별첨6,[계획서] 2022년도 성과계획서_보건복지부-323-433.pdf ?쪽(원본 ?쪽) / [별첨6 변경표] 2022년도 성과보고서_보건복지부-243-333.pdf 69쪽(원본 311쪽),,,,,2022년도 성과계획서_보건복지부-323-433.pdf,,,,,2022년도 성과보고서_보건복지부.pdf,212,212,,"가정양육수당 
수혜자 만족도
(점)
ㅇ 측정산식 : 가정양육수당 수급 
부모대상 만족도 조사(5점 척도)
 ▪ 측정방법
    - 측정대상기간 : ’22.1.1 ~ 
’22.12.31
    - 실적치 집계 완료 시점 : ’23.2
월말 예정
    - 측정수행기관 : 육아정책연
구소
    - 측정대상 표본수 및 선정방법
      : 가정양육수당 수급가구 
300가구(예정)
목표
신규
신규
3.6
3.6
실적
신규
신규
3.6
3.98
달성률(%)
-
-
100.0
110.6",plan:별첨6만;plan_method:TEXT;report_method:FULL_TEXT
MOHW-2022-IV3-02,075,보건복지부,2022,Ⅳ,Ⅳ-3,,보육지원강화,어린이집 이용부모 만 족도,어린이집 이용부모 만 족도,점,,3.8,4.08,107.4,,어린이집 이용부모 만 족도,,,3.8,3.8,3.8,"22년 출생아수 예측 변경에 따른 감액(영아수당 △244억, 가정양육수당 △256억, 영유아보육료 △247억)으로 성과지표 변경 없음 5,808,878 5,819,412 가정양육수당 수혜자 만족도 0.5",2022년도 성과보고서_보건복지부-243-333.pdf,69.0,311.0,,False,False,,어린이집 이용부모 만 족도,,3.8,4.08,107.4,3.8,3.8,3.8,4.08,4.08,107.4,107.4,,0.0,0.0,0.0,0.0,0.0,0.0,0.0,0.0,0.0,MATCH_AFTER_CHANGE,EXACT_MATCH,EXACT_MATCH,EXACT_MATCH,EXACT_MATCH,EXACT_MATCH,EXACT_MATCH,OCR_REQUIRED,OCR_REQUIRED,PLAN_TARGET_FROM_CHANGE_TABLE_ONLY;TARGET_CHANGE_REASON_DOCUMENTED_IN_별첨6,[계획서] 2022년도 성과계획서_보건복지부-323-433.pdf ?쪽(원본 ?쪽) / [별첨6 변경표] 2022년도 성과보고서_보건복지부-243-333.pdf 69쪽(원본 311쪽),,,,,2022년도 성과계획서_보건복지부-323-433.pdf,,,,,2022년도 성과보고서_보건복지부.pdf,212,212,,"어린이집 
이용부모 만족도
(점)
ㅇ 측정산식 : 어린이집 이용 부모
대상 만족도 조사(5점 척도)
 ▪ 측정방법
    - 측정대상기간 : ’22.1.1 ~ 
’22.12.31
    - 실적치 집계 완료 시점 : ’23.2
월말 예정
    - 측정수행기관 : 육아정책연
구소
    - 측정대상 표본수 및 선정방법
      : 어린이집 이용가구 2,200
가구(예정)
목표
신규
신규
3.8
3.8
실적
신규
3.7
4.10
4.08
달성률(%)
-
-
107.9
107.4",plan:별첨6만;plan_method:TEXT;report_method:FULL_TEXT
MOHW-2022-IV4-01,075,보건복지부,2022,Ⅳ,Ⅳ-4,,노인생활안정,노인생활안정지원비율 (%),노인생활안정지원비율 (%),%,,15.1,15.3,101.3,,노인생활안정지원비율 (%),,,15.1,15.1,15.1,"물가상승률 상승에 따른 기준연금액 상승분 지원(1,755억원 증액)으로 성과지표 변경 없음",2022년도 성과보고서_보건복지부-243-333.pdf,69.0,311.0,,False,False,,노인생활안정지원비율 (%),,15.1,15.3,101.3,15.1,15.1,15.1,15.3,15.3,101.3,101.3,,0.0,0.0,0.0,0.0,0.0,0.0,0.0,0.0,0.0,MATCH_AFTER_CHANGE,EXACT_MATCH,EXACT_MATCH,EXACT_MATCH,EXACT_MATCH,EXACT_MATCH,EXACT_MATCH,OCR_REQUIRED,OCR_REQUIRED,PLAN_TARGET_FROM_CHANGE_TABLE_ONLY;TARGET_CHANGE_REASON_DOCUMENTED_IN_별첨6,[계획서] 2022년도 성과계획서_보건복지부-323-433.pdf ?쪽(원본 ?쪽) / [별첨6 변경표] 2022년도 성과보고서_보건복지부-243-333.pdf 69쪽(원본 311쪽),,,,,2022년도 성과계획서_보건복지부-323-433.pdf,,,,,2022년도 성과보고서_보건복지부.pdf,220,220,,"노인생활안정지
원비율 (%)
(%)
{(노인맞춤돌봄서비스사업+노인
일자리사업) 수혜자 수/전체 
노인 수}×100
목표
7.9
14.6
15.2
15.1
실적
10.1
14.7
15.6
15.3
달성률(%)
127.9
100.7
102.6
101.3",plan:별첨6만;plan_method:TEXT;report_method:FULL_TEXT
MOHW-2022-IV5-01,075,보건복지부,2022,Ⅳ,Ⅳ-5,,노인의료보장,장기요양기관 이용자 수,장기요양기관 이용자 수,명,,681971,770163,112.9,,장기요양기관 이용자 수,,,"681,971","681,971","681,971",변경사항 없음,2022년도 성과보고서_보건복지부-243-333.pdf,70.0,312.0,,False,False,,장기요양기관 이용자 수,,"681,971",770163,112.9,681971.0,681971.0,681971.0,770163.0,770163.0,112.9,112.9,,0.0,0.0,0.0,0.0,0.0,0.0,0.0,0.0,0.0,MATCH_AFTER_CHANGE,EXACT_MATCH,EXACT_MATCH,EXACT_MATCH,EXACT_MATCH,EXACT_MATCH,EXACT_MATCH,OCR_REQUIRED,OCR_REQUIRED,PLAN_TARGET_FROM_CHANGE_TABLE_ONLY;TARGET_CHANGE_REASON_DOCUMENTED_IN_별첨6,[계획서] 2022년도 성과계획서_보건복지부-323-433.pdf ?쪽(원본 ?쪽) / [별첨6 변경표] 2022년도 성과보고서_보건복지부-243-333.pdf 70쪽(원본 312쪽),,,,,2022년도 성과계획서_보건복지부-323-433.pdf,,,,,2022년도 성과보고서_보건복지부.pdf,226,226,,"장기요양기관 
이용자 수
(명)
 측정산식 : ‘22.12.31일 현재 전국 
장기요양기관* 전체 이용자 수
 측정대상 : ‘22.12.31일 현재 
장기요양기관 전체 이용자
 * 장기요양기관 = 노인요양시설 
+ 재가장기요양기관
목표
신규
신규
신규
681,971
실적
-
-
-
770163
달성률(%)
-
-
-
112.9",plan:별첨6만;plan_method:TEXT;report_method:FULL_TEXT
MOHW-2022-IV5-02,075,보건복지부,2022,Ⅳ,Ⅳ-5,,노인의료보장,치매전담형 기관 수,치매전담형 기관 수,개,,225,348,154.7,,치매전담형 기관 수,,,225,225,225,변경사항 없음,2022년도 성과보고서_보건복지부-243-333.pdf,70.0,312.0,,False,False,,치매전담형 기관 수,,225,348,154.7,225.0,225.0,225.0,348.0,348.0,154.7,154.7,,0.0,0.0,0.0,0.0,0.0,0.0,0.0,0.0,0.0,MATCH_AFTER_CHANGE,EXACT_MATCH,EXACT_MATCH,EXACT_MATCH,EXACT_MATCH,EXACT_MATCH,EXACT_MATCH,OCR_REQUIRED,OCR_REQUIRED,PLAN_TARGET_FROM_CHANGE_TABLE_ONLY;TARGET_CHANGE_REASON_DOCUMENTED_IN_별첨6,[계획서] 2022년도 성과계획서_보건복지부-323-433.pdf ?쪽(원본 ?쪽) / [별첨6 변경표] 2022년도 성과보고서_보건복지부-243-333.pdf 70쪽(원본 312쪽),,,,,2022년도 성과계획서_보건복지부-323-433.pdf,,,,,2022년도 성과보고서_보건복지부.pdf,226,226,,"치매전담형 
기관 수
(개)
‘22.12.31일 기준 전년 대비 치매전
담형 기관 신규 설치 수
목표
신규
신규
신규
225
실적
-
-
-
348
달성률(%)
-
-
-
154.7",plan:별첨6만;plan_method:TEXT;report_method:FULL_TEXT
MOHW-2022-IV5-03,075,보건복지부,2022,Ⅳ,Ⅳ-5,,노인의료보장,치매환자 의료관리율,치매환자 의료관리율,%,,93.1,94.6,101.6,,치매환자 의료관리율,,,93.1,93.1,93.1,변경사항 없음,2022년도 성과보고서_보건복지부-243-333.pdf,70.0,312.0,,False,False,,치매환자 의료관리율,,93.1,94.6,101.6,93.1,93.1,93.1,94.6,94.6,101.6,101.6,,0.0,0.0,0.0,0.0,0.0,0.0,0.0,0.0,0.0,EXACT_MATCH,EXACT_MATCH,EXACT_MATCH,EXACT_MATCH,EXACT_MATCH,EXACT_MATCH,EXACT_MATCH,OCR_REQUIRED,OCR_REQUIRED,TARGET_CHANGE_REASON_DOCUMENTED_IN_별첨6,[별첨6 변경표] 2022년도 성과보고서_보건복지부-243-333.pdf 70쪽(원본 312쪽),,,,,2022년도 성과계획서_보건복지부-323-433.pdf,4.0,326.0,,"san 17 22 년 프 로 그 램 목 표 선 고 므 구 프 성과 ㅣ 목 표 치 | 정 량 ' 분 야 정 성 프 로 그 램 목 표 1/-2. 저 출 산 대 응 및 인 구 정 책 지 원 ~~ 일 반 재 0) 합 계 출 산 율 ( 명 ) = 0.72( 명 ) 저 출 산 대 응 및 인 구 정 책 지 원 @ 결 혼 ㆍ 출 산 ㆍ 육 아 에 일 반 제 대 한 금 정 적 태 도 변 화 르 ""| 59.1(%p) ( 단 위 : %) 될 프 로 그 램 목 표 1/-3. 보 육 지 원 Ast 0) 어 린 이 집 이 용 부 모 만 일 반 재 보 육 지 원 강 화 ) 가 정 양 육 수 당 수 혜 자 일 반 재 만 족 도 정 프 로 그 램 목 표 1#-4. 취 약 노 인 보 호 를 Set 안 정 적 인 + Swat 보장 은 1) ",2022년도 성과보고서_보건복지부.pdf,226,226,,"치매환자 
의료관리율
(%)
치매진료인원 / 치매환자수 × 
100
목표
83.0
92.9
91.6
93.1
실적
91.6
95.6
95.7
94.6
달성률(%)
110.4
102.9
104.5
101.6",plan:별첨1;plan_method:OCR;report_method:FULL_TEXT
MOHW-2022-IV6-01,075,보건복지부,2022,Ⅳ,Ⅳ-6,,국민연금운영(여유자금 운영위탁 등),기금운용 목표 수익률 달성(%),기금운용 목표 수익률 달성(%),%,,100,17.7,17.7,,기금운용 목표 수익률 달성(%),,,100,100,100,예산증감사항으로 본 지표와 관계 없음,2022년도 성과보고서_보건복지부-243-333.pdf,70.0,312.0,,False,False,,기금운용 목표 수익률 달성(%),,100,17.7,17.7,100.0,100.0,100.0,17.7,17.7,17.7,17.7,,0.0,0.0,0.0,0.0,0.0,0.0,0.0,0.0,0.0,MATCH_AFTER_CHANGE,EXACT_MATCH,EXACT_MATCH,EXACT_MATCH,EXACT_MATCH,EXACT_MATCH,EXACT_MATCH,OCR_REQUIRED,OCR_REQUIRED,PLAN_TARGET_FROM_CHANGE_TABLE_ONLY;TARGET_CHANGE_REASON_DOCUMENTED_IN_별첨6,[계획서] 2022년도 성과계획서_보건복지부-323-433.pdf ?쪽(원본 ?쪽) / [별첨6 변경표] 2022년도 성과보고서_보건복지부-243-333.pdf 70쪽(원본 312쪽),,,,,2022년도 성과계획서_보건복지부-323-433.pdf,,,,,2022년도 성과보고서_보건복지부.pdf,232,232,,"기금운용 목표 
수익률 달성(%)
(%)
최근 3년간 기금운용수익률의 
가중(5:3:2) 평균/(최근 3년간 
GDP성장률과 CPI상승률의 
가중평균 합+α 
(목표초과수익률))*100
목표
신규
신규
100
100
실적
신규
신규
100
17.7
달성률(%)
-
-
100.0
17.7",plan:별첨6만;plan_method:TEXT;report_method:FULL_TEXT
MOHW-2022-IV7-01,075,보건복지부,2022,Ⅳ,Ⅳ-7,,국민연금운영(급여지급),국민연금 수급률,국민연금 수급률,%,,49.9,50.8,100.8,,국민연금 수급률,,,50.4,49.9,50.4,‘21년 실적 확정(48.3%)에 따라 22년 목표치 상향 조정,2022년도 성과보고서_보건복지부-243-333.pdf,70.0,312.0,,False,False,,국민연금 수급률,,50.4,50.8,100.8,49.9,50.4,50.4,50.8,50.8,100.8,100.8,,0.5,1.002004008016032,0.5,1.002004008016032,0.0,0.0,0.0,0.0,0.0,MATCH_AFTER_CHANGE,VALUE_MISMATCH,EXACT_MATCH,MATCH_AFTER_CHANGE,EXACT_MATCH,EXACT_MATCH,EXACT_MATCH,OCR_REQUIRED,OCR_REQUIRED,PLAN_TARGET_FROM_CHANGE_TABLE_ONLY;TARGET_CHANGE_REASON_DOCUMENTED_IN_별첨6;REPORT_TARGET_CHANGE_CONFIRMED_BY_별첨6,[계획서] 2022년도 성과계획서_보건복지부-323-433.pdf ?쪽(원본 ?쪽) / [보고서] 2022년도 성과보고서_보건복지부.pdf 239쪽(원본 239쪽) / [별첨6 변경표] 2022년도 성과보고서_보건복지부-243-333.pdf 70쪽(원본 312쪽),,,,,2022년도 성과계획서_보건복지부-323-433.pdf,,,,,2022년도 성과보고서_보건복지부.pdf,239,239,202.0,"국민연금 
수급률
(%)
국민연금 수급자/62세 이상 
인구*100
목표
신규
45.9
47.9
50.4
실적
신규
46.0
48.3
50.8
달성률(%)
-
100.2
100.8
100.8",plan:별첨6만;plan_method:TEXT;report_method:FULL_TEXT
MOHW-2023-I1-01,075,보건복지부,2023,Ⅰ,Ⅰ-1,,기초생활보장,전체 빈곤층 대비 복 지수혜 비율,전체 빈곤층 대비 복 지수혜 비율,%,,38,37.3,98.7,,전체 빈곤층 대비 복 지수혜 비율,,,38.0,38,37.8,‘22년 실적 확정에 따른 목표치 조정,2023년도 성과보고서_보건복지부-256-363.pdf,70.0,325.0,,False,False,,전체 빈곤층 대비 복 지수혜 비율,,37.8,(37.3),98.7,38.0,38.0,37.8,37.3,37.3,98.7,98.7,,0.0,0.0,-0.20000000000000284,-0.5263157894736916,0.0,0.0,0.0,-0.20000000000000284,-0.5263157894736916,EXACT_MATCH,EXACT_MATCH,EXACT_MATCH,MATCH_AFTER_CHANGE,EXACT_MATCH,EXACT_MATCH,EXACT_MATCH,NOT_APPLICABLE,MATCH_AFTER_CHANGE,TARGET_CHANGE_REASON_DOCUMENTED_IN_별첨6;REPORT_TARGET_CHANGE_CONFIRMED_BY_별첨6,[보고서] 2023년도 성과보고서_보건복지부.pdf 35쪽(원본 35쪽) / [별첨6 변경표] 2023년도 성과보고서_보건복지부-256-363.pdf 70쪽(원본 325쪽),,,,,2023년도 성과계획서_보건복지부-346-442.pdf,1.0,346.0,,기초생활보장 전체 빈곤층 대비 복 ① 지수혜 비율 1.0 일반재 정 38(%) 정량 산출 프로그램목표 노숙인의사상자 지원 -2. Ⅰ 노숙인의사상자지원 노숙인시설 종사자 전 ① 문성 강화 교육 참여율 1.0 일반재 정 25(%) 정량 산출 프로그램목표 장애인 생활안정 및 재활 지원 -3. Ⅰ,2023년도 성과보고서_보건복지부.pdf,35,35,,"전체 빈곤층 대비 
복지수혜 비율
(%)
복지수혜자 수(A)/전체 빈곤층(B) × 
100
- 복지수혜자 수(A) = 기초생활보
장수급자 수 + 차상위본인부담
경감 
수급자 
수(중위소득 
50% 
이하) + 차상위자활 수급자수(중
위소득 50% 이하)
* 행복e음 자료 추출
- 전체빈곤층(B) = 주민등록인구수(행정
안전부) 
× 
빈곤율*(통계청, 
가계금
융․복지조사(패널))
* 균등화 처분가능소득 상대적 빈
곤율 : 균등화 처분가소득의 중
위소득 50%이하에 속한 인구수
로 나눈 비율
목표
23.8
26.4
36.5
37.8
실적
27.8
34.7
35.8
(37.3)
달성률(%)
116.8
131.4
98.1
98.7",plan:별첨1;plan_method:TEXT;report_method:FULL_TEXT
MOHW-2023-I3-01,075,보건복지부,2023,Ⅰ,Ⅰ-3,,장애인생활안정 및 재활 지원,장애인 현금급여 수급 률,장애인 현금급여 수급 률,%,,29.1,29.7,101.7,,장애인 현금급여 수급 률,,,29.1,29.1,29.2,‘22년 실적치 확정에 따른 목표치 조정,2023년도 성과보고서_보건복지부-256-363.pdf,70.0,325.0,,False,False,,장애인 현금급여 수급 률,,29.2,29.7,101.7,29.1,29.1,29.2,29.7,29.7,101.7,101.7,,0.0,0.0,0.09999999999999787,0.34364261168384147,0.0,0.0,0.0,0.09999999999999787,0.34364261168384147,EXACT_MATCH,EXACT_MATCH,EXACT_MATCH,MATCH_AFTER_CHANGE,EXACT_MATCH,EXACT_MATCH,EXACT_MATCH,NOT_APPLICABLE,MATCH_AFTER_CHANGE,TARGET_CHANGE_REASON_DOCUMENTED_IN_별첨6;REPORT_TARGET_CHANGE_CONFIRMED_BY_별첨6,[보고서] 2023년도 성과보고서_보건복지부.pdf 49쪽(원본 49쪽) / [별첨6 변경표] 2023년도 성과보고서_보건복지부-256-363.pdf 70쪽(원본 325쪽),,,,,2023년도 성과계획서_보건복지부-346-442.pdf,1.0,346.0,,장애인 현금급여 수급 ① 률 0.4 일반재 정 29.1(%) 정량 결과 기초생활보장수급자 ② 중 장애인 비율 0.6 일반재 정 24.8(%) 정량 결과 하향지표 프로그램목표 재활 의료 연구 교육을 통하여 국가 중앙재활기관으로서의 선도적 역할 수행 -4. Ⅰ 국립재활원,2023년도 성과보고서_보건복지부.pdf,49,49,,"현금급여 
수급률
(%)
 ○ 측정방법
   - 측정대상기간 : ’23.1.1. ~ 
’23.12.31.
   - 실적치 집계 완료 시점 : 
’23.12월말 예정
   - 
측정수행기관 
: 
직접수행
(행복e음시스템 통계자료)
 ○ 측정산식 : (장애인연금 수
급자수 + 장애수당 수급자
수 + 장애아동수당 수급자
수 / 등록장애인수)*100
   - 장애인연금수급자수·장애수
당수급자수·장애아동수당수
급자수 : 당해연도말 해당
급여를 받고있는 자의 수
   - 등록장애인수 : 당해연도말 
등록한 장애인 수
목표
28.4
28.5
28.8
29.2
실적
29.3
29.4
29.2
29.7
달성률(%)
103.2
103.2
101.4
101.7",plan:별첨1;plan_method:TEXT;report_method:FULL_TEXT
MOHW-2023-I3-02,075,보건복지부,2023,Ⅰ,Ⅰ-3,,장애인생활안정 및 재활 지원,기초생활보장수급자 중 장애인 비율,기초생활보장수급자 중 장애인 비율,%,하향,24.8,23.9,92.3,,기초생활보장수급자 중 장애인 비율,,,24.8,24.8,22.2,‘22년 실적치 확정에 따른 목표치 조정,2023년도 성과보고서_보건복지부-256-363.pdf,70.0,325.0,,False,False,,기초생활보장수급자 중 장애인 비율,,22.2,23.9,92.3,24.8,24.8,22.2,23.9,23.9,92.3,92.3,92.88702928870293,0.0,0.0,-2.6000000000000014,-10.483870967741941,0.0,0.0,0.0,-2.6000000000000014,-10.483870967741941,EXACT_MATCH,EXACT_MATCH,EXACT_MATCH,MATCH_AFTER_CHANGE,EXACT_MATCH,EXACT_MATCH,EXACT_MATCH,NOT_APPLICABLE,MATCH_AFTER_CHANGE,TARGET_CHANGE_REASON_DOCUMENTED_IN_별첨6;REPORT_TARGET_CHANGE_CONFIRMED_BY_별첨6,[보고서] 2023년도 성과보고서_보건복지부.pdf 49쪽(원본 49쪽) / [별첨6 변경표] 2023년도 성과보고서_보건복지부-256-363.pdf 70쪽(원본 325쪽),,,,,2023년도 성과계획서_보건복지부-346-442.pdf,1.0,346.0,,기초생활보장수급자 ② 중 장애인 비율 0.6 일반재 정 24.8(%) 정량 결과 하향지표 프로그램목표 재활 의료 연구 교육을 통하여 국가 중앙재활기관으로서의 선도적 역할 수행 -4. Ⅰ 국립재활원 고객만족도 ① 0.5 일반재 정 점 86.3( ) 정성 결과,2023년도 성과보고서_보건복지부.pdf,49,49,,"급자 중 장애인 
비율
(%)(하향지표)
 ○ 측정방법
   - 측정대상기간 : ’23.1.1. ~ 
’23.12.31.
   - 실적치 집계 완료 시점 : 
’23.12월말 예정  
   - 측정수행기관 : 사회보장정
보원
 ○ 측정산식 
: 
(등록장애인인 
기초생활보장수급자수/기초
생활보장수급자수)*100
목표
신규
신규
25.0
22.2
실적
신규
신규
23.0
23.9
달성률(%)
-
-
108.0
92.3",plan:별첨1;plan_method:TEXT;report_method:FULL_TEXT
MOHW-2023-I4-01,075,보건복지부,2023,Ⅰ,Ⅰ-4,,국립재활원,고객만족도,고객만족도,점,,86.3,90.2,104.4,,고객만족도,,,86.3,86.3,86.4,‘22년 실적 확정에 따른 목표치 상향 조정,2023년도 성과보고서_보건복지부-256-363.pdf,70.0,325.0,,False,False,,고객만족도,,86.4,90.2,104.4,86.3,86.3,86.4,90.2,90.2,104.4,104.4,,0.0,0.0,0.10000000000000853,0.11587485515644094,0.0,0.0,0.0,0.10000000000000853,0.11587485515644094,EXACT_MATCH,EXACT_MATCH,EXACT_MATCH,MATCH_AFTER_CHANGE,EXACT_MATCH,EXACT_MATCH,EXACT_MATCH,NOT_APPLICABLE,MATCH_AFTER_CHANGE,TARGET_CHANGE_REASON_DOCUMENTED_IN_별첨6;REPORT_TARGET_CHANGE_CONFIRMED_BY_별첨6,[보고서] 2023년도 성과보고서_보건복지부.pdf 58쪽(원본 58쪽) / [별첨6 변경표] 2023년도 성과보고서_보건복지부-256-363.pdf 70쪽(원본 325쪽),,,,,2023년도 성과계획서_보건복지부-346-442.pdf,1.0,346.0,,고객만족도 ① 0.5 일반재 정 점 86.3( ) 정성 결과 치료효과도 ② 0.5 일반재 정 점 10.4( ) 정성 결과,2023년도 성과보고서_보건복지부.pdf,58,58,,"'23년
고객만족도
(점)
설문지 취합하여 리커드 5점 척도 후 
100점으로 환산 적용하여 평균값 산출, 
PCSI모델에 
따른 
가중치를 
부여하여 
100점 만점으로 종합점수 산출
목표
85.6
85.6
85.9
86.4
실적
85.6
87.4
86.3
90.2
달성률(%)
100.0
102.1
100.5
104.4",plan:별첨1;plan_method:TEXT;report_method:FULL_TEXT
MOHW-2023-I4-02,075,보건복지부,2023,Ⅰ,Ⅰ-4,,국립재활원,치료효과도,치료효과도,점,,10.4,9.5,89.6,,치료효과도,,,10.4,10.4,10.6,‘22년 실적 확정에 따른 목표치 상향 조정,2023년도 성과보고서_보건복지부-256-363.pdf,71.0,326.0,,False,False,,치료효과도,,10.6,9.5,89.6,10.4,10.4,10.6,9.5,9.5,89.6,89.6,,0.0,0.0,0.1999999999999993,1.9230769230769162,0.0,0.0,0.0,0.1999999999999993,1.9230769230769162,EXACT_MATCH,EXACT_MATCH,EXACT_MATCH,MATCH_AFTER_CHANGE,EXACT_MATCH,EXACT_MATCH,EXACT_MATCH,NOT_APPLICABLE,MATCH_AFTER_CHANGE,TARGET_CHANGE_REASON_DOCUMENTED_IN_별첨6;REPORT_TARGET_CHANGE_CONFIRMED_BY_별첨6,[보고서] 2023년도 성과보고서_보건복지부.pdf 58쪽(원본 58쪽) / [별첨6 변경표] 2023년도 성과보고서_보건복지부-256-363.pdf 71쪽(원본 326쪽),,,,,2023년도 성과계획서_보건복지부-346-442.pdf,1.0,346.0,,치료효과도 ② 0.5 일반재 정 점 10.4( ) 정성 결과,2023년도 성과보고서_보건복지부.pdf,58,58,,"(점)
ㅇ 측정산식 : 치료효과도 = [{(뇌병변환자 
퇴원점수의 합-입원점수의 합)/평가
환자수}+{(척수손상환자 퇴원점수의 
합-입원점수의 합)/평가환자수}] / 2
(뇌병변환자군+척수손상환자군)
K-MBI(modified bathel index, 뇌병변 환
자 일상생활동작평가), SCIM-Ⅲ(spinal 
cord independence measure, 척수손상
환자 독립성평가)에 대하여 입퇴원시 평
가점수를 측정하여 산출된 점수 결과
목표
10.1
10.5
10.6
10.6
실적
10.8
10.4
10.7
9.5
달성률(%)
106.9
99.0
100.9
89.6",plan:별첨1;plan_method:TEXT;report_method:FULL_TEXT
MOHW-2023-I5-01,075,보건복지부,2023,Ⅰ,Ⅰ-5,,사회복지기반조성,복지사각지대 지원율,복지사각지대 지원율,%,,41.3,49.4,105.8,,복지사각지대 지원율,,,41.3,41.3,46.7,"예산증액되었으나, 본 지표와는 상관 없으므로 지표, 목표치 변경 안함",2023년도 성과보고서_보건복지부-256-363.pdf,71.0,326.0,,False,False,,복지사각지대 지원율,,46.7,49.4,105.8,41.3,41.3,46.7,49.4,49.4,105.8,105.8,,0.0,0.0,5.400000000000006,13.075060532687665,0.0,0.0,0.0,5.400000000000006,13.075060532687665,EXACT_MATCH,EXACT_MATCH,EXACT_MATCH,MATCH_AFTER_CHANGE,EXACT_MATCH,EXACT_MATCH,EXACT_MATCH,NOT_APPLICABLE,MATCH_AFTER_CHANGE,TARGET_CHANGE_REASON_DOCUMENTED_IN_별첨6;REPORT_TARGET_CHANGE_CONFIRMED_BY_별첨6,[보고서] 2023년도 성과보고서_보건복지부.pdf 70쪽(원본 70쪽) / [별첨6 변경표] 2023년도 성과보고서_보건복지부-256-363.pdf 71쪽(원본 326쪽),,,,,2023년도 성과계획서_보건복지부-346-442.pdf,2.0,347.0,,복지사각지대 지원율 ① 0.6 일반재 정 41.3(%) 정량 산출 사례관리 가구 위기상 ② 황 해소율 0.4 일반재 정 87.5(%) 정량 결과 전략목표 맞춤형 보건인프라 구축을 통한 국민의 건강보장 . Ⅱ 프로그램목표 보건의료연구 확대 및 의료분쟁 조정 등을 통해 보건의료서비스 지원 강화 -1. Ⅱ,2023년도 성과보고서_보건복지부.pdf,70,70,,"복지사각지대 
지원율
(%)
ㅇ 측정산식 : (실적마감일 기준*)
복지사각지대 발굴대상자** 중 
조치완료 대상자***/복지사각
지대 발굴대상자
    * 실적마감일은 당해년도 지
자체 합동평가 실적산정기
간과 동일함
    ** 사각지대 발굴관리 시스템
을 통해 예측되어 읍면동에 
중앙발굴로 통보된 대상자
    *** 공공서비스(기초, 차상위, 
긴급 등) 및 민간서비스(공
동모금회, 푸드뱅크 등) 수
혜자
목표
신규
신규
35
46.7
실적
신규
신규
50.2
49.4
달성률(%)
-
-
143.4
105.8",plan:별첨1;plan_method:TEXT;report_method:FULL_TEXT
MOHW-2023-II2-01,075,보건복지부,2023,Ⅱ,Ⅱ-2,,공공보건의료확충,공공보건의료계획 시 행결과 평가점수,공공보건의료계획 시 행결과 평가점수,점,,86.3,92,105.7,,공공보건의료계획 시 행결과 평가점수,,,86.3,86.3,87,‘22년 실적 확정에 따른 목표치 상향 조정,2023년도 성과보고서_보건복지부-256-363.pdf,71.0,326.0,,False,False,,공공보건의료계획 시 행결과 평가점수,,87,92.0,105.7,86.3,86.3,87.0,92.0,92.0,105.7,105.7,,0.0,0.0,0.7000000000000028,0.8111239860950206,0.0,0.0,0.0,0.7000000000000028,0.8111239860950206,AMBIGUOUS,EXACT_MATCH,AMBIGUOUS,MATCH_AFTER_CHANGE,EXACT_MATCH,EXACT_MATCH,EXACT_MATCH,NOT_APPLICABLE,AMBIGUOUS,TARGET_CHANGE_REASON_DOCUMENTED_IN_별첨6;REPORT_TARGET_CHANGE_CONFIRMED_BY_별첨6;INDICATOR_NAME_AMBIGUOUS_MULTIPLE_PROGRAMS_SAME_YEAR,동일 연도 내 지표명 중복 - 프로그램별 위치를 직접 대조하세요. / [계획서] 2023년도 성과계획서_보건복지부-346-442.pdf 2쪽(원본 347쪽) / [보고서] 2023년도 성과보고서_보건복지부.pdf 98쪽(원본 98쪽) / [별첨6 변경표] 2023년도 성과보고서_보건복지부-256-363.pdf 71쪽(원본 326쪽),,,,,2023년도 성과계획서_보건복지부-346-442.pdf,2.0,347.0,,공공보건의료계획 시 ② 행결과 평가점수 0.5 일반재 정 점 86.3( ) 정성 결과 해당없음 프로그램목표 응급의료체계 운영 지원 -3. Ⅱ 응급의료체계운영지원 중증환자 최종치료 제 ① 공률 0.5 일반재 정 90.7(%) 정량 결과,2023년도 성과보고서_보건복지부.pdf,98,98,,"- 측정방법: 공공보건의료계획 시행결과 
평가점수 산출
목표
신규
신규
86.3
87
실적
85.6
88.1
86.3
92.0
달성률(%)
-
-
100.0
105.7",plan:별첨1;plan_method:TEXT;report_method:FULL_TEXT
MOHW-2023-II3-02,075,보건복지부,2023,Ⅱ,Ⅱ-3,,응급의료체계운영지원,중증환자 최종치료 제 공률,중증환자 최종치료 제 공률,%,,90.7,92.3,100.5,,중증환자 최종치료 제 공률,,,90.7,90.7,91.8,‘22년 실적 확정에 따른 목표치 상향 조정,2023년도 성과보고서_보건복지부-256-363.pdf,72.0,327.0,,False,False,,중증환자 최종치료 제 공률,,91.8,92.3,100.5,90.7,90.7,91.8,92.3,92.3,100.5,100.5,,0.0,0.0,1.0999999999999943,1.2127894156560026,0.0,0.0,0.0,1.0999999999999943,1.2127894156560026,EXACT_MATCH,EXACT_MATCH,EXACT_MATCH,MATCH_AFTER_CHANGE,EXACT_MATCH,EXACT_MATCH,EXACT_MATCH,NOT_APPLICABLE,MATCH_AFTER_CHANGE,TARGET_CHANGE_REASON_DOCUMENTED_IN_별첨6;REPORT_TARGET_CHANGE_CONFIRMED_BY_별첨6,[보고서] 2023년도 성과보고서_보건복지부.pdf 107쪽(원본 107쪽) / [별첨6 변경표] 2023년도 성과보고서_보건복지부-256-363.pdf 72쪽(원본 327쪽),,,,,2023년도 성과계획서_보건복지부-346-442.pdf,2.0,347.0,,중증환자 최종치료 제 ① 공률 0.5 일반재 정 90.7(%) 정량 결과 권역응급의료센터 중 ② 증응급의심환자 비율 ( ) 0.5 일반재 정 55.5(%) 정량 결과 프로그램목표 보건의료산업의 세계시장 진출을 위한 국제 경쟁력 강화 -4. Ⅱ 보건산업육성,2023년도 성과보고서_보건복지부.pdf,107,107,,"중증환자 
최종치료 제공률
(%)
권역응급의료센터에 내원한 최종치료
를 제공한 환자/권역응급의료센터에 내
원한 최종치료 필요 질환 환자*100
목표
신규
신규
90.6
91.8
실적
신규
신규
91.6
92.3
달성률(%)
-
-
101.1
100.5",plan:별첨1;plan_method:TEXT;report_method:FULL_TEXT
MOHW-2023-II4-01,075,보건복지부,2023,Ⅱ,Ⅱ-4,,보건산업육성,보건의료실용화지수,보건의료실용화지수,점,,89.2,104.3,100.3,,보건의료실용화지수,,,89.2,89.2,104,‘22년 실적 확정에 따른 목표치 상향 조정,2023년도 성과보고서_보건복지부-256-363.pdf,72.0,327.0,,False,False,,보건의료실용화지수,,104,104.3,100.3,89.2,89.2,104.0,104.3,104.3,100.3,100.3,,0.0,0.0,14.799999999999997,16.59192825112107,0.0,0.0,0.0,14.799999999999997,16.59192825112107,EXACT_MATCH,EXACT_MATCH,EXACT_MATCH,MATCH_AFTER_CHANGE,EXACT_MATCH,EXACT_MATCH,EXACT_MATCH,NOT_APPLICABLE,MATCH_AFTER_CHANGE,TARGET_CHANGE_REASON_DOCUMENTED_IN_별첨6;REPORT_TARGET_CHANGE_CONFIRMED_BY_별첨6,[보고서] 2023년도 성과보고서_보건복지부.pdf 128쪽(원본 128쪽) / [별첨6 변경표] 2023년도 성과보고서_보건복지부-256-363.pdf 72쪽(원본 327쪽),,,,,2023년도 성과계획서_보건복지부-346-442.pdf,2.0,347.0,,보건의료실용화지수 ② 0.5 R&D 점 89.2( ) 정량 결과 프로그램목표 한의약 산업지원 및 세계화 추진을 통한 한의약 육성 발전 -5. Ⅱ 한의학연구및정책개발 한의약 국제 인지도 ① 0.2 일반재 정 63.8(%) 정성 결과,2023년도 성과보고서_보건복지부.pdf,128,128,,"르게 하여 합을 구함 
: 보건의료실용화지수 = 임상시험
승인건수 * 0.7 + 기술이전건수 
* 1.0 + 품목허가건수 * 1.3
목표
-
-
-
104
실적
93
109.1
101
104.3
달성률(%)
-
-
100.0
100.3",plan:별첨1;plan_method:TEXT;report_method:FULL_TEXT
MOHW-2023-II4-02,075,보건복지부,2023,Ⅱ,Ⅱ-4,,보건산업육성,의약품·의료기기·화장 품 수출액,의약품·의료기기·화장 품 수출액,억불,,311,218,79.1,,의약품·의료기기·화장 품 수출액,,,311.0,311,275.6,‘22년 실적 확정에 따른 목표치 하향 조정,2023년도 성과보고서_보건복지부-256-363.pdf,72.0,327.0,,False,False,,의약품·의료기기·화장 품 수출액,,275.6,218,79.1,311.0,311.0,275.6,218.0,218.0,79.1,79.1,,0.0,0.0,-35.39999999999998,-11.382636655948545,0.0,0.0,0.0,-35.39999999999998,-11.382636655948545,EXACT_MATCH,EXACT_MATCH,EXACT_MATCH,MATCH_AFTER_CHANGE,EXACT_MATCH,EXACT_MATCH,EXACT_MATCH,NOT_APPLICABLE,MATCH_AFTER_CHANGE,TARGET_CHANGE_REASON_DOCUMENTED_IN_별첨6;REPORT_TARGET_CHANGE_CONFIRMED_BY_별첨6,[보고서] 2023년도 성과보고서_보건복지부.pdf 128쪽(원본 128쪽) / [별첨6 변경표] 2023년도 성과보고서_보건복지부-256-363.pdf 72쪽(원본 327쪽),,,,,2023년도 성과계획서_보건복지부-346-442.pdf,2.0,347.0,,의약품 의료기기 화 · · ① 장품 수출액 0.5 일반재 정 억불 311( ) 정량 결과 보건의료실용화지수 ② 0.5 R&D 점 89.2( ) 정량 결과 프로그램목표 한의약 산업지원 및 세계화 추진을 통한 한의약 육성 발전 -5. Ⅱ 한의학연구및정책개발,2023년도 성과보고서_보건복지부.pdf,128,128,,"수
출액 현황
목표
신규
258
283
275.6
실적
신규
257
244
218
달성률(%)
-
99.6
86.2
79.1",plan:별첨1;plan_method:TEXT;report_method:FULL_TEXT
MOHW-2023-II5-01,075,보건복지부,2023,Ⅱ,Ⅱ-5,,한의학연구및정책개발,한의약 국제 인지도,한의약 국제 인지도,%,,63.8,82.6,103,,한의약 국제 인지도,,,63.8,63.8,80.2,‘22년 실적 확정에 따른 목표치 상향 조정,2023년도 성과보고서_보건복지부-256-363.pdf,73.0,328.0,,False,False,,한의약 국제 인지도,,80.2,82.6,103.0,63.8,63.8,80.2,82.6,82.6,103.0,103.0,,0.0,0.0,16.400000000000006,25.705329153605028,0.0,0.0,0.0,16.400000000000006,25.705329153605028,EXACT_MATCH,EXACT_MATCH,EXACT_MATCH,MATCH_AFTER_CHANGE,EXACT_MATCH,EXACT_MATCH,EXACT_MATCH,NOT_APPLICABLE,MATCH_AFTER_CHANGE,TARGET_CHANGE_REASON_DOCUMENTED_IN_별첨6;REPORT_TARGET_CHANGE_CONFIRMED_BY_별첨6,[보고서] 2023년도 성과보고서_보건복지부.pdf 134쪽(원본 134쪽) / [별첨6 변경표] 2023년도 성과보고서_보건복지부-256-363.pdf 73쪽(원본 328쪽),,,,,2023년도 성과계획서_보건복지부-346-442.pdf,2.0,347.0,,"한의약 국제 인지도 ① 0.2 일반재 정 63.8(%) 정성 결과 한의약 소재 물질 분 ② 양 건 수 0.4 일반재 정 건 2,261( ) 정량 결과 한의표준진료지침 개 ③ 발건수 0.4 R&D 건 5( ) 정량 산출 프로그램목표 안정적인 건강보험 재정운용으로 국민의 의료이용 보장 -6. Ⅱ",2023년도 성과보고서_보건복지부.pdf,134,134,,"해외 거주 외국인 대상 한의약 국제 
인지도 조사결과
목표
신규
신규
58
80.2
실적
신규
신규
78.7
82.6
달성률(%)
-
-
135.7
103.0",plan:별첨1;plan_method:TEXT;report_method:FULL_TEXT
MOHW-2023-II6-02,075,보건복지부,2023,Ⅱ,Ⅱ-6,,건강보험제도 운영,차상위계층 만성질환 자 만족도 조사,차상위계층 만성질환 자 만족도 조사,점,,91.4,95.1,102.9,,차상위계층 만성질환 자 만족도 조사,,,91.4,91.4,92.4,‘22년 실적 확정에 따른 목표치 상향 조정,2023년도 성과보고서_보건복지부-256-363.pdf,73.0,328.0,,False,False,,차상위계층 만성질환 자 만족도 조사,,92.4,95.1,102.9,91.4,91.4,92.4,95.1,95.1,102.9,102.9,,0.0,0.0,1.0,1.0940919037199124,0.0,0.0,0.0,1.0,1.0940919037199124,EXACT_MATCH,EXACT_MATCH,EXACT_MATCH,MATCH_AFTER_CHANGE,EXACT_MATCH,EXACT_MATCH,EXACT_MATCH,NOT_APPLICABLE,MATCH_AFTER_CHANGE,TARGET_CHANGE_REASON_DOCUMENTED_IN_별첨6;REPORT_TARGET_CHANGE_CONFIRMED_BY_별첨6,[보고서] 2023년도 성과보고서_보건복지부.pdf 145쪽(원본 145쪽) / [별첨6 변경표] 2023년도 성과보고서_보건복지부-256-363.pdf 73쪽(원본 328쪽),,,,,2023년도 성과계획서_보건복지부-346-442.pdf,3.0,348.0,,차상위계층 만성질환 ② 자 만족도 조사 0.5 일반재 정 점 91.4( ) 정성 결과 전략목표 예방형 질병 정책을 통함 국민의 건강보호 . Ⅲ 프로그램목표 한센병 치료 및 삶의 질 제고 -1. Ⅲ 소록도병원,2023년도 성과보고서_보건복지부.pdf,145,145,,"• 측정방법: 차상위계층(만성질
환자) 만족도 조사(리서치) 결
과에 따른 종합점수
목표
90.0
90.7
91.0
92.4
실적
91.2
91.8
92.3
95.1
달성률(%)
101.3
101.2
101.4
102.9",plan:별첨1;plan_method:TEXT;report_method:FULL_TEXT
MOHW-2023-III1-01,075,보건복지부,2023,Ⅲ,Ⅲ-1,,소록도병원,소록도병원 고객만족 도 조사(점),소록도병원 고객만족 도 조사(점),점,,83,83,103.8,,소록도병원 고객만족 도 조사(점),,,83.0,83,80,‘22년 실적 확정에 따른 목표치 조정,2023년도 성과보고서_보건복지부-256-363.pdf,73.0,328.0,,False,False,,소록도병원 고객만족 도 조사(점),,80,83,103.8,83.0,83.0,80.0,83.0,83.0,103.8,103.8,,0.0,0.0,-3.0,-3.614457831325301,0.0,0.0,0.0,-3.0,-3.614457831325301,EXACT_MATCH,EXACT_MATCH,EXACT_MATCH,MATCH_AFTER_CHANGE,EXACT_MATCH,EXACT_MATCH,EXACT_MATCH,NOT_APPLICABLE,MATCH_AFTER_CHANGE,TARGET_CHANGE_REASON_DOCUMENTED_IN_별첨6;REPORT_TARGET_CHANGE_CONFIRMED_BY_별첨6,[보고서] 2023년도 성과보고서_보건복지부.pdf 152쪽(원본 152쪽) / [별첨6 변경표] 2023년도 성과보고서_보건복지부-256-363.pdf 73쪽(원본 328쪽),,,,,2023년도 성과계획서_보건복지부-346-442.pdf,3.0,348.0,,소록도병원 고객만족 ① 도 조사점 ( ) 0.5 일반재 정 점 83( ) 정성 결과 입원한센인 우울감 감 ② 소율 0.5 일반재 정 5(%) 정성 결과 프로그램목표 예방중심의 포괄적인 국민건강관리체계 구축 -2. Ⅲ 국민건강생활실천,2023년도 성과보고서_보건복지부.pdf,152,152,,"고객만족도 
조사(점)
(점)
○ 측정산식: 고객만족도 조사 
평균(100점만점) = 고객만족도 
조사결과 총점 / 조사대상 총수
목표
88
88
88
80
실적
83
76
75
83
달성률(%)
94.3
86.4
85.2
103.8",plan:별첨1;plan_method:TEXT;report_method:FULL_TEXT
MOHW-2023-III2-01,075,보건복지부,2023,Ⅲ,Ⅲ-2,,국민건강생활실천,담배반출량,담배반출량,백만 갑,하향,3479,3634,95.5,,담배반출량,,,3479.0,"3,479","3,479","예산증액되었으나, 본 지표와는 상관 없으므로 지표, 목표치 변경 안함",2023년도 성과보고서_보건복지부-256-363.pdf,73.0,328.0,,False,False,,담배반출량,,"3,479","3,611",96.2,3479.0,3479.0,3479.0,3634.0,3611.0,95.5,96.2,96.34450290778179,0.0,0.0,0.0,0.0,-23.0,-0.6329113924050633,0.7000000000000028,0.0,0.0,EXACT_MATCH,EXACT_MATCH,EXACT_MATCH,EXACT_MATCH,VALUE_MISMATCH,VALUE_MISMATCH,EXACT_MATCH,NOT_APPLICABLE,VALUE_MISMATCH,TARGET_CHANGE_REASON_DOCUMENTED_IN_별첨6,[보고서] 2023년도 성과보고서_보건복지부.pdf 163쪽(원본 163쪽) / [별첨6 변경표] 2023년도 성과보고서_보건복지부-256-363.pdf 73쪽(원본 328쪽),,,,,2023년도 성과계획서_보건복지부-346-442.pdf,3.0,348.0,,"담배반출량 ① 0.5 일반재 정 백 3,479( 만갑) 정량 결과 하향지표 지역사회건강증진사업 ② 성과도 0.5 일반재 정 점 79.4( ) 정성 결과 프로그램목표 정신건강 증진을 통한 국민행복 실현 -3. Ⅲ",2023년도 성과보고서_보건복지부.pdf,163,163,,"궐련 및 전자담배 
반출량(국민건강증진부담금 
징수 결정 내역)
목표
3,479
3,479
3,479
3,479
실적
3,568
3,571
3,659
3,611
달성률(%)
97.4
97.4
94.8
96.2",plan:별첨1;plan_method:TEXT;report_method:FULL_TEXT
MOHW-2023-III2-02,075,보건복지부,2023,Ⅲ,Ⅲ-2,,국민건강생활실천,지역사회건강증진사업 성과도,지역사회건강증진사업 성과도,점,,79.4,79.8,97.9,,지역사회건강증진사업 성과도,,,79.4,79.4,81.5,‘22년 실적 확정에 따른 목표치 상향 조정,2023년도 성과보고서_보건복지부-256-363.pdf,73.0,328.0,,False,False,,지역사회건강증진사업 성과도,,81.5,79.8,97.9,79.4,79.4,81.5,79.8,79.8,97.9,97.9,,0.0,0.0,2.0999999999999943,2.644836272040295,0.0,0.0,0.0,2.0999999999999943,2.644836272040295,EXACT_MATCH,EXACT_MATCH,EXACT_MATCH,MATCH_AFTER_CHANGE,EXACT_MATCH,EXACT_MATCH,EXACT_MATCH,NOT_APPLICABLE,MATCH_AFTER_CHANGE,TARGET_CHANGE_REASON_DOCUMENTED_IN_별첨6;REPORT_TARGET_CHANGE_CONFIRMED_BY_별첨6,[보고서] 2023년도 성과보고서_보건복지부.pdf 163쪽(원본 163쪽) / [별첨6 변경표] 2023년도 성과보고서_보건복지부-256-363.pdf 73쪽(원본 328쪽),,,,,2023년도 성과계획서_보건복지부-346-442.pdf,3.0,348.0,,지역사회건강증진사업 ② 성과도 0.5 일반재 정 점 79.4( ) 정성 결과 프로그램목표 정신건강 증진을 통한 국민행복 실현 -3. Ⅲ 국립정신건강센터 국립정신건강센터 고 ① 객만족도 0.5 일반재 정 점 95.7( ) 정성 결과,2023년도 성과보고서_보건복지부.pdf,163,163,,"지역사회건강증
진사업성과도
(점)
성인 1만명을 대상으로 지역 
보건기관의 건강증진사업에 
대한 주관적 평가, 사업참여에 
따른 건강개선 만족도 등을 5점 
척도로 조사하여 점수화
목표
79.1
79.1
79.5
81.5
실적
79.5
79.6
85.4
79.8
달성률(%)
100.5
100.6
107.4
97.9",plan:별첨1;plan_method:TEXT;report_method:FULL_TEXT
MOHW-2023-III3-01,075,보건복지부,2023,Ⅲ,Ⅲ-3,,국립정신건강센터,공공보건의료계획 시 행결과 평가점수,공공보건의료계획 시 행결과 평가점수,점,,90,92.1,102.3,,공공보건의료계획 시 행결과 평가점수,,,90.7,86.3,87,‘22년 실적 확정에 따른 목표치 상향 조정,2023년도 성과보고서_보건복지부-256-363.pdf,71.0,326.0,,False,False,,공공보건의료계획 시 행결과 평가점수,,87,92.0,105.7,90.0,90.7,87.0,92.1,92.0,102.3,105.7,,0.7000000000000028,0.777777777777781,-3.0,-3.3333333333333335,-0.09999999999999432,-0.10857763300759427,3.4000000000000057,-3.700000000000003,-4.079382579933851,AMBIGUOUS,VALUE_MISMATCH,AMBIGUOUS,VALUE_MISMATCH,VALUE_MISMATCH,VALUE_MISMATCH,EXACT_MATCH,NOT_APPLICABLE,AMBIGUOUS,TARGET_CHANGE_REASON_DOCUMENTED_IN_별첨6;INDICATOR_NAME_AMBIGUOUS_MULTIPLE_PROGRAMS_SAME_YEAR,동일 연도 내 지표명 중복 - 프로그램별 위치를 직접 대조하세요. / [계획서] 2023년도 성과계획서_보건복지부-346-442.pdf 2쪽(원본 347쪽) / [보고서] 2023년도 성과보고서_보건복지부.pdf 98쪽(원본 98쪽) / [별첨6 변경표] 2023년도 성과보고서_보건복지부-256-363.pdf 71쪽(원본 326쪽),,,,,2023년도 성과계획서_보건복지부-346-442.pdf,2.0,347.0,,공공보건의료계획 시 ② 행결과 평가점수 0.5 일반재 정 점 86.3( ) 정성 결과 해당없음 프로그램목표 응급의료체계 운영 지원 -3. Ⅱ 응급의료체계운영지원 중증환자 최종치료 제 ① 공률 0.5 일반재 정 90.7(%) 정량 결과,2023년도 성과보고서_보건복지부.pdf,98,98,,"- 측정방법: 공공보건의료계획 시행결과 
평가점수 산출
목표
신규
신규
86.3
87
실적
85.6
88.1
86.3
92.0
달성률(%)
-
-
100.0
105.7",plan:별첨1;plan_method:TEXT;report_method:FULL_TEXT
MOHW-2023-III3-02,075,보건복지부,2023,Ⅲ,Ⅲ-3,,국립정신건강센터,국립정신건강센터 고 객만족도,국립정신건강센터 고 객만족도,점,,95.7,94.2,99.1,,국립정신건강센터 고 객만족도,,,95.7,95.7,95.1,‘22년 실적치를 반영하여 최근 3년 평균값을 목표치로 변경,2023년도 성과보고서_보건복지부-256-363.pdf,74.0,329.0,,False,False,,국립정신건강센터 고 객만족도,,95.1,94.2,99.1,95.7,95.7,95.1,94.2,94.2,99.1,99.1,,0.0,0.0,-0.6000000000000085,-0.6269592476489118,0.0,0.0,0.0,-0.6000000000000085,-0.6269592476489118,EXACT_MATCH,EXACT_MATCH,EXACT_MATCH,MATCH_AFTER_CHANGE,EXACT_MATCH,EXACT_MATCH,EXACT_MATCH,NOT_APPLICABLE,MATCH_AFTER_CHANGE,TARGET_CHANGE_REASON_DOCUMENTED_IN_별첨6;REPORT_TARGET_CHANGE_CONFIRMED_BY_별첨6,[보고서] 2023년도 성과보고서_보건복지부.pdf 175쪽(원본 175쪽) / [별첨6 변경표] 2023년도 성과보고서_보건복지부-256-363.pdf 74쪽(원본 329쪽),,,,,2023년도 성과계획서_보건복지부-346-442.pdf,3.0,348.0,,국립정신건강센터 고 ① 객만족도 0.5 일반재 정 점 95.7( ) 정성 결과 공공보건의료계획 시 ② 행결과 평가점수 0.5 일반재 정 점 90.0( ) 정성 결과 프로그램목표 정신질환의 예방 및 치료 강화 -4. Ⅲ 국립나주병원,2023년도 성과보고서_보건복지부.pdf,175,175,,"국립정신건강센
터 고객만족도
(점)
ㅇ 고객만족도 = (설문조사 해당평균값 / 
5) ×100
  : 설문지 취합 후 5점 척도로 평균값 
산출하여 100점 만점으로 환산
목표
91.3
95.3
95.8
95.1
실적
95.3
95.7
94.5
94.2
달성률(%)
104.4
100.4
98.6
99.1",plan:별첨1;plan_method:TEXT;report_method:FULL_TEXT
MOHW-2023-III4-02,075,보건복지부,2023,Ⅲ,Ⅲ-4,,국립나주병원,국립나주병원 수련환 경평가 점수,국립나주병원 수련환 경평가 점수,점,,91.1,92.2,100.3,,국립나주병원 수련환 경평가 점수,,,91.1,91.1,91.9,‘22년 실적 확정에 따른 목표치 상향 조정,2023년도 성과보고서_보건복지부-256-363.pdf,74.0,329.0,,False,False,,국립나주병원 수련환 경평가 점수,,91.9,92.2,100.3,91.1,91.1,91.9,92.2,92.2,100.3,100.3,,0.0,0.0,0.8000000000000114,0.878155872667411,0.0,0.0,0.0,0.8000000000000114,0.878155872667411,EXACT_MATCH,EXACT_MATCH,EXACT_MATCH,MATCH_AFTER_CHANGE,EXACT_MATCH,EXACT_MATCH,EXACT_MATCH,NOT_APPLICABLE,MATCH_AFTER_CHANGE,TARGET_CHANGE_REASON_DOCUMENTED_IN_별첨6;REPORT_TARGET_CHANGE_CONFIRMED_BY_별첨6,[보고서] 2023년도 성과보고서_보건복지부.pdf 181쪽(원본 181쪽) / [별첨6 변경표] 2023년도 성과보고서_보건복지부-256-363.pdf 74쪽(원본 329쪽),,,,,2023년도 성과계획서_보건복지부-346-442.pdf,3.0,348.0,,국립나주병원 수련환 ② 경평가 점수 0.3 일반재 정 점 91.1( ) 정성 결과 프로그램목표 정신질환의 예방 및 치료강화 -5. Ⅲ 국립부곡병원 국립부곡병원 고객만 ① 족도 0.7 일반재 정 점 88.0( ) 정성 결과 기관대표,2023년도 성과보고서_보건복지부.pdf,181,181,,"<측정산식>
ㅇ 국립나주병원 수련환경평가 점수
  - 병원수련환경평가항목 (6개부문 34개항목) 
    점수의 평균값
  - 산출식: 평가부문 총합계 점수/6
목표
88.7
90.4
91.1
91.9
실적
88.7
90.4
91.1
92.2
달성률(%)
100.0
100.0
100.0
100.3",plan:별첨1;plan_method:TEXT;report_method:FULL_TEXT
MOHW-2023-III5-01,075,보건복지부,2023,Ⅲ,Ⅲ-5,,국립부곡병원,국립부곡병원 고객만 족도,국립부곡병원 고객만 족도,점,,88,89.5,101.5,,국립부곡병원 고객만 족도,,,88.0,88.0,88.2,‘22년 실적 확정에 따른 목표치 상향 조정,2023년도 성과보고서_보건복지부-256-363.pdf,74.0,329.0,,False,False,,국립부곡병원 고객만 족도,,88.2,89.5,101.5,88.0,88.0,88.2,89.5,89.5,101.5,101.5,,0.0,0.0,0.20000000000000284,0.2272727272727305,0.0,0.0,0.0,0.20000000000000284,0.2272727272727305,EXACT_MATCH,EXACT_MATCH,EXACT_MATCH,MATCH_AFTER_CHANGE,EXACT_MATCH,EXACT_MATCH,EXACT_MATCH,NOT_APPLICABLE,MATCH_AFTER_CHANGE,TARGET_CHANGE_REASON_DOCUMENTED_IN_별첨6;REPORT_TARGET_CHANGE_CONFIRMED_BY_별첨6,[보고서] 2023년도 성과보고서_보건복지부.pdf 187쪽(원본 187쪽) / [별첨6 변경표] 2023년도 성과보고서_보건복지부-256-363.pdf 74쪽(원본 329쪽),,,,,2023년도 성과계획서_보건복지부-346-442.pdf,3.0,348.0,,국립부곡병원 고객만 ① 족도 0.7 일반재 정 점 88.0( ) 정성 결과 기관대표 지수 국립부곡병원 수련환 ② 경평가 점수 0.3 일반재 정 점 90.2( ) 정성 결과 프로그램목표 정신질환의 예방 및 치료강화 -6. Ⅲ,2023년도 성과보고서_보건복지부.pdf,187,187,,"국립부곡병원 
고객만족도
(점)
설문지 취합하여 5점 척도로 평균
값 산출 후 PCSI모델에 따른 가중
치를 부여하여 100점 만점으로 종
합점수 산출
목표
88.0
88.0
88.0
88.2
실적
87.5
87.5
89.7
89.5
달성률(%)
99.4
99.4
101.9
101.5",plan:별첨1;plan_method:TEXT;report_method:FULL_TEXT
MOHW-2023-III5-02,075,보건복지부,2023,Ⅲ,Ⅲ-5,,국립부곡병원,국립부곡병원 수련환 경평가 점수,국립부곡병원 수련환 경평가 점수,점,,90.2,95.8,105.7,,국립부곡병원 수련환 경평가 점수,,,90.2,90.2,90.6,‘22년 실적 확정에 따른 목표치 상향 조정,2023년도 성과보고서_보건복지부-256-363.pdf,74.0,329.0,,False,False,,국립부곡병원 수련환 경평가 점수,,90.6,95.8,105.7,90.2,90.2,90.6,95.8,95.8,105.7,105.7,,0.0,0.0,0.3999999999999915,0.4434589800443364,0.0,0.0,0.0,0.3999999999999915,0.4434589800443364,EXACT_MATCH,EXACT_MATCH,EXACT_MATCH,MATCH_AFTER_CHANGE,EXACT_MATCH,EXACT_MATCH,EXACT_MATCH,NOT_APPLICABLE,MATCH_AFTER_CHANGE,TARGET_CHANGE_REASON_DOCUMENTED_IN_별첨6;REPORT_TARGET_CHANGE_CONFIRMED_BY_별첨6,[보고서] 2023년도 성과보고서_보건복지부.pdf 187쪽(원본 187쪽) / [별첨6 변경표] 2023년도 성과보고서_보건복지부-256-363.pdf 74쪽(원본 329쪽),,,,,2023년도 성과계획서_보건복지부-346-442.pdf,3.0,348.0,,국립부곡병원 수련환 ② 경평가 점수 0.3 일반재 정 점 90.2( ) 정성 결과 프로그램목표 정신질환의 예방 및 치료강화 -6. Ⅲ 국립춘천병원 국립춘천병원 고객만 ① 족도 0.7 일반재 정 점 96.1( ) 정성 결과 기관대표,2023년도 성과보고서_보건복지부.pdf,187,187,,"수련환경평가 
점수
(점)
병원수련환경평가항목(6개부문)
의 평균값
목표
85.0
86.0
신규
90.6
실적
85.0
97.6
90.2
95.8
달성률(%)
100.0
113.5
-
105.7",plan:별첨1;plan_method:TEXT;report_method:FULL_TEXT
MOHW-2023-III6-01,075,보건복지부,2023,Ⅲ,Ⅲ-6,,국립춘천병원,국립춘천병원 고객만 족도,국립춘천병원 고객만 족도,점,,96.1,91.3,98.3,,국립춘천병원 고객만 족도,,,96.1,96.1,92.9,‘22년 실적 확정에 따른 목표치 조정,2023년도 성과보고서_보건복지부-256-363.pdf,74.0,329.0,,False,False,,국립춘천병원 고객만 족도,,92.9,91.3,98.3,96.1,96.1,92.9,91.3,91.3,98.3,98.3,,0.0,0.0,-3.1999999999999886,-3.329864724245566,0.0,0.0,0.0,-3.1999999999999886,-3.329864724245566,EXACT_MATCH,EXACT_MATCH,EXACT_MATCH,MATCH_AFTER_CHANGE,EXACT_MATCH,EXACT_MATCH,EXACT_MATCH,NOT_APPLICABLE,MATCH_AFTER_CHANGE,TARGET_CHANGE_REASON_DOCUMENTED_IN_별첨6;REPORT_TARGET_CHANGE_CONFIRMED_BY_별첨6,[보고서] 2023년도 성과보고서_보건복지부.pdf 193쪽(원본 193쪽) / [별첨6 변경표] 2023년도 성과보고서_보건복지부-256-363.pdf 74쪽(원본 329쪽),,,,,2023년도 성과계획서_보건복지부-346-442.pdf,3.0,348.0,,국립춘천병원 고객만 ① 족도 0.7 일반재 정 점 96.1( ) 정성 결과 기관대표 지수 국립춘천병원 수련환 ② 경평가점수 0.3 일반재 정 점 96.5( ) 정성 결과 프로그램목표 정신질환의 예방 및 치료강화 -7. Ⅲ,2023년도 성과보고서_보건복지부.pdf,193,193,,"국립춘천병원 
고객만족도
(점)
설문지 취합하여 5점 척도로 평균
값 산출후 PCSI모델에 따른 가중
치를 부여하여 100점 만점으로 종
합점수 산출
목표
97.3
96.9
96.9
92.9
실적
96.6
94.3
92.5
91.3
달성률(%)
99.3
97.3
95.5
98.3",plan:별첨1;plan_method:TEXT;report_method:FULL_TEXT
MOHW-2023-III6-02,075,보건복지부,2023,Ⅲ,Ⅲ-6,,국립춘천병원,국립춘천병원 수련환경평가점수,국립춘천병원 수련환경평가점수,점,,96.5,-,-,,국립춘천병원 수련환경평가점수,,,96.5,96.5,93.4,‘22년 실적치 확정에 따른 목표치 하향 조정,2023년도 성과보고서_보건복지부-256-363.pdf,74.0,329.0,,False,False,,국립춘천병원 수련환경평가점수,,93.4,-,-,96.5,96.5,93.4,,,,,,0.0,0.0,-3.0999999999999943,-3.2124352331606163,,,,-3.0999999999999943,-3.2124352331606163,EXACT_MATCH,EXACT_MATCH,EXACT_MATCH,MATCH_AFTER_CHANGE,NOT_APPLICABLE,NOT_APPLICABLE,EXACT_MATCH,NOT_APPLICABLE,MATCH_AFTER_CHANGE,TARGET_CHANGE_REASON_DOCUMENTED_IN_별첨6;REPORT_TARGET_CHANGE_CONFIRMED_BY_별첨6,[보고서] 2023년도 성과보고서_보건복지부.pdf 193쪽(원본 193쪽) / [별첨6 변경표] 2023년도 성과보고서_보건복지부-256-363.pdf 74쪽(원본 329쪽),,,,,2023년도 성과계획서_보건복지부-346-442.pdf,3.0,348.0,,국립춘천병원 수련환 ② 경평가점수 0.3 일반재 정 점 96.5( ) 정성 결과 프로그램목표 정신질환의 예방 및 치료강화 -7. Ⅲ,2023년도 성과보고서_보건복지부.pdf,193,193,,"수련환경평가
점수
(점)
병원수련환경 평가항목 점수의 평
균값
목표
96.2
96.5
신규
93.4
실적
96.2
96.5
87.5
-
달성률(%)
100.0
100.0
-
-",plan:별첨1;plan_method:TEXT;report_method:FULL_TEXT
MOHW-2023-III7-01,075,보건복지부,2023,Ⅲ,Ⅲ-7,,국립공주병원,국립공주병원 고객만 족도,국립공주병원 고객만 족도,점,,94.8,92.6,97.8,,국립공주병원 고객만 족도,,,94.8,94.8,94.7,’22년 실적치 확정에 따른 목표치 하향 조정,2023년도 성과보고서_보건복지부-256-363.pdf,75.0,330.0,,False,False,,국립공주병원 고객만 족도,,94.7,92.6,97.8,94.8,94.8,94.7,92.6,92.6,97.8,97.8,,0.0,0.0,-0.09999999999999432,-0.10548523206750456,0.0,0.0,0.0,-0.09999999999999432,-0.10548523206750456,EXACT_MATCH,EXACT_MATCH,EXACT_MATCH,MATCH_AFTER_CHANGE,EXACT_MATCH,EXACT_MATCH,EXACT_MATCH,NOT_APPLICABLE,MATCH_AFTER_CHANGE,TARGET_CHANGE_REASON_DOCUMENTED_IN_별첨6;REPORT_TARGET_CHANGE_CONFIRMED_BY_별첨6,[보고서] 2023년도 성과보고서_보건복지부.pdf 200쪽(원본 200쪽) / [별첨6 변경표] 2023년도 성과보고서_보건복지부-256-363.pdf 75쪽(원본 330쪽),,,,,2023년도 성과계획서_보건복지부-346-442.pdf,4.0,349.0,,국립공주병원 고객만 ① 족도 0.7 일반재 정 점 94.8( ) 정성 결과 기관대표 지수 국립공주병원 수련환 ② 경 평가 0.3 일반재 정 점 96.2( ) 정성 결과 전략목표 미래에 대비하는 저출산 고령화 정책을 통해 지속 발전가능 사회 구현 . · Ⅳ,2023년도 성과보고서_보건복지부.pdf,200,200,,"국립공주병원 
고객만족도
(점)
*PCSI: public-service customer 
satisfaction index) 공공기관 
고객만족도 지수
ㅇ 측정산식 : 고객만족도(PCSI)= 
체감 만족도(A)+요소 만족도(B)
A: (절대적만족+상대적 만족+감정적 
만족)/3
B: ∑(각 차원별 만족도(서비스 상품 
품질, 서비스 전달 품질, 서비스 
환경 품질, 사회 품질)×중요도)
목표
92.6
93.4
94.7
94.7
실적
93.2
94.5
92.3
92.6
달성률(%)
100.6
101.2
97.5
97.8",plan:별첨1;plan_method:TEXT;report_method:FULL_TEXT
MOHW-2023-III7-02,075,보건복지부,2023,Ⅲ,Ⅲ-7,,국립공주병원,국립공주병원 수련환 경 평가,국립공주병원 수련환 경 평가,점,,96.2,95.4,99.4,,국립공주병원 수련환 경 평가,,,96.2,96.2,96.0,’22년 실적치 확정에 따른 목표치 하향 조정,2023년도 성과보고서_보건복지부-256-363.pdf,75.0,330.0,,False,False,,국립공주병원 수련환 경 평가,,96.0,95.4,99.4,96.2,96.2,96.0,95.4,95.4,99.4,99.4,,0.0,0.0,-0.20000000000000284,-0.20790020790021085,0.0,0.0,0.0,-0.20000000000000284,-0.20790020790021085,EXACT_MATCH,EXACT_MATCH,EXACT_MATCH,MATCH_AFTER_CHANGE,EXACT_MATCH,EXACT_MATCH,EXACT_MATCH,NOT_APPLICABLE,MATCH_AFTER_CHANGE,TARGET_CHANGE_REASON_DOCUMENTED_IN_별첨6;REPORT_TARGET_CHANGE_CONFIRMED_BY_별첨6,[보고서] 2023년도 성과보고서_보건복지부.pdf 200쪽(원본 200쪽) / [별첨6 변경표] 2023년도 성과보고서_보건복지부-256-363.pdf 75쪽(원본 330쪽),,,,,2023년도 성과계획서_보건복지부-346-442.pdf,4.0,349.0,,국립공주병원 수련환 ② 경 평가 0.3 일반재 정 점 96.2( ) 정성 결과 전략목표 미래에 대비하는 저출산 고령화 정책을 통해 지속 발전가능 사회 구현 . · Ⅳ 프로그램목표 아동보호 및 복지 강화 -1. Ⅳ 아동보호 및 복지 강화,2023년도 성과보고서_보건복지부.pdf,200,200,,"국립공주병원 
수련환경 평가
(점)
ㅇ 측정산식
  - 보건복지부 
수련환경평가위원회의 수련환경 
평가점수(2개부문: 
수련교육환경, 근무환경) 평균값
  - 산출식: (평가부문 총합계 
점수)/2 
목표
94.8
95.0
96.0
96.0
실적
94.8
97.7
93.1
95.4
달성률(%)
100.0
102.8
97.0
99.4",plan:별첨1;plan_method:TEXT;report_method:FULL_TEXT
MOHW-2023-IV1-01,075,보건복지부,2023,Ⅳ,Ⅳ-1,,아동보호 및 복지 강화,아동빈곤율(OECD),아동빈곤율(OECD),%,하향,12.1,9.9,97.9,,아동빈곤율(OECD),,,12.1,12.1,9.7,‘22년 실적치(9.8%) 확인에 따른 성과목표 상향 조정(하향지표),2023년도 성과보고서_보건복지부-256-363.pdf,75.0,330.0,,False,False,,아동빈곤율(OECD),,9.7,9.9,97.9,12.1,12.1,9.7,9.9,9.9,97.9,97.9,97.97979797979797,0.0,0.0,-2.4000000000000004,-19.834710743801658,0.0,0.0,0.0,-2.4000000000000004,-19.834710743801658,EXACT_MATCH,EXACT_MATCH,EXACT_MATCH,MATCH_AFTER_CHANGE,EXACT_MATCH,EXACT_MATCH,EXACT_MATCH,NOT_APPLICABLE,MATCH_AFTER_CHANGE,TARGET_CHANGE_REASON_DOCUMENTED_IN_별첨6;REPORT_TARGET_CHANGE_CONFIRMED_BY_별첨6,[보고서] 2023년도 성과보고서_보건복지부.pdf 209쪽(원본 209쪽) / [별첨6 변경표] 2023년도 성과보고서_보건복지부-256-363.pdf 75쪽(원본 330쪽),,,,,2023년도 성과계획서_보건복지부-346-442.pdf,4.0,349.0,,아동빈곤율(OECD) ① 0.5 일반재 정 12.1(%) 정량 결과 하향지표 아동학대발견율 ② 0.5 일반재 정 4.5( ) ‰ 정량 결과 상향지표 프로그램목표 저출산대응 및 인구정책지원 -2. Ⅳ 저출산대응및인구정책지원,2023년도 성과보고서_보건복지부.pdf,209,209,,"아동빈곤율(OEC
D)
(%)(하향지표)
(소득 빈곤선 이하 아동수 ÷ 전체 아
동수) × 100
* 매년 1월 경제협력개발기구(www.oecd.org)
에서 조회되는 아동빈곤율 지표 기준
목표
14.4
12.2
12.1
9.7
실적
12.3
10.6
9.8
9.9
달성률(%)
114.6
113.1
119.0
97.9",plan:별첨1;plan_method:TEXT;report_method:FULL_TEXT
MOHW-2023-IV1-02,075,보건복지부,2023,Ⅳ,Ⅳ-1,,아동보호 및 복지 강화,아동학대발견율,아동학대발견율,‰,상향,4.5,2.8,73.7,,아동학대발견율,,,4.5,4.5,3.8,‘22년 실적 확정에 따른 목표치 하향 조정,2023년도 성과보고서_보건복지부-256-363.pdf,75.0,330.0,,False,False,,아동학대발견율,,3.8,(2.8),73.7,4.5,4.5,3.8,2.8,2.8,73.7,73.7,73.68421052631578,0.0,0.0,-0.7000000000000002,-15.555555555555559,0.0,0.0,0.0,-0.7000000000000002,-15.555555555555559,EXACT_MATCH,EXACT_MATCH,EXACT_MATCH,MATCH_AFTER_CHANGE,EXACT_MATCH,EXACT_MATCH,EXACT_MATCH,NOT_APPLICABLE,MATCH_AFTER_CHANGE,TARGET_CHANGE_REASON_DOCUMENTED_IN_별첨6;REPORT_TARGET_CHANGE_CONFIRMED_BY_별첨6,[보고서] 2023년도 성과보고서_보건복지부.pdf 209쪽(원본 209쪽) / [별첨6 변경표] 2023년도 성과보고서_보건복지부-256-363.pdf 75쪽(원본 330쪽),,,,,2023년도 성과계획서_보건복지부-346-442.pdf,4.0,349.0,,아동학대발견율 ② 0.5 일반재 정 4.5( ) ‰ 정량 결과 상향지표 프로그램목표 저출산대응 및 인구정책지원 -2. Ⅳ 저출산대응및인구정책지원 합계출산율명 ( ) ① 0.5 일반재 정 명 0.73( ) 정량 결과,2023년도 성과보고서_보건복지부.pdf,209,209,,"97.9
아동학대발견율
(‰)
ㅇ 측정산식 : (아동학대 사례건수) / 
(추계아동인구*) × 1,000
  * 만0세~만17세(아동복지법상 아동
정의 기준 연령)
목표
신규
신규
4.3
3.8
실적
신규
신규
3.9
(2.8)
달성률(%)
-
-
90.7
73.7",plan:별첨1;plan_method:TEXT;report_method:FULL_TEXT
MOHW-2023-IV2-02,075,보건복지부,2023,Ⅳ,Ⅳ-2,,저출산대응및인구정책지원,저출산 극복위한국민 인식 홍보 캠페인효과성,저출산 극복위한국민 인식 홍보 캠페인효과성,%p,,51.7,43.6,95,,저출산 극복위한국민 인식 홍보 캠페인효과성,,,51.7,51.7,45.9,‘22년 실적치 확정에 따른 목표치 하향 조정,2023년도 성과보고서_보건복지부-256-363.pdf,75.0,330.0,,False,False,,저출산 극복위한국민 인식 홍보 캠페인효과성,,45.9,43.6,95.0,51.7,51.7,45.9,43.6,43.6,95.0,95.0,,0.0,0.0,-5.800000000000004,-11.218568665377184,0.0,0.0,0.0,-5.800000000000004,-11.218568665377184,EXACT_MATCH,EXACT_MATCH,EXACT_MATCH,MATCH_AFTER_CHANGE,EXACT_MATCH,EXACT_MATCH,EXACT_MATCH,NOT_APPLICABLE,MATCH_AFTER_CHANGE,TARGET_CHANGE_REASON_DOCUMENTED_IN_별첨6;REPORT_TARGET_CHANGE_CONFIRMED_BY_별첨6,[보고서] 2023년도 성과보고서_보건복지부.pdf 216쪽(원본 216쪽) / [별첨6 변경표] 2023년도 성과보고서_보건복지부-256-363.pdf 75쪽(원본 330쪽),,,,,2023년도 성과계획서_보건복지부-346-442.pdf,4.0,349.0,,저출산 극복위한국민 ② 인식 홍보 캠페인효과성 0.5 일반재 정 51.7(%p) 정성 결과 프로그램목표 보육지원 강화 -3. Ⅳ 보육지원강화 어린이집 이용자 만족 ① 도 0.5 일반재 정 점 80.8( ) 정성 결과,2023년도 성과보고서_보건복지부.pdf,216,216,,"식 홍보 
캠페인효과성
(%)
▪ 측정도구 : 리커트 5점 척도
(①매우 부정적, ②조금 부정적, ③보
통, ④조금 긍정적, ⑤매우 긍정적)
 * 부정 %(①+②), 보통 %(③), 긍정 
%(④+⑤)
목표
신규
신규
48.6
45.9
실적
신규
47.2
44.6
43.6
달성률(%)
-
-
91.8
95.0",plan:별첨1;plan_method:TEXT;report_method:FULL_TEXT
MOHW-2023-IV3-01,075,보건복지부,2023,Ⅳ,Ⅳ-3,,보육지원강화,가정양육수당 수혜자 만족도,가정양육수당 수혜자 만족도,점,,70,71.6,98.1,,가정양육수당 수혜자 만족도,,,70.0,70,73,’22년 실적치 확정에 따라 최근 3년(’20~’22) 평균실적(74.7) 등을 고려하여 조정,2023년도 성과보고서_보건복지부-256-363.pdf,75.0,330.0,,False,False,,가정양육수당 수혜자 만족도,,73,71.6,98.1,70.0,70.0,73.0,71.6,71.6,98.1,98.1,,0.0,0.0,3.0,4.285714285714286,0.0,0.0,0.0,3.0,4.285714285714286,EXACT_MATCH,EXACT_MATCH,EXACT_MATCH,MATCH_AFTER_CHANGE,EXACT_MATCH,EXACT_MATCH,EXACT_MATCH,NOT_APPLICABLE,MATCH_AFTER_CHANGE,TARGET_CHANGE_REASON_DOCUMENTED_IN_별첨6;REPORT_TARGET_CHANGE_CONFIRMED_BY_별첨6,[보고서] 2023년도 성과보고서_보건복지부.pdf 222쪽(원본 222쪽) / [별첨6 변경표] 2023년도 성과보고서_보건복지부-256-363.pdf 75쪽(원본 330쪽),,,,,2023년도 성과계획서_보건복지부-346-442.pdf,4.0,349.0,,가정양육수당 수혜자 ② 만족도 0.5 일반재 정 점 70( ) 정성 결과 프로그램목표 취약노인 보호를 통한 안정적인 노후생활 보장 -4. Ⅳ 노인생활안정 노인생활안정지원비율 ① (%) 1.0 일반재 정 15.1(%) 정성 결과 프로그램목표 노인요양서비스 및 치매관리를 통해 지속가능한 노인복지 추구 -5. Ⅳ,2023년도 성과보고서_보건복지부.pdf,222,222,,"가정양육수당 
수혜자 만족도
(점)
 ㅇ측정산식 : (조사항목별 점수를 100
점 만점으로 환산한 점수들의 합
계)/항목수
 *‘21년 실적, ‘22년 목표치는 5점 
척도 기준
목표
신규
3.6
3.6
73
실적
신규
3.6
4.0
71.6
달성률(%)
-
100.0
111.1
98.1",plan:별첨1;plan_method:TEXT;report_method:FULL_TEXT
MOHW-2023-IV4-01,075,보건복지부,2023,Ⅳ,Ⅳ-4,,노인생활안정,노인생활안정지원비율 (%),노인생활안정지원비율 (%),%,,15.1,15.6,102.6,,노인생활안정지원비율 (%),,,15.1,15.1,15.2,‘22년 실적 확정에 따른 목표치 상향 조정,2023년도 성과보고서_보건복지부-256-363.pdf,76.0,331.0,,False,False,,노인생활안정지원비율 (%),,15.2,15.6,102.6,15.1,15.1,15.2,15.6,15.6,102.6,102.6,,0.0,0.0,0.09999999999999964,0.6622516556291367,0.0,0.0,0.0,0.09999999999999964,0.6622516556291367,EXACT_MATCH,EXACT_MATCH,EXACT_MATCH,MATCH_AFTER_CHANGE,EXACT_MATCH,EXACT_MATCH,EXACT_MATCH,NOT_APPLICABLE,MATCH_AFTER_CHANGE,TARGET_CHANGE_REASON_DOCUMENTED_IN_별첨6;REPORT_TARGET_CHANGE_CONFIRMED_BY_별첨6,[보고서] 2023년도 성과보고서_보건복지부.pdf 230쪽(원본 230쪽) / [별첨6 변경표] 2023년도 성과보고서_보건복지부-256-363.pdf 76쪽(원본 331쪽),,,,,2023년도 성과계획서_보건복지부-346-442.pdf,4.0,349.0,,노인생활안정 노인생활안정지원비율 ① (%) 1.0 일반재 정 15.1(%) 정성 결과 프로그램목표 노인요양서비스 및 치매관리를 통해 지속가능한 노인복지 추구 -5. Ⅳ 노인의료보장 치매안심센터 치매환 ① 자 서비스 이용률 0.4 일반재 정 74.5(%) 정량 산출,2023년도 성과보고서_보건복지부.pdf,230,230,,"노인생활안정지
원비율 (%)
(%)
{(노인맞춤돌봄서비스사업+노인
일자리사업) 수혜자 수/전체 노인 
수}×100
목표
14.6
15.2
15.1
15.2
실적
14.7
15.6
15.5
15.6
달성률(%)
100.7
102.6
102.6
102.6",plan:별첨1;plan_method:TEXT;report_method:FULL_TEXT
MOHW-2023-IV5-02,075,보건복지부,2023,Ⅳ,Ⅳ-5,,노인의료보장,장기요양기관 이용자 수,장기요양기관 이용자 수,명,,813208,935460,98.4,,장기요양기관 이용자 수,,,813208.0,"813,208","950,871",‘22년 실적 확정에 따른 목표치 상향 조정,2023년도 성과보고서_보건복지부-256-363.pdf,76.0,331.0,,False,False,,장기요양기관 이용자 수,,"950,871","935,460",98.4,813208.0,813208.0,950871.0,935460.0,935460.0,98.4,98.4,,0.0,0.0,137663.0,16.92838732525996,0.0,0.0,0.0,137663.0,16.92838732525996,EXACT_MATCH,EXACT_MATCH,EXACT_MATCH,MATCH_AFTER_CHANGE,EXACT_MATCH,EXACT_MATCH,EXACT_MATCH,NOT_APPLICABLE,MATCH_AFTER_CHANGE,TARGET_CHANGE_REASON_DOCUMENTED_IN_별첨6;REPORT_TARGET_CHANGE_CONFIRMED_BY_별첨6,[보고서] 2023년도 성과보고서_보건복지부.pdf 236쪽(원본 236쪽) / [별첨6 변경표] 2023년도 성과보고서_보건복지부-256-363.pdf 76쪽(원본 331쪽),,,,,2023년도 성과계획서_보건복지부-346-442.pdf,4.0,349.0,,"장기요양기관 이용자 ② 수 0.3 일반재 정 813,208( 명) 정량 투입 노인요양시설 종사자 ③ 서비스 만족도 0.3 일반재 정 점 74( ) 정성 결과 프로그램목표 국민연금을 통한 노후생활안정기여 -6. Ⅳ",2023년도 성과보고서_보건복지부.pdf,236,236,,"장기요양기관 
이용자 수
(명)
 측정산식 : ‘23.12.31일 현재 
전국 장기요양기관* 전체 
이용자 수
 측정대상 : ‘23.12.31일 현재 
장기요양기관 전체 이용자
 * 장기요양기관 = 노인요양시설 
+ 재가장기요양기관
목표
신규
신규
681,971
950,871
실적
신규
신규
861,297
935,460
달성률(%)
-
-
126.3
98.4",plan:별첨1;plan_method:TEXT;report_method:FULL_TEXT
MOHW-2023-IV5-03,075,보건복지부,2023,Ⅳ,Ⅳ-5,,노인의료보장,치매안심센터 치매환 자 서비스 이용률,치매안심센터 치매환 자 서비스 이용률,%,,74.5,81.5,111.3,,치매안심센터 치매환 자 서비스 이용률,,,74.5,74.5,73.2,"‘22년 실적치 확정에 따른 목표치 조정 2,490,638 2,496,350 노인요양시설 종사자 서비스 만족도 0.3 노인요양시설 종사자 서비스 만족도 0.3",2023년도 성과보고서_보건복지부-256-363.pdf,76.0,331.0,,False,False,,치매안심센터 치매환 자 서비스 이용률,,73.2,81.5,111.3,74.5,74.5,73.2,81.5,81.5,111.3,111.3,,0.0,0.0,-1.2999999999999972,-1.744966442953016,0.0,0.0,0.0,-1.2999999999999972,-1.744966442953016,EXACT_MATCH,EXACT_MATCH,EXACT_MATCH,MATCH_AFTER_CHANGE,EXACT_MATCH,EXACT_MATCH,EXACT_MATCH,NOT_APPLICABLE,MATCH_AFTER_CHANGE,TARGET_CHANGE_REASON_DOCUMENTED_IN_별첨6;REPORT_TARGET_CHANGE_CONFIRMED_BY_별첨6,[보고서] 2023년도 성과보고서_보건복지부.pdf 236쪽(원본 236쪽) / [별첨6 변경표] 2023년도 성과보고서_보건복지부-256-363.pdf 76쪽(원본 331쪽),,,,,2023년도 성과계획서_보건복지부-346-442.pdf,4.0,349.0,,"치매안심센터 치매환 ① 자 서비스 이용률 0.4 일반재 정 74.5(%) 정량 산출 장기요양기관 이용자 ② 수 0.3 일반재 정 813,208( 명) 정량 투입 노인요양시설 종사자 ③ 서비스 만족도 0.3 일반재 정 점 74( ) 정성 결과",2023년도 성과보고서_보건복지부.pdf,236,236,,"치매환자 
서비스 이용률
(%)
측정산식 : (치매안심센터 
서비스 이용 누적 치매환자 
수/치매안심센터 등록된 누적 
치매환자 수) x 100
목표
신규
신규
신규
73.2
실적
신규
신규
신규
81.5
달성률(%)
-
-
-
111.3",plan:별첨1;plan_method:TEXT;report_method:FULL_TEXT
MOHW-2023-IV6-02,075,보건복지부,2023,Ⅳ,Ⅳ-6,,국민연금운영(여유자금운영위탁 등),소득신고자 확대 성과 (%),소득신고자 확대 성과 (%),%,,86.4,86.8,100.2,,소득신고자 확대 성과 (%),,,86.4,86.4,86.6,`22 실적치 확정에 따른 변경,2023년도 성과보고서_보건복지부-256-363.pdf,76.0,331.0,,False,False,,소득신고자 확대 성과 (%),,86.6,86.8,100.2,86.4,86.4,86.6,86.8,86.8,100.2,100.2,,0.0,0.0,0.19999999999998863,0.23148148148146833,0.0,0.0,0.0,0.19999999999998863,0.23148148148146833,EXACT_MATCH,EXACT_MATCH,EXACT_MATCH,MATCH_AFTER_CHANGE,EXACT_MATCH,EXACT_MATCH,EXACT_MATCH,NOT_APPLICABLE,MATCH_AFTER_CHANGE,TARGET_CHANGE_REASON_DOCUMENTED_IN_별첨6;REPORT_TARGET_CHANGE_CONFIRMED_BY_별첨6,[보고서] 2023년도 성과보고서_보건복지부.pdf 245쪽(원본 245쪽) / [별첨6 변경표] 2023년도 성과보고서_보건복지부-256-363.pdf 76쪽(원본 331쪽),,,,,2023년도 성과계획서_보건복지부-346-442.pdf,4.0,349.0,,소득신고자 확대 성과 ② (%) 0.5 일반재 정 86.4(%) 정량 산출 프로그램목표 지속가능한 연금제도 운영으로 안정적인 노후소득보장 -7. Ⅳ 국민연금운영급여지급 ( ) 국민연금 수급률 ① 1.0 일반재 정 54.9(%) 정량 산출,2023년도 성과보고서_보건복지부.pdf,245,245,,"소득신고자 
확대 성과(%)
(%)
(소득신고자/국민연금가입자)×100
목표
신규
신규
86.2
86.6
실적
신규
86.2
86.4
86.8
달성률(%)
-
-
100.2
100.2",plan:별첨1;plan_method:TEXT;report_method:FULL_TEXT
MOHW-2023-IV7-01,075,보건복지부,2023,Ⅳ,Ⅳ-7,,국민연금운영(급여지급),국민연금 수급률,국민연금 수급률,%,,54.9,53.2,100.2,,국민연금 수급률,,,54.9,54.9,53.1,`22 실적치 확정에 따른 변경,2023년도 성과보고서_보건복지부-256-363.pdf,76.0,331.0,,False,False,,국민연금 수급률,,53.1,53.2,100.2,54.9,54.9,53.1,53.2,53.2,100.2,100.2,,0.0,0.0,-1.7999999999999972,-3.2786885245901587,0.0,0.0,0.0,-1.7999999999999972,-3.2786885245901587,EXACT_MATCH,EXACT_MATCH,EXACT_MATCH,MATCH_AFTER_CHANGE,EXACT_MATCH,EXACT_MATCH,EXACT_MATCH,NOT_APPLICABLE,MATCH_AFTER_CHANGE,TARGET_CHANGE_REASON_DOCUMENTED_IN_별첨6;REPORT_TARGET_CHANGE_CONFIRMED_BY_별첨6,[보고서] 2023년도 성과보고서_보건복지부.pdf 252쪽(원본 252쪽) / [별첨6 변경표] 2023년도 성과보고서_보건복지부-256-363.pdf 76쪽(원본 331쪽),,,,,2023년도 성과계획서_보건복지부-346-442.pdf,4.0,349.0,,국민연금운영급여지급 ( ) 국민연금 수급률 ① 1.0 일반재 정 54.9(%) 정량 산출,2023년도 성과보고서_보건복지부.pdf,252,252,202.0,"국민연금 
수급률
(%)
국민연금 수급자/62세 이상 
인구*100
목표
45.9
47.9
50.4
53.1
실적
46.0
48.3
50.8
53.2
달성률(%)
100.2
100.8
100.8
100.2",plan:별첨1;plan_method:TEXT;report_method:FULL_TEXT
MOHW-2024-I1-01,075,보건복지부,2024,Ⅰ,Ⅰ-1,,기초생활보장,상대적 빈곤율,상대적 빈곤율,%,하향,13.6,14.9,100,,상대적 빈곤율,,,14.9,13.6,14.9,,2024년도 성과보고서_보건복지부-278-394.pdf,65.0,342.0,,False,False,,상대적 빈곤율,,14.9,14.9,100,13.6,14.9,14.9,14.9,14.9,100.0,100.0,100.0,1.3000000000000007,9.55882352941177,1.3000000000000007,9.55882352941177,0.0,0.0,0.0,0.0,0.0,MATCH_AFTER_CHANGE,VALUE_MISMATCH,EXACT_MATCH,MATCH_AFTER_CHANGE,EXACT_MATCH,EXACT_MATCH,EXACT_MATCH,OCR_REQUIRED,OCR_REQUIRED,PLAN_TARGET_FROM_CHANGE_TABLE_ONLY;REPORT_TARGET_CHANGE_CONFIRMED_BY_별첨6,[계획서] 2024년도 성과계획서_보건복지부-364-456.pdf ?쪽(원본 ?쪽) / [보고서] 2024년도 성과보고서_보건복지부.pdf 8쪽(원본 8쪽) / [별첨6 변경표] 2024년도 성과보고서_보건복지부-278-394.pdf 65쪽(원본 342쪽),,,,,2024년도 성과계획서_보건복지부-364-456.pdf,,,,,2024년도 성과보고서_보건복지부.pdf,8,8,,"1
 상대적 빈곤율
 ㅇ 개념 및 의미: 중위소득의 50% 이하에 해당하는 인구가 전체 인구에서 
차지하는 비율(국가 내 빈곤인구의 규모)
 ㅇ 선정사유: 빈곤 해소를 위해 빈곤층을 타겟팅하여 빈곤층의 규모를 줄이는
정책 목표를 고려하여 지표 설정
 ㅇ 지표의 추이(최근 5년)
연 도
2020
2021
2022
2023
2024
2025
목표
신규
신규
신규
14.9
14.9
14.9
실적
15.3
15.1
(14.8)
14.9
14.9
집계중
-
달성률(%)
-
-
-
100",plan:별첨6만;plan_method:TEXT;report_method:FULL_TEXT
MOHW-2024-I2-01,075,보건복지부,2024,Ⅰ,Ⅰ-2,,노숙인의사상자지원,노숙인시설 종사자 전문성 강화 교육 참여율,노숙인시설 종사자 전문성 강화 교육 참여율,%,,36,30.5,101.7,,노숙인시설 종사자 전문성 강화 교육 참여율,,,30,36,30,,2024년도 성과보고서_보건복지부-278-394.pdf,65.0,342.0,,False,False,,노숙인시설 종사자 전문성 강화 교육 참여율,,30,30.5,101.7,36.0,30.0,30.0,30.5,30.5,101.7,101.7,,-6.0,-16.666666666666664,-6.0,-16.666666666666664,0.0,0.0,0.0,0.0,0.0,MATCH_AFTER_CHANGE,VALUE_MISMATCH,EXACT_MATCH,MATCH_AFTER_CHANGE,EXACT_MATCH,EXACT_MATCH,EXACT_MATCH,OCR_REQUIRED,OCR_REQUIRED,PLAN_TARGET_FROM_CHANGE_TABLE_ONLY;REPORT_TARGET_CHANGE_CONFIRMED_BY_별첨6,[계획서] 2024년도 성과계획서_보건복지부-364-456.pdf ?쪽(원본 ?쪽) / [보고서] 2024년도 성과보고서_보건복지부.pdf 48쪽(원본 48쪽) / [별첨6 변경표] 2024년도 성과보고서_보건복지부-278-394.pdf 65쪽(원본 342쪽),,,,,2024년도 성과계획서_보건복지부-364-456.pdf,,,,,2024년도 성과보고서_보건복지부.pdf,48,48,,"노숙인 시설 종사자 전문성 
강화 교육 참여율= 교육참여 
종사자수 / 시설 전체 종사자수
목표
신규
신규
25
30
실적
신규
신규
25
30.5
달성률(%)
-
-
100.0
101.7",plan:별첨6만;plan_method:TEXT;report_method:FULL_TEXT
MOHW-2024-I3-01,075,보건복지부,2024,Ⅰ,Ⅰ-3,,장애인생활안정 및 재활 지원,장애인 현금급여 수급률,장애인 현금급여 수급률,%,,29.25,30,102.4,,장애인 현금급여 수급률,,,29.3,29.25,29.3,,2024년도 성과보고서_보건복지부-278-394.pdf,65.0,342.0,,False,False,,장애인 현금급여 수급률,,29.3,30.0,102.4,29.25,29.3,29.3,30.0,30.0,102.4,102.4,,0.05000000000000071,0.17094017094017336,0.05000000000000071,0.17094017094017336,0.0,0.0,0.0,0.0,0.0,MATCH_AFTER_CHANGE,VALUE_MISMATCH,EXACT_MATCH,MATCH_AFTER_CHANGE,EXACT_MATCH,EXACT_MATCH,EXACT_MATCH,OCR_REQUIRED,OCR_REQUIRED,PLAN_TARGET_FROM_CHANGE_TABLE_ONLY;REPORT_TARGET_CHANGE_CONFIRMED_BY_별첨6,[계획서] 2024년도 성과계획서_보건복지부-364-456.pdf ?쪽(원본 ?쪽) / [보고서] 2024년도 성과보고서_보건복지부.pdf 56쪽(원본 56쪽) / [별첨6 변경표] 2024년도 성과보고서_보건복지부-278-394.pdf 65쪽(원본 342쪽),,,,,2024년도 성과계획서_보건복지부-364-456.pdf,,,,,2024년도 성과보고서_보건복지부.pdf,56,56,,"현금급여 
수급률
(%)
 ○ 측정방법
   - 측정대상기간 : ’24.1.1. 
~ ’24.12.31.
   - 실적치 집계 완료 시
점 : ’24.12월말 예정
   - 측정수행기관 : 직접
수행(행복e음시스템 
통계자료)
목표
28.5
28.8
29.2
29.3
실적
29.4
29.2
29.7
30.0
달성률(%)
103.2
101.4
101.7
102.4",plan:별첨6만;plan_method:TEXT;report_method:FULL_TEXT
MOHW-2024-I4-01,075,보건복지부,2024,Ⅰ,Ⅰ-4,,국립재활원,고객만족도,고객만족도,점,,87,93.1,101.6,,고객만족도,,,91.6,87,91.6,,2024년도 성과보고서_보건복지부-278-394.pdf,65.0,342.0,,False,False,,고객만족도,,91.6,93.1,101.6,87.0,91.6,91.6,93.1,93.1,101.6,101.6,,4.599999999999994,5.2873563218390744,4.599999999999994,5.2873563218390744,0.0,0.0,0.0,0.0,0.0,MATCH_AFTER_CHANGE,VALUE_MISMATCH,EXACT_MATCH,MATCH_AFTER_CHANGE,EXACT_MATCH,EXACT_MATCH,EXACT_MATCH,OCR_REQUIRED,OCR_REQUIRED,PLAN_TARGET_FROM_CHANGE_TABLE_ONLY;REPORT_TARGET_CHANGE_CONFIRMED_BY_별첨6,[계획서] 2024년도 성과계획서_보건복지부-364-456.pdf ?쪽(원본 ?쪽) / [보고서] 2024년도 성과보고서_보건복지부.pdf 66쪽(원본 66쪽) / [별첨6 변경표] 2024년도 성과보고서_보건복지부-278-394.pdf 65쪽(원본 342쪽),,,,,2024년도 성과계획서_보건복지부-364-456.pdf,,,,,2024년도 성과보고서_보건복지부.pdf,66,66,,"'24년
고객만족도
(점)
설문지 취합하여 리커드 11점 척도 후 
100점으로 환산 적용하여 평균값 산출, 
PCSI모델에 
따른 
가중치를 
부여하여 
100점 만점으로 종합점수 산출
목표
85.6
85.9
86.4
91.6
실적
87.4
86.3
90.2
93.1
달성률(%)
102.1
100.5
104.4
101.6",plan:별첨6만;plan_method:TEXT;report_method:FULL_TEXT
MOHW-2024-I5-01,075,보건복지부,2024,Ⅰ,Ⅰ-5,,사회복지기반조성,복지사각지대 지원율,복지사각지대 지원율,%,,44.5,53,106.6,,복지사각지대 지원율,,,49.7,44.5,49.7,,2024년도 성과보고서_보건복지부-278-394.pdf,65.0,342.0,,False,False,,복지사각지대 지원율,,49.7,53,106.6,44.5,49.7,49.7,53.0,53.0,106.6,106.6,,5.200000000000003,11.685393258426972,5.200000000000003,11.685393258426972,0.0,0.0,0.0,0.0,0.0,MATCH_AFTER_CHANGE,VALUE_MISMATCH,EXACT_MATCH,MATCH_AFTER_CHANGE,EXACT_MATCH,EXACT_MATCH,EXACT_MATCH,OCR_REQUIRED,OCR_REQUIRED,PLAN_TARGET_FROM_CHANGE_TABLE_ONLY;REPORT_TARGET_CHANGE_CONFIRMED_BY_별첨6,[계획서] 2024년도 성과계획서_보건복지부-364-456.pdf ?쪽(원본 ?쪽) / [보고서] 2024년도 성과보고서_보건복지부.pdf 77쪽(원본 77쪽) / [별첨6 변경표] 2024년도 성과보고서_보건복지부-278-394.pdf 65쪽(원본 342쪽),,,,,2024년도 성과계획서_보건복지부-364-456.pdf,,,,,2024년도 성과보고서_보건복지부.pdf,77,77,,"복지사각지대 
지원율
(%)
ㅇ 측정산식 : 복지서비스 
지원 대상자** / 복
지사각지대 발굴 대
상자*
  * (복지사각지대 발굴 대상자) 
사각지대 발굴관리 시스
템을 통해 예측되어 읍면
동에 
    중앙발굴로 통보된 대상자
 ** (복지서비스 지원 대상자) 
복지사각지대 발굴 대상자 중 
상담 조사후 복지 서비스 
    지원 대상에 해당하는 경우 
복지 급여 서비스 지원을 받는 
대상자
목표
신규
35
46.7
49.7
실적
신규
50.2
49.4
53
달성률(%)
-
143.4
105.8
106.6",plan:별첨6만;plan_method:TEXT;report_method:FULL_TEXT
MOHW-2024-II1-01,075,보건복지부,2024,Ⅱ,Ⅱ-1,,보건의료서비스지원,보건의료연구 정책연계 실적,보건의료연구 정책연계 실적,건,,12.2,12.7,102.4,,보건의료연구 정책연계 실적,,,12.4,12.2,12.4,,2024년도 성과보고서_보건복지부-278-394.pdf,66.0,343.0,,False,False,,보건의료연구 정책연계 실적,,12.4,12.7,102.4,12.2,12.4,12.4,12.7,12.7,102.4,102.4,,0.20000000000000107,1.6393442622950907,0.20000000000000107,1.6393442622950907,0.0,0.0,0.0,0.0,0.0,MATCH_AFTER_CHANGE,VALUE_MISMATCH,EXACT_MATCH,MATCH_AFTER_CHANGE,EXACT_MATCH,EXACT_MATCH,EXACT_MATCH,OCR_REQUIRED,OCR_REQUIRED,PLAN_TARGET_FROM_CHANGE_TABLE_ONLY;REPORT_TARGET_CHANGE_CONFIRMED_BY_별첨6,[계획서] 2024년도 성과계획서_보건복지부-364-456.pdf ?쪽(원본 ?쪽) / [보고서] 2024년도 성과보고서_보건복지부.pdf 92쪽(원본 92쪽) / [별첨6 변경표] 2024년도 성과보고서_보건복지부-278-394.pdf 66쪽(원본 343쪽),,,,,2024년도 성과계획서_보건복지부-364-456.pdf,,,,,2024년도 성과보고서_보건복지부.pdf,92,92,,"보건의료연구 
정책연계 실적
(건)
최근 3개년 보건의료정책 지원 및 건강보험
정책 지원 건수(ⓐ+ⓑ+◯
c )의 평균치 
ⓐ 정부 아젠다 지원
ⓑ 정부시책 반영
◯
c 법령 제·개정 지원
목표
10.9
12
12.1
12.4
실적
11
12
12.3
12.7
달성률(%)
100.9
100.0
101.7
102.4",plan:별첨6만;plan_method:TEXT;report_method:FULL_TEXT
MOHW-2024-II2-01,075,보건복지부,2024,Ⅱ,Ⅱ-2,,공공보건의료확충,지역거점공공병원 운영평가 평균점수,지역거점공공병원 운영평가 평균점수,점,,77.6,73.6,100.5,,지역거점공공병원 운영평가 평균점수,,,73.2,77.6,73.2,,2024년도 성과보고서_보건복지부-278-394.pdf,66.0,343.0,,False,False,,지역거점공공병원 운영평가 평균점수,,73.2,73.6,100.5,77.6,73.2,73.2,73.6,73.6,100.5,100.5,,-4.3999999999999915,-5.670103092783495,-4.3999999999999915,-5.670103092783495,0.0,0.0,0.0,0.0,0.0,MATCH_AFTER_CHANGE,VALUE_MISMATCH,EXACT_MATCH,MATCH_AFTER_CHANGE,EXACT_MATCH,EXACT_MATCH,EXACT_MATCH,OCR_REQUIRED,OCR_REQUIRED,PLAN_TARGET_FROM_CHANGE_TABLE_ONLY;REPORT_TARGET_CHANGE_CONFIRMED_BY_별첨6,[계획서] 2024년도 성과계획서_보건복지부-364-456.pdf ?쪽(원본 ?쪽) / [보고서] 2024년도 성과보고서_보건복지부.pdf 104쪽(원본 104쪽) / [별첨6 변경표] 2024년도 성과보고서_보건복지부-278-394.pdf 66쪽(원본 343쪽),,,,,2024년도 성과계획서_보건복지부-364-456.pdf,,,,,2024년도 성과보고서_보건복지부.pdf,104,104,,"원 운영평가 
평균점수
(점)
ㅇ 지역거점공공병원 운영평가 총
점수 / 지역거점공공병원수
목표
78.5
78.5
77.6
73.2
실적
77.1
77.4
70.3
73.6
달성률(%)
98.2
98.6
90.6
100.5",plan:별첨6만;plan_method:TEXT;report_method:FULL_TEXT
MOHW-2024-II3-01,075,보건복지부,2024,Ⅱ,Ⅱ-3,,응급의료체계운영지원,중증환자 최종치료 제공률,중증환자 최종치료 제공률,%,,91.9,93,101.1,,중증환자 최종치료 제공률,,,92.0,91.9,92.0,,2024년도 성과보고서_보건복지부-278-394.pdf,66.0,343.0,,False,False,,중증환자 최종치료 제공률,,92.0,93,101.1,91.9,92.0,92.0,93.0,93.0,101.1,101.1,,0.09999999999999432,0.1088139281828012,0.09999999999999432,0.1088139281828012,0.0,0.0,0.0,0.0,0.0,MATCH_AFTER_CHANGE,VALUE_MISMATCH,EXACT_MATCH,MATCH_AFTER_CHANGE,EXACT_MATCH,EXACT_MATCH,EXACT_MATCH,OCR_REQUIRED,OCR_REQUIRED,PLAN_TARGET_FROM_CHANGE_TABLE_ONLY;REPORT_TARGET_CHANGE_CONFIRMED_BY_별첨6,[계획서] 2024년도 성과계획서_보건복지부-364-456.pdf ?쪽(원본 ?쪽) / [보고서] 2024년도 성과보고서_보건복지부.pdf 112쪽(원본 112쪽) / [별첨6 변경표] 2024년도 성과보고서_보건복지부-278-394.pdf 66쪽(원본 343쪽),,,,,2024년도 성과계획서_보건복지부-364-456.pdf,,,,,2024년도 성과보고서_보건복지부.pdf,112,112,,"최종치료 
제공률
(%)
권역응급의료센터에 내원한 최종치료를 
제공한 환자/권역응급의료센터에 내원
한 최종치료 필요 질환 환자*100
목표
신규
90.6
91.8
92.0
실적
신규
91.6
92.3
93
달성률(%)
-
101.1
100.5
101.1",plan:별첨6만;plan_method:TEXT;report_method:FULL_TEXT
MOHW-2024-II4-01,075,보건복지부,2024,Ⅱ,Ⅱ-4,,보건산업육성,보건의료실용화지수,보건의료실용화지수,점,,107,105.2,100.2,,보건의료실용화지수,,,105,107,105,,2024년도 성과보고서_보건복지부-278-394.pdf,66.0,343.0,,False,False,,보건의료실용화지수,,105,105.2,100.2,107.0,105.0,105.0,105.2,105.2,100.2,100.2,,-2.0,-1.8691588785046727,-2.0,-1.8691588785046727,0.0,0.0,0.0,0.0,0.0,MATCH_AFTER_CHANGE,VALUE_MISMATCH,EXACT_MATCH,MATCH_AFTER_CHANGE,EXACT_MATCH,EXACT_MATCH,EXACT_MATCH,OCR_REQUIRED,OCR_REQUIRED,PLAN_TARGET_FROM_CHANGE_TABLE_ONLY;REPORT_TARGET_CHANGE_CONFIRMED_BY_별첨6,[계획서] 2024년도 성과계획서_보건복지부-364-456.pdf ?쪽(원본 ?쪽) / [보고서] 2024년도 성과보고서_보건복지부.pdf 134쪽(원본 134쪽) / [별첨6 변경표] 2024년도 성과보고서_보건복지부-278-394.pdf 66쪽(원본 343쪽),,,,,2024년도 성과계획서_보건복지부-364-456.pdf,,,,,2024년도 성과보고서_보건복지부.pdf,134,134,,"보건의료실용화
지수
(점)
ㅇ (임상시험 승인건수 × 0.7) + 
(기술이전건수 × 1.0) + 
(품목허가건수 × 1.3)
 *실용화를 위한 TRL단계를 
고려하여 지표별 가중치 부여
목표
-
86
104
105
실적
109.1
93.2
104.3
105.2
달성률(%)
-
108.4
100.3
100.2",plan:별첨6만;plan_method:TEXT;report_method:FULL_TEXT
MOHW-2024-II5-01,075,보건복지부,2024,Ⅱ,Ⅱ-5,,한의학연구및정책개발,한의약 소재물질 분양건수,한의약 소재물질 분양건수,건,,2487,3645,109.3,,한의약 소재물질 분양건수,,,"3,335","2,487","3,335",,2024년도 성과보고서_보건복지부-278-394.pdf,66.0,343.0,,False,False,,한의약 소재물질 분양건수,,"3,335","3,645",109.3,2487.0,3335.0,3335.0,3645.0,3645.0,109.3,109.3,,848.0,34.097305991154,848.0,34.097305991154,0.0,0.0,0.0,0.0,0.0,MATCH_AFTER_CHANGE,VALUE_MISMATCH,EXACT_MATCH,MATCH_AFTER_CHANGE,EXACT_MATCH,EXACT_MATCH,EXACT_MATCH,OCR_REQUIRED,OCR_REQUIRED,PLAN_TARGET_FROM_CHANGE_TABLE_ONLY;REPORT_TARGET_CHANGE_CONFIRMED_BY_별첨6,[계획서] 2024년도 성과계획서_보건복지부-364-456.pdf ?쪽(원본 ?쪽) / [보고서] 2024년도 성과보고서_보건복지부.pdf 140쪽(원본 140쪽) / [별첨6 변경표] 2024년도 성과보고서_보건복지부-278-394.pdf 66쪽(원본 343쪽),,,,,2024년도 성과계획서_보건복지부-364-456.pdf,,,,,2024년도 성과보고서_보건복지부.pdf,140,140,,"소재물질 
분양건수
(건)
- 연구 및 제품 개발을 위한 소재
물질을 기업, 대학 등에 유무상 분
양한 물질 개수의 합
목표
1,868
2,055
2,261
3,335
실적
2,043
2,453
3,032
3,645
달성률(%)
109.4
119.4
134.1
109.3",plan:별첨6만;plan_method:TEXT;report_method:FULL_TEXT
MOHW-2024-II5-02,075,보건복지부,2024,Ⅱ,Ⅱ-5,,한의학연구및정책개발,한의표준진료지침 개발건수,한의표준진료지침 개발건수,건,,5,7,140,,한의표준진료지침 개발건수,,,5,5,5,변경사항 없음,2024년도 성과보고서_보건복지부-278-394.pdf,66.0,343.0,,False,False,,한의표준진료지침 개발건수,,5,7,140.0,5.0,5.0,5.0,7.0,7.0,140.0,140.0,,0.0,0.0,0.0,0.0,0.0,0.0,0.0,0.0,0.0,MATCH_AFTER_CHANGE,EXACT_MATCH,EXACT_MATCH,EXACT_MATCH,EXACT_MATCH,EXACT_MATCH,EXACT_MATCH,OCR_REQUIRED,OCR_REQUIRED,PLAN_TARGET_FROM_CHANGE_TABLE_ONLY;TARGET_CHANGE_REASON_DOCUMENTED_IN_별첨6,[계획서] 2024년도 성과계획서_보건복지부-364-456.pdf ?쪽(원본 ?쪽) / [별첨6 변경표] 2024년도 성과보고서_보건복지부-278-394.pdf 66쪽(원본 343쪽),,,,,2024년도 성과계획서_보건복지부-364-456.pdf,,,,,2024년도 성과보고서_보건복지부.pdf,140,140,,"(R&D)내 가이드라인개발 분야 한
의표준진료지침 개발 건수. 
목표
신규
5
5
5
실적
신규
5
6
7
달성률(%)
-
100.0
120.0
140.0",plan:별첨6만;plan_method:TEXT;report_method:FULL_TEXT
MOHW-2024-II6-01,075,보건복지부,2024,Ⅱ,Ⅱ-6,,건강보험제도 운영,보험료부담 대비 급여비 비율,보험료부담 대비 급여비 비율,%,,113,113.5,104.1,,보험료부담 대비 급여비 비율,,,109.0,113.0,109.0,,2024년도 성과보고서_보건복지부-278-394.pdf,67.0,344.0,,False,False,,보험료부담 대비 급여비 비율,,109.0,113.5,104.1,113.0,109.0,109.0,113.5,113.5,104.1,104.1,,-4.0,-3.5398230088495577,-4.0,-3.5398230088495577,0.0,0.0,0.0,0.0,0.0,MATCH_AFTER_CHANGE,VALUE_MISMATCH,EXACT_MATCH,MATCH_AFTER_CHANGE,EXACT_MATCH,EXACT_MATCH,EXACT_MATCH,OCR_REQUIRED,OCR_REQUIRED,PLAN_TARGET_FROM_CHANGE_TABLE_ONLY;REPORT_TARGET_CHANGE_CONFIRMED_BY_별첨6,[계획서] 2024년도 성과계획서_보건복지부-364-456.pdf ?쪽(원본 ?쪽) / [보고서] 2024년도 성과보고서_보건복지부.pdf 149쪽(원본 149쪽) / [별첨6 변경표] 2024년도 성과보고서_보건복지부-278-394.pdf 67쪽(원본 344쪽),,,,,2024년도 성과계획서_보건복지부-364-456.pdf,,,,,2024년도 성과보고서_보건복지부.pdf,149,149,," ㅇ 측정산식 : 보험료부담 대비 
급여비 비율 = 100 × 당해 
연도 총급여비 / 총 보험료
목표
113.0
113.5
113.0
109.0
실적
110.7
108.6
108.9
113.5
달성률(%)
98.0
95.7
96.4
104.1",plan:별첨6만;plan_method:TEXT;report_method:FULL_TEXT
MOHW-2024-III1-01,075,보건복지부,2024,Ⅲ,Ⅲ-1,,소록도병원,소록도병원 고객만족도 조사(점),소록도병원 고객만족도 조사(점),점,,78,79,92.9,,소록도병원 고객만족도 조사(점),,,85,78,85,,2024년도 성과보고서_보건복지부-278-394.pdf,67.0,344.0,,False,False,,소록도병원 고객만족도 조사(점),,85,79,92.9,78.0,85.0,85.0,79.0,79.0,92.9,92.9,,7.0,8.974358974358974,7.0,8.974358974358974,0.0,0.0,0.0,0.0,0.0,MATCH_AFTER_CHANGE,VALUE_MISMATCH,EXACT_MATCH,MATCH_AFTER_CHANGE,EXACT_MATCH,EXACT_MATCH,EXACT_MATCH,OCR_REQUIRED,OCR_REQUIRED,PLAN_TARGET_FROM_CHANGE_TABLE_ONLY;REPORT_TARGET_CHANGE_CONFIRMED_BY_별첨6,[계획서] 2024년도 성과계획서_보건복지부-364-456.pdf ?쪽(원본 ?쪽) / [보고서] 2024년도 성과보고서_보건복지부.pdf 158쪽(원본 158쪽) / [별첨6 변경표] 2024년도 성과보고서_보건복지부-278-394.pdf 67쪽(원본 344쪽),,,,,2024년도 성과계획서_보건복지부-364-456.pdf,,,,,2024년도 성과보고서_보건복지부.pdf,158,158,,"고객만족도 
조사(점)
(점)
 ㅇ 
고객만족도 조사 평균
(100점 만점)
목표
88
88
80
85
실적
76
75
83
79
달성률(%)
86.4
85.2
103.8
92.9",plan:별첨6만;plan_method:TEXT;report_method:FULL_TEXT
MOHW-2024-III2-01,075,보건복지부,2024,Ⅲ,Ⅲ-2,,국민건강생활실천,지역사회건강증진사업성과도,지역사회건강증진사업성과도,점,,81.5,79.7,97.7,,지역사회건강증진사업성과도,,,81.6,81.5,81.6,,2024년도 성과보고서_보건복지부-278-394.pdf,67.0,344.0,,False,False,,지역사회건강증진사업성과도,,81.6,79.7,97.7,81.5,81.6,81.6,79.7,79.7,97.7,97.7,,0.09999999999999432,0.1226993865030605,0.09999999999999432,0.1226993865030605,0.0,0.0,0.0,0.0,0.0,MATCH_AFTER_CHANGE,VALUE_MISMATCH,EXACT_MATCH,MATCH_AFTER_CHANGE,EXACT_MATCH,EXACT_MATCH,EXACT_MATCH,OCR_REQUIRED,OCR_REQUIRED,PLAN_TARGET_FROM_CHANGE_TABLE_ONLY;REPORT_TARGET_CHANGE_CONFIRMED_BY_별첨6,[계획서] 2024년도 성과계획서_보건복지부-364-456.pdf ?쪽(원본 ?쪽) / [보고서] 2024년도 성과보고서_보건복지부.pdf 177쪽(원본 177쪽) / [별첨6 변경표] 2024년도 성과보고서_보건복지부-278-394.pdf 67쪽(원본 344쪽),,,,,2024년도 성과계획서_보건복지부-364-456.pdf,,,,,2024년도 성과보고서_보건복지부.pdf,177,177,,"지역사회건강증
진사업성과도
(점)
성인 1만명을 대상으로 지역 
보건기관의 건강증진사업에 
대한 주관적 평가, 사업참여에 
따른 건강개선 만족도 등을 5점 
척도로 조사하여 점수화
목표
79.1
79.5
81.5
81.6
실적
79.6
85.4
79.8
79.7
달성률(%)
100.6
107.4
97.9
97.7",plan:별첨6만;plan_method:TEXT;report_method:FULL_TEXT
MOHW-2024-III3-01,075,보건복지부,2024,Ⅲ,Ⅲ-3,,국립정신건강센터,국립정신건강센터 고객만족도,국립정신건강센터 고객만족도,점,,95.2,96.2,101.1,,국립정신건강센터 고객만족도,,,95.2,95.2,95.2,변경사항 없음,2024년도 성과보고서_보건복지부-278-394.pdf,67.0,344.0,,False,False,,국립정신건강센터 고객만족도,,95.2,96.2,101.1,95.2,95.2,95.2,96.2,96.2,101.1,101.1,,0.0,0.0,0.0,0.0,0.0,0.0,0.0,0.0,0.0,MATCH_AFTER_CHANGE,EXACT_MATCH,EXACT_MATCH,EXACT_MATCH,EXACT_MATCH,EXACT_MATCH,EXACT_MATCH,OCR_REQUIRED,OCR_REQUIRED,PLAN_TARGET_FROM_CHANGE_TABLE_ONLY;TARGET_CHANGE_REASON_DOCUMENTED_IN_별첨6,[계획서] 2024년도 성과계획서_보건복지부-364-456.pdf ?쪽(원본 ?쪽) / [별첨6 변경표] 2024년도 성과보고서_보건복지부-278-394.pdf 67쪽(원본 344쪽),,,,,2024년도 성과계획서_보건복지부-364-456.pdf,,,,,2024년도 성과보고서_보건복지부.pdf,190,190,,"국립정신건강센
터 고객만족도
(점)
ㅇ 고객만족도=(설문조사 해당
평균값÷5)×100
  : 설문지 취합 후 5점 척도로 
평균값을 
산출하여 
100점 
만점으로 환산
목표
95.3
95.8
95.1
95.2
실적
95.7
94.5
94.2
96.2
달성률(%)
100.4
98.6
99.1
101.1",plan:별첨6만;plan_method:TEXT;report_method:FULL_TEXT
MOHW-2024-III4-01,075,보건복지부,2024,Ⅲ,Ⅲ-4,,국립나주병원,국립나주병원 고객만족도,국립나주병원 고객만족도,점,,92.1,92.8,102.4,,국립나주병원 고객만족도,,,90.6,92.1,90.6,,2024년도 성과보고서_보건복지부-278-394.pdf,67.0,344.0,,False,False,,국립나주병원 고객만족도,,90.6,92.8,102.4,92.1,90.6,90.6,92.8,92.8,102.4,102.4,,-1.5,-1.6286644951140066,-1.5,-1.6286644951140066,0.0,0.0,0.0,0.0,0.0,MATCH_AFTER_CHANGE,VALUE_MISMATCH,EXACT_MATCH,MATCH_AFTER_CHANGE,EXACT_MATCH,EXACT_MATCH,EXACT_MATCH,OCR_REQUIRED,OCR_REQUIRED,PLAN_TARGET_FROM_CHANGE_TABLE_ONLY;REPORT_TARGET_CHANGE_CONFIRMED_BY_별첨6,[계획서] 2024년도 성과계획서_보건복지부-364-456.pdf ?쪽(원본 ?쪽) / [보고서] 2024년도 성과보고서_보건복지부.pdf 196쪽(원본 196쪽) / [별첨6 변경표] 2024년도 성과보고서_보건복지부-278-394.pdf 67쪽(원본 344쪽),,,,,2024년도 성과계획서_보건복지부-364-456.pdf,,,,,2024년도 성과보고서_보건복지부.pdf,196,196,,"국립나주병원 
고객만족도
(점)
<측정산식>
ㅇ 설문조사 후 5점 척도로 
평균값 산출 후 PCSI모
델에 따른 가중치 부여
하여 100점 만점으로 
산출(외래•입원환자,보호자 
조사대상 선정하여 설문조
사표 작성)
  - 고객만족지수 =요소만족
도(70%) 
+ 
체감만족도
(30%)
   * 
요소만족도(70%)= 
∑(각차
원별(상품품질,전달품질,환
경품질,사회품질)만족도×중
요도)
   * 체감만족도(30%) = (절
대적만족+상대적만족+
감정적만족)/3
목표
94.4
94.4
92.1
90.6
실적
89.1
91.7
89.7
92.8
달성률(%)
94.4
97.1
97.4
102.4",plan:별첨6만;plan_method:TEXT;report_method:FULL_TEXT
MOHW-2024-III5-01,075,보건복지부,2024,Ⅲ,Ⅲ-5,,국립부곡병원,국립부곡병원 고객만족도,국립부곡병원 고객만족도,점,,88.4,92.9,103.6,,국립부곡병원 고객만족도,,,89.7,88.4,89.7,,2024년도 성과보고서_보건복지부-278-394.pdf,67.0,344.0,,False,False,,국립부곡병원 고객만족도,,89.7,92.9,103.6,88.4,89.7,89.7,92.9,92.9,103.6,103.6,,1.2999999999999972,1.4705882352941144,1.2999999999999972,1.4705882352941144,0.0,0.0,0.0,0.0,0.0,MATCH_AFTER_CHANGE,VALUE_MISMATCH,EXACT_MATCH,MATCH_AFTER_CHANGE,EXACT_MATCH,EXACT_MATCH,EXACT_MATCH,OCR_REQUIRED,OCR_REQUIRED,PLAN_TARGET_FROM_CHANGE_TABLE_ONLY;REPORT_TARGET_CHANGE_CONFIRMED_BY_별첨6,[계획서] 2024년도 성과계획서_보건복지부-364-456.pdf ?쪽(원본 ?쪽) / [보고서] 2024년도 성과보고서_보건복지부.pdf 202쪽(원본 202쪽) / [별첨6 변경표] 2024년도 성과보고서_보건복지부-278-394.pdf 67쪽(원본 344쪽),,,,,2024년도 성과계획서_보건복지부-364-456.pdf,,,,,2024년도 성과보고서_보건복지부.pdf,202,202,,"국립부곡병원 
고객만족도
(점)
설문지 취합하여 5점 척도로 평균값 
산출 후 PCSI모델에 따른 가중치를 
부여하여 100점 만점으로 종합점수 
산출
목표
88.0
88.0
88.2
89.7
실적
87.5
89.7
89.5
92.9
달성률(%)
99.4
101.9
101.5
103.6",plan:별첨6만;plan_method:TEXT;report_method:FULL_TEXT
MOHW-2024-III6-01,075,보건복지부,2024,Ⅲ,Ⅲ-6,,국립춘천병원,국립춘천병원 고객만족도,국립춘천병원 고객만족도,점,,92.9,93.5,101.4,,국립춘천병원 고객만족도,,,92.2,92.9,92.2,,2024년도 성과보고서_보건복지부-278-394.pdf,67.0,344.0,,False,False,,국립춘천병원 고객만족도,,92.2,93.5,101.4,92.9,92.2,92.2,93.5,93.5,101.4,101.4,,-0.7000000000000028,-0.7534983853606059,-0.7000000000000028,-0.7534983853606059,0.0,0.0,0.0,0.0,0.0,MATCH_AFTER_CHANGE,VALUE_MISMATCH,EXACT_MATCH,MATCH_AFTER_CHANGE,EXACT_MATCH,EXACT_MATCH,EXACT_MATCH,OCR_REQUIRED,OCR_REQUIRED,PLAN_TARGET_FROM_CHANGE_TABLE_ONLY;REPORT_TARGET_CHANGE_CONFIRMED_BY_별첨6,[계획서] 2024년도 성과계획서_보건복지부-364-456.pdf ?쪽(원본 ?쪽) / [보고서] 2024년도 성과보고서_보건복지부.pdf 208쪽(원본 208쪽) / [별첨6 변경표] 2024년도 성과보고서_보건복지부-278-394.pdf 67쪽(원본 344쪽),,,,,2024년도 성과계획서_보건복지부-364-456.pdf,,,,,2024년도 성과보고서_보건복지부.pdf,208,208,,"국립춘천병원 
고객만족도
(점)
설문지 취합하여 10점 척도
로 평균값 산출후 PCSI모델
에 따른 가중치를 부여하여 
100점 만점으로 종합점수 산
출
목표
96.9
96.9
92.9
92.2
실적
94.3
92.5
91.3
93.5
달성률(%)
97.3
95.5
98.3
101.4",plan:별첨6만;plan_method:TEXT;report_method:FULL_TEXT
MOHW-2024-III7-01,075,보건복지부,2024,Ⅲ,Ⅲ-7,,국립공주병원,국립공주병원 고객만족도,국립공주병원 고객만족도,점,,94.8,93,99.4,,국립공주병원 고객만족도,,,93.6,94.8,93.6,,2024년도 성과보고서_보건복지부-278-394.pdf,68.0,345.0,,False,False,,국립공주병원 고객만족도,,93.6,93.0,99.4,94.8,93.6,93.6,93.0,93.0,99.4,99.4,,-1.2000000000000028,-1.2658227848101298,-1.2000000000000028,-1.2658227848101298,0.0,0.0,0.0,0.0,0.0,MATCH_AFTER_CHANGE,VALUE_MISMATCH,EXACT_MATCH,MATCH_AFTER_CHANGE,EXACT_MATCH,EXACT_MATCH,EXACT_MATCH,OCR_REQUIRED,OCR_REQUIRED,PLAN_TARGET_FROM_CHANGE_TABLE_ONLY;REPORT_TARGET_CHANGE_CONFIRMED_BY_별첨6,[계획서] 2024년도 성과계획서_보건복지부-364-456.pdf ?쪽(원본 ?쪽) / [보고서] 2024년도 성과보고서_보건복지부.pdf 215쪽(원본 215쪽) / [별첨6 변경표] 2024년도 성과보고서_보건복지부-278-394.pdf 68쪽(원본 345쪽),,,,,2024년도 성과계획서_보건복지부-364-456.pdf,,,,,2024년도 성과보고서_보건복지부.pdf,215,215,,"국립공주병원 
고객만족도
(점)
*PCSI: public-service customer satisfaction 
index) 공공기관 고객만족도 지수
ㅇ 측정산식 : 고객만족도(PCSI)= 체감 
만족(A)(30%)+요소 만족(B)(70%)
A: (절대적만족+기대대비만족+감정적만족)/3
B: ∑(각 차원별 만족도(서비스 상품 품질, 
서비스 전달 품질, 서비스 환경 품질, 
사회 품질)×중요도)
목표
93.4
94.7
94.7
93.6
실적
94.5
92.3
92.6
93.0
달성률(%)
101.2
97.5
97.8
99.4",plan:별첨6만;plan_method:TEXT;report_method:FULL_TEXT
MOHW-2024-IV1-01,075,보건복지부,2024,Ⅳ,Ⅳ-1,,아동보호 및 복지 강화,아동빈곤율(OECD),아동빈곤율(가계금융복지조사),%,하향,9.7,8.5,110.5,,아동빈곤율(OECD),,,9.4,9.7,9.4,,2024년도 성과보고서_보건복지부-278-394.pdf,68.0,345.0,,False,False,,아동빈곤율(가계금융복지조사),,9.4,8.5,110.5,9.7,9.4,9.4,8.5,8.5,110.5,110.5,110.58823529411765,-0.29999999999999893,-3.0927835051546286,-0.29999999999999893,-3.0927835051546286,0.0,0.0,0.0,0.0,0.0,MATCH_AFTER_CHANGE,VALUE_MISMATCH,EXACT_MATCH,MATCH_AFTER_CHANGE,EXACT_MATCH,EXACT_MATCH,EXACT_MATCH,OCR_REQUIRED,OCR_REQUIRED,PLAN_TARGET_FROM_CHANGE_TABLE_ONLY;REPORT_TARGET_CHANGE_CONFIRMED_BY_별첨6;PLAN_REPORT_NAME_CHANGE_DOCUMENTED_IN_별첨6,[계획서] 2024년도 성과계획서_보건복지부-364-456.pdf ?쪽(원본 ?쪽) / [보고서] 2024년도 성과보고서_보건복지부.pdf 225쪽(원본 225쪽) / [별첨6 변경표] 2024년도 성과보고서_보건복지부-278-394.pdf 68쪽(원본 345쪽),,,,,2024년도 성과계획서_보건복지부-364-456.pdf,,,,,2024년도 성과보고서_보건복지부.pdf,225,225,,"아동빈곤율(가계
금융복지조사)
(%)(하향지표)
○ 균등화 처분가능소득 기준 중위
소득 50%이하 0~17세 인구 / 
0~17세 인구 × 100
- 균등화 처분가능 소득 : 분가능
소득(=시장소득+공적 
이전소득
*-공적 이전지출**)을 가구수의 
제곱근을 이용해 균등화한 소득
 * 공적 이전소득 : 공적연금(국
민연금 등), 기초연금, 양육수
당, 장애수당 등
 ** 공적 이전지출 : 세금, 공적
연금 기여금, 사회보험료 등
목표
14.3
12.2
9.7
9.4
실적
12.3
9.8
9.5
8.5
달성률(%)
114.0
119.7
102.1
110.5",plan:별첨6만;plan_method:TEXT;report_method:FULL_TEXT
MOHW-2024-IV2-01,075,보건복지부,2024,Ⅳ,Ⅳ-2,,저출산대응및인구정책지원,합계출산율(명),합계출산율(명),명,,0.7,0.75,110.2,,합계출산율(명),,,0.68,0.70,0.68,,2024년도 성과보고서_보건복지부-278-394.pdf,68.0,345.0,,False,False,,합계출산율(명),,0.68,0.75,110.2,0.7,0.68,0.68,0.75,0.75,110.2,110.2,,-0.019999999999999907,-2.857142857142844,-0.019999999999999907,-2.857142857142844,0.0,0.0,0.0,0.0,0.0,MATCH_AFTER_CHANGE,VALUE_MISMATCH,EXACT_MATCH,MATCH_AFTER_CHANGE,EXACT_MATCH,EXACT_MATCH,EXACT_MATCH,OCR_REQUIRED,OCR_REQUIRED,PLAN_TARGET_FROM_CHANGE_TABLE_ONLY;REPORT_TARGET_CHANGE_CONFIRMED_BY_별첨6,[계획서] 2024년도 성과계획서_보건복지부-364-456.pdf ?쪽(원본 ?쪽) / [보고서] 2024년도 성과보고서_보건복지부.pdf 232쪽(원본 232쪽) / [별첨6 변경표] 2024년도 성과보고서_보건복지부-278-394.pdf 68쪽(원본 345쪽),,,,,2024년도 성과계획서_보건복지부-364-456.pdf,,,,,2024년도 성과보고서_보건복지부.pdf,232,232,,"'24년
합계출산율(명)
(명)
ㅇ 측정산식 : 합계출산율 



(ASFR)i÷1,000
목표
0.78
0.77
0.73
0.68
실적
0.81
0.78
0.72
0.75
달성률(%)
103.8
101.3
98.6
110.2",plan:별첨6만;plan_method:TEXT;report_method:FULL_TEXT
MOHW-2024-IV3-01,075,보건복지부,2024,Ⅳ,Ⅳ-3,,보육지원강화,어린이집 이용자 만족도,어린이집 이용자 만족도,점,,81.6,87.2,104.8,,어린이집 이용자 만족도,,,83.2,81.6,83.2,,2024년도 성과보고서_보건복지부-278-394.pdf,68.0,345.0,,False,False,,어린이집 이용자 만족도,,83.2,87.2,104.8,81.6,83.2,83.2,87.2,87.2,104.8,104.8,,1.6000000000000085,1.960784313725501,1.6000000000000085,1.960784313725501,0.0,0.0,0.0,0.0,0.0,MATCH_AFTER_CHANGE,VALUE_MISMATCH,EXACT_MATCH,MATCH_AFTER_CHANGE,EXACT_MATCH,EXACT_MATCH,EXACT_MATCH,OCR_REQUIRED,OCR_REQUIRED,PLAN_TARGET_FROM_CHANGE_TABLE_ONLY;REPORT_TARGET_CHANGE_CONFIRMED_BY_별첨6,[계획서] 2024년도 성과계획서_보건복지부-364-456.pdf ?쪽(원본 ?쪽) / [보고서] 2024년도 성과보고서_보건복지부.pdf 239쪽(원본 239쪽) / [별첨6 변경표] 2024년도 성과보고서_보건복지부-278-394.pdf 68쪽(원본 345쪽),,,,,2024년도 성과계획서_보건복지부-364-456.pdf,,,,,2024년도 성과보고서_보건복지부.pdf,239,239,,"어린이집 
이용자 만족도
(점)
ㅇ 측정산식 : (조사항목별 점
수를 100점 만점으로 환산
한 점수들의 합계)/항목 수
  ▪ 측정방법 (어린이집 이용 
부모대상 만족도 조사)
    - 측정대상기간 : ’24.7월 
말 기준 
    - 실적치 집계 완료 시
점 : ’25.2월말 예정
    - 측정수행기관 : 육아정
책연구소
    - 측정대상 표본 : 어린
이집 이용 가구
    - 조사대상 : 7월 말 조
사 시점에서 어린이집
을 이용하고 있는 영
유아 자녀를 둔 부 또
는 모를 대상으로 시도
별 배분하여 1,000명을 
대상으로 설문을 실시
    - 조사항목 : 자녀, 가구
와 부모의 특성에 관
한 질문, 보육·교육 정
책에 관한 질문, 어린
이집 이용에 관한 질
문, 개인양육지원 서비
스 이용에 관한 질문
(총 4개 항목에 대해 
조사)
    - 평점 부여 방식 : 리커
트 5점 척도 측정 후 
100점 기준으로 환산
목표
3.8
3.8
80.8
83.2
실적
4.1
4.08
86.2
87.2
달성률(%)
107.9
107.4
106.7
104.8",plan:별첨6만;plan_method:TEXT;report_method:FULL_TEXT
MOHW-2024-IV4-01,075,보건복지부,2024,Ⅳ,Ⅳ-4,,노인생활안정,노인생활안정지원비율(%),노인생활안정지원비율(%),%,,14.6,17.4,113,,노인생활안정지원비율(%),,,15.4,14.6,15.4,,2024년도 성과보고서_보건복지부-278-394.pdf,68.0,345.0,,False,False,,노인생활안정지원비율(%),,15.4,17.4,113.0,14.6,15.4,15.4,17.4,17.4,113.0,113.0,,0.8000000000000007,5.479452054794526,0.8000000000000007,5.479452054794526,0.0,0.0,0.0,0.0,0.0,MATCH_AFTER_CHANGE,VALUE_MISMATCH,EXACT_MATCH,MATCH_AFTER_CHANGE,EXACT_MATCH,EXACT_MATCH,EXACT_MATCH,OCR_REQUIRED,OCR_REQUIRED,PLAN_TARGET_FROM_CHANGE_TABLE_ONLY;REPORT_TARGET_CHANGE_CONFIRMED_BY_별첨6,[계획서] 2024년도 성과계획서_보건복지부-364-456.pdf ?쪽(원본 ?쪽) / [보고서] 2024년도 성과보고서_보건복지부.pdf 246쪽(원본 246쪽) / [별첨6 변경표] 2024년도 성과보고서_보건복지부-278-394.pdf 68쪽(원본 345쪽),,,,,2024년도 성과계획서_보건복지부-364-456.pdf,,,,,2024년도 성과보고서_보건복지부.pdf,246,246,,"노인생활안정지
원비율 (%)
(%)
{(노인맞춤돌봄서비스사업+
노인일자리사업) 수혜자 
수/65세 이상 노인 인구 
수}×100
목표
15.2
15.1
15.2
15.4
실적
15.6
15.3
15.6
17.4
달성률(%)
102.6
101.3
102.6
113.0",plan:별첨6만;plan_method:TEXT;report_method:FULL_TEXT
MOHW-2024-IV5-01,075,보건복지부,2024,Ⅳ,Ⅳ-5,,노인의료보장,치매안심센터 치매환자 서비스 이용률,치매안심센터 치매환자 서비스 이용률,%,,73.9,85.3,105,,치매안심센터 치매환자 서비스 이용률,,,81.2,73.9,81.2,,2024년도 성과보고서_보건복지부-278-394.pdf,68.0,345.0,,False,False,,치매안심센터 치매환자 서비스 이용률,,81.2,85.3,105.0,73.9,81.2,81.2,85.3,85.3,105.0,105.0,,7.299999999999997,9.878213802435718,7.299999999999997,9.878213802435718,0.0,0.0,0.0,0.0,0.0,MATCH_AFTER_CHANGE,VALUE_MISMATCH,EXACT_MATCH,MATCH_AFTER_CHANGE,EXACT_MATCH,EXACT_MATCH,EXACT_MATCH,OCR_REQUIRED,OCR_REQUIRED,PLAN_TARGET_FROM_CHANGE_TABLE_ONLY;REPORT_TARGET_CHANGE_CONFIRMED_BY_별첨6,[계획서] 2024년도 성과계획서_보건복지부-364-456.pdf ?쪽(원본 ?쪽) / [보고서] 2024년도 성과보고서_보건복지부.pdf 252쪽(원본 252쪽) / [별첨6 변경표] 2024년도 성과보고서_보건복지부-278-394.pdf 68쪽(원본 345쪽),,,,,2024년도 성과계획서_보건복지부-364-456.pdf,,,,,2024년도 성과보고서_보건복지부.pdf,252,252,,"치매환자 
서비스 이용률
(%)
ㅇ 측정산식: (치매안심센터 서
비스 이용 누적 치매환자수/
치매안심센터 
등록된 
누적 
치매환자 수) * 100
목표
신규
신규
73.2
81.2
실적
신규
신규
77.6
85.3
달성률(%)
-
-
106.0
105.0",plan:별첨6만;plan_method:TEXT;report_method:FULL_TEXT
MOHW-2024-IV6-01,075,보건복지부,2024,Ⅳ,Ⅳ-6,,국민연금운영(여유자금운영위탁 등),소득신고자 확대 성과(%),소득신고자 확대 성과(%),%,,86.8,87.2,100.5,,소득신고자 확대 성과(%),,,86.8,86.8,86.8,변경사항 없음,2024년도 성과보고서_보건복지부-278-394.pdf,68.0,345.0,,False,False,,소득신고자 확대 성과(%),,86.8,87.2,100.5,86.8,86.8,86.8,87.2,87.2,100.5,100.5,,0.0,0.0,0.0,0.0,0.0,0.0,0.0,0.0,0.0,MATCH_AFTER_CHANGE,EXACT_MATCH,EXACT_MATCH,EXACT_MATCH,EXACT_MATCH,EXACT_MATCH,EXACT_MATCH,OCR_REQUIRED,OCR_REQUIRED,PLAN_TARGET_FROM_CHANGE_TABLE_ONLY;TARGET_CHANGE_REASON_DOCUMENTED_IN_별첨6,[계획서] 2024년도 성과계획서_보건복지부-364-456.pdf ?쪽(원본 ?쪽) / [별첨6 변경표] 2024년도 성과보고서_보건복지부-278-394.pdf 68쪽(원본 345쪽),,,,,2024년도 성과계획서_보건복지부-364-456.pdf,,,,,2024년도 성과보고서_보건복지부.pdf,260,260,,"소득신고자 
확대 성과(%)
(%)
(소득신고자/국민연금가입자)×100
목표
신규
86.2
86.6
86.8
실적
86.2
86.4
86.8
87.2
달성률(%)
-
100.2
100.2
100.5",plan:별첨6만;plan_method:TEXT;report_method:FULL_TEXT
MOHW-2024-IV7-01,075,보건복지부,2024,Ⅳ,Ⅳ-7,,국민연금운영(급여지급),국민연금 수급률,국민연금 수급률,%,,55.4,54.5,102.3,,국민연금 수급률,,,53.3,55.4,53.3,,2024년도 성과보고서_보건복지부-278-394.pdf,69.0,346.0,,False,False,,국민연금 수급률,,53.3,(54.5),102.3,55.4,53.3,53.3,54.5,54.5,102.3,102.3,,-2.1000000000000014,-3.7906137184115547,-2.1000000000000014,-3.7906137184115547,0.0,0.0,0.0,0.0,0.0,MATCH_AFTER_CHANGE,VALUE_MISMATCH,EXACT_MATCH,MATCH_AFTER_CHANGE,EXACT_MATCH,EXACT_MATCH,EXACT_MATCH,OCR_REQUIRED,OCR_REQUIRED,PLAN_TARGET_FROM_CHANGE_TABLE_ONLY;REPORT_TARGET_CHANGE_CONFIRMED_BY_별첨6,[계획서] 2024년도 성과계획서_보건복지부-364-456.pdf ?쪽(원본 ?쪽) / [보고서] 2024년도 성과보고서_보건복지부.pdf 268쪽(원본 268쪽) / [별첨6 변경표] 2024년도 성과보고서_보건복지부-278-394.pdf 69쪽(원본 346쪽),,,,,2024년도 성과계획서_보건복지부-364-456.pdf,,,,,2024년도 성과보고서_보건복지부.pdf,268,268,202.0,"국민연금 
수급률
(%)
(국민연금 63세 이상 
수급자/63세 이상 인구)*100
목표
47.9
50.4
53.1
53.3
실적
48.3
50.8
53.2
(54.5)
달성률(%)
100.8
100.8
100.2
102.3",plan:별첨6만;plan_method:TEXT;report_method:FULL_TEXT
